Hospital_Name,State,District,Subdistrict,lat,lon,beds,doctors,has_emergency,has_ambulance
Chakraborty Multi Speciality Hospital,Andaman and Nicobar Islands,South Andaman,0,11.6357989,92.7120575,0,0,False,False
Inhs Dhanvantri,Andaman and Nicobar Islands,South Andaman,0,11.8311681,92.6586401,0,0,False,False
Maricar Hospital,Andaman and Nicobar Islands,South Andaman,0,11.8311681,92.6586401,0,0,False,False
Pillar Health Centre,Andaman and Nicobar Islands,South Andaman,0,11.6498468,92.7294624,0,0,False,False
"G B Pant Hospital, Port Blair",Andaman and Nicobar Islands,South Andaman,0,11.6233774,92.7264828,0,0,True,False
"Care Hospital, Banjara",Andhra Pradesh,Hyderabad,0,17.4274003,78.4311174,0,0,True,False
Aasha Hospitals,Andhra Pradesh,Anantapur,0,14.6795736,77.592469,0,0,False,False
Baby Hospital,Andhra Pradesh,Anantapur,0,14.6818877,77.6005911,0,0,False,False
Dr Akbar Eye Hospital And Laser Centre,Andhra Pradesh,Anantapur,0,14.6723351,77.6018211,0,0,False,False
Hrudaya Children Hospital,Andhra Pradesh,Anantapur,0,14.6749908,77.6032432,0,0,False,False
"Jeevana Jyothi Hospitals Ltd.,",Andhra Pradesh,Anantapur,0,17.4738037,78.5641765,0,0,False,False
Meda Nursing Home,Andhra Pradesh,Anantapur,0,14.6818877,77.6005911,0,0,False,False
Mnr Nursing Home,Andhra Pradesh,Anantapur,0,14.6723351,77.6018211,0,0,False,False
Mythri Hospitals,Andhra Pradesh,Anantapur,0,14.6867872,77.5832307,0,0,False,False
Padmavathi Hospital,Andhra Pradesh,Anantapur,0,15.3474564,75.1253824,0,0,False,False
Pavani Multi Speciality Hospital,Andhra Pradesh,Anantapur,0,14.6742267,77.6025251,0,0,False,False
Prasanthi Nursing Home,Andhra Pradesh,Anantapur,0,14.6818877,77.6005911,0,0,False,False
Priya Multispeciality Hospital,Andhra Pradesh,Anantapur,0,14.6723351,77.6018211,0,0,False,False
Ravitej Nursing Home,Andhra Pradesh,Anantapur,0,14.6805847,77.6000775,0,0,False,False
Santhi Nursing Home,Andhra Pradesh,Anantapur,0,13.9860276,77.7658783,0,0,False,False
Sri Sai Balaji Hospital,Andhra Pradesh,Anantapur,0,14.6818877,77.6005911,0,0,False,False
Sri Sai Kurpa Nursing Home,Andhra Pradesh,Anantapur,0,13.6340453,79.4157431,0,0,False,False
Sri Sai Venkateshwara Surgical Clinic,Andhra Pradesh,Anantapur,0,14.6818877,77.6005911,0,0,False,False
Sudhir Surgical Clinic,Andhra Pradesh,Anantapur,0,14.9093514,78.0060388,0,0,False,False
Suma Eye Clinic,Andhra Pradesh,Anantapur,0,14.6755437,77.6036802,0,0,False,False
Swetha Ent Hospital,Andhra Pradesh,Anantapur,0,14.6755437,77.6036802,0,0,False,False
Varun Children's Hospital,Andhra Pradesh,Anantapur,0,19.0627033,72.9297396,0,0,False,False
Venkat Sai Health Care Pvt Ltd ( Apollo Hospitals),Andhra Pradesh,Anantapur,0,14.6818877,77.6005911,0,0,False,False
Vijaya Nursing Home,Andhra Pradesh,Anantapur,0,14.6607456,77.6085681,0,0,False,False
Mamatha Nursing Home,Andhra Pradesh,Anantapur,0,13.0433764,80.1622367,0,0,False,False
Anantapuram Praja Vaidyasala,Andhra Pradesh,Anantapur,0,14.6735546,77.6081894,0,0,False,False
Balaji Nursing Home,Andhra Pradesh,Anantapur,0,14.6818877,77.6005911,0,0,False,False
Dr B V Syamala Ratnam Hospiatal,Andhra Pradesh,Anantapur,0,14.6818877,77.6005911,0,0,False,False
Girish Multispeciality Hospital,Andhra Pradesh,Anantapur,0,14.178135,77.2728241,0,0,False,False
Shilpa Hospital,Andhra Pradesh,Anantapur,0,13.8358978,77.5046101,0,0,False,False
Sreenivasa Nursing Home,Andhra Pradesh,Anantapur,0,13.8185378,77.4988753,0,0,False,False
Teja Nursing Home,Andhra Pradesh,Anantapur,0,13.8371751,77.4878898,0,0,False,False
Sharada Nursing Home and Falvia P Reddy Diagnostic,Andhra Pradesh,Anantapur,0,14.910003,78.0005407,0,0,False,False
Sri Kanchani Hospital,Andhra Pradesh,Anantapur,0,14.9070274,78.0092703,0,0,False,False
Devi Nursing Home,Andhra Pradesh,Anantapur,0,14.4137447,77.7126189,0,0,False,False
Spandana Hospital,Andhra Pradesh,Anantapur,0,14.4068919,77.7125679,0,0,False,False
Preethi Nursing Home,Andhra Pradesh,Anantapur,0,15.1622611,77.3826845,0,0,False,False
Dr. Ramalakshmi Nursing Home,Andhra Pradesh,Chittoor,0,13.217176,79.1003289,0,0,False,False
Dr. V. K. R. Nursing Home and Scan Centre,Andhra Pradesh,Chittoor,0,13.217176,79.1003289,0,0,False,False
Lakshmi Hospital,Andhra Pradesh,Chittoor,0,28.6481837,77.3709431,0,0,False,False
Sreelatha Modern Eye Hospital And Research Centre,Andhra Pradesh,Chittoor,0,13.217176,79.1003289,0,0,False,False
Sujatha Nursing Home,Andhra Pradesh,Chittoor,0,13.65,78.933333,0,0,False,False
Balaji Hospital,Andhra Pradesh,Chittoor,0,13.36592,78.5750141,0,0,False,False
Vijaya Nursing Home,Andhra Pradesh,Chittoor,0,13.36592,78.5750141,0,0,False,False
Balaji Multi Speciality Hospital,Andhra Pradesh,Chittoor,0,13.5508703,78.50597,0,0,False,False
Bhavya Child Care Center,Andhra Pradesh,Chittoor,0,13.5603491,78.5036065,0,0,False,False
Bhavyas Children Hospital,Andhra Pradesh,Chittoor,0,13.5508703,78.50597,0,0,False,False
Chandra Mohan's Nursing Home,Andhra Pradesh,Chittoor,0,13.5603491,78.5036065,0,0,False,False
Desai Hospital,Andhra Pradesh,Chittoor,0,13.5603491,78.5036065,0,0,False,False
Desai Hospital-Madanapalli,Andhra Pradesh,Chittoor,0,14.4656511,78.8330438,0,0,False,False
Emergency Hospital,Andhra Pradesh,Chittoor,0,18.4328566,79.1303578,0,0,False,False
Gupta Nursing Home,Andhra Pradesh,Chittoor,0,13.217176,79.1003289,0,0,False,False
Kathasagaram Hospitals,Andhra Pradesh,Chittoor,0,13.5529488,78.5086376,0,0,False,False
Leo Hospital,Andhra Pradesh,Chittoor,0,13.217176,79.1003289,0,0,False,False
M.V.L Hospital,Andhra Pradesh,Chittoor,0,13.5657237,78.5066868,0,0,False,False
Madanapalle Hospital Pvt Ltd,Andhra Pradesh,Chittoor,0,13.553374,78.5065719,0,0,False,False
Popular Nursing Home,Andhra Pradesh,Chittoor,0,30.3145962,78.0357476,0,0,False,False
Rama Orthopaedic Nursing Home,Andhra Pradesh,Chittoor,0,13.5603491,78.5036065,0,0,False,False
Shantharam Hospital,Andhra Pradesh,Chittoor,0,13.553374,78.5065719,0,0,False,False
Sri Kaveri Speciality Hospital,Andhra Pradesh,Chittoor,0,14.6818877,77.6005911,0,0,False,False
Usha Speciality Hospital,Andhra Pradesh,Chittoor,0,13.5603491,78.5036065,0,0,False,False
Viswa Orthopaedic Hospital,Andhra Pradesh,Chittoor,0,13.5603491,78.5036065,0,0,False,False
P E S Institute Of Medical Sciences and Research,Andhra Pradesh,Chittoor,0,12.7279579,78.3512397,0,0,False,False
Rathna Childrens and General Hospital,Andhra Pradesh,Chittoor,0,12.7510218,78.340196,0,0,False,False
Sri Priya Nursing Home,Andhra Pradesh,Chittoor,0,12.7470314,78.3330157,0,0,False,False
Apollo Multispeciality Hospital,Andhra Pradesh,Chittoor,0,13.6403071,79.4176391,0,0,False,False
Asalatha Medicare Pvt Lt,Andhra Pradesh,Chittoor,0,13.6320156,79.4260025,0,0,False,False
Balaji Institute Of Surgery Research And Rehabilit,Andhra Pradesh,Chittoor,0,13.217176,79.1003289,0,0,False,False
Balaji Orthopaedic And Trauma Hospital,Andhra Pradesh,Chittoor,0,13.6344095,79.425573,0,0,False,False
Bhaskar Allergy and Chest Hospital,Andhra Pradesh,Chittoor,0,13.6338436,79.4210045,0,0,False,False
Clinic Nisha,Andhra Pradesh,Chittoor,0,13.6338782,79.4195997,0,0,False,False
Dbr And Sk Super Speciality Hospital,Andhra Pradesh,Chittoor,0,13.6244611,79.4310052,0,0,False,False
Eye Care Centre and Contact Lens Clinic,Andhra Pradesh,Chittoor,0,13.6287557,79.4191795,0,0,False,False
Harshitha Hospital,Andhra Pradesh,Chittoor,0,13.6361446,79.4204532,0,0,False,False
M S Hospital,Andhra Pradesh,Chittoor,0,13.6781837,79.352188,0,0,False,False
M.M Hospital,Andhra Pradesh,Chittoor,0,13.6287557,79.4191795,0,0,False,False
Manohari Nursing Home,Andhra Pradesh,Chittoor,0,13.6302513,79.4118237,0,0,False,False
Meghana Hospital,Andhra Pradesh,Chittoor,0,13.6287557,79.4191795,0,0,False,False
Navya Netralaya Eye Hospital,Andhra Pradesh,Chittoor,0,13.217176,79.1003289,0,0,False,False
Neelima Maternity Nursing Home,Andhra Pradesh,Chittoor,0,13.6390013,79.4272041,0,0,False,False
Nirmala Hospitals,Andhra Pradesh,Chittoor,0,13.6287557,79.4191795,0,0,False,False
Om Children Surgical Superspeciality Centre,Andhra Pradesh,Chittoor,0,13.6361446,79.4204532,0,0,False,False
Prameela Hospital,Andhra Pradesh,Chittoor,0,13.6287557,79.4191795,0,0,False,False
Prashanth Hospital,Andhra Pradesh,Chittoor,0,13.6338436,79.4210045,0,0,False,False
Raghavendra Urological Super Speciality Hospital (Russh Hospital),Andhra Pradesh,Chittoor,0,13.6244611,79.4310052,0,0,False,False
Rama Nursing Home,Andhra Pradesh,Chittoor,0,13.6361446,79.4204532,0,0,False,False
Ramya Hospital,Andhra Pradesh,Chittoor,0,13.6365271,79.4127143,0,0,False,False
Ravi Neuro and Emergency Hospital - Chittoor,Andhra Pradesh,Chittoor,0,13.6287557,79.4191795,0,0,False,False
Sakthi Medicals,Andhra Pradesh,Chittoor,0,13.6361446,79.4204532,0,0,False,False
Shyamala Nursing Home,Andhra Pradesh,Chittoor,0,13.6368739,79.4144319,0,0,False,False
Sree Emergency and Crticial Care Hospital,Andhra Pradesh,Chittoor,0,13.6157076,79.4125828,0,0,False,False
Sri Chakra Hospitals,Andhra Pradesh,Chittoor,0,13.6361446,79.4204532,0,0,False,False
Sri Padmavathi Multi Speciality Hospital,Andhra Pradesh,Chittoor,0,23.0866456,72.5630236,0,0,False,False
Sri Ramadevi Multi Super Speciality Hospital,Andhra Pradesh,Chittoor,0,13.6388217,79.4204627,0,0,False,False
Sri Sai Sudha Hospitals,Andhra Pradesh,Chittoor,0,13.6361446,79.4204532,0,0,False,False
Sri Suraksha Hospital,Andhra Pradesh,Chittoor,0,13.217176,79.1003289,0,0,False,False
Sri Venkata Sai Hrudayalaya (The Heart Care Centre) - Tirupati,Andhra Pradesh,Chittoor,0,13.217176,79.1003289,0,0,False,False
Sri Venkateshwara Institute Of Medical Sciences,Andhra Pradesh,Chittoor,0,13.6287557,79.4191795,0,0,False,False
Sri Venkateswara Hospitals,Andhra Pradesh,Chittoor,0,26.896961,75.792554,0,0,False,False
Srinivasa Super Speciality Hospital,Andhra Pradesh,Chittoor,0,13.6287557,79.4191795,0,0,False,False
Suguna Nursing Home,Andhra Pradesh,Chittoor,0,13.6361446,79.4204532,0,0,False,False
Sviss Hospital,Andhra Pradesh,Chittoor,0,13.6095995,79.4489169,0,0,False,False
Swaranamrutha Hospital,Andhra Pradesh,Chittoor,0,13.6287557,79.4191795,0,0,False,False
Triveni Child Care Hospital,Andhra Pradesh,Chittoor,0,13.6361446,79.4204532,0,0,False,False
Venkataramana Heart And Maternity Hospital,Andhra Pradesh,Chittoor,0,13.6358027,79.420805,0,0,False,False
Vision Care Clinic,Andhra Pradesh,Chittoor,0,13.639101,79.4177213,0,0,False,False
Elite Hospital,Andhra Pradesh,Chittoor,0,13.6335087,79.4170539,0,0,False,False
Maha Hospitals,Andhra Pradesh,Chittoor,0,13.217176,79.1003289,0,0,False,False
Vennela Super Speciality Eye and Dental Hospital,Andhra Pradesh,Chittoor,0,28.6779455,77.3103012,0,0,False,False
Manasa Kidney Foundation,Andhra Pradesh,Chittoor,0,13.6452591,79.419089,0,0,False,False
Rushh Hospital,Andhra Pradesh,Chittoor,0,13.6370231,79.4206271,0,0,False,False
Swarna E.N.T Super Speciality Hosptial,Andhra Pradesh,Chittoor,0,13.6287557,79.4191795,0,0,False,False
Swarnamurtha Hospital,Andhra Pradesh,Chittoor,0,13.633255,79.4552064,0,0,False,False
Sri Sai Nursing Home,Andhra Pradesh,Chittoor,0,12.7686756,75.2070644,0,0,False,False
C.S.I. Hospital,Andhra Pradesh,Chittoor,0,13.3200519,79.585628,0,0,False,False
Chaitanya Childrens Hospital,Andhra Pradesh,Chittoor,0,13.7392101,79.7119419,0,0,False,False
Eswari Nursing Home,Andhra Pradesh,Chittoor,0,13.217176,79.1003289,0,0,False,False
Sai Kanthi Eye Hospital,Andhra Pradesh,Chittoor,0,13.217176,79.1003289,0,0,False,False
Vani Priya Hospital,Andhra Pradesh,Chittoor,0,22.5657131,88.3557301,0,0,False,False
Balaji Nursing Home,Andhra Pradesh,Y.S.R.,Kadapa,14.480391,78.8340173,0,0,False,False
Jyothi Nursing Home,Andhra Pradesh,Y.S.R.,Kadapa,17.6651796,75.8970483,0,0,False,False
K.C.M. Hospital,Andhra Pradesh,Y.S.R.,Kadapa,19.0266349,72.8594614,0,0,False,False
Palla Krishnaiah Memorial And Nursing Home,Andhra Pradesh,Y.S.R.,Kadapa,14.4701485,78.8297701,0,0,False,False
Sri Krishna Sahithi Eye Hospital,Andhra Pradesh,Y.S.R.,Kadapa,14.4701485,78.8297701,0,0,False,False
Srija Rainbow Childrens Hospital,Andhra Pradesh,Y.S.R.,Kadapa,14.4783864,78.8252721,0,0,False,False
Tata Reddy Ramalinga Reddy Nursing Home,Andhra Pradesh,Y.S.R.,Kadapa,14.686981,78.3909238,0,0,False,False
Vurimi Savitramma Cardiac Centre,Andhra Pradesh,Y.S.R.,Kadapa,14.4701485,78.8297701,0,0,False,False
Dr G R K R Multi Speciality Hospitals,Andhra Pradesh,Y.S.R.,Kadapa,14.480391,78.8340173,0,0,False,False
Sri Satya Sai Hospital,Andhra Pradesh,Y.S.R.,Kadapa,13.0311046,80.2720822,0,0,False,False
Usha Rani Nursing Home,Andhra Pradesh,Y.S.R.,Kadapa,17.7266953,83.3054733,0,0,False,False
Vishnu Nursing Home,Andhra Pradesh,Y.S.R.,Kadapa,13.9518505,79.3492863,0,0,False,False
Sree Durgaa Nursing Home,Andhra Pradesh,Y.S.R.,Kadapa,14.1965314,79.1563718,0,0,False,False
Sri Sai Nursing Home,Andhra Pradesh,Y.S.R.,Kadapa,14.2050808,79.1549173,0,0,False,False
Madhavi Nursing Home,Andhra Pradesh,Y.S.R.,Kadapa,14.0585458,78.7518863,0,0,False,False
Abhilash Netra Vidyasala,Andhra Pradesh,Y.S.R.,Kadapa,14.7491864,78.5531577,0,0,False,False
B. G. R. Hospital,Andhra Pradesh,Y.S.R.,Kadapa,14.7500333,78.5478809,0,0,False,False
Bhavya Nursing Home,Andhra Pradesh,Y.S.R.,Kadapa,14.7500333,78.5478809,0,0,False,False
Cnr Nursing Home,Andhra Pradesh,Y.S.R.,Kadapa,14.7491864,78.5531577,0,0,False,False
Kalyana Chakravarthy Hospitals - Proddatur,Andhra Pradesh,Y.S.R.,Kadapa,14.7528736,78.5514834,0,0,False,False
Kathya Nursing Home,Andhra Pradesh,Y.S.R.,Kadapa,14.7512835,78.5497493,0,0,False,False
Lakshmi Kishore Hospital,Andhra Pradesh,Y.S.R.,Kadapa,26.1781993,91.773379,0,0,False,False
Orthopaedic And Maternity Hospital,Andhra Pradesh,Y.S.R.,Kadapa,14.7491864,78.5531577,0,0,False,False
Shree Veja Nursing Home,Andhra Pradesh,Y.S.R.,Kadapa,14.7500333,78.5478809,0,0,False,False
Siva Nursing Home,Andhra Pradesh,Y.S.R.,Kadapa,14.7500333,78.5478809,0,0,False,False
Swarup Eye Hospital and Laser Center,Andhra Pradesh,Y.S.R.,Kadapa,14.7600159,78.5393058,0,0,False,False
Vaatsalya Hospital,Andhra Pradesh,Y.S.R.,Kadapa,14.7491864,78.5531577,0,0,False,False
Vijaya Eye Hospital,Andhra Pradesh,Y.S.R.,Kadapa,14.7500333,78.5478809,0,0,False,False
Nikhil Nursing Home,Andhra Pradesh,Y.S.R.,Kadapa,14.7528736,78.5514834,0,0,False,False
Sree Tati Reddy Ramalinga Reddy Nursing Home,Andhra Pradesh,Y.S.R.,Kadapa,14.686981,78.3909238,0,0,False,False
Sri Thati Reddy Ramalinga Reddy Nursing Home,Andhra Pradesh,Y.S.R.,Kadapa,14.6857186,78.3909785,0,0,False,False
Venkata Sai Baradwaja Hospital,Andhra Pradesh,Y.S.R.,Kadapa,14.8474197,78.3899108,0,0,False,False
7 Star Superspeciality Hospital,Andhra Pradesh,East Godavari,0,32.458567,74.5000465,0,0,False,False
Apollo Samudra Hospitals,Andhra Pradesh,East Godavari,0,17.0769388,82.1385327,0,0,False,False
Bharani Hospital,Andhra Pradesh,East Godavari,0,16.9890648,82.2474648,0,0,False,False
Care Emergency Hospital,Andhra Pradesh,East Godavari,0,29.5160925,74.5877445,0,0,False,False
Christian Cancer Center,Andhra Pradesh,East Godavari,0,16.9837142,82.2404611,0,0,False,False
Haritha Hospitals,Andhra Pradesh,East Godavari,0,16.9482342,82.2528975,0,0,False,False
Kakinada Nursing Home,Andhra Pradesh,East Godavari,0,16.9890648,82.2474648,0,0,False,False
Life Line Emergency Hospital,Andhra Pradesh,East Godavari,0,17.0769388,82.1385327,0,0,False,False
Raghava 24 Hrs Emergency Hospital,Andhra Pradesh,East Godavari,0,16.9640729,82.2329395,0,0,False,False
Sai Sudha Hospital,Andhra Pradesh,East Godavari,0,16.9482342,82.2528975,0,0,False,False
Shravani Ent Hospital,Andhra Pradesh,East Godavari,0,16.9558071,82.2330899,0,0,False,False
Siddhartha Hospital,Andhra Pradesh,East Godavari,0,16.954694,82.2327304,0,0,False,False
Sri Gowthami Nursing Home,Andhra Pradesh,East Godavari,0,16.9890648,82.2474648,0,0,False,False
Sri Lalitha Hospitals Institute Of Lap Surgery And Training,Andhra Pradesh,East Godavari,0,16.9510095,82.2365598,0,0,False,False
Sri Srinivasa Orthopaedic Centre and Nursing Home,Andhra Pradesh,East Godavari,0,16.9890648,82.2474648,0,0,False,False
Srihitha Children Hospital,Andhra Pradesh,East Godavari,0,17.0005383,81.8040345,0,0,False,False
Vijaya Nursing Home,Andhra Pradesh,East Godavari,0,16.9639769,82.2236918,0,0,False,False
Vishwanadha Eye and Maternity Hospital,Andhra Pradesh,East Godavari,0,17.0005383,81.8040345,0,0,False,False
Bhanu Nursing Home and Eye Hospital,Andhra Pradesh,East Godavari,0,34.1255413,74.9442585,0,0,False,False
Mother and Child Hospital,Andhra Pradesh,East Godavari,0,16.9754085,82.2352397,0,0,False,False
Nayana Eye Care,Andhra Pradesh,East Godavari,0,16.9695602,82.2388249,0,0,False,False
Ramalingeswara Nursing Home,Andhra Pradesh,East Godavari,0,16.9506495,82.2333585,0,0,False,False
Saipriya Maternity Hospital,Andhra Pradesh,East Godavari,0,16.9890648,82.2474648,0,0,False,False
Kasturi Nursing Home,Andhra Pradesh,East Godavari,0,16.9890648,82.2474648,0,0,False,False
Poly Clinic and Hospital,Andhra Pradesh,East Godavari,0,12.6670587,79.2782323,0,0,False,False
Ravichandra Hospital,Andhra Pradesh,East Godavari,0,16.9890648,82.2474648,0,0,False,False
Sanjivi Orthopaedic Hospital,Andhra Pradesh,East Godavari,0,16.9663046,82.2270885,0,0,False,False
Sri Sai Raghavendra Super Specialities Hospital,Andhra Pradesh,East Godavari,0,16.9890648,82.2474648,0,0,False,False
Sri Venkata Chalapathi Nursing Home,Andhra Pradesh,East Godavari,0,16.9890648,82.2474648,0,0,False,False
Sri Venugopal Hospital,Andhra Pradesh,East Godavari,0,16.9890648,82.2474648,0,0,False,False
Sudha Urology And Andrology Hospital,Andhra Pradesh,East Godavari,0,16.9663046,82.2270885,0,0,False,False
Surya Global Hospitals,Andhra Pradesh,East Godavari,0,16.9607952,82.2282795,0,0,False,False
Vasan Eye Care Hospital,Andhra Pradesh,East Godavari,0,16.9663046,82.2270885,0,0,False,False
Srikiran Institute Of Ophthalmology,Andhra Pradesh,East Godavari,0,16.9890648,82.2474648,0,0,False,False
Sushrutha Hospital,Andhra Pradesh,East Godavari,0,16.9967552,82.2569717,0,0,False,False
Sri Srinivasa Nursing Home,Andhra Pradesh,East Godavari,0,16.9523477,82.1305609,0,0,False,False
Abhay Nursing Home,Andhra Pradesh,East Godavari,0,17.3977354,78.5095841,0,0,False,False
Aravindam Ortho and Physio Centre,Andhra Pradesh,East Godavari,0,17.0005383,81.8040345,0,0,False,False
Aruna Hospital and Poly Clinic,Andhra Pradesh,East Godavari,0,16.9955344,81.777335,0,0,False,False
Bhaskara Raju Children Hospital,Andhra Pradesh,East Godavari,0,17.0085074,81.7903215,0,0,False,False
Sri Satya Nursing Home,Andhra Pradesh,East Godavari,0,16.9955344,81.777335,0,0,False,False
Sri Srinivasa Hospitals,Andhra Pradesh,East Godavari,0,11.0216153,76.9512637,0,0,False,False
Sri Venkateswara Hospitals,Andhra Pradesh,East Godavari,0,17.0005383,81.8040345,0,0,False,False
Abhaya Emergency Centre,Andhra Pradesh,East Godavari,0,17.025988,81.785442,0,0,False,False
Alert Emergency Hospital,Andhra Pradesh,East Godavari,0,17.0085074,81.7903215,0,0,False,False
Ammanna Memorial Murtys Neuro Super Speciality Ho,Andhra Pradesh,East Godavari,0,17.0068895,81.7829842,0,0,False,False
Aruna Hospital and Polyclinic,Andhra Pradesh,East Godavari,0,16.9937064,81.7762669,0,0,False,False
Bharadwaja Heart and Maternity Centre,Andhra Pradesh,East Godavari,0,17.0112469,81.7827774,0,0,False,False
Bhavani Nursing Home,Andhra Pradesh,East Godavari,0,17.048743,81.799831,0,0,False,False
Buddudu Orthopeadic Hospital,Andhra Pradesh,East Godavari,0,17.0096947,81.7760339,0,0,False,False
Coastal Cardiac And Maternity Centre,Andhra Pradesh,East Godavari,0,17.0068895,81.7829842,0,0,False,False
Geetha Mullapudi Sperspeciality Dental Hospital,Andhra Pradesh,East Godavari,0,17.0005383,81.8040345,0,0,False,False
Gowthami Nursing Home,Andhra Pradesh,East Godavari,0,17.0085074,81.7903215,0,0,False,False
Harsha Hospitals,Andhra Pradesh,East Godavari,0,17.0085074,81.7903215,0,0,False,False
Kamalakar Hospital,Andhra Pradesh,East Godavari,0,17.0068375,81.7875023,0,0,False,False
Krishna Nursing Home,Andhra Pradesh,East Godavari,0,17.0112469,81.7827774,0,0,False,False
Nest Hospital,Andhra Pradesh,East Godavari,0,17.0068895,81.7829842,0,0,False,False
Netra Eye Care,Andhra Pradesh,East Godavari,0,17.0005383,81.8040345,0,0,False,False
Prasanthi Nursing Home,Andhra Pradesh,East Godavari,0,17.0015368,81.7899798,0,0,False,False
Raja Neuro And Multi Speciality Hospital Pvt Ltd,Andhra Pradesh,East Godavari,0,11.021315,76.970487,0,0,False,False
Rajahmundry Orthopedic Hospital,Andhra Pradesh,East Godavari,0,17.4404903,78.4739384,0,0,False,False
Ratna Orthopaedic Center,Andhra Pradesh,East Godavari,0,17.0068895,81.7829842,0,0,False,False
Sanjana Orthopaedic Hospital,Andhra Pradesh,East Godavari,0,17.0068895,81.7829842,0,0,False,False
Sreya Medical Speciality Centre,Andhra Pradesh,East Godavari,0,17.0068895,81.7829842,0,0,False,False
Sri Ramadas Hospitals,Andhra Pradesh,East Godavari,0,17.0112469,81.7827774,0,0,False,False
"Sri Suguna Children,S Hospital",Andhra Pradesh,East Godavari,0,17.0068895,81.7829842,0,0,False,False
Surya Hospital,Andhra Pradesh,East Godavari,0,17.0068375,81.7875023,0,0,False,False
Swetha Hospitals - Rajahmundry,Andhra Pradesh,East Godavari,0,17.006802,81.7830251,0,0,False,False
V.B. Chest Institute,Andhra Pradesh,East Godavari,0,17.0039159,81.7948734,0,0,False,False
Vijaya Hospital,Andhra Pradesh,East Godavari,0,17.0021675,81.7855401,0,0,False,False
Akira Eye Hospital,Andhra Pradesh,East Godavari,0,17.0151123,81.7725499,0,0,False,False
Dr A V R Ananda Rao Memorial Eye Clinic,Andhra Pradesh,East Godavari,0,17.0100744,81.7724645,0,0,False,False
Kranti Nursing Home,Andhra Pradesh,East Godavari,0,17.0005383,81.8040345,0,0,False,False
Royal Hospital,Andhra Pradesh,East Godavari,0,17.0005383,81.8040345,0,0,False,False
Siddhartha Orthopaedic Hospital and Polyclinic,Andhra Pradesh,East Godavari,0,17.0096947,81.7760339,0,0,False,False
Sree Latha Hospital,Andhra Pradesh,East Godavari,0,17.0151123,81.7725499,0,0,False,False
Sri Ram Nursing Home,Andhra Pradesh,East Godavari,0,17.0005383,81.8040345,0,0,False,False
Sri Srinivasa Orthopaedic Hospital,Andhra Pradesh,East Godavari,0,17.0005383,81.8040345,0,0,False,False
Chaitanya Nursing Home,Andhra Pradesh,East Godavari,0,17.0209155,81.7711827,0,0,False,False
Swatantra Hospitals,Andhra Pradesh,East Godavari,0,17.0127714,81.7782905,0,0,False,False
Saiteja Hospital,Andhra Pradesh,East Godavari,0,17.0320097,81.8101386,0,0,False,False
Adarsh Multi Speciality Hospital and Neuro Center,Andhra Pradesh,East Godavari,0,13.0560527,80.2184139,0,0,False,False
Adarsha Hospital,Andhra Pradesh,East Godavari,0,16.567804,81.9972968,0,0,False,False
Care Hospital,Andhra Pradesh,East Godavari,0,16.4075276,81.7886325,0,0,False,False
Konaseema Institute Of Medical Sciences,Andhra Pradesh,East Godavari,0,16.5720904,82.0008548,0,0,False,False
Konaseema Institute Of Medical Sciences,Andhra Pradesh,East Godavari,0,16.5720904,82.0008548,0,0,False,False
Konaseva Institute Of Medical Science,Andhra Pradesh,East Godavari,0,15.2913649,75.1458943,0,0,False,False
Rohine Mother and Child Care Hospital,Andhra Pradesh,East Godavari,0,16.5720904,82.0008548,0,0,False,False
Sai Leela Orthopaedic Hospital,Andhra Pradesh,East Godavari,0,16.5720904,82.0008548,0,0,False,False
Sri Konaseema Specialities Hospital,Andhra Pradesh,East Godavari,0,16.567804,81.9972968,0,0,False,False
Sri Venkateswara Nursing Home,Andhra Pradesh,East Godavari,0,16.573678,81.999496,0,0,False,False
V.N.Nursing Home,Andhra Pradesh,East Godavari,0,16.567804,81.9972968,0,0,False,False
Janatha Hospital,Andhra Pradesh,East Godavari,0,16.6414998,82.1042955,0,0,False,False
Sree Sravana Nursing Home,Andhra Pradesh,East Godavari,0,16.7160148,81.8957846,0,0,False,False
Sri Venkateswara Nursing Home,Andhra Pradesh,East Godavari,0,17.4986709,81.9998367,0,0,False,False
Sri Maha Laxmi Nursing Home,Andhra Pradesh,East Godavari,0,16.517212,81.8702795,0,0,False,False
Vijaya Laxmi Nursing Home,Andhra Pradesh,East Godavari,0,16.9999058,81.7735238,0,0,False,False
Ravi Nursing Home,Andhra Pradesh,East Godavari,0,17.3036498,82.2101462,0,0,False,False
Sri Sai Bhramarambika Nursing Home,Andhra Pradesh,East Godavari,0,16.4242668,81.7185253,0,0,False,False
Vrd Care Hospital,Andhra Pradesh,East Godavari,0,17.063139,81.2917971,0,0,False,False
Adarsh Nursing Home,Andhra Pradesh,East Godavari,0,16.8349808,82.0302926,0,0,False,False
Kamala Nursing Home,Andhra Pradesh,East Godavari,0,16.8372408,82.0325401,0,0,False,False
Sri Venkateshwara Nursign Home,Andhra Pradesh,East Godavari,0,13.0906485,80.1555927,0,0,False,False
Sri Madhavananda Speciality Hospital,Andhra Pradesh,East Godavari,0,16.7914449,82.0597816,0,0,False,False
Santhi Childrens Hospital,Andhra Pradesh,East Godavari,0,16.8652942,81.9261999,0,0,False,False
Sri Bikkina Nursing Home,Andhra Pradesh,East Godavari,0,16.8652942,81.9261999,0,0,False,False
Srinivasa Nursing Home,Andhra Pradesh,East Godavari,0,16.8652942,81.9261999,0,0,False,False
Dr.K.V.R.Hospital,Andhra Pradesh,East Godavari,0,16.5871358,82.008204,0,0,False,False
Doctors Plaza,Andhra Pradesh,East Godavari,0,17.355267,82.5429325,0,0,False,False
Pandu Ranga Praja Vidyasala,Andhra Pradesh,East Godavari,0,17.3645993,82.5460478,0,0,False,False
Sri Mallikarjuna Nursing Home,Andhra Pradesh,East Godavari,0,17.355267,82.5429325,0,0,False,False
Suresh Hospital,Andhra Pradesh,East Godavari,0,17.355267,82.5429325,0,0,False,False
Lakshmi Balaji Nursing Home,Andhra Pradesh,East Godavari,0,17.2882648,82.1063568,0,0,False,False
Rao's Nursing Home,Andhra Pradesh,East Godavari,0,17.0756673,82.1360026,0,0,False,False
Sree Sreenivasa Hospital,Andhra Pradesh,East Godavari,0,17.0785002,82.1366951,0,0,False,False
Chopde's Nursing Home,Andhra Pradesh,East Godavari,0,17.1172164,82.268659,0,0,False,False
Sri Varalakshmi Hospital,Andhra Pradesh,East Godavari,0,17.1124269,82.2528975,0,0,False,False
Adarsha Hospitals,Andhra Pradesh,Guntur,0,16.2861218,80.4462117,0,0,False,False
Ahalya Nursing Home,Andhra Pradesh,Guntur,0,16.3066525,80.4365402,0,0,False,False
Amaravathi Institute Of Medical Sciences Pvt Ltd,Andhra Pradesh,Guntur,0,16.2893144,80.4604643,0,0,False,False
Amma Childrens Hospital,Andhra Pradesh,Guntur,0,16.2989705,80.4523668,0,0,False,False
Aruna Hospital,Andhra Pradesh,Guntur,0,16.2432189,80.647093,0,0,False,False
Aswini Hospitals,Andhra Pradesh,Guntur,0,16.3411536,80.6280525,0,0,False,False
Bayya Ent Hospital And Research Centre,Andhra Pradesh,Guntur,0,16.2964097,80.4490511,0,0,False,False
Chalsani Hospital,Andhra Pradesh,Guntur,0,16.2988738,80.4525909,0,0,False,False
Coastal Care Hospital,Andhra Pradesh,Guntur,0,16.2861218,80.4462117,0,0,False,False
Dhulipalla Hospital Pvt Ltd,Andhra Pradesh,Guntur,0,16.2861218,80.4462117,0,0,False,False
Dr.Rangarao Nursing Home (P) Ltd,Andhra Pradesh,Guntur,0,16.2989705,80.4523668,0,0,False,False
Guntur City Hospital-Guntur,Andhra Pradesh,Guntur,0,16.2988738,80.4525909,0,0,False,False
Janardani Hospital,Andhra Pradesh,Guntur,0,16.2370726,80.6469011,0,0,False,False
Karumuri Super Speciality Hospital Pvt Ltd,Andhra Pradesh,Guntur,0,16.2988738,80.4525909,0,0,False,False
Krishna Childrens Hospital,Andhra Pradesh,Guntur,0,16.2861218,80.4462117,0,0,False,False
Lakshmi Meenakshi Eye and Maternity Care,Andhra Pradesh,Guntur,0,16.2989705,80.4523668,0,0,False,False
Lalitha Super Specialty Hospital,Andhra Pradesh,Guntur,0,16.2861218,80.4462117,0,0,False,False
Life Hospital,Andhra Pradesh,Guntur,0,16.2988738,80.4525909,0,0,False,False
Mahathi Nursing Home,Andhra Pradesh,Guntur,0,16.3011491,80.4389977,0,0,False,False
Maruthi E.N.T. Hospital,Andhra Pradesh,Guntur,0,16.2989705,80.4523668,0,0,False,False
Mediline Hospital,Andhra Pradesh,Guntur,0,16.4165212,80.4582736,0,0,False,False
Mother Theresa Multispeciality Hospital,Andhra Pradesh,Guntur,0,16.2501646,80.0225996,0,0,False,False
Nandanaa's Multi Care Hospital,Andhra Pradesh,Guntur,0,16.3066525,80.4365402,0,0,False,False
Padmas Hospital,Andhra Pradesh,Guntur,0,16.3066525,80.4365402,0,0,False,False
Padmavathi Super Speciality Hospital,Andhra Pradesh,Guntur,0,16.2861218,80.4462117,0,0,False,False
Peoples Trauma And Emergency Hospital,Andhra Pradesh,Guntur,0,16.2989705,80.4523668,0,0,False,False
Pragathi Hospitals,Andhra Pradesh,Guntur,0,17.3730192,78.547636,0,0,False,False
Prof. D. Ramakotaiah Childerns Hospital,Andhra Pradesh,Guntur,0,16.2861218,80.4462117,0,0,False,False
Purnasai Hospital,Andhra Pradesh,Guntur,0,16.3066525,80.4365402,0,0,False,False
R K Eye Center,Andhra Pradesh,Guntur,0,17.3730192,78.547636,0,0,False,False
Raghavendra Hospitals,Andhra Pradesh,Guntur,0,17.3730192,78.547636,0,0,False,False
Rajyalakshmi Nursing Home,Andhra Pradesh,Guntur,0,16.2940783,80.4490134,0,0,False,False
S.G.O. Clinic,Andhra Pradesh,Guntur,0,16.2989705,80.4523668,0,0,False,False
Sai Bhaskar Trauma and Emergency,Andhra Pradesh,Guntur,0,16.2988738,80.4525909,0,0,False,False
Sai Chandan Eye Hospital,Andhra Pradesh,Guntur,0,16.2893144,80.4604643,0,0,False,False
Sai Sri Nursing Home,Andhra Pradesh,Guntur,0,16.0526834,79.7400177,0,0,False,False
Sathvika Hospital,Andhra Pradesh,Guntur,0,16.3066525,80.4365402,0,0,False,False
Shri Ramchandra Kidney Centre,Andhra Pradesh,Guntur,0,17.3730192,78.547636,0,0,False,False
Sravani Hospital,Andhra Pradesh,Guntur,0,16.3146349,80.4409967,0,0,False,False
Sri Krishna Institute Of Medical Sciences,Andhra Pradesh,Guntur,0,16.3066525,80.4365402,0,0,False,False
Sri Ramakrishna Nursing Home,Andhra Pradesh,Guntur,0,16.2861218,80.4462117,0,0,False,False
Sri Satya Sai Hospital,Andhra Pradesh,Guntur,0,16.2989705,80.4523668,0,0,False,False
Sri Vijayasai Hospital,Andhra Pradesh,Guntur,0,16.433573,80.5677103,0,0,False,False
Srinivasa Nursing Hom,Andhra Pradesh,Guntur,0,16.2988738,80.4525909,0,0,False,False
Sudarsana Eye Hospital,Andhra Pradesh,Guntur,0,16.2964097,80.4490511,0,0,False,False
Sujatha Laparoscopy and Infertility Centre,Andhra Pradesh,Guntur,0,16.3066525,80.4365402,0,0,False,False
Tulasi Multi Speciality Hospital,Andhra Pradesh,Guntur,0,16.2988238,80.4528501,0,0,False,False
Vasan Eye Care Hospital,Andhra Pradesh,Guntur,0,16.2893144,80.4604643,0,0,False,False
Veena Hospital,Andhra Pradesh,Guntur,0,16.2988238,80.4528501,0,0,False,False
Venkata Ramana Eye Hospital,Andhra Pradesh,Guntur,0,16.3066525,80.4365402,0,0,False,False
Venkateswara Mother and Child Hospital,Andhra Pradesh,Guntur,0,16.2398274,80.0374843,0,0,False,False
Yerra`S Super Speciality Hospital Pvt Ltd,Andhra Pradesh,Guntur,0,16.2861218,80.4462117,0,0,False,False
Ala Hospital,Andhra Pradesh,Guntur,0,16.342393,80.4390298,0,0,False,False
Aruna Multi Speciality Hospitals,Andhra Pradesh,Guntur,0,16.2997929,80.4384343,0,0,False,False
Bmr Hospitals,Andhra Pradesh,Guntur,0,16.305141,80.4403014,0,0,False,False
Childrens Hospital,Andhra Pradesh,Guntur,0,16.3066525,80.4365402,0,0,False,False
Gopala Krishna Nursing Home,Andhra Pradesh,Guntur,0,16.305141,80.4403014,0,0,False,False
Hi Tech Trauma And Critical Care Hospital Ltd,Andhra Pradesh,Guntur,0,16.3146349,80.4409967,0,0,False,False
Pratyusha Childrens Hospital,Andhra Pradesh,Guntur,0,16.3066525,80.4365402,0,0,False,False
Sri Bhavani Nursing Home-Guntur,Andhra Pradesh,Guntur,0,16.3066525,80.4365402,0,0,False,False
Sri Sai Hospitals,Andhra Pradesh,Guntur,0,16.305141,80.4403014,0,0,False,False
Sri Sathya Sai Institute Of Orl,Andhra Pradesh,Guntur,0,16.3066525,80.4365402,0,0,False,False
Teja Maternity Hospital And Poly Clinic,Andhra Pradesh,Guntur,0,16.2988238,80.4528501,0,0,False,False
Sri Lakshmi Venkateswara Nursing Home,Andhra Pradesh,Guntur,0,16.2903294,80.4507311,0,0,False,False
St Joseph's General Hospital,Andhra Pradesh,Guntur,0,16.2985944,80.4378316,0,0,False,False
Hyma Hospital,Andhra Pradesh,Guntur,0,16.3066525,80.4365402,0,0,False,False
Sri Sruthi Hospital,Andhra Pradesh,Guntur,0,16.3161479,80.4177459,0,0,False,False
Sanjivi Orthopaedic and Physiotherapy Centre,Andhra Pradesh,Guntur,0,16.3258784,80.427861,0,0,False,False
Sree Geetha Eye Hospital,Andhra Pradesh,Guntur,0,16.3258784,80.427861,0,0,False,False
Vijaya Eye Hospital,Andhra Pradesh,Guntur,0,16.3140464,80.4261372,0,0,False,False
Yashaswi Hospital,Andhra Pradesh,Guntur,0,17.3730192,78.547636,0,0,False,False
Katuri Medical College And Hospital,Andhra Pradesh,Guntur,0,16.3066525,80.4365402,0,0,False,False
Rachana Eye Hospital,Andhra Pradesh,Guntur,0,15.8999881,80.4692439,0,0,False,False
Srinivasa Children Hospital,Andhra Pradesh,Guntur,0,15.9058966,80.4715866,0,0,False,False
Adilakshmi Nursing Home,Andhra Pradesh,Guntur,0,16.0615501,80.5497294,0,0,False,False
Datta Prasad Orthopaedic Nursing Home,Andhra Pradesh,Guntur,0,16.0685991,80.5481667,0,0,False,False
Dr Sajja Chandramouli Hospital,Andhra Pradesh,Guntur,0,16.063414,80.5498178,0,0,False,False
Nightingale Hospital,Andhra Pradesh,Guntur,0,16.3120407,80.4319567,0,0,False,False
Ravi Cardiac and Diabetic Care Center,Andhra Pradesh,Guntur,0,16.0615501,80.5497294,0,0,False,False
Srinivasa Nursing Home,Andhra Pradesh,Guntur,0,16.3066525,80.4365402,0,0,False,False
Vijaya Sarada Nursing Home,Andhra Pradesh,Guntur,0,16.0653545,80.5530292,0,0,False,False
Alapati Nursing Home,Andhra Pradesh,Guntur,0,16.2413768,80.6463314,0,0,False,False
Amma Hospital,Andhra Pradesh,Guntur,0,16.2861218,80.4462117,0,0,False,False
Dr Chadalavada Krishnaiah Multi Speciality Hospital,Andhra Pradesh,Guntur,0,16.2432189,80.647093,0,0,False,False
Ganga Kumari Memorial Children Nursing Home,Andhra Pradesh,Guntur,0,16.2395313,80.6493396,0,0,False,False
Gayatri Hospital,Andhra Pradesh,Guntur,0,16.2372555,80.6472588,0,0,False,False
Health Hospitals,Andhra Pradesh,Guntur,0,16.2432069,80.6466435,0,0,False,False
J.K Hospital,Andhra Pradesh,Guntur,0,16.2395313,80.6493396,0,0,False,False
Kommineni Nursing Home,Andhra Pradesh,Guntur,0,16.2410191,80.649556,0,0,False,False
Smt D Indira Memorial Meternity Nursing Home,Andhra Pradesh,Guntur,0,16.2372555,80.6472588,0,0,False,False
Srijani Eye Hospital,Andhra Pradesh,Guntur,0,16.2372555,80.6472588,0,0,False,False
Vadlamudi Hospital,Andhra Pradesh,Guntur,0,16.2395313,80.6493396,0,0,False,False
K J Memorial Hospital,Andhra Pradesh,Guntur,0,16.0174248,80.8294747,0,0,False,False
Sri V R M Nursing Home,Andhra Pradesh,Guntur,0,16.0174248,80.8294747,0,0,False,False
Surm Nursing Home,Andhra Pradesh,Guntur,0,16.3066525,80.4365402,0,0,False,False
Vyshnave Nursing Home - Repalle,Andhra Pradesh,Guntur,0,16.0174248,80.8294747,0,0,False,False
Sri Ramachandra Nursing Home,Andhra Pradesh,Guntur,0,16.3066525,80.4365402,0,0,False,False
Sri Evuru Subbarao Memorial Nursing Home,Andhra Pradesh,Guntur,0,16.0546961,80.6828266,0,0,False,False
Krishna Nursing Home,Andhra Pradesh,Guntur,0,16.3066525,80.4365402,0,0,False,False
Nsr Memorial Children Hospital,Andhra Pradesh,Guntur,0,16.3066525,80.4365402,0,0,False,False
Quality Hospital,Andhra Pradesh,Guntur,0,16.2988738,80.4525909,0,0,False,False
Sanjana Speciality Hospital,Andhra Pradesh,Guntur,0,16.4049645,80.1213066,0,0,False,False
Sri Radha Krishna Nursing Home,Andhra Pradesh,Guntur,0,16.3066525,80.4365402,0,0,False,False
Abhaya Multispecialty Hospitals,Andhra Pradesh,Guntur,0,16.4851565,79.8900552,0,0,False,False
Balaji Cancer Care Centre,Andhra Pradesh,Guntur,0,16.2370726,80.6469011,0,0,False,False
Dr Anji Reddy Multispeciality Hospitals Pvt Ltd,Andhra Pradesh,Guntur,0,16.4772374,79.8995349,0,0,False,False
Hi Tech Trauma and Critical Care Hospital,Andhra Pradesh,Guntur,0,16.3066525,80.4365402,0,0,False,False
Ramakrishna Hospital - Macherla,Andhra Pradesh,Guntur,0,16.4759885,79.4394459,0,0,False,False
Nri General Hospital,Andhra Pradesh,Guntur,0,16.3066525,80.4365402,0,0,False,False
P.G.S.Nursing Home,Andhra Pradesh,Guntur,0,16.4346457,80.5645418,0,0,False,False
Sree Venkateshwara Nursing Home,Andhra Pradesh,Guntur,0,16.3066525,80.4365402,0,0,False,False
Sree Venkateswara Nursing Home,Andhra Pradesh,Guntur,0,16.4342432,80.5678268,0,0,False,False
Amrutha Hospital,Andhra Pradesh,Guntur,0,16.3010263,80.4458641,0,0,False,False
Bayya Ent Hospital and Research Center,Andhra Pradesh,Guntur,0,16.4954892,80.5870903,0,0,False,False
Bommidala Cancer Institute,Andhra Pradesh,Guntur,0,16.3436965,80.4864407,0,0,False,False
Sankara Eye Hospital,Andhra Pradesh,Guntur,0,16.3066525,80.4365402,0,0,False,False
Amulya Nursing Home,Andhra Pradesh,Guntur,0,16.2355381,80.0553534,0,0,False,False
Anantha Nursing Home,Andhra Pradesh,Guntur,0,16.2398274,80.0374843,0,0,False,False
Asvini Nethralayam.,Andhra Pradesh,Guntur,0,16.2355381,80.0553534,0,0,False,False
Bala Tripura Nursing Home,Andhra Pradesh,Guntur,0,16.2398274,80.0374843,0,0,False,False
Mar Hospitals,Andhra Pradesh,Guntur,0,16.2355381,80.0553534,0,0,False,False
Prasanthi Nursing Home,Andhra Pradesh,Guntur,0,16.2353506,80.0479039,0,0,False,False
Sai Ramya Nursing Home,Andhra Pradesh,Guntur,0,16.2318618,80.0417167,0,0,False,False
Sri Lakshmi Janaki Nursing Home,Andhra Pradesh,Guntur,0,16.2339171,80.0453169,0,0,False,False
Sri Sai Krupa Netralayam,Andhra Pradesh,Guntur,0,16.0174248,80.8294747,0,0,False,False
Susmitha Ortho Trauma Hospital,Andhra Pradesh,Guntur,0,16.2355381,80.0553534,0,0,False,False
Venkateshwara Mother And Child Hospital,Andhra Pradesh,Guntur,0,16.2334363,80.0451415,0,0,False,False
Vijaya Nursing Home,Andhra Pradesh,Guntur,0,16.3066525,80.4365402,0,0,False,False
Sowjanya Nursing Home,Andhra Pradesh,Guntur,0,16.4733633,79.4444472,0,0,False,False
Manju Nursing Home,Andhra Pradesh,Guntur,0,16.0924301,80.1623948,0,0,False,False
Pragathi Nursing Home - Chilakaluripet,Andhra Pradesh,Guntur,0,16.0924301,80.1623948,0,0,False,False
Prasad Nursing Home -Chilakaluripet,Andhra Pradesh,Guntur,0,16.0924301,80.1623948,0,0,False,False
Ramakrishna Memorial Nursing Home,Andhra Pradesh,Guntur,0,16.3066525,80.4365402,0,0,False,False
Sri Ratna Laxmi Nursing Home,Andhra Pradesh,Guntur,0,16.0924301,80.1623948,0,0,False,False
G Show Reddy Memorial Nursing Home,Andhra Pradesh,Guntur,0,16.0568398,79.7453318,0,0,False,False
Sajana Nursing Home,Andhra Pradesh,Guntur,0,16.0568398,79.7453318,0,0,False,False
L V Prasad Eye Institute,Andhra Pradesh,Hyderabad,0,17.4230892,78.42647,0,0,True,False
Apollo Hospitals,Andhra Pradesh,Hyderabad,0,17.4325235,78.4070152,0,0,True,False
Mediciti Hospital,Andhra Pradesh,Hyderabad,0,17.406396,78.471592,0,0,True,False
"KIMS Hospital, Secunderabad",Andhra Pradesh,Hyderabad,0,17.430016,78.4897935,0,0,True,False
Kamineni Hospital,Andhra Pradesh,Hyderabad,0,17.385044,78.486671,0,0,True,False
Yashoda Hospital,Andhra Pradesh,Hyderabad,0,17.4233704,78.4593342,0,0,True,False
Fernandez Hospital,Andhra Pradesh,Hyderabad,0,17.4283705,78.4065896,0,0,True,False
Asian Institute of Gastroenterology,Andhra Pradesh,Hyderabad,0,17.421204,78.45829,0,0,True,False
Homeocare International,Andhra Pradesh,Hyderabad,0,17.4447068,78.4663812,0,0,True,False
Nizams Institute of Medical Sciences (NIMS),Andhra Pradesh,Hyderabad,0,17.385044,78.486671,0,0,True,False
Sathya Kidney Centre and Super Speciality Hospital,Andhra Pradesh,Hyderabad,0,17.4048879,78.4819892,0,0,True,False
Sunshine Hospital,Andhra Pradesh,Hyderabad,0,17.4422003,78.4862051,0,0,True,False
Basavatarakam Indo American Cancer Institute And Research Centre,Andhra Pradesh,Hyderabad,0,17.421868,78.4325607,0,0,True,False
Citizens Hospital,Andhra Pradesh,Hyderabad,0,17.472855,78.3101779,0,0,True,False
"Care Hospital, Nampally",Andhra Pradesh,Hyderabad,0,17.3854426,78.4741288,0,0,True,False
Medwin Hospital,Andhra Pradesh,Hyderabad,0,17.393152,78.4726553,0,0,True,False
"Universal Superspeciality Dental Hospital, Kondapur",Andhra Pradesh,Hyderabad,0,17.4622103,78.3568492,0,0,True,False
Sunshine Heart Institute,Andhra Pradesh,Hyderabad,0,17.4399295,78.4982741,0,0,True,False
"CGHS Dispensary No.I, Charmina",Andhra Pradesh,Hyderabad,0,31.5692047,74.3797556,0,0,False,False
"CGHS Dispensary No.II, Humayunagar",Andhra Pradesh,Hyderabad,0,17.3991205,78.4460041,0,0,False,False
"CGHS Dispensary No.III,\nSecunderabad",Andhra Pradesh,Hyderabad,0,17.4218188,78.5031792,0,0,False,False
"CGHS Dispensary No.IV,\nBegumpet",Andhra Pradesh,Hyderabad,0,17.385044,78.486671,0,0,False,False
"CGHS Dispensary No.VI,\nKachiguda",Andhra Pradesh,Hyderabad,0,17.3852673,78.4849747,0,0,False,False
"CGHS Dispensary No.VII,\nMalakpet",Andhra Pradesh,Hyderabad,0,17.37086,78.499155,0,0,False,False
"CGHS Dispensary No.VII,\nKanchanbagh",Andhra Pradesh,Hyderabad,0,17.3354406,78.4989506,0,0,False,False
"CGHS Dispensary No.IX,\nAlwal, Secunderabad",Andhra Pradesh,Hyderabad,0,17.4980973,78.5027043,0,0,False,False
"CGHS Dispensary No.XI,\nKakatiyanagar",Andhra Pradesh,Hyderabad,0,17.4157401,78.5410169,0,0,False,False
"CGHS Dispensary No.XII,\nDilsuknagar",Andhra Pradesh,Hyderabad,0,17.3681151,78.523757,0,0,False,False
"CGHS Dispensary No.XII,\nTamaka",Andhra Pradesh,Hyderabad,0,17.385044,78.486671,0,0,False,False
"PC-I, KS Bhawan",Andhra Pradesh,Hyderabad,0,17.385044,78.486671,0,0,False,False
"PC-II, AGS Office Bldg.",Andhra Pradesh,Hyderabad,0,17.385044,78.486671,0,0,False,False
PC Hyderabad,Andhra Pradesh,Hyderabad,0,17.385044,78.486671,0,0,False,False
"Rainbow Hospital for Women and Children, Banjara Hills",Andhra Pradesh,Hyderabad,0,17.4138277,78.4397584,0,0,True,False
"Rainbow Hospital for Women and Children, Secunderabad",Andhra Pradesh,Hyderabad,0,17.4551786,78.4999876,0,0,False,False
Yashoda Super Speciality Hospital,Andhra Pradesh,Hyderabad,0,17.3755207,78.4980753,0,0,False,False
Yashoda Super Speciality Hospital,Andhra Pradesh,Hyderabad,0,17.385044,78.486671,0,0,False,False
Omega Hospital,Andhra Pradesh,Hyderabad,0,17.4101779,78.4284907,0,0,False,False
"Prime Hospital, Kukatpally",Andhra Pradesh,Hyderabad,0,17.4830292,78.39514,0,0,False,False
"Lotus Children's Hospital, Lakdikapul",Andhra Pradesh,Hyderabad,0,17.385044,78.486671,0,0,False,False
"Lotus Children's Hospital, Kukatpally",Andhra Pradesh,Hyderabad,0,17.4861948,78.3892697,0,0,False,False
Udai Omni Hospital,Andhra Pradesh,Hyderabad,0,17.385044,78.486671,0,0,False,False
Omni Hospital,Andhra Pradesh,Hyderabad,0,17.368162,78.535811,0,0,False,False
Continental Hospital Limited,Andhra Pradesh,Hyderabad,0,17.4226283,78.3364349,0,0,False,False
"Aditya Hospital, ABIDS",Andhra Pradesh,Hyderabad,0,17.390546,78.481084,0,0,False,False
Sai Vani Super Specialty Hospital,Andhra Pradesh,Hyderabad,0,17.408118,78.484689,0,0,False,False
"Ankura Hospital for Children and Women, Kukatpally",Andhra Pradesh,Hyderabad,0,17.4697664,78.3853073,0,0,False,False
"Ankura Hospital for Children and Women, Secunderabad",Andhra Pradesh,Hyderabad,0,17.4447068,78.4663812,0,0,False,False
Anupama Hospital,Andhra Pradesh,Hyderabad,0,17.4904322,78.3926349,0,0,False,False
Apollo DRDO Hospital,Andhra Pradesh,Hyderabad,0,17.3909698,78.4379132,0,0,False,False
Apollo Hospital,Andhra Pradesh,Hyderabad,0,17.4399295,78.4982741,0,0,False,False
Apollo Hospital,Andhra Pradesh,Hyderabad,0,17.385044,78.486671,0,0,False,False
Apollo Emergency Centre,Andhra Pradesh,Hyderabad,0,17.3730927,78.4900381,0,0,False,False
Asha Hospital,Andhra Pradesh,Hyderabad,0,17.4227225,78.4283057,0,0,False,False
Bristlecone Hospital,Andhra Pradesh,Hyderabad,0,31.3929171,73.0853019,0,0,False,False
Guru Nanak Care Hospital,Andhra Pradesh,Hyderabad,0,17.4136932,78.4979469,0,0,False,False
Challa Eye Care Centre,Andhra Pradesh,Hyderabad,0,17.4245471,78.4310742,0,0,False,False
Challa Hospital,Andhra Pradesh,Hyderabad,0,17.4396894,78.4506241,0,0,False,False
Disha Children's Hospital,Andhra Pradesh,Hyderabad,0,17.3499297,78.5522438,0,0,False,False
Dr.Agarwal's Eye Hospital,Andhra Pradesh,Hyderabad,0,17.3730927,78.4900381,0,0,False,False
Dr.Ramayya's Urology Nephrology Institute and Hospital Private Limited,Andhra Pradesh,Hyderabad,0,17.3990949,78.4773256,0,0,False,False
Global Eye Hospital,Andhra Pradesh,Hyderabad,0,17.4875018,78.3997822,0,0,False,False
Goodwill Kidney and Surgical Centre,Andhra Pradesh,Hyderabad,0,17.3985691,78.4444924,0,0,False,False
Hyderabad Eye Centre,Andhra Pradesh,Hyderabad,0,17.401414,78.480615,0,0,False,False
Icon Hospital,Andhra Pradesh,Hyderabad,0,17.4853956,78.3903861,0,0,False,False
Janapareddy Hospital,Andhra Pradesh,Hyderabad,0,17.461399,78.4908723,0,0,False,False
Kamineni Hospital,Andhra Pradesh,Hyderabad,0,17.385044,78.486671,0,0,False,False
Kamineni Fertility Centre,Andhra Pradesh,Hyderabad,0,17.385044,78.486671,0,0,False,False
Lions Sadhuram Eye Hospital,Andhra Pradesh,Hyderabad,0,17.385044,78.486671,0,0,False,False
Live Life Hospital,Andhra Pradesh,Hyderabad,0,17.4380983,78.3994013,0,0,False,False
Majestic Hospital,Andhra Pradesh,Hyderabad,0,17.385044,78.486671,0,0,False,False
Maxivision Eye Hospital,Andhra Pradesh,Hyderabad,0,17.4481595,78.4619685,0,0,False,False
Medwin Hospital,Andhra Pradesh,Hyderabad,0,17.393152,78.4726553,0,0,False,False
Motherhood Hospital,Andhra Pradesh,Hyderabad,0,17.4104308,78.4374452,0,0,False,False
Motherhood Hospital,Andhra Pradesh,Hyderabad,0,17.4400802,78.3489168,0,0,False,False
Neelima,Andhra Pradesh,Hyderabad,0,17.456708,78.4390542,0,0,False,False
NeoRetina,Andhra Pradesh,Hyderabad,0,17.385044,78.486671,0,0,False,False
Pace Hospital,Andhra Pradesh,Hyderabad,0,17.4447068,78.4663812,0,0,False,False
Pragna Hospital,Andhra Pradesh,Hyderabad,0,17.424611,78.450531,0,0,False,False
Prasad Hospital,Andhra Pradesh,Hyderabad,0,17.4947934,78.3996441,0,0,False,False
Sridevi Nursing Home,Andhra Pradesh,Hyderabad,0,17.4164876,78.5135489,0,0,False,False
Preeti Urology and Kidney Hospital,Andhra Pradesh,Hyderabad,0,17.385044,78.486671,0,0,False,False
Raghava Multi Speciality Hospital,Andhra Pradesh,Hyderabad,0,17.4119955,78.571417,0,0,False,False
Ram Hospital,Andhra Pradesh,Hyderabad,0,17.5144468,78.4453532,0,0,False,False
Remedy Hosptials,Andhra Pradesh,Hyderabad,0,17.4914639,78.4159255,0,0,False,False
Sagar Lal Memorial Hospital and Matadin Goel Research Center,Andhra Pradesh,Hyderabad,0,17.4196548,78.4990004,0,0,False,False
Sankhya Hospital,Andhra Pradesh,Hyderabad,0,17.4947934,78.3996441,0,0,False,True
Sri Srinivasa Hospital,Andhra Pradesh,Hyderabad,0,18.4451474,73.855663,0,0,False,False
Supraja Hospital,Andhra Pradesh,Hyderabad,0,17.385044,78.486671,0,0,False,False
Suraksha Childrens Hospital,Andhra Pradesh,Hyderabad,0,17.426249,78.5316232,0,0,False,False
Surakshaka Multi Speciality Hospital,Andhra Pradesh,Hyderabad,0,17.4916972,78.4018218,0,0,False,False
"Swarup Eye Centre, Punjagutta",Andhra Pradesh,Hyderabad,0,17.4251835,78.4503274,0,0,False,False
"Swarup Eye Centre, Chapel Road",Andhra Pradesh,Hyderabad,0,17.393,78.473,0,0,False,False
The Deccan Hospital,Andhra Pradesh,Hyderabad,0,17.4237016,78.4583888,0,0,False,False
Udbhava Children's Hospital,Andhra Pradesh,Hyderabad,0,19.0591772,72.8468228,0,0,False,False
"Vasan Healthcare Private Limited, Ameerpet",Andhra Pradesh,Hyderabad,0,17.431748,78.44654,0,0,False,False
"Vasan Healthcare Private Limited, Begumpet",Andhra Pradesh,Hyderabad,0,17.411757,78.4546822,0,0,False,False
"Vasan Healthcare Private Limited, Chandanagar",Andhra Pradesh,Hyderabad,0,17.4836979,78.3158338,0,0,False,False
"Vasan Healthcare Private Limited, Himayath Nagar",Andhra Pradesh,Hyderabad,0,17.4020703,78.4870568,0,0,False,False
"Vasan Healthcare Private Limited, Jubilee Hills",Andhra Pradesh,Hyderabad,0,17.4275372,78.4142451,0,0,False,False
"Vasan Healthcare Private Limited, Mehidipatnam",Andhra Pradesh,Hyderabad,0,17.3945149,78.4425619,0,0,False,False
"Vasan Healthcare Private Limited, Santosh Nagar",Andhra Pradesh,Hyderabad,0,17.3695953,78.495794,0,0,False,False
Vijay Marie Hospital,Andhra Pradesh,Hyderabad,0,17.4036772,78.4560922,0,0,False,False
Vijaya Health Care,Andhra Pradesh,Hyderabad,0,17.4399295,78.4982741,0,0,False,False
Gandhi Medical College and Hospital,Andhra Pradesh,Hyderabad,0,17.4196548,78.4990004,0,0,False,False
Amma Hospital,Andhra Pradesh,Krishna,0,16.5226281,80.6153485,0,0,False,False
Anurag Hospital For Children,Andhra Pradesh,Krishna,0,16.5208773,80.6141798,0,0,False,False
Aval Hospital For Women and Children's Hospital,Andhra Pradesh,Krishna,0,16.5847244,80.5174502,0,0,False,False
Chandamama Hospital,Andhra Pradesh,Krishna,0,16.3144313,80.4287506,0,0,False,False
Deepak Nursing Home,Andhra Pradesh,Krishna,0,16.5226281,80.6153485,0,0,False,False
K.B.Hospital,Andhra Pradesh,Krishna,0,16.5196338,80.6151124,0,0,False,False
L V Prasad Eye Institute,Andhra Pradesh,Krishna,0,16.4789336,80.6905205,0,0,False,False
Mamata Childrens Hospital,Andhra Pradesh,Krishna,0,16.5220371,80.6130703,0,0,False,False
Peoples Clinic,Andhra Pradesh,Krishna,0,16.5088694,80.6267092,0,0,False,False
Prabha Nursing Home,Andhra Pradesh,Krishna,0,16.5166829,80.6141521,0,0,False,False
"Pragya Eye Hospital , Phaco Surgical Centre",Andhra Pradesh,Krishna,0,16.4942634,80.6702368,0,0,False,False
Sri Arvind Hospital,Andhra Pradesh,Krishna,0,16.5215357,80.6167566,0,0,False,False
V.G.R. Diabetes Specialities Hospital,Andhra Pradesh,Krishna,0,16.5280852,80.5960591,0,0,False,False
Yalamanchi Hospitals and Research Centres Pvt Ltd,Andhra Pradesh,Krishna,0,16.5061743,80.6480153,0,0,False,False
Andhra Hospitals,Andhra Pradesh,Krishna,0,16.4950985,80.6606708,0,0,False,False
Chaitra Hospitals Surgical And Maternity,Andhra Pradesh,Krishna,0,16.5061743,80.6480153,0,0,False,False
Charitha Sri Hospitals Ltd,Andhra Pradesh,Krishna,0,16.5098886,80.6354665,0,0,False,False
City Cancer Centre,Andhra Pradesh,Krishna,0,16.5061743,80.6480153,0,0,False,False
Giffard Memorial Hospital,Andhra Pradesh,Krishna,0,16.8455916,77.4786965,0,0,False,False
Giridhar Ent Hospital,Andhra Pradesh,Krishna,0,16.5061743,80.6480153,0,0,False,False
Help Hospital Pvt Limited,Andhra Pradesh,Krishna,0,16.5061743,80.6480153,0,0,False,False
Ishwarya Maternity Hospital,Andhra Pradesh,Krishna,0,16.5061743,80.6480153,0,0,False,False
Latha Superspecialities,Andhra Pradesh,Krishna,0,16.5061743,80.6480153,0,0,False,False
Life Line Trimurthy Hospital,Andhra Pradesh,Krishna,0,16.5061743,80.6480153,0,0,False,False
M/S Azam Hospital,Andhra Pradesh,Krishna,0,17.3649406,78.4622072,0,0,False,False
Meenakshi Eye Hospital,Andhra Pradesh,Krishna,0,16.5061743,80.6480153,0,0,False,False
Modern Retina Centre,Andhra Pradesh,Krishna,0,16.5098886,80.6354665,0,0,False,False
Mother and Child Hospital and Family Hospital,Andhra Pradesh,Krishna,0,16.5061743,80.6480153,0,0,False,False
Padmaja Clinic Womens And Multispeciality Hospital,Andhra Pradesh,Krishna,0,16.4966093,80.7029041,0,0,False,False
Praja Vydyasala,Andhra Pradesh,Krishna,0,13.0407328,80.2321075,0,0,False,False
Prasanthi Hospital,Andhra Pradesh,Krishna,0,16.7852784,80.8455008,0,0,False,False
Preethi Childrens Hospital,Andhra Pradesh,Krishna,0,16.5139553,80.6379471,0,0,False,False
Purna Heart Institute,Andhra Pradesh,Krishna,0,16.5061743,80.6480153,0,0,False,False
Raavella Eye Hospital,Andhra Pradesh,Krishna,0,16.5061743,80.6480153,0,0,False,False
Safe Hospital,Andhra Pradesh,Krishna,0,16.5118088,80.6387683,0,0,False,False
Sai Swetha Mother And Child Hospital,Andhra Pradesh,Krishna,0,16.5098886,80.6354665,0,0,False,False
Sathish Urology and Andrology Center,Andhra Pradesh,Krishna,0,16.5098886,80.6354665,0,0,False,False
Shri Shiridi Sai Speech and Hearing Institute,Andhra Pradesh,Krishna,0,16.5061743,80.6480153,0,0,False,False
Sindhura Hospital,Andhra Pradesh,Krishna,0,16.5061743,80.6480153,0,0,False,False
Sreya Nursing Home,Andhra Pradesh,Krishna,0,16.5128151,80.6356996,0,0,False,False
Sri Sai Hospital,Andhra Pradesh,Krishna,0,16.518219,80.648448,0,0,False,False
Sri Venkata Sai Urology and Maternity Center,Andhra Pradesh,Krishna,0,16.5135579,80.6314048,0,0,False,False
Sri Venkatasai Urology and Maternity Centre,Andhra Pradesh,Krishna,0,16.5135579,80.6314048,0,0,False,False
Sridevi Eye Hospital,Andhra Pradesh,Krishna,0,16.5098886,80.6354665,0,0,False,False
Srivenkasai Urology and Maternity Center,Andhra Pradesh,Krishna,0,16.5061743,80.6480153,0,0,False,False
Vasan Eye Care Hospital,Andhra Pradesh,Krishna,0,16.5098886,80.6354665,0,0,False,False
Vijay Orthopaedic And Accident Care,Andhra Pradesh,Krishna,0,16.5139502,80.628529,0,0,False,False
Vijaya Super Speciality Hospital,Andhra Pradesh,Krishna,0,16.5098886,80.6354665,0,0,False,False
Vijayachandra Nursing Home,Andhra Pradesh,Krishna,0,16.5061743,80.6480153,0,0,False,False
Vijayawada Institute Of Neuro Sciences (Vins),Andhra Pradesh,Krishna,0,16.5098886,80.6354665,0,0,False,False
Vijaywada Nursing Home and Polyclinic (P) Ltd,Andhra Pradesh,Krishna,0,16.5122634,80.6095636,0,0,False,False
Vinayasree Nursing Home,Andhra Pradesh,Krishna,0,16.5061743,80.6480153,0,0,False,False
Prasanthi Hospitals,Andhra Pradesh,Krishna,0,16.5139502,80.628529,0,0,False,False
Rainbow Children's Hospital,Andhra Pradesh,Krishna,0,16.525613,80.628529,0,0,False,False
Health Care Global Curie City Cancer Centre - Vijayawada,Andhra Pradesh,Krishna,0,16.5061743,80.6480153,0,0,False,False
Thammineni Hospital and Diagnostic Centre,Andhra Pradesh,Krishna,0,16.5225482,80.6576623,0,0,False,False
Nagarjuna Hospital Ltd,Andhra Pradesh,Krishna,0,16.4933591,80.6895583,0,0,False,False
Nandini Hosipital,Andhra Pradesh,Krishna,0,17.3525595,78.5519097,0,0,False,False
Pinnamaneni Polyclinic,Andhra Pradesh,Krishna,0,16.5027293,80.652319,0,0,False,False
Rich Hospital,Andhra Pradesh,Krishna,0,16.5061743,80.6480153,0,0,False,False
Time Hospitals Pvt Ltd,Andhra Pradesh,Krishna,0,15.9039394,80.4723212,0,0,False,False
Aayush Nri Lepl Health Care Pvt Ltd,Andhra Pradesh,Krishna,0,16.5190381,80.6705897,0,0,False,False
City Cardiac Research Center Ltd,Andhra Pradesh,Krishna,0,16.5100886,80.6640268,0,0,False,False
Lakshmi Eye Maternity and Laproscopy Hospital,Andhra Pradesh,Krishna,0,16.4982653,80.6532258,0,0,False,False
Sentini Hospitals Pvt Ltd,Andhra Pradesh,Krishna,0,16.5121261,80.6673441,0,0,False,False
Vennela Mother and Child Hospital,Andhra Pradesh,Krishna,0,16.5044838,80.6561708,0,0,False,False
Care Hospital - Vijayawada,Andhra Pradesh,Krishna,0,19.1548096,72.841757,0,0,False,False
Chaitanya Eye Hospital,Andhra Pradesh,Krishna,0,16.5030028,80.6483516,0,0,False,False
Chinnari Hospital,Andhra Pradesh,Krishna,0,16.5089355,80.6385881,0,0,False,False
Krishna Institute Of Medical Sciences Limited,Andhra Pradesh,Krishna,0,16.5033651,80.6507761,0,0,False,False
"Lakshmi Nurisng Home, Vijayawada",Andhra Pradesh,Krishna,0,16.5115334,80.6396287,0,0,False,False
Nagarjuna Hospital,Andhra Pradesh,Krishna,0,17.4613134,78.501831,0,0,False,False
Padmavathi Hospital Mother and Child Care Cntre,Andhra Pradesh,Krishna,0,16.495035,80.6618234,0,0,False,False
Raja Nursing Home,Andhra Pradesh,Krishna,0,16.5089355,80.6385881,0,0,False,False
Rameeza Orthopaedic Centre,Andhra Pradesh,Krishna,0,11.1117615,78.0064244,0,0,False,False
Royal Hospitals,Andhra Pradesh,Krishna,0,16.512371,80.6305434,0,0,False,False
Santhi Nursing Home,Andhra Pradesh,Krishna,0,16.495035,80.6618234,0,0,False,False
Sowmya Hospital,Andhra Pradesh,Krishna,0,16.4901229,80.6649874,0,0,False,False
Sree Jayalakshmi Nursing Home,Andhra Pradesh,Krishna,0,16.5305709,80.6124399,0,0,False,False
Sree Venkateswara Nursing Home,Andhra Pradesh,Krishna,0,16.5089964,80.6462427,0,0,False,False
The Orthopaedic Nursing Home,Andhra Pradesh,Krishna,0,16.5089355,80.6385881,0,0,False,False
The Pujitha Hospital,Andhra Pradesh,Krishna,0,16.4978178,80.6590649,0,0,False,False
Trust Hospital,Andhra Pradesh,Krishna,0,16.4980034,80.6539771,0,0,False,False
Usha Cardiac Centre Ltd,Andhra Pradesh,Krishna,0,16.4989734,80.6521139,0,0,False,False
Vasavya Nursing Home,Andhra Pradesh,Krishna,0,16.4997252,80.6560636,0,0,False,False
Vijaya Durga Nursing Home,Andhra Pradesh,Krishna,0,16.5115334,80.6396287,0,0,False,False
Life Spring Hospitals,Andhra Pradesh,Krishna,0,16.5196022,80.6895583,0,0,False,False
Yakkala Jyothi Hospital,Andhra Pradesh,Krishna,0,16.5061743,80.6480153,0,0,False,False
Chikitsa General Hospital,Andhra Pradesh,Krishna,0,16.5466706,80.6491183,0,0,False,False
St Anns Health Center,Andhra Pradesh,Krishna,0,16.537776,80.6396287,0,0,False,False
Balaji Nursing Home,Andhra Pradesh,Krishna,0,16.1905457,81.1361543,0,0,False,False
Shree Rajeevi Nursing Home,Andhra Pradesh,Krishna,0,16.1905457,81.1361543,0,0,False,False
Shri Madhu Hospitals,Andhra Pradesh,Krishna,0,21.203796,72.7900049,0,0,False,False
Sri Madhu Hospital,Andhra Pradesh,Krishna,0,16.1754576,81.1247434,0,0,False,False
Srinivasa Nursing Home,Andhra Pradesh,Krishna,0,16.1905457,81.1361543,0,0,False,False
Vani Hospitals,Andhra Pradesh,Krishna,0,16.1905457,81.1361543,0,0,False,False
Varadarajula Memorial Eye Hospital,Andhra Pradesh,Krishna,0,16.1898382,81.1362668,0,0,False,False
Venkatrama Nursing Home,Andhra Pradesh,Krishna,0,16.1905457,81.1361543,0,0,False,False
Life Spring Hospital,Andhra Pradesh,Krishna,0,16.5196022,80.6895583,0,0,False,False
Rama Nursing Home,Andhra Pradesh,Krishna,0,15.9455478,80.9180086,0,0,False,False
Padmavathi Hospital,Andhra Pradesh,Krishna,0,16.1285923,80.9664408,0,0,False,False
Boppana Superspeciality Hospital,Andhra Pradesh,Krishna,0,16.5061743,80.6480153,0,0,False,False
Bhargavi Nursing Home,Andhra Pradesh,Krishna,0,16.8455916,77.4786965,0,0,False,False
Rotary Eye Hospital,Andhra Pradesh,Krishna,0,16.3689549,80.8441914,0,0,False,False
Samat Nursing Home,Andhra Pradesh,Krishna,0,16.3689549,80.8441914,0,0,False,False
Usha Nursing Home,Andhra Pradesh,Krishna,0,16.3689549,80.8441914,0,0,False,False
Kranthi Hospital,Andhra Pradesh,Krishna,0,16.7725089,80.285935,0,0,False,False
Sailaja Nursing Home,Andhra Pradesh,Krishna,0,16.7849906,80.8488498,0,0,False,False
Praja Hospital,Andhra Pradesh,Krishna,0,16.5451142,80.6452525,0,0,False,False
Dr Mohanarao Memorial Super Speciality Hospital,Andhra Pradesh,Krishna,0,16.6209149,80.5413043,0,0,False,False
Matha Nursing Home,Andhra Pradesh,Krishna,0,16.6209149,80.5413043,0,0,False,False
Padmavathi Hospitals,Andhra Pradesh,Krishna,0,12.3287999,76.6611452,0,0,False,False
Sacred Heart Hospital,Andhra Pradesh,Krishna,0,16.4410255,80.9926327,0,0,False,False
Shreerama Nursing Home,Andhra Pradesh,Krishna,0,16.7106604,81.0952431,0,0,False,False
Sri Venkateswara Nursing Home,Andhra Pradesh,Krishna,0,16.4410255,80.9926327,0,0,False,False
Uma Childrens Hospital,Andhra Pradesh,Krishna,0,16.7106604,81.0952431,0,0,False,False
Kamineni Hospital,Andhra Pradesh,Krishna,0,16.5527225,81.2129365,0,0,False,False
Lakshmi Nursing Home,Andhra Pradesh,Krishna,0,16.348665,81.0492446,0,0,False,False
C N Hospitals,Andhra Pradesh,Kurnool,0,15.8072358,78.0399391,0,0,False,False
Dr.Bethune Nursing Home,Andhra Pradesh,Kurnool,0,15.8281257,78.0372792,0,0,False,False
K M Hospital,Andhra Pradesh,Kurnool,0,15.8281257,78.0372792,0,0,False,False
M.H Hospital,Andhra Pradesh,Kurnool,0,15.8336503,78.0414767,0,0,False,False
Murthy Ortho Hospital,Andhra Pradesh,Kurnool,0,15.356825,78.3639765,0,0,False,False
New Balaji Super Speciality Hospital,Andhra Pradesh,Kurnool,0,15.8351173,78.0516415,0,0,False,False
Sri Raja Raghavendra Nursing Home,Andhra Pradesh,Kurnool,0,15.8215242,78.0138011,0,0,False,False
Sri Vamsi Krishna Hospital,Andhra Pradesh,Kurnool,0,15.8115157,78.059154,0,0,False,False
St. Theresa Hospital,Andhra Pradesh,Kurnool,0,15.8351173,78.0516415,0,0,False,False
Vijaya Super Speciality Hospital,Andhra Pradesh,Kurnool,0,15.8281257,78.0372792,0,0,False,False
Adithya Test Tube Baby Centre,Andhra Pradesh,Kurnool,0,15.8281257,78.0372792,0,0,False,False
Amma Hospital,Andhra Pradesh,Kurnool,0,15.8281257,78.0372792,0,0,False,False
Gowri Gopal Hospital Pvt Ltd,Andhra Pradesh,Kurnool,0,15.8206219,78.0403284,0,0,False,False
Kurnool Heart and Brain Centre,Andhra Pradesh,Kurnool,0,15.8281257,78.0372792,0,0,False,False
Modern Eye Hospital and Research Centre,Andhra Pradesh,Kurnool,0,15.8281257,78.0372792,0,0,False,False
R V Hospital,Andhra Pradesh,Kurnool,0,15.4785694,78.4830934,0,0,False,False
Sree Aswini Hospital,Andhra Pradesh,Kurnool,0,20.9417146,86.123971,0,0,False,False
Sri Vijaya Durga Cardiac Centre,Andhra Pradesh,Kurnool,0,15.8272826,78.047005,0,0,False,False
Suseela Netralaya and Maternity Hospital,Andhra Pradesh,Kurnool,0,15.8272826,78.047005,0,0,False,False
Vijaya Hospital,Andhra Pradesh,Kurnool,0,15.8038136,78.0571178,0,0,False,False
Viswa Bharathi Super Speciality Hospital,Andhra Pradesh,Kurnool,0,15.812699,78.0380075,0,0,False,False
Aayushman The Family Hospital,Andhra Pradesh,Kurnool,0,15.8281257,78.0372792,0,0,False,False
Padma Chandra Super Speciality Hospital,Andhra Pradesh,Kurnool,0,15.8281257,78.0372792,0,0,False,False
Balaji Hospital-Kurnool,Andhra Pradesh,Kurnool,0,15.8351173,78.0516415,0,0,False,False
Bangalore Super-Speciality Hospital,Andhra Pradesh,Kurnool,0,15.8314596,78.0369298,0,0,False,False
Deepak Tej Hospital,Andhra Pradesh,Kurnool,0,15.8281257,78.0372792,0,0,False,False
Gvr Hospitals,Andhra Pradesh,Kurnool,0,15.8281257,78.0372792,0,0,False,False
Karthik Hospital,Andhra Pradesh,Kurnool,0,15.8351173,78.0516415,0,0,False,False
Rainbow Institute Of Child Health and Maternity Hosp,Andhra Pradesh,Kurnool,0,15.8319034,78.0351284,0,0,False,False
Saraswathi Nursing Home,Andhra Pradesh,Kurnool,0,15.8351173,78.0516415,0,0,False,False
Sri New Balaji Super Speciality Hospital,Andhra Pradesh,Kurnool,0,15.8351173,78.0516415,0,0,False,False
Tcr Multispeciality Hospital,Andhra Pradesh,Kurnool,0,12.5186113,78.2137365,0,0,False,False
Desai Nursing Home,Andhra Pradesh,Kurnool,0,19.0875717,72.9126514,0,0,False,False
Krishna Hospital,Andhra Pradesh,Kurnool,0,12.9818806,77.6423594,0,0,False,False
Aditya Nursing Home,Andhra Pradesh,Kurnool,0,15.6322227,77.2728368,0,0,False,False
Anasuya Child Hospital,Andhra Pradesh,Kurnool,0,15.7961133,78.0593706,0,0,False,False
Saranya Nursing Home,Andhra Pradesh,Kurnool,0,15.8790417,78.5852609,0,0,False,False
Vishwa Bharati Cancer Hospital,Andhra Pradesh,Kurnool,0,13.3857837,79.7988547,0,0,False,False
Gelvi Nursing Home,Andhra Pradesh,Kurnool,0,15.4890703,78.4836228,0,0,False,False
"Gupta Hospital, Nandyal",Andhra Pradesh,Kurnool,0,17.449023,78.534885,0,0,False,False
Kvr Hospital,Andhra Pradesh,Kurnool,0,15.4785694,78.4830934,0,0,False,False
Madhumani Nursing Home,Andhra Pradesh,Kurnool,0,15.4785694,78.4830934,0,0,False,False
Murali Hospital,Andhra Pradesh,Kurnool,0,15.4830623,78.4854947,0,0,False,False
Narmada Nursing Home,Andhra Pradesh,Kurnool,0,15.4785694,78.4830934,0,0,False,False
Nayana Eye Care and Research,Andhra Pradesh,Kurnool,0,15.4785694,78.4830934,0,0,False,False
R R Hospital,Andhra Pradesh,Kurnool,0,15.4785694,78.4830934,0,0,False,False
S.V.D. Nursing Home,Andhra Pradesh,Kurnool,0,15.4785694,78.4830934,0,0,False,False
Sanjeevini Nrsing Home,Andhra Pradesh,Kurnool,0,15.4842046,78.4834479,0,0,False,False
Shantharam General Hospital,Andhra Pradesh,Kurnool,0,15.4785694,78.4830934,0,0,False,False
Sree Durga Nursing Home,Andhra Pradesh,Kurnool,0,15.4785694,78.4830934,0,0,False,False
Sri Balaji Nursing Home,Andhra Pradesh,Kurnool,0,15.4830623,78.4854947,0,0,False,False
Swami Super Speciality Netralayam And Skin Care Centre,Andhra Pradesh,Kurnool,0,15.4785694,78.4830934,0,0,False,False
Anasuya Institute Medical Sciences,Andhra Pradesh,SPSR Nellore,0,14.4425987,79.986456,0,0,False,False
Aravind Kidney Centre,Andhra Pradesh,SPSR Nellore,0,13.0320585,80.1366009,0,0,False,False
Bhaskar Reddy Hospital,Andhra Pradesh,SPSR Nellore,0,14.4425987,79.986456,0,0,False,False
Dr Andals Lakshmi Fertility Research and Laparoscopic Surgical Centre,Andhra Pradesh,SPSR Nellore,0,14.4425987,79.986456,0,0,False,False
Dr P Madhusudhana Sastry Hospital,Andhra Pradesh,SPSR Nellore,0,14.4425987,79.986456,0,0,False,False
Dr.P.V.Ramchandra Reddys Peoples Polyclinic,Andhra Pradesh,SPSR Nellore,0,14.4425987,79.986456,0,0,False,False
Guram Chilren Hospital,Andhra Pradesh,SPSR Nellore,0,14.4425987,79.986456,0,0,False,False
Lakshmi Fertility Research and Laparoscopic Surgical Center,Andhra Pradesh,SPSR Nellore,0,14.4533977,79.9836108,0,0,False,False
Lalitha Hebbar Nursing Home,Andhra Pradesh,SPSR Nellore,0,14.4425987,79.986456,0,0,False,False
Latha Matrnity and Children Hospital,Andhra Pradesh,SPSR Nellore,0,14.4425987,79.986456,0,0,False,False
Madurai Netralaya,Andhra Pradesh,SPSR Nellore,0,14.4483939,79.9843099,0,0,False,False
Modern Eye Hospital And Research Centre,Andhra Pradesh,SPSR Nellore,0,14.4425987,79.986456,0,0,False,False
Nizams Little Star Children Hospital,Andhra Pradesh,SPSR Nellore,0,13.0821587,80.1686614,0,0,False,False
R K Eye Care Center,Andhra Pradesh,SPSR Nellore,0,14.4425987,79.986456,0,0,False,False
R.S.R.Hospital,Andhra Pradesh,SPSR Nellore,0,14.4483939,79.9843099,0,0,False,False
Ramakrishna Diabetes Research Center,Andhra Pradesh,SPSR Nellore,0,14.4506929,79.9862656,0,0,False,False
Rich Hospitals,Andhra Pradesh,SPSR Nellore,0,14.4425987,79.986456,0,0,False,False
Sireeha Netralaya,Andhra Pradesh,SPSR Nellore,0,14.4506929,79.9862656,0,0,False,False
Sri Ramachandra Nursing Home,Andhra Pradesh,SPSR Nellore,0,13.632021,79.4141978,0,0,False,False
Sri Ratnam Hospital,Andhra Pradesh,SPSR Nellore,0,28.693808,77.3349982,0,0,False,False
Susrutha Uro Renal Hospital,Andhra Pradesh,SPSR Nellore,0,14.4501074,79.9859957,0,0,False,False
Thanuja Maternity Hospital,Andhra Pradesh,SPSR Nellore,0,14.4483939,79.9843099,0,0,False,False
Vasan Eye Care Hospital,Andhra Pradesh,SPSR Nellore,0,14.4425987,79.986456,0,0,False,False
Venkataramana Hospital,Andhra Pradesh,SPSR Nellore,0,14.4425987,79.986456,0,0,False,False
Viajya Hospital (A Unit Of Vijaya Krishna Hospitals Pvt Ltd),Andhra Pradesh,SPSR Nellore,0,14.4425987,79.986456,0,0,False,False
Vijaya Hospital,Andhra Pradesh,SPSR Nellore,0,14.4501074,79.9859957,0,0,False,False
Narayana General Hospital And Super Speciality Hospital,Andhra Pradesh,SPSR Nellore,0,14.4425987,79.986456,0,0,False,False
Bolleneni Super Speciality Hospital,Andhra Pradesh,SPSR Nellore,0,14.4425987,79.986456,0,0,False,False
Kavitha Nursing Home,Andhra Pradesh,SPSR Nellore,0,14.4475899,79.9801671,0,0,False,False
Vaishnavi Clinic,Andhra Pradesh,SPSR Nellore,0,14.4425987,79.986456,0,0,False,False
C.R. Reddy Hospital,Andhra Pradesh,SPSR Nellore,0,17.6441503,81.6829431,0,0,False,False
Mydhili Hospital,Andhra Pradesh,SPSR Nellore,0,14.4425987,79.986456,0,0,False,False
Shar Hospital,Andhra Pradesh,SPSR Nellore,0,14.4425987,79.986456,0,0,False,False
Seshama Naidu Hospital,Andhra Pradesh,SPSR Nellore,0,14.4425987,79.986456,0,0,False,False
Sri Sadana Nursing Home,Andhra Pradesh,SPSR Nellore,0,13.9559395,79.5815375,0,0,False,False
Srinivasa Nursing Home,Andhra Pradesh,SPSR Nellore,0,17.6574908,79.432224,0,0,False,False
Aravind Eye and Diabetes Clinic,Andhra Pradesh,SPSR Nellore,0,14.912581,79.9900693,0,0,False,False
Ravi Nursing Home,Andhra Pradesh,SPSR Nellore,0,15.6269153,77.2732213,0,0,False,False
K.M. Hospital,Andhra Pradesh,SPSR Nellore,0,14.4425987,79.986456,0,0,False,False
Dr Bsr Hospital,Andhra Pradesh,SPSR Nellore,0,14.4425987,79.986456,0,0,False,False
Amma Eye Hospital Ongole,Andhra Pradesh,Prakasam,0,15.5057232,80.049922,0,0,False,False
Aravind Eye Hospital,Andhra Pradesh,Prakasam,0,15.5129969,80.0404447,0,0,False,False
G S R Hospital,Andhra Pradesh,Prakasam,0,15.511269,80.0398918,0,0,False,False
K V Nursing Home,Andhra Pradesh,Prakasam,0,15.497106,80.0548894,0,0,False,False
Kommalapati Veeraiah Nursing Home,Andhra Pradesh,Prakasam,0,15.497106,80.0548894,0,0,False,False
Mps Memorial Hospital,Andhra Pradesh,Prakasam,0,15.511333,80.0412671,0,0,False,False
Nalluri Nursing Home,Andhra Pradesh,Prakasam,0,15.5048412,80.0516895,0,0,False,False
Prasad Vydyasala,Andhra Pradesh,Prakasam,0,14.4422571,79.9770784,0,0,False,False
Rambabu Hospital,Andhra Pradesh,Prakasam,0,21.2530873,81.6311991,0,0,False,False
Ravi Mother and Child Hospital,Andhra Pradesh,Prakasam,0,15.511333,80.0412671,0,0,False,False
Samata Hospital Orthopaedic and Maternity Hospiital,Andhra Pradesh,Prakasam,0,15.5057232,80.049922,0,0,False,False
Sanghamitra Hospital Pvt Ltd,Andhra Pradesh,Prakasam,0,15.5057232,80.049922,0,0,False,False
Vijaya Hospital,Andhra Pradesh,Prakasam,0,15.5057232,80.049922,0,0,False,False
Yamini Eye Care - Prakasam,Andhra Pradesh,Prakasam,0,15.5141463,80.0438555,0,0,False,False
Ajmal Nursing Home,Andhra Pradesh,Prakasam,0,17.0636719,78.4886912,0,0,False,False
Amrutha Heart Hospital,Andhra Pradesh,Prakasam,0,15.5057232,80.049922,0,0,False,False
Aneesh Kidney Centre,Andhra Pradesh,Prakasam,0,15.5057232,80.049922,0,0,False,False
Bharathi Nursing Home,Andhra Pradesh,Prakasam,0,15.511269,80.0398918,0,0,False,False
Devi Hospital,Andhra Pradesh,Prakasam,0,15.5129969,80.0404447,0,0,False,False
Durga Nursing Home- Anjaiah Road,Andhra Pradesh,Prakasam,0,15.5106771,80.0374627,0,0,False,False
Pranathi Neuro Speciality Hospital,Andhra Pradesh,Prakasam,0,15.5057232,80.049922,0,0,False,False
Sai Nursing Home,Andhra Pradesh,Prakasam,0,15.511269,80.0398918,0,0,False,False
Sevita Nursing Home,Andhra Pradesh,Prakasam,0,15.511333,80.0412671,0,0,False,False
Sri Lakshmi Nursing Home,Andhra Pradesh,Prakasam,0,15.5141463,80.0438555,0,0,False,False
Srinivasa Hospital,Andhra Pradesh,Prakasam,0,15.5129969,80.0404447,0,0,False,False
Venkata Ramana Nursing Home,Andhra Pradesh,Prakasam,0,15.8281257,78.0372792,0,0,False,False
Pragathi Nursing Home,Andhra Pradesh,Prakasam,0,15.2500044,80.0212291,0,0,False,False
Dr Kotareddy Hospitals,Andhra Pradesh,Prakasam,0,17.0636719,78.4886912,0,0,False,False
Harini Peoples Clinic,Andhra Pradesh,Prakasam,0,17.0636719,78.4886912,0,0,False,False
Prema Hospital,Andhra Pradesh,Prakasam,0,15.8423622,80.3491599,0,0,False,False
Ravi Nursing Home,Andhra Pradesh,Prakasam,0,15.830545,80.3558369,0,0,False,False
Solomon Nursing Home [Chirala],Andhra Pradesh,Prakasam,0,15.8423622,80.3491599,0,0,False,False
Sree Sai Childrens Hospital,Andhra Pradesh,Prakasam,0,18.3891036,78.8111168,0,0,False,False
Sri Saraswathi Nursing Home,Andhra Pradesh,Prakasam,0,15.8135755,80.3547286,0,0,False,False
G.K.M. Nursing Home,Andhra Pradesh,Prakasam,0,15.8246833,80.3608605,0,0,False,False
Vijaya Nursing Home,Andhra Pradesh,Prakasam,0,15.8135755,80.3547286,0,0,False,False
Jhansi Nursing Home,Andhra Pradesh,Prakasam,0,15.8083865,79.8868552,0,0,False,False
Sreenivasa Multi Speciality Hospital,Andhra Pradesh,Prakasam,0,15.3431014,80.0302516,0,0,False,False
Sri Lakshmi Mallikarjuna Gastro and Laproscopy Centre,Andhra Pradesh,Prakasam,0,15.5898209,79.1125135,0,0,False,False
Bandaru Rangayya Yadav Memorial Trust Association,Andhra Pradesh,Prakasam,0,15.3763583,78.9250862,0,0,False,False
Amma Hospital,Andhra Pradesh,Srikakulam,0,18.2991263,83.8947235,0,0,False,False
Amrutha Hospital,Andhra Pradesh,Srikakulam,0,18.3044903,83.8830523,0,0,False,False
Deepa Nursing Home,Andhra Pradesh,Srikakulam,0,18.3072486,83.8964979,0,0,False,False
Gmr Varalaxmi Care Hospital,Andhra Pradesh,Srikakulam,0,18.4555839,83.6493806,0,0,False,False
K C Eye Hospital,Andhra Pradesh,Srikakulam,0,18.7980888,84.3899317,0,0,False,False
Kims Sai Seshadri Hospital,Andhra Pradesh,Srikakulam,0,18.2890868,83.9055997,0,0,False,False
Krishna Nursing Home,Andhra Pradesh,Srikakulam,0,18.2890868,83.9055997,0,0,False,False
Mgm Hospital,Andhra Pradesh,Srikakulam,0,18.2969747,83.8967813,0,0,False,False
Pavani Nursing Home,Andhra Pradesh,Srikakulam,0,18.3148007,83.8946364,0,0,False,False
Sanjeevini Hospital,Andhra Pradesh,Srikakulam,0,18.2969747,83.8967813,0,0,False,False
Santhi Nursing Home,Andhra Pradesh,Srikakulam,0,18.2890868,83.9055997,0,0,False,False
Sarojini Devi Hospital,Andhra Pradesh,Srikakulam,0,18.1836024,83.7813181,0,0,False,False
Sindhura Hospitals,Andhra Pradesh,Srikakulam,0,18.3051535,83.8904518,0,0,False,False
Vijaya Harsha Mother And Child Hospital,Andhra Pradesh,Srikakulam,0,18.2936806,83.8962459,0,0,False,False
Vijaya Surgical Speciality Hospital,Andhra Pradesh,Srikakulam,0,18.2969747,83.8967813,0,0,False,False
Sri Srinivasa Nursing Home,Andhra Pradesh,Srikakulam,0,18.2969747,83.8967813,0,0,False,False
Sri Sathya Sai Medical Center,Andhra Pradesh,Srikakulam,0,18.6041438,84.2378613,0,0,False,False
Sitarama Nursing Home,Andhra Pradesh,Srikakulam,0,23.2156354,72.6369415,0,0,False,False
Sri Rajeshwari Nursing Home,Andhra Pradesh,Srikakulam,0,18.2969747,83.8967813,0,0,False,False
Arogyavaram Eye Hospital and Contact Lens Clinic,Andhra Pradesh,Srikakulam,0,18.9456083,84.582481,0,0,False,False
Mahalaxmi Nursing Home,Andhra Pradesh,Srikakulam,0,18.9456083,84.582481,0,0,False,False
Revatirupathi Hospital,Andhra Pradesh,Srikakulam,0,18.2969747,83.8967813,0,0,False,False
Srinivas Nursing Home,Andhra Pradesh,Srikakulam,0,18.2969747,83.8967813,0,0,False,False
Susrutha Nursing Home,Andhra Pradesh,Srikakulam,0,18.2969747,83.8967813,0,0,False,False
Bharat Speciality Hospital,Andhra Pradesh,Srikakulam,0,18.4163638,84.0459255,0,0,False,False
Vaatsalya Hospital,Andhra Pradesh,Srikakulam,0,18.2969747,83.8967813,0,0,False,False
Sri Srinivasa Nursing Home,Andhra Pradesh,Srikakulam,0,18.2969747,83.8967813,0,0,False,False
Canossa Hospital,Andhra Pradesh,Srikakulam,0,18.6994536,83.607618,0,0,False,False
Sraddha Hospital,Andhra Pradesh,Visakhapatnam,0,17.6868159,83.2184815,0,0,False,False
T.Narayana Rao,Andhra Pradesh,Visakhapatnam,0,17.6868159,83.2184815,0,0,False,False
Visakhapatnam Steel General Hospital,Andhra Pradesh,Visakhapatnam,0,17.6345641,83.1970511,0,0,False,False
Abhaya Critical Care,Andhra Pradesh,Visakhapatnam,0,17.6854046,83.1499439,0,0,False,False
Apex Hospital,Andhra Pradesh,Visakhapatnam,0,17.7060613,83.3091096,0,0,False,False
Bharathi Hospital,Andhra Pradesh,Visakhapatnam,0,17.7106864,83.313465,0,0,False,False
C.S.R. Hospital,Andhra Pradesh,Visakhapatnam,0,17.6868159,83.2184815,0,0,False,False
Care Hospital - Maharanipet,Andhra Pradesh,Visakhapatnam,0,17.7086746,83.3069937,0,0,False,False
City Care Hospital,Andhra Pradesh,Visakhapatnam,0,17.7243064,83.3195085,0,0,False,False
Genesis Children Hospital,Andhra Pradesh,Visakhapatnam,0,17.7106864,83.313465,0,0,False,False
Indus Hospitals,Andhra Pradesh,Visakhapatnam,0,17.7104053,83.3032966,0,0,False,False
Kanakadurga Hospitals Pvt Ltd,Andhra Pradesh,Visakhapatnam,0,17.7121136,83.3121281,0,0,False,False
King George Hospital,Andhra Pradesh,Visakhapatnam,0,17.6868159,83.2184815,0,0,False,False
Krishna Hospital - Visakhapatnam,Andhra Pradesh,Visakhapatnam,0,17.708364,83.3101227,0,0,False,False
Lazarus Hospitals Ltd,Andhra Pradesh,Visakhapatnam,0,17.7189912,83.3113226,0,0,False,False
Manipal Hospital,Andhra Pradesh,Visakhapatnam,0,17.7103892,83.3032894,0,0,False,False
Mythri Nursing Home,Andhra Pradesh,Visakhapatnam,0,17.7064519,83.3111737,0,0,False,False
R.K. Children's Hospital,Andhra Pradesh,Visakhapatnam,0,30.6935584,76.2243708,0,0,False,False
Rk Children Hospital and Perinatal Centre,Andhra Pradesh,Visakhapatnam,0,17.7106864,83.313465,0,0,False,False
Sagara Durga Hospital,Andhra Pradesh,Visakhapatnam,0,17.708364,83.3101227,0,0,False,False
Samudra Hospitals,Andhra Pradesh,Visakhapatnam,0,17.7106864,83.313465,0,0,False,False
Saryu Multicare Hospital,Andhra Pradesh,Visakhapatnam,0,17.6868159,83.2184815,0,0,False,False
Sevenhills Hospital Ltd.,Andhra Pradesh,Visakhapatnam,0,17.8250952,83.3538012,0,0,False,False
Shri Venkataramana Hospital,Andhra Pradesh,Visakhapatnam,0,17.6868159,83.2184815,0,0,False,False
Simhadri Hospital,Andhra Pradesh,Visakhapatnam,0,17.708364,83.3101227,0,0,False,False
Sri Sagara Durga Medicals,Andhra Pradesh,Visakhapatnam,0,17.708364,83.3101227,0,0,False,False
Sri Venkataramana Hospital,Andhra Pradesh,Visakhapatnam,0,28.656668,77.277813,0,0,False,False
St. Joseph's Hospital,Andhra Pradesh,Visakhapatnam,0,17.6868159,83.2184815,0,0,False,False
Vijaya Medical Centre,Andhra Pradesh,Visakhapatnam,0,17.6917856,83.0110222,0,0,False,False
Vijetha Hospital,Andhra Pradesh,Visakhapatnam,0,17.7106864,83.313465,0,0,False,False
Apollo Heart Hospital,Andhra Pradesh,Visakhapatnam,0,17.7243064,83.3195085,0,0,False,False
Free Polio Surgical and Research Foundation,Andhra Pradesh,Visakhapatnam,0,17.7261263,83.3127965,0,0,False,False
Visakha Ent Hospital,Andhra Pradesh,Visakhapatnam,0,17.7261263,83.3127965,0,0,False,False
Dr Rama Rao Hospital,Andhra Pradesh,Visakhapatnam,0,17.7358253,83.2733459,0,0,False,False
Kothagiri Surya Nursing Home,Andhra Pradesh,Visakhapatnam,0,17.7161599,83.2743683,0,0,False,False
Sri Chakra Multi Speciality Hospitals Pvt Ltd,Andhra Pradesh,Visakhapatnam,0,17.7327968,83.2729372,0,0,False,False
Sun Multi Speciality Hospital,Andhra Pradesh,Visakhapatnam,0,17.7358253,83.2733459,0,0,False,False
St.Ann's Jubilee Memorial Hospital,Andhra Pradesh,Visakhapatnam,0,17.6854667,83.2432403,0,0,False,False
Cancer Treatment and Research Center,Andhra Pradesh,Visakhapatnam,0,17.7429942,83.3107911,0,0,False,False
Krishi Trust Hospital,Andhra Pradesh,Visakhapatnam,0,17.7155773,83.1983904,0,0,False,False
Padmaja Hospital,Andhra Pradesh,Visakhapatnam,0,17.7429942,83.3107911,0,0,False,False
Rama Hospitals,Andhra Pradesh,Visakhapatnam,0,17.7399576,83.3081172,0,0,False,False
Suma Maternity Home,Andhra Pradesh,Visakhapatnam,0,17.7383557,83.3015401,0,0,False,False
The Good Samaritan Homoeo Hospital,Andhra Pradesh,Visakhapatnam,0,17.7157248,83.30336,0,0,False,False
Dj Clinic,Andhra Pradesh,Visakhapatnam,0,17.7403423,83.3363752,0,0,False,False
Annapoorna Hospital,Andhra Pradesh,Visakhapatnam,0,17.7275674,83.304323,0,0,False,False
Anupama Surgical And Children Hospital,Andhra Pradesh,Visakhapatnam,0,17.7325733,83.3070106,0,0,False,False
Apoorva Hospital,Andhra Pradesh,Visakhapatnam,0,17.7294211,83.3014319,0,0,False,False
Good Health New Central Hospital,Andhra Pradesh,Visakhapatnam,0,17.7325733,83.3070106,0,0,False,False
Kala Hospitals Pvt Ltd,Andhra Pradesh,Visakhapatnam,0,17.7267078,83.3050654,0,0,False,False
Maxivision Laser Centre Pvt Ltd,Andhra Pradesh,Visakhapatnam,0,17.7270279,83.3045827,0,0,False,False
Navya Hospital,Andhra Pradesh,Visakhapatnam,0,17.4965865,78.4264125,0,0,False,False
Padmasri Hospital    Vishakhapatnam,Andhra Pradesh,Visakhapatnam,0,17.6868159,83.2184815,0,0,False,False
Sai Spoorthy Hospital,Andhra Pradesh,Visakhapatnam,0,16.5021357,80.6307606,0,0,False,False
Venkatarama Hospital,Andhra Pradesh,Visakhapatnam,0,17.7307042,83.308702,0,0,False,False
Vision Care Center( Super Speciality Eye Hospital ),Andhra Pradesh,Visakhapatnam,0,17.727823,83.2954313,0,0,False,False
Mahama Gandhi Cancer Hospital and Research Institut,Andhra Pradesh,Visakhapatnam,0,17.7439487,83.2779581,0,0,False,False
Mvp Hospital,Andhra Pradesh,Visakhapatnam,0,17.7416705,83.3368562,0,0,False,False
Sanjivi Hospital,Andhra Pradesh,Visakhapatnam,0,17.7440099,83.3298397,0,0,False,False
Uma Polyclinc and Hospital,Andhra Pradesh,Visakhapatnam,0,17.7368076,83.3073078,0,0,False,False
Vijaya Hospital,Andhra Pradesh,Visakhapatnam,0,17.7424749,83.3388608,0,0,False,False
Waltair Multicare Hospital,Andhra Pradesh,Visakhapatnam,0,17.7220273,83.2897309,0,0,False,False
Kamala Nursing Home,Andhra Pradesh,Visakhapatnam,0,17.7406972,83.2450152,0,0,False,False
Care Hospitals,Andhra Pradesh,Visakhapatnam,0,17.6868159,83.2184815,0,0,False,False
Gajuwaka Hospital P Ltd,Andhra Pradesh,Visakhapatnam,0,17.6810024,83.19906,0,0,False,False
"Lion Dist 324 C, Cancer Treatment and Research Center",Andhra Pradesh,Visakhapatnam,0,17.7429942,83.3107911,0,0,False,False
Prabha Clinic and Nursing Home,Andhra Pradesh,Visakhapatnam,0,17.7199774,83.2971493,0,0,False,False
Amrutha Nursing Home Private Limited,Andhra Pradesh,Visakhapatnam,0,17.6881121,83.2131206,0,0,False,False
Gowtami Hospital,Andhra Pradesh,Visakhapatnam,0,17.6818851,83.2052985,0,0,False,False
Padmaja Hospital,Andhra Pradesh,Visakhapatnam,0,17.6864269,83.2028941,0,0,False,False
R K Hospital: Gajuwaka Hospitals (P) Ltd. - Visakhapatnam,Andhra Pradesh,Visakhapatnam,0,17.6795545,83.199388,0,0,False,False
Sri Rama Hospital,Andhra Pradesh,Visakhapatnam,0,17.6881121,83.2131206,0,0,False,False
Sujatha Hospital,Andhra Pradesh,Visakhapatnam,0,17.669605,83.1993948,0,0,False,False
Susruta Hospital,Andhra Pradesh,Visakhapatnam,0,17.6881121,83.2131206,0,0,False,False
Satyam Intensive Care and Trauma Centre,Andhra Pradesh,Visakhapatnam,0,17.7479751,83.2179139,0,0,False,False
Sr Hospital,Andhra Pradesh,Visakhapatnam,0,17.7532401,83.216954,0,0,False,False
L V Prasad Eye Institute Vishakapatnam,Andhra Pradesh,Visakhapatnam,0,17.6868159,83.2184815,0,0,False,False
Sai Satya Hospital,Andhra Pradesh,Visakhapatnam,0,17.7666503,83.313465,0,0,False,False
Sankar Foundation Eye Hospital,Andhra Pradesh,Visakhapatnam,0,13.394047,79.557183,0,0,False,False
Annapoorna Babycare and General Hospital,Andhra Pradesh,Visakhapatnam,0,17.6868159,83.2184815,0,0,False,False
"Aswini Clinic, Maternity and Nursing Home",Andhra Pradesh,Visakhapatnam,0,28.4665261,77.0190628,0,0,False,False
Ramyasai Nursing Home,Andhra Pradesh,Visakhapatnam,0,17.6854505,83.0071914,0,0,False,False
Vijaya Hospital,Andhra Pradesh,Visakhapatnam,0,17.6896439,83.0023548,0,0,False,False
Gayatri Nursing Home,Andhra Pradesh,Visakhapatnam,0,17.6868159,83.2184815,0,0,False,False
Venkatarama Hospital,Andhra Pradesh,Visakhapatnam,0,17.6895915,82.9977331,0,0,False,False
St.Ann's Hospital,Andhra Pradesh,Visakhapatnam,0,17.9168233,82.8142389,0,0,False,False
Sunitha Nursing Home,Andhra Pradesh,Visakhapatnam,0,17.8237185,83.3455422,0,0,False,False
Amg Hospital,Andhra Pradesh,Visakhapatnam,0,17.7429942,83.3107911,0,0,False,False
Sunita Nursing Home,Andhra Pradesh,Visakhapatnam,0,17.7429942,83.3107911,0,0,False,False
Sri Lalitha Nursing Home,Andhra Pradesh,Visakhapatnam,0,17.6411426,82.6711472,0,0,False,False
Sri Subrahmanyam Nursing Home,Andhra Pradesh,Visakhapatnam,0,17.6868159,83.2184815,0,0,False,False
Krishna Nursing Home,Andhra Pradesh,Vizianagaram,0,18.1066576,83.3955506,0,0,False,False
Radha Krishna Nursing Home,Andhra Pradesh,Vizianagaram,0,18.3044903,83.8830523,0,0,False,False
Sri Sathya Day and Night Hospital,Andhra Pradesh,Vizianagaram,0,18.1066576,83.3955506,0,0,False,False
Venkata Rama Hospital,Andhra Pradesh,Vizianagaram,0,18.1066576,83.3955506,0,0,False,False
Andhra Children Hospital,Andhra Pradesh,Vizianagaram,0,18.1124061,83.4112908,0,0,False,False
Vamsi Nursing Home,Andhra Pradesh,Vizianagaram,0,18.1226797,83.4023063,0,0,False,False
Sri Sai Super Speciality Hospital,Andhra Pradesh,Vizianagaram,0,17.0011607,81.7894713,0,0,False,False
Uday Nursing Home,Andhra Pradesh,Vizianagaram,0,18.1066576,83.3955506,0,0,False,False
O.E.U.Lions Eye Hospital,Andhra Pradesh,Vizianagaram,0,18.1066576,83.3955506,0,0,False,False
Maharajahs Institute Of Medical Sciences,Andhra Pradesh,Vizianagaram,0,18.164904,83.4510164,0,0,False,False
Jayasree Hospital,Andhra Pradesh,Vizianagaram,0,18.7793178,83.4257009,0,0,False,False
Karshaka Maharshi Hospital,Andhra Pradesh,Vizianagaram,0,18.7793178,83.4257009,0,0,False,False
Sri Krishna Nursing Home,Andhra Pradesh,Vizianagaram,0,18.7817162,83.4267518,0,0,False,False
Sri Hanuman Children Hospital,Andhra Pradesh,Vizianagaram,0,11.5354658,79.3193142,0,0,False,False
Sri Ramakrishna Clinic and Nursing Home,Andhra Pradesh,Vizianagaram,0,18.5735047,83.3583654,0,0,False,False
Sai Ramya Nursing Home,Andhra Pradesh,Vizianagaram,0,18.5163848,83.2050863,0,0,False,False
Prashanti Hospitals Uro Gyneac Infertility Centre,Andhra Pradesh,West Godavari,0,15.8305876,78.0419049,0,0,False,False
Mother Child Hospital,Andhra Pradesh,West Godavari,0,16.8660694,96.195132,0,0,False,False
Sankara Netra Chikitsalaya,Andhra Pradesh,West Godavari,0,16.7135229,81.1009882,0,0,False,False
Sri Sai Madhavi Hospital,Andhra Pradesh,West Godavari,0,16.7106604,81.0952431,0,0,False,False
Sri Venkateswara Nursing Home,Andhra Pradesh,West Godavari,0,16.7106604,81.0952431,0,0,False,False
Swaruparani Nursing Home - Eluru,Andhra Pradesh,West Godavari,0,16.7106604,81.0952431,0,0,False,False
Vamsi High Tech Super Speciality Hospital,Andhra Pradesh,West Godavari,0,16.7571731,81.6799629,0,0,False,False
"Vijaya Hospital, Eluru",Andhra Pradesh,West Godavari,0,16.7135229,81.1009882,0,0,False,False
Yasoda Hospital,Andhra Pradesh,West Godavari,0,16.7106604,81.0952431,0,0,False,False
Asram Hospital (Alluri Sita Rama Raju Academy Of Medical Sceinces),Andhra Pradesh,West Godavari,0,16.7269791,81.1251235,0,0,False,False
Asrims Hospital,Andhra Pradesh,West Godavari,0,16.7106604,81.0952431,0,0,False,False
Kay Vee Hospital,Andhra Pradesh,West Godavari,0,16.7093893,81.115011,0,0,False,False
Shri Krishna Mother and Child Hospital,Andhra Pradesh,West Godavari,0,16.7106609,81.1007906,0,0,False,False
Indira Devi Memorial Nursing Home,Andhra Pradesh,West Godavari,0,16.8127061,81.5280872,0,0,False,False
Mother Vannini Hospital,Andhra Pradesh,West Godavari,0,16.8138415,81.521241,0,0,False,False
Prasad Hospitals,Andhra Pradesh,West Godavari,0,16.8138415,81.521241,0,0,False,False
Sri Venkateswara Netralaya,Andhra Pradesh,West Godavari,0,16.8138415,81.521241,0,0,False,False
Veenus Nursing Home,Andhra Pradesh,West Godavari,0,16.8138415,81.521241,0,0,False,False
Ch. Varalakshmi Nursing Home,Andhra Pradesh,West Godavari,0,16.8138415,81.521241,0,0,False,False
Sri Venkata Ramana Nursing Home,Andhra Pradesh,West Godavari,0,16.0651513,79.9822126,0,0,False,False
Krishna Hospital,Andhra Pradesh,West Godavari,0,16.5462624,81.5192148,0,0,False,False
Nallaparaju Venkata Raju Hospital,Andhra Pradesh,West Godavari,0,16.544893,81.521241,0,0,False,False
Neeladri Hospital,Andhra Pradesh,West Godavari,0,16.544893,81.521241,0,0,False,False
S.V.R. Maternity Hospital,Andhra Pradesh,West Godavari,0,16.544893,81.521241,0,0,False,False
Siva Srinivasa Ent Hospital,Andhra Pradesh,West Godavari,0,16.5427881,81.4952414,0,0,False,False
Sri Krishna Eye Institute,Andhra Pradesh,West Godavari,0,16.5427881,81.4952414,0,0,False,False
Sri Lakshmi Hospital,Andhra Pradesh,West Godavari,0,31.716463,73.3755022,0,0,False,False
Subhadra Surgical and Maternity Centre,Andhra Pradesh,West Godavari,0,16.5514525,81.5207842,0,0,False,False
U.V.S.M. Eye Hospital,Andhra Pradesh,West Godavari,0,17.1195131,81.312207,0,0,False,False
Apple Hospital,Andhra Pradesh,West Godavari,0,16.7571731,81.6799629,0,0,False,False
Better Vision Clinic,Andhra Pradesh,West Godavari,0,16.7568008,81.6827203,0,0,False,False
Bhagyasri Hospitals,Andhra Pradesh,West Godavari,0,16.755256,81.6848302,0,0,False,False
"Bharathi Nursing Home, Tanuku",Andhra Pradesh,West Godavari,0,16.7603084,81.6788364,0,0,False,False
Geeta Hospitals-Tanuku,Andhra Pradesh,West Godavari,0,16.7571731,81.6799629,0,0,False,False
Lakshmi Arundhati Nursing Home,Andhra Pradesh,West Godavari,0,16.7519865,81.6889554,0,0,False,False
Mullapudi Venkatarayudu Eye Centre,Andhra Pradesh,West Godavari,0,16.7571731,81.6799629,0,0,False,False
Sanjeevani Emergency Hospital,Andhra Pradesh,West Godavari,0,16.7571731,81.6799629,0,0,False,False
Sreeharsha Ent Hospital,Andhra Pradesh,West Godavari,0,16.7571731,81.6799629,0,0,False,False
Sri Balaji Hospital,Andhra Pradesh,West Godavari,0,16.7571731,81.6799629,0,0,False,False
Sri Ramakrishna Orthopaedic and Physiotherapy Center,Andhra Pradesh,West Godavari,0,16.7571731,81.6799629,0,0,False,False
Sri Ramana Childrens Hospital,Andhra Pradesh,West Godavari,0,16.7571731,81.6799629,0,0,False,False
Sri Venkata Ramana Nursing Home,Andhra Pradesh,West Godavari,0,16.7519865,81.6889554,0,0,False,False
Srinivasa Mother and Child Care Centre,Andhra Pradesh,West Godavari,0,16.7603084,81.6788364,0,0,False,False
St. Mary Hospital,Andhra Pradesh,West Godavari,0,16.5475595,81.5396728,0,0,False,False
Suraksha Health Care P Ltd,Andhra Pradesh,West Godavari,0,17.0085074,81.7903215,0,0,False,False
Lakshmi Hospital Eye And Maternity Hospital,Andhra Pradesh,West Godavari,0,16.5823155,81.3783772,0,0,False,False
Haritha Hospital,Andhra Pradesh,West Godavari,0,32.498987,74.53873,0,0,False,False
Krishna Bhavani Hospital,Andhra Pradesh,West Godavari,0,16.5174552,81.7253415,0,0,False,False
Tirumala Nursing Home,Andhra Pradesh,West Godavari,0,17.2043998,81.3212031,0,0,False,False
Vamsi Superspeciality Hospital,Andhra Pradesh,West Godavari,0,16.7571731,81.6799629,0,0,False,False
Aswani Mother and Child Hospital,Andhra Pradesh,West Godavari,0,16.4329833,81.6966198,0,0,False,False
Narsapur Christian Hospital,Andhra Pradesh,West Godavari,0,16.4329833,81.6966198,0,0,False,False
Sri Sai Paediatric and Neuro Psychiatric Hospital,Andhra Pradesh,West Godavari,0,16.4392958,81.7049146,0,0,False,False
Our Lady Of Health Hospital,Andhra Pradesh,West Godavari,0,16.8175166,81.260143,0,0,False,False
Jibilli Mother and Child Hospital,Andhra Pradesh,West Godavari,0,17.122319,81.2923087,0,0,False,False
Soujanya Hospital,Andhra Pradesh,West Godavari,0,16.7842316,81.0471742,0,0,False,False
"Centre For Sight, Rajahmundry",Andhra Pradesh,East Godavari,0,17.0209155,81.7711827,0,0,True,False
"Centre For Sight, Banjara Hills",Andhra Pradesh,Hyderabad,0,17.4249353,78.4226378,0,0,True,False
"Centre For Sight, Kurnool",Andhra Pradesh,Hyderabad,0,15.8281257,78.0372792,0,0,True,False
Manipal Super Specialty Hospital,Andhra Pradesh,Krishna,0,16.5061743,80.6480153,0,0,True,False
VIMHANS Hospital,Andhra Pradesh,Krishna,0,16.5061743,80.6480153,0,0,True,False
Assa Diagnostics and Nursing Home,Arunachal Pradesh,East Siang,0,28.1097051,95.1432068,0,0,False,False
"General Hospital, Pasighat",Arunachal Pradesh,East Siang,0,28.1097051,95.1432068,0,0,False,False
Ramakrishna Mission Hospital,Arunachal Pradesh,Lower Subansiri,0,27.0702523,93.5944001,0,0,True,True
Tara Memorial Hospital,Arunachal Pradesh,Papum Pare,0,27.1719019,93.7029002,0,0,False,False
"Arunachal State Hospital, Naharlagun",Arunachal Pradesh,Papum Pare,0,27.1719019,93.7029002,0,0,False,False
B T M Hospital,Arunachal Pradesh,Papum Pare,0,27.1719019,93.7029002,0,0,False,False
Boriatari Memorial Hospital,Arunachal Pradesh,Papum Pare,0,27.1719019,93.7029002,0,0,False,False
District Hospital,Arunachal Pradesh,Upper Subansiri,0,27.786802,94.3359635,0,0,True,False
Bhagawani Devi Prasuti Sadan,Assam,Barpeta,0,26.5016673,90.9701192,0,0,False,False
Sanjivani Hospital And Rcs Ltd,Assam,Barpeta,0,26.3246999,90.9888618,0,0,False,False
R N B Civil Hospital,Assam,Bongaigaon,0,26.4794336,90.7414002,0,0,False,False
Chilarai HospitalandResearch Centre,Assam,Bongaigaon,0,26.2722011,90.5576962,0,0,False,False
Lower Assam Hospital And Research Centre,Assam,Bongaigaon,0,26.490206,90.5512687,0,0,False,False
S.M. Hospital and Diagnostic Centre,Assam,Bongaigaon,0,26.490206,90.5512687,0,0,False,False
Silchar Medical College and Hospital (SMCH),Assam,Cachar,0,24.7630479,92.7968419,0,0,True,False
Mawsumi Hospital and Research Center,Assam,Cachar,0,18.5081985,73.7959566,0,0,False,False
Mediland Hospital and Research Centre,Assam,Cachar,0,24.839023,92.804768,0,0,False,False
Greenview Nursing Home,Assam,Cachar,0,24.6269564,92.6974538,0,0,False,False
South City Hospital,Assam,Cachar,0,24.7854996,92.793792,0,0,False,False
Valley Hospital And Research Centre Pvt Ltd,Assam,Cachar,0,24.7907324,92.7941654,0,0,False,False
Mangaldol Poly Clinic,Assam,Darrang,0,26.4360551,92.0353254,0,0,False,False
Gauripur Hospital,Assam,Dhubri,0,23.5403,90.7866722,0,0,False,False
Astha Hospital Dibrugarh,Assam,Dibrugarh,0,27.4885342,94.9139697,0,0,False,False
Dr Damani's Nursing Home,Assam,Dibrugarh,0,26.2771678,73.0366676,0,0,False,False
Drishti Netralaya,Assam,Dibrugarh,0,27.4731221,94.8923041,0,0,False,False
Srimanta Sankardeva Hospital And Research Institute,Assam,Dibrugarh,0,27.4728327,94.9119621,0,0,False,False
Assam Medical College Hospital Dibrugarh (Assam),Assam,Dibrugarh,0,27.4728327,94.9119621,0,0,False,False
Aditya Diagnostics and Hospitals,Assam,Dibrugarh,0,27.4728327,94.9119621,0,0,False,False
Archana Trauma and Orthopaedics Hospital and Research Centre,Assam,Dibrugarh,0,27.4728327,94.9119621,0,0,False,False
Sristi Hospitals And Research Centre Pvt Ltd,Assam,Dibrugarh,0,30.2886168,78.0552088,0,0,False,False
Tengakahat PHC,Assam,Dibrugarh,0,27.4728327,94.9119621,0,0,False,False
Life Care Nursing Home,Assam,Dibrugarh,0,27.1896096,94.9092263,0,0,False,False
Sasoni CHC,Assam,Dibrugarh,0,27.299143,95.274974,0,0,False,False
Rajgarh CHC,Assam,Dibrugarh,0,27.1821064,95.1106383,0,0,False,False
Assam Medical College and Hospital (AMCH),Assam,Dibrugarh,0,27.4720664,94.9519733,0,0,True,False
Florence Hospital,Assam,Goalpara,0,26.175342,90.6206204,0,0,False,False
Solace Hospital and Research Centre,Assam,Goalpara,0,26.1763952,90.6250806,0,0,False,False
Garmur CHC,Assam,Golaghat,0,26.5238515,93.962337,0,0,False,False
Binapani Nursing Home and Hospital,Assam,Golaghat,0,26.5238515,93.962337,0,0,False,False
Naharani PHC,Assam,Golaghat,0,26.5238515,93.962337,0,0,False,False
G B M Nursing Home,Assam,Golaghat,0,26.5129565,93.9703062,0,0,False,False
Hgm Nursing Home,Assam,Golaghat,0,26.5238515,93.962337,0,0,False,False
Life Line Hospital and Research Centre,Assam,Golaghat,0,26.5245127,93.9710628,0,0,False,False
Jorhat Medical College And Hospital,Assam,Jorhat,0,26.7465203,94.2025859,0,0,True,False
A G Nursing Home,Assam,Jorhat,0,26.7496881,94.1949013,0,0,False,False
J D S Civil Hospital,Assam,Jorhat,0,26.7465203,94.2025859,0,0,False,False
Jorhat Nursing Home,Assam,Jorhat,0,26.7465203,94.2025859,0,0,False,False
K. G Memorial Medical Centre,Assam,Jorhat,0,26.7336887,94.2038688,0,0,False,False
Kamalabari Sdch,Assam,Jorhat,0,26.7465203,94.2025859,0,0,False,False
Malpani Nursing Home Medicure Center),Assam,Jorhat,0,26.7465203,94.2025859,0,0,False,False
Pain and Fracture Clinic and Research Centre,Assam,Jorhat,0,26.762582,94.2064286,0,0,False,False
Sanjivani Hospital,Assam,Jorhat,0,26.7496881,94.1949013,0,0,False,False
Titabor Sd Ch,Assam,Jorhat,0,26.5880979,94.1872178,0,0,False,False
Gauhati Medical College and Hospital (GMCH),Assam,Kamrup,0,26.1445169,91.7362365,0,0,True,False
Central Clinic and Nursing Home,Assam,Kamrup,0,26.1830738,91.7404977,0,0,False,False
Sri Sankaradeva Nethralaya,Assam,Kamrup,0,26.1299856,91.7992658,0,0,False,False
Aruna Memorial Hospital,Assam,Kamrup,0,26.1658231,91.7686098,0,0,False,False
G N R C Heart Institute,Assam,Kamrup,0,26.1433459,91.7897953,0,0,False,False
Gauhati Medical College Hospital,Assam,Kamrup,0,26.1445169,91.7362365,0,0,False,False
Nemcare Hospital,Assam,Kamrup,0,26.1620495,91.7697044,0,0,False,False
Nightingale Hospital,Assam,Kamrup,0,26.1494687,91.7837528,0,0,False,False
Advance Neuro Science Hospital,Assam,Kamrup,0,26.1448491,91.7866194,0,0,False,False
Dispur Polyclinic and Nursing Home,Assam,Kamrup,0,26.1433459,91.7897953,0,0,False,False
Guwahati Neuro Research Centre Ltd,Assam,Kamrup,0,26.1445169,91.7362365,0,0,False,False
Sun Valley Hospital - Guwahati,Assam,Kamrup,0,27.4924134,77.673673,0,0,False,False
City Heart Hospital,Assam,Kamrup,0,31.5598318,74.3012121,0,0,False,False
Gurucharan Polyclinic Cum Nursing Home,Assam,Kamrup,0,26.1785763,91.7497194,0,0,False,False
Marwari Hospital and Research Centre,Assam,Kamrup,0,26.1740683,91.7400691,0,0,False,False
Institute Of Human Reproduction,Assam,Kamrup,0,26.174303,91.7331991,0,0,False,False
Swagat Endolaproscopic Surgical Research Institute,Assam,Kamrup,0,26.1684554,91.7283341,0,0,False,False
Saraighat Hospital Pvt Ltd.,Assam,Kamrup,0,26.1444686,91.7666692,0,0,False,False
Agile Hospitals Pvt Ltd,Assam,Kamrup,0,26.1245811,91.8111379,0,0,False,False
Gnrc Sixmile Hospital,Assam,Kamrup,0,26.1305013,91.8093282,0,0,False,False
Guwahati Medical College Hospital,Assam,Kamrup,0,26.1620495,91.7697044,0,0,False,False
Hayat Hospital,Assam,Kamrup,0,26.1394673,91.7469849,0,0,False,False
Hm Hospital and Research Centre Pvt.Ltd,Assam,Kamrup,0,26.1433459,91.7897953,0,0,False,False
Hajo Fru,Assam,Kamrup,0,26.2519311,91.5257042,0,0,False,False
Sualkuchi Fru,Assam,Kamrup,0,26.1703301,91.570327,0,0,False,False
Boko Fru,Assam,Kamrup,0,25.977767,91.2355695,0,0,False,False
Balajan Block PHC,Assam,Kokrajhar,0,26.5563373,90.2537897,0,0,False,False
Bihpuria CHC,Assam,Lakhimpur,0,27.9490794,80.7824012,0,0,False,False
Dalpur CHC,Assam,Lakhimpur,0,27.9490794,80.7824012,0,0,False,False
Happy Nursing Home,Assam,Lakhimpur,0,27.9490794,80.7824012,0,0,False,False
Mid Town Hospital and Research Institute,Assam,Lakhimpur,0,27.9490794,80.7824012,0,0,False,False
Saumerpith Nursing Pvt Ltd,Assam,Lakhimpur,0,27.9490794,80.7824012,0,0,False,False
Nowboicha CHC,Assam,Lakhimpur,0,27.9490794,80.7824012,0,0,False,False
Bongalmora CHC,Assam,Lakhimpur,0,27.0563989,93.9546877,0,0,False,False
Dhakuakhona CHC,Assam,Lakhimpur,0,27.3114122,94.456805,0,0,False,False
G.D.Hospital,Assam,Nagaon,0,26.3442582,92.6809935,0,0,False,False
Pkb Nursing Home Pvt Ltd,Assam,Nagaon,0,26.3442582,92.6809935,0,0,False,False
Pragati Nursing Home/Diacare,Assam,Nalbari,0,26.4446185,91.4410527,0,0,False,False
United Hospital And Research Centre,Assam,Nalbari,0,26.4446185,91.4410527,0,0,False,False
Dhl Health Services,Assam,Sivasagar,0,27.2513486,94.890005,0,0,False,False
East Point Hospital And Res Centre,Assam,Sivasagar,0,26.9826098,94.6424521,0,0,False,False
Life Care Hospital and Research Centre,Assam,Sivasagar,0,26.4825511,90.961758,0,0,False,False
Sampreeti Hospital,Assam,Sivasagar,0,12.9738208,77.5288881,0,0,False,False
Sarma Nusring Home,Assam,Sivasagar,0,26.9826098,94.6424521,0,0,False,False
H M Hospital and Research Center,Assam,Sivasagar,0,26.9826098,94.6424521,0,0,False,False
Moran Medical Centre,Assam,Sivasagar,0,27.1897238,94.9175686,0,0,False,False
Tezpur Medical College and Hospital,Assam,Sonitpur,0,26.6528495,92.7925592,0,0,True,False
Baptist Christian Hospital,Assam,Sonitpur,0,26.6607816,92.775492,0,0,False,False
City Hospital And Research Centre,Assam,Tinsukia,0,27.4922723,95.361689,0,0,False,False
Jeevan Jyoti Nursing Home,Assam,Tinsukia,0,27.4947049,95.3690926,0,0,False,False
Life Line Hospital - Tinsukia,Assam,Tinsukia,0,26.1857244,91.7514949,0,0,False,False
St Lukes Hospital,Assam,Tinsukia,0,27.4796192,95.36284,0,0,False,False
Margherita Community Health Centre,Assam,Tinsukia,0,27.2910662,95.6694606,0,0,False,False
Rontix Hospital,Assam,Tinsukia,0,27.2910662,95.6694606,0,0,False,False
Baba Gramin Seva Sadan,Bihar,Araria,0,26.2992736,87.2666121,0,0,False,False
Dr. Alakh Niranjan Memorial Hospital,Bihar,Araria,0,26.2992736,87.2666121,0,0,False,False
Dr. Chaudhary Hospital and Research Institute,Bihar,Araria,0,26.2992736,87.2666121,0,0,False,False
Mata Mariam Nursing Home,Bihar,Araria,0,26.2992736,87.2666121,0,0,False,False
Shishu Kalyn Kendra,Bihar,Bhojpur,0,25.5536422,84.6552781,0,0,False,False
Pipra Hospital Pvt.Ltd,Bihar,Arwal,0,25.2269658,84.6439886,0,0,False,False
Haddi and Dental Hospital,Bihar,Aurangabad,0,19.8761653,75.3433139,0,0,False,False
Health World,Bihar,Aurangabad,0,19.8761653,75.3433139,0,0,False,False
Pulse Women Hospital,Bihar,Aurangabad,0,19.8761653,75.3433139,0,0,False,False
S D Hospital,Bihar,Aurangabad,0,25.1695382,84.7345233,0,0,False,False
Shanker Nursing Home,Bihar,Aurangabad,0,19.8761653,75.3433139,0,0,False,False
Swastik Hospital,Bihar,Aurangabad,0,19.8761653,75.3433139,0,0,False,False
Dord Hospital,Bihar,Aurangabad,0,25.0332255,84.3988806,0,0,False,False
Rahat Clinic,Bihar,Aurangabad,0,24.6174662,84.2258636,0,0,False,False
Dr Ajay Kumar,Bihar,Banka,0,24.8872095,87.133561,0,0,False,False
Dr. Akhilesh Kumar,Bihar,Banka,0,24.868126,86.9185854,0,0,False,False
Dr. Hemant Kumar Das,Bihar,Banka,0,25.2427952,86.9754441,0,0,False,False
Baba Baidynath Eye Hospital,Bihar,Munger,0,25.0952381,86.6636269,0,0,False,False
Mahila Aspatal,Bihar,Begusarai,0,25.4185465,86.3105645,0,0,False,False
Shivani Health Care Centre,Bihar,Begusarai,0,23.0734622,72.5918636,0,0,False,False
Uma Nursing Home,Bihar,Begusarai,0,25.39925,86.355409,0,0,False,False
Bharat Nursing Home,Bihar,Nawada,0,24.886849,85.530311,0,0,False,False
Budha Hospital,Bihar,Nawada,0,24.9179801,85.4644513,0,0,False,False
Matihani Referal,Bihar,Begusarai,0,26.6056151,85.8457444,0,0,False,False
Nav Jeevan Hospital,Bihar,Nawada,0,24.851023,85.4155067,0,0,False,False
Polo Hospital,Bihar,Nalanda,0,25.3265812,85.4048465,0,0,False,False
Shyam Hospital,Bihar,Saran,0,25.7795649,84.7498886,0,0,False,False
Susheela Hospital,Bihar,Saran,0,25.7795649,84.7498886,0,0,False,False
Uday Nursing Home,Bihar,Begusarai,0,24.8021749,85.2437841,0,0,False,False
Bishnupur Multi Speciality Hospital,Bihar,Begusarai,0,25.413078,86.1479052,0,0,False,False
Angika Nursing Home,Bihar,Bhagalpur,0,25.2427952,86.9754441,0,0,False,False
Asraya Hospital,Bihar,Bhagalpur,0,25.2414303,86.9924358,0,0,False,False
Dr Archana Jha Clinic and Nursing Home,Bihar,Bhagalpur,0,25.2414303,86.9924358,0,0,False,False
Dr Suresh Pathology,Bihar,Bhagalpur,0,25.2414303,86.9924358,0,0,False,False
Dr. Chandra Shekhar Shah,Bihar,Bhagalpur,0,25.2414303,86.9924358,0,0,False,False
G.S. Hospital and Endolaparoscopy Centre,Bihar,Bhagalpur,0,25.2414303,86.9924358,0,0,False,False
"Pushpdeep Trauma,Replacement And Spine Clinic",Bihar,Bhagalpur,0,23.3666425,85.3248851,0,0,False,False
Rakshit Nursing Home,Bihar,Bhagalpur,0,25.2414303,86.9924358,0,0,False,False
Sanjivani Nursing Home,Bihar,Bhagalpur,0,25.2545763,86.9836798,0,0,False,False
Satyam Matri Shishu Kendra,Bihar,Bhagalpur,0,25.2519508,86.9839293,0,0,False,False
Sharda Hospital,Bihar,Bhagalpur,0,25.2519508,86.9839293,0,0,False,False
Shrishti Nursing Home,Bihar,Bhagalpur,0,23.3666425,85.3248851,0,0,False,False
Sneh Nursing Home,Bihar,Bhagalpur,0,31.4329486,75.713901,0,0,False,False
Srijan Maternity and Fertility Clinic,Bihar,Bhagalpur,0,25.2552266,86.9887873,0,0,False,False
Tapashwi Hospital,Bihar,Bhagalpur,0,25.2414303,86.9924358,0,0,False,False
Aditya Nursing Home,Bihar,Bhagalpur,0,25.2414303,86.9924358,0,0,False,False
Advance Maternity and Infertility Centre,Bihar,Bhagalpur,0,25.2422223,86.9586539,0,0,False,False
Shagun Nursing Home,Bihar,Bhagalpur,0,25.2642346,87.2322865,0,0,False,False
"Anumandaliya Hospital, Jagdishpur, Bhojpur",Bihar,Bhojpur,0,25.468313,84.4225186,0,0,False,False
Heera Surya Nursing Home,Bihar,Bhojpur,0,25.5604346,84.6678542,0,0,False,False
Kanchan Shalya Niketan,Bihar,Nawada,0,25.598239,84.4776587,0,0,False,False
Khwaja Garib Nawaz Welfare Society,Bihar,Bhojpur,0,25.5560443,84.6603307,0,0,False,False
Maa Jagdamba Nursing Home,Bihar,Bhojpur,0,25.5560443,84.6603307,0,0,False,False
Manav Kalyan Ewam Shodh Sansthan,Bihar,Bhojpur,0,25.5560443,84.6603307,0,0,False,False
Ortho Centre,Bihar,Bhojpur,0,25.5558012,84.6597578,0,0,False,False
Orthopaedics Clinic,Bihar,Bhojpur,0,25.5604346,84.6678542,0,0,False,False
Gloval Vishwamitra Hospital,Bihar,Buxar,0,25.5647103,83.9777482,0,0,False,False
Ma Shivratri Dental Health Hospital,Bihar,Buxar,0,22.7086412,90.3702748,0,0,False,False
Neha Nursing Home,Bihar,Buxar,0,25.5647103,83.9777482,0,0,False,False
R.R Memorial Hospital,Bihar,Buxar,0,25.5647103,83.9777482,0,0,False,False
Vishwamitra Hospital,Bihar,Buxar,0,25.5659886,83.9804553,0,0,False,False
Sadguru Nursing Home,Bihar,Buxar,0,25.5647103,83.9777482,0,0,False,False
Garib Nawaz Hospital,Bihar,Buxar,0,25.5647103,83.9777482,0,0,False,False
Marry Ward Health Centre,Bihar,Buxar,0,25.5647103,83.9777482,0,0,False,False
"Rogi Kalyan Samiti,Sub.Divisional Hospital,Dumraon",Bihar,Buxar,0,25.5713125,84.1454487,0,0,False,False
Siddhashram Sewa Sadan,Bihar,Buxar,0,25.5647103,83.9777482,0,0,False,False
Darbhanga Medical College and Hospital,Bihar,Darbhanga,0,26.1193569,85.9048962,0,0,True,False
Sheela Health Clinic,Bihar,Darbhanga,0,26.1181299,85.9002124,0,0,False,False
R B Memorial Hospital,Bihar,Darbhanga,0,26.115861,85.9300161,0,0,False,False
Amrit Nursing Home,Bihar,Darbhanga,0,26.111868,85.896004,0,0,False,False
"Anant Arogya Neketan ,",Bihar,Darbhanga,0,26.115861,85.9300161,0,0,False,False
Arora Nursing Home,Bihar,Darbhanga,0,26.1293757,85.904578,0,0,False,False
Dwivedi Clinic,Bihar,Darbhanga,0,26.1303638,85.9023453,0,0,False,False
M/S Sanjay Surgical and Urological Kendra,Bihar,Darbhanga,0,26.1303638,85.9023453,0,0,False,False
M/S Sinha Clinic,Bihar,Darbhanga,0,26.1193569,85.9048962,0,0,False,False
Maa Bhagwati Nursing Home,Bihar,Darbhanga,0,25.1336987,82.5644344,0,0,False,False
Matriva Nursing Home,Bihar,Darbhanga,0,26.111868,85.896004,0,0,False,False
Navjeevan Hospital,Bihar,Darbhanga,0,26.1193569,85.9048962,0,0,False,False
Nn Memorial Hospital,Bihar,Darbhanga,0,32.0765869,72.6972609,0,0,False,False
Prem Medical Research and Rehabilation Center (P) Ltd.,Bihar,Darbhanga,0,26.111868,85.896004,0,0,False,False
Prof. R.P.Gami Memorial Hospital,Bihar,Darbhanga,0,26.1303638,85.9023453,0,0,False,False
R.K. Ortho Ashram,Bihar,Darbhanga,0,26.111868,85.896004,0,0,False,False
Satya Sai Nursing Home,Bihar,Darbhanga,0,26.1293757,85.904578,0,0,False,False
"SubDivisional Hospital, Benipur",Bihar,Darbhanga,0,26.0594824,86.1518851,0,0,False,False
Agrachal Nursing Home,Bihar,Darbhanga,0,26.1668952,85.891473,0,0,False,False
Mahamaya Nursing Home,Bihar,Darbhanga,0,26.111868,85.896004,0,0,False,False
Aditya Arogya Sansthan,Bihar,East Champaran,0,26.9808459,84.8540706,0,0,False,False
The Duncan Hospital,Bihar,East Champaran,0,26.9910294,84.8507594,0,0,False,False
Aastha Nursing Home and Maternity Centre,Bihar,East Champaran,0,26.6469624,84.9088938,0,0,False,False
Amar Clinic And Diabetic Care Centre,Bihar,East Champaran,0,26.6469624,84.9088938,0,0,False,False
Astha Nursing Home,Bihar,East Champaran,0,26.6393803,84.9023839,0,0,False,False
Banarsidas Chandiwala Eye Hospital,Bihar,East Champaran,0,26.6469624,84.9088938,0,0,False,False
Bhawani Nursing Home,Bihar,East Champaran,0,26.6430248,84.911823,0,0,False,False
Chandana Surgicare,Bihar,East Champaran,0,26.6469624,84.9088938,0,0,False,False
Dr. A. Rahmans Hospital,Bihar,East Champaran,0,26.6501494,84.9232282,0,0,False,False
Hospito Care,Bihar,East Champaran,0,23.810332,90.4125181,0,0,False,False
Jai Shree Swasthya Kendra,Bihar,East Champaran,0,23.810332,90.4125181,0,0,False,False
Jeevan Deep Nursing Home,Bihar,East Champaran,0,26.6469624,84.9088938,0,0,False,False
M.J. Heart Hospital,Bihar,East Champaran,0,26.6469624,84.9088938,0,0,False,False
Maa Nursing Home,Bihar,East Champaran,0,26.6469624,84.9088938,0,0,False,False
Maa Seva Sadan and Prasuti Kendra,Bihar,East Champaran,0,26.6469624,84.9088938,0,0,False,False
Madan Raj Nursing Home,Bihar,East Champaran,0,26.4180749,85.0490069,0,0,False,False
Madhuri Nursing Home,Bihar,East Champaran,0,26.6469624,84.9088938,0,0,False,False
Maharaja Nursing Home,Bihar,East Champaran,0,26.6433705,84.890664,0,0,False,False
Motihari Medical Center,Bihar,East Champaran,0,26.6469624,84.9088938,0,0,False,False
Om Sai Nursing Home,Bihar,East Champaran,0,26.6469624,84.9088938,0,0,False,False
Shamima Health Center,Bihar,East Champaran,0,26.6469624,84.9088938,0,0,False,False
Sharan Nursing Home,Bihar,East Champaran,0,26.6469624,84.9088938,0,0,False,False
Shreyaskar Hospital,Bihar,East Champaran,0,26.6469624,84.9088938,0,0,False,False
Surgicare,Bihar,East Champaran,0,26.6469624,84.9088938,0,0,False,False
Susrut Shalya Chikitsha Kendra,Bihar,East Champaran,0,26.4180749,85.0490069,0,0,False,False
Vatsalya Nursing Home,Bihar,East Champaran,0,26.6469624,84.9088938,0,0,False,False
Yogendra Giri Sewa Ashram,Bihar,East Champaran,0,26.6469624,84.9088938,0,0,False,False
Osho Healing Space,Bihar,East Champaran,0,26.4174337,85.0541036,0,0,False,False
Referral Hospital,Bihar,East Champaran,0,26.4106892,85.0493253,0,0,False,False
Chandralekha Health Care,Bihar,East Champaran,0,26.6098139,84.8567932,0,0,False,False
Matra Chaya,Bihar,East Champaran,0,23.810332,90.4125181,0,0,False,False
Sundaram Hospital,Bihar,East Champaran,0,26.4925984,85.2798208,0,0,False,False
Jagannath Seva Sansthan(Medical Help Centre Ngo),Bihar,East Champaran,0,26.6469624,84.9088938,0,0,False,False
Sapna Nursing Home,Bihar,East Champaran,0,26.6469624,84.9088938,0,0,False,False
Vaishanavi Hospital,Bihar,East Champaran,0,26.6098139,84.8567932,0,0,False,False
Sehat Seva Kendra,Bihar,East Champaran,0,26.6031974,84.5981913,0,0,False,False
Matri Sadan Nursing Home,Bihar,Nawada,0,24.8292941,85.1660825,0,0,False,False
Subham Nursing Home,Bihar,Gaya,0,24.6694338,85.2395633,0,0,False,False
Abhineet N H and Research Centre,Bihar,Gaya,0,24.7890344,84.9950793,0,0,False,False
Advanced Eye Care Centre,Bihar,Gaya,0,24.7887904,84.9915049,0,0,False,False
Al-Zahir Navjeevan Hospital and Reasearch Center,Bihar,Gaya,0,24.7890344,84.9950793,0,0,False,False
Gautam Patho Lab,Bihar,Gaya,0,24.782567,84.9824041,0,0,False,False
Haddy Hospital and Art Center,Bihar,Gaya,0,24.7883324,84.9874829,0,0,False,False
Sanjevani Nursing Home,Bihar,Gaya,0,24.4417581,84.5915294,0,0,False,False
Sri Krishna Nursing Home and Maternity Center,Bihar,Gaya,0,22.2942013,70.7836272,0,0,False,False
Satyam Hospital,Bihar,Gaya,0,25.6046348,85.0889575,0,0,False,False
Hind Nursing Home and Anusandhan Kendra.,Bihar,Gaya,0,24.441598,84.3988806,0,0,False,False
Rog Nidan Charitable Hospital,Bihar,Gaya,0,24.4417581,84.5915294,0,0,False,False
Dr. Kundu Poly Clinic,Bihar,Gaya,0,24.5595131,84.7994271,0,0,False,False
Rishav Nursing Home,Bihar,Gaya,0,24.5595131,84.7994271,0,0,False,False
Ashutosh Nursing Home,Bihar,Gaya,0,25.6094014,85.1615998,0,0,False,False
Maa Shaarde Sewa Sadan,Bihar,Gaya,0,24.5320137,84.9049879,0,0,False,False
Dr. Subhash Chandra Gupta,Bihar,Gopalganj,0,26.3695853,84.3357992,0,0,False,False
Jagdamba Nursing Home,Bihar,Gopalganj,0,26.4544251,84.4362365,0,0,False,False
Medical Institute and Hospital (Dr. M. Kumar),Bihar,Gopalganj,0,26.4626937,84.4412166,0,0,False,False
Surgi Uro Centre,Bihar,Gopalganj,0,26.4626937,84.4412166,0,0,False,False
Hi-Tech Clinic,Bihar,Jamui,0,16.5124561,80.6174954,0,0,False,False
Swasdhya and Parivar Kalyan Vibhag Hospital,Bihar,Jehanabad,0,25.2175053,85.1414542,0,0,False,False
Gandhi Kusth Nivaran Pratisthan,Bihar,Kaimur (Bhabua),0,25.0426227,83.6055732,0,0,False,False
Ranjan Hospital,Bihar,Kaimur (Bhabua),0,25.0426227,83.6055732,0,0,False,False
Srijan Hospital,Bihar,Kaimur (Bhabua),0,25.0426227,83.6055732,0,0,False,False
Prakash Hospital,Bihar,Kaimur (Bhabua),0,25.0426227,83.6055732,0,0,False,False
Dr.Awinash Clinic,Bihar,Kaimur (Bhabua),0,25.0426227,83.6055732,0,0,False,False
Mansarover Hospital,Bihar,Kaimur (Bhabua),0,25.0426227,83.6055732,0,0,False,False
Sanjeevani Hospital,Bihar,Kaimur (Bhabua),0,25.0426227,83.6055732,0,0,False,False
Kushi Health Care Centre,Bihar,Kaimur (Bhabua),0,25.0426227,83.6055732,0,0,False,False
Ujjwal Nursing Home,Bihar,Kaimur (Bhabua),0,25.0426227,83.6055732,0,0,False,False
Onyx Dental And Implant Center,Bihar,Katihar,0,25.5385943,87.5676712,0,0,False,False
Sanjeewini Nursing Home,Bihar,Katihar,0,25.5385943,87.5676712,0,0,False,False
Advanced Bone Center,Bihar,Katihar,0,25.552048,87.5718609,0,0,False,False
Chaturbhuj Surgicare,Bihar,Katihar,0,25.577045,87.5346402,0,0,False,False
Devesh Nursing Home,Bihar,Katihar,0,25.5139028,87.5630684,0,0,False,False
Dr Arif Clinic,Bihar,Katihar,0,25.552048,87.5718609,0,0,False,False
Dr. M M Haque Nursing Home,Bihar,Katihar,0,25.552048,87.5718609,0,0,False,False
Jannakshya Nursing Home,Bihar,Katihar,0,25.5395799,87.5684895,0,0,False,False
K K Matri Seva Sadan,Bihar,Katihar,0,25.552048,87.5718609,0,0,False,False
Katihar Seva Sadan,Bihar,Katihar,0,26.0269532,87.9500306,0,0,False,False
Lodi Health Clinic,Bihar,Katihar,0,25.552048,87.5718609,0,0,False,False
Manish Nursing Home,Bihar,Katihar,0,25.5417348,87.5744557,0,0,False,False
Nidaan Hospital,Bihar,Katihar,0,25.5385943,87.5676712,0,0,False,False
Nirog Nursing Home,Bihar,Katihar,0,25.552048,87.5718609,0,0,False,False
Patna Hospital,Bihar,Katihar,0,25.552048,87.5718609,0,0,False,False
Popular Sewa Sadan,Bihar,Katihar,0,25.552048,87.5718609,0,0,False,False
Shamim Nursing Home,Bihar,Katihar,0,25.5395799,87.5684895,0,0,False,False
Sharan Clinic,Bihar,Katihar,0,25.5395799,87.5684895,0,0,False,False
Sheefa Health Clinic,Bihar,Katihar,0,25.552048,87.5718609,0,0,False,False
Sub Div Hospital Manihari,Bihar,Katihar,0,25.3418047,87.620941,0,0,False,False
Y F A Hospital and Research Centre,Bihar,Katihar,0,25.6671685,87.8580447,0,0,False,False
Shaheed Prabhu Narayan Multispeciality Hospital,Bihar,Khagaria,0,25.6932815,87.0264354,0,0,False,False
Swastim Hospital And Stone Clinic,Bihar,Khagaria,0,25.4086683,86.6485137,0,0,False,False
Kanchanlata Nursing Home,Bihar,Kishanganj,0,26.1024918,87.9545046,0,0,False,False
Hussain Memorial Nursing Home,Bihar,Kishanganj,0,26.4631836,86.9232138,0,0,False,False
Chitranjan Sevasadan General,Bihar,Lakhisarai,0,13.0520155,80.2474986,0,0,False,False
Muskan Nursing Home,Bihar,Lakhisarai,0,25.1821699,86.0964663,0,0,False,False
Care Nursing Home,Bihar,Madhepura,0,10.9940111,76.9561277,0,0,False,False
Druvit Hospital,Bihar,Madhepura,0,25.9286903,86.7909759,0,0,False,False
Madhipura Christian Hospital Society,Bihar,Madhepura,0,25.9286903,86.7909759,0,0,False,False
Satish Memorial Hospital And Research Center,Bihar,Madhepura,0,25.9286903,86.7909759,0,0,False,False
Vinit Nursing Home,Bihar,Madhepura,0,25.7771391,87.4752551,0,0,False,False
Dr.D K Gupta,Bihar,Supaul,0,25.9286903,86.7909759,0,0,False,False
Heritage Hospital and S N R L Trauma and Orthopedic R,Bihar,Madhubani,0,26.3609666,86.059333,0,0,False,False
Jeeva Deep Charitable Trust,Bihar,Madhubani,0,26.5883988,86.1370148,0,0,False,False
Astha Hospital,Bihar,Madhubani,0,26.4465698,85.9074526,0,0,False,False
Sardaun Memorial Arogya Clinic,Bihar,Madhubani,0,26.5790111,86.009606,0,0,False,False
Dr. Uma Kant Jha,Bihar,Madhubani,0,26.5883988,86.1370148,0,0,False,False
Dr. Ak Singh Clinic,Bihar,Madhubani,0,26.5012234,86.3976042,0,0,False,False
Dinesh Nursing Home,Bihar,Madhubani,0,26.2053088,86.0101442,0,0,False,False
Haider Hospital and Reasearch Center,Bihar,Madhubani,0,26.218532,86.0784459,0,0,False,False
Jeevan Jyoti Nursing Home,Bihar,Madhubani,0,26.218532,86.0784459,0,0,False,False
Nayan Jyoti Netralaya,Bihar,Madhubani,0,26.3468544,86.0715474,0,0,False,False
Surgical Clinic,Bihar,Madhubani,0,26.3468544,86.0715474,0,0,False,False
Bhagwan Gautam Buddha Hospital,Bihar,Munger,0,25.312717,86.4906091,0,0,False,False
Dr. J. K. Barma Memorial Medicare and Reaserch Centre,Bihar,Munger,0,25.3750079,86.4748634,0,0,False,False
Manju Poly Clinic,Bihar,Khagaria,0,25.5060221,86.4824208,0,0,False,False
Raj Hospital And Research Centre,Bihar,Khagaria,0,25.5060221,86.4824208,0,0,False,False
Urmila Nursing Home,Bihar,Khagaria,0,25.5053956,86.4636642,0,0,False,False
Sri Krishna Memorial College and Hospital,Bihar,Muzaffarpur,0,26.1208876,85.3647201,0,0,True,False
Apollo Maternity,Bihar,Muzaffarpur,0,25.7795649,84.7498886,0,0,False,False
Ayushman Nursing Home,Bihar,Muzaffarpur,0,26.1246831,85.3994167,0,0,False,False
Dr. Brajesh Kumar Ortho and Trauma Care,Bihar,Muzaffarpur,0,26.1290285,85.3766632,0,0,False,False
Krishnadevi Deviprasad Kejriwal Maternity Hospital,Bihar,Muzaffarpur,0,26.1208876,85.3647201,0,0,False,False
Maa Janki Hospital and Research Center Pvt Ltd,Bihar,Muzaffarpur,0,26.1208876,85.3647201,0,0,False,False
Mishra Hospital,Bihar,Muzaffarpur,0,26.1291143,85.3733105,0,0,False,False
Modern Nurshing Home,Bihar,Muzaffarpur,0,26.1246831,85.3994167,0,0,False,False
Muzaffarpur Heart Hospital and Research Centre Pvt. Ltd.,Bihar,Muzaffarpur,0,26.1229787,85.3839684,0,0,False,False
Netralaya,Bihar,Muzaffarpur,0,26.1246831,85.3994167,0,0,False,False
Parijat Nursing Home,Bihar,Muzaffarpur,0,26.1246831,85.3994167,0,0,False,False
Prashant Memorial Charitable Hospital,Bihar,Muzaffarpur,0,26.1291143,85.3733105,0,0,False,False
R.P.M.C.Hospital,Bihar,Muzaffarpur,0,26.128882,85.3725692,0,0,False,False
Sanjeevani Clinic and Nursing Home,Bihar,Muzaffarpur,0,26.1288636,85.3755816,0,0,False,False
Sight Care,Bihar,Muzaffarpur,0,26.12895,85.3746657,0,0,False,False
Standard Diagnostics,Bihar,Muzaffarpur,0,26.1293142,85.3746397,0,0,False,False
Aseem Healthcare and Trauma Centre,Bihar,Muzaffarpur,0,26.1337646,85.3876455,0,0,False,False
Healthy Home,Bihar,Muzaffarpur,0,26.1288636,85.3755816,0,0,False,False
Roy Nursing Home and Maternity Centre,Bihar,Muzaffarpur,0,26.1189406,85.3773802,0,0,False,False
Amal Nursing Home,Bihar,Muzaffarpur,0,26.1208876,85.3647201,0,0,False,False
Care Nursing Home,Bihar,Muzaffarpur,0,25.7655889,84.1506255,0,0,False,False
Shri Krishna Medical College And Hospital,Bihar,Muzaffarpur,0,26.1658856,85.3936958,0,0,False,False
Kabirayatan Eye Hospital and Research Institute,Bihar,Nalanda,0,21.913965,95.956223,0,0,False,False
Sharda Laxmi Surgery Centre,Bihar,Nalanda,0,25.1992111,85.5295189,0,0,False,False
Dr. B.R. Ambedkar Hospital and Research Centre,Bihar,Nalanda,0,25.3068221,85.2773191,0,0,False,False
Sandali Hospital Pvt. Ltd.,Bihar,Nalanda,0,25.3068221,85.2773191,0,0,False,False
Gokul Pariwar and Shishu Swasthya Kendra,Bihar,Nalanda,0,25.1240603,85.4594749,0,0,False,False
Nath Nursing Home,Bihar,Nalanda,0,25.1240603,85.4594749,0,0,False,False
Ashirbad Sewa Sanstha,Bihar,Nalanda,0,25.1982147,85.5148735,0,0,False,False
Bihar Clinic,Bihar,Nalanda,0,25.2086056,85.5161612,0,0,False,False
Dr Ashwani Ent Hospital,Bihar,Nalanda,0,25.1992111,85.5295189,0,0,False,False
Dr. Maj.Sanjay Kumar,Bihar,Nalanda,0,25.203121,85.538811,0,0,False,False
Harihar Hospital,Bihar,Nalanda,0,25.2735985,85.5306855,0,0,False,False
Jaya Nursing Home,Bihar,Nalanda,0,25.2065728,85.520158,0,0,False,False
Jeevan Jyoti Hospital,Bihar,Nalanda,0,25.2046142,85.5174934,0,0,False,False
Khushboo Hospital,Bihar,Nalanda,0,25.1803482,85.5108935,0,0,False,False
Kisan Nursing Home and Hospital Pvt Ltd,Bihar,Nalanda,0,25.0172573,85.4161642,0,0,False,False
Mamta Mother and Child Hospital(P)Ltd.,Bihar,Nalanda,0,25.1240603,85.4594749,0,0,False,False
Nalanda Netralaya and Maternity Home Pvt. Ltd.,Bihar,Nalanda,0,25.1982147,85.5148735,0,0,False,False
Opolo Surgical and Urology Centre,Bihar,Nalanda,0,25.2334134,85.5163184,0,0,False,False
Orthocare,Bihar,Nalanda,0,25.2097597,85.5165733,0,0,False,False
Prasad Nethralaya and Surgical Centre,Bihar,Nalanda,0,25.1240603,85.4594749,0,0,False,False
Prashant Nursing Home,Bihar,Nalanda,0,25.196619,85.5110104,0,0,False,False
Sanjivani Hospital,Bihar,Nalanda,0,25.1240603,85.4594749,0,0,False,False
Satyam Nursing Home,Bihar,Nalanda,0,25.2086403,85.5165191,0,0,False,False
Sharwan Poly Clinic,Bihar,Nalanda,0,25.1803482,85.5108935,0,0,False,False
Sms Nursing Home,Bihar,Nalanda,0,25.2218021,85.2282525,0,0,False,False
Tara Aarogya Sasthan,Bihar,Nalanda,0,25.1982147,85.5148735,0,0,False,False
Vijeta Nursing Home,Bihar,Nalanda,0,25.1240603,85.4594749,0,0,False,False
Janta Nursing Home,Bihar,Nalanda,0,25.1240603,85.4594749,0,0,False,False
Netra Jyoti Seva Mandiram,Bihar,Nalanda,0,25.1240603,85.4594749,0,0,False,False
Sri Mahavir Arogya Sewa Sansthan and Research Institute,Bihar,Nalanda,0,25.0329651,85.4152064,0,0,False,False
Magadh Hospital and Research Centre,Bihar,Nalanda,0,25.018029,85.6431305,0,0,False,False
Aadarsh Nursing Home,Bihar,Nawada,0,24.8895703,85.5449206,0,0,False,False
Aarya Swashthya Seva Sansthan,Bihar,Nawada,0,24.8895703,85.5449206,0,0,False,False
Life Line Nursing Home,Bihar,Nawada,0,24.8895703,85.5449206,0,0,False,False
Magadh Institute Of Para Medical Science,Bihar,Nawada,0,24.7980749,85.544482,0,0,False,False
Surgical Centre,Bihar,Nawada,0,25.5560515,84.6615387,0,0,False,False
Tathagat Hospital,Bihar,Nawada,0,24.9316459,85.4352898,0,0,False,False
Maa Tara Hospital and Research Centre,Bihar,Nawada,0,24.8982557,85.8273726,0,0,False,False
Yadav Health Clinic,Bihar,Nawada,0,24.6550061,85.4076056,0,0,False,False
Patna Medical College and Hospital,Bihar,Patna,0,21.2441227,81.620034,0,0,True,False
Nalanda Medical College and Hospital,Bihar,Patna,0,25.5956821,85.1405668,0,0,True,False
Indira Gandhi Institute of Medical Sciences,Bihar,Patna,0,25.6043971,85.093884,0,0,True,False
Paras HMRI Hospital,Bihar,Patna,0,23.7408738,90.4024452,0,0,True,False
Kurji Holy Family Hospital,Bihar,Patna,0,25.5940947,85.1375645,0,0,True,False
Sahyog Hospital,Bihar,Patna,0,25.627595,85.1080322,0,0,True,False
Dr. Bimal Hospital and Research Center,Bihar,Patna,0,25.6046194,85.0884757,0,0,True,False
Magadh Hospital,Bihar,Patna,0,25.6062727,85.1650548,0,0,True,False
Arvind Hospital,Bihar,Patna,0,25.612207,85.1980334,0,0,True,False
Advanced Neuro Diagnostic Centre,Bihar,Patna,0,25.6159951,85.1524735,0,0,False,False
Akshat Seva Sadan,Bihar,Patna,0,29.5900771,77.3688513,0,0,False,False
Anami Orthopaedics,Bihar,Patna,0,25.5874959,85.1010563,0,0,False,False
Chand Memorial Hospital,Bihar,Patna,0,25.627595,85.1080322,0,0,False,False
Chikitsa Nursing Home,Bihar,Patna,0,25.5912278,85.1401577,0,0,False,False
Child Hospital,Bihar,Patna,0,25.6159353,85.120699,0,0,False,False
Childrens Hospital,Bihar,Patna,0,25.6123454,85.1429652,0,0,False,False
Cns Sanjeevani Centre For Neurosurgery Pvt Ltd,Bihar,Patna,0,25.5940947,85.1375645,0,0,False,False
D N Singh Memorial Trust,Bihar,Patna,0,25.6132531,85.113058,0,0,False,False
Dr. Sarojini Sinha Memorial Shiv-Shakti Hospital,Bihar,Patna,0,25.6159353,85.120699,0,0,False,False
Hai Medicare and Research Institute,Bihar,Patna,0,25.6049962,85.0846588,0,0,False,False
Harsh Clinic,Bihar,Patna,0,25.6159353,85.120699,0,0,False,False
Jeevak Shalya Nilayam,Bihar,Patna,0,25.6156445,85.1203219,0,0,False,False
Jyoti Punj Hospital,Bihar,Patna,0,25.615181,85.115427,0,0,False,False
Keshav Hospital Pvt Ltd,Bihar,Patna,0,25.6218162,85.0436255,0,0,False,False
Laxmi Nursing Home Pvt. Ltd,Bihar,Patna,0,25.6236906,85.1242362,0,0,False,False
Max Care Hospital And Research Institute Pvt. Ltd.,Bihar,Patna,0,25.1416937,85.8628915,0,0,False,False
Orthopadic Center,Bihar,Gaya,0,24.7880046,84.987361,0,0,False,False
P.K.Nursing Home Awam Maternity Centre,Bihar,Patna,0,25.622292,85.0866494,0,0,False,False
Sheila Urology Centre,Bihar,Patna,0,25.863923,85.7685869,0,0,False,False
Sparsh Haritage Hospital,Bihar,Patna,0,25.5872228,85.134409,0,0,False,False
Arvind Diabetic Critical Care Hospital,Bihar,Patna,0,25.6162448,85.1792116,0,0,False,False
Indira Nursing Home,Bihar,Patna,0,25.5793825,85.0947601,0,0,False,False
Pataliputra Nursing Home,Bihar,Patna,0,25.5843532,85.0930164,0,0,False,False
R.M.Hospital and Research Centre,Bihar,Patna,0,25.5940947,85.1375645,0,0,False,False
Ranjana Singh Nursing Home,Bihar,Patna,0,26.5795938,83.9668724,0,0,False,False
Bilas Netralaya,Bihar,Patna,0,25.5940947,85.1375645,0,0,False,False
M.G.M Hospital And Research Centre Pvt Ltd,Bihar,Patna,0,25.6080544,85.153773,0,0,False,False
Priya Clinic,Bihar,Patna,0,25.6104354,85.1489576,0,0,False,False
Buddha Nursing Home,Bihar,Patna,0,25.5940947,85.1375645,0,0,False,False
Hii Tech Emergency Hospital,Bihar,Patna,0,25.6214145,85.041574,0,0,False,False
Pandey Nursing Home,Bihar,Patna,0,25.6012318,85.1524735,0,0,False,False
Patna Medical Collage and Hospital,Bihar,Patna,0,25.5940947,85.1375645,0,0,False,False
Siddiqui Nursing Home and M.R.C. Pvt. Ltd.,Bihar,Patna,0,25.6172089,85.1497369,0,0,False,False
Sri Vinayak Hospital,Bihar,Patna,0,25.0960742,85.3131194,0,0,False,False
Imdad Medicare Research Institute,Bihar,Patna,0,25.6089895,85.1831203,0,0,False,False
Ram Ratan Hospital,Bihar,Patna,0,25.6091377,85.1736887,0,0,False,False
Aditya Hospital,Bihar,Patna,0,25.5983515,85.1976496,0,0,False,False
Akriti Nursing Home,Bihar,Patna,0,25.5977535,85.204372,0,0,False,False
Apex Hospital,Bihar,Patna,0,25.5940947,85.1375645,0,0,False,False
Magadh Nursing Home,Bihar,Patna,0,25.5977535,85.204372,0,0,False,False
Polo Hospital,Bihar,Patna,0,25.6047002,85.2109341,0,0,False,False
Pragya Nursing Home,Bihar,Patna,0,25.4982567,85.1868137,0,0,False,False
Raj Lakshmi Chikitsa Kendra,Bihar,Patna,0,19.2647208,84.8620054,0,0,False,False
Sanjivani Nursing Home,Bihar,Patna,0,25.5940947,85.1375645,0,0,False,False
Tripolia Social Service Hospital,Bihar,Patna,0,25.6096329,85.2035187,0,0,False,False
R.P. Golwara Memorial Hospital,Bihar,Patna,0,25.5940947,85.1375645,0,0,False,False
The Birth Maternity Home,Bihar,Patna,0,23.1620527,79.9365114,0,0,False,False
Kurji Holy Family Hospital,Bihar,Patna,0,25.5940947,85.1375645,0,0,False,False
Advance Ortho Care Centre,Bihar,Patna,0,25.6039728,85.1116902,0,0,False,False
Narain Nursing Home,Bihar,Patna,0,25.627595,85.1080322,0,0,False,False
Renuka Orthopaedic Hospital,Bihar,Patna,0,25.6284609,85.1086413,0,0,False,False
Sahyog Hospital,Bihar,Patna,0,25.627595,85.1080322,0,0,False,False
Shah Maternity Clinic,Bihar,Patna,0,25.626297,85.1070859,0,0,False,False
Shekhar Hospital,Bihar,Sheikhpura,0,25.1416937,85.8628915,0,0,False,False
Agrawal Maternity Centre,Bihar,Patna,0,25.6032727,85.079567,0,0,False,False
Divya Drishti Eye Centre,Bihar,Patna,0,25.1416937,85.8628915,0,0,False,False
Divya Jyoti Nursing Home,Bihar,Patna,0,25.6048365,85.084244,0,0,False,False
Dr. Bimal Hospital And Researhc Centre Pvt Ltd,Bihar,Patna,0,25.6046194,85.0884757,0,0,False,False
Getwell Hospital,Bihar,Patna,0,25.6049962,85.0846588,0,0,False,False
Indira Gandhi Istitute Of Medical Science Sheikhpu,Bihar,Sheikhpura,0,25.6058695,85.0921648,0,0,False,False
Krishna Health Care,Bihar,Sheikhpura,0,25.1416937,85.8628915,0,0,False,False
Punam Surgical and Maternity Clinic,Bihar,Sheikhpura,0,25.6072294,85.0894362,0,0,False,False
Satyam Nursing Home and Research Centre (P) Ltd,Bihar,Patna,0,25.1416937,85.8628915,0,0,False,False
Shyamal Hospital,Bihar,Patna,0,25.6084842,85.0771133,0,0,False,False
Vimal Hospital and Research Centre,Bihar,Patna,0,25.6046194,85.0884757,0,0,False,False
A K Nursing Home,Bihar,Patna,0,25.579441,85.1249009,0,0,False,False
Antar Jyoti Charitable Eye Hospital,Bihar,Patna,0,25.6062727,85.1650548,0,0,False,False
Bharti Nursing Home,Bihar,Patna,0,24.6532356,85.5045711,0,0,False,False
Chakore Nursing Home,Bihar,Patna,0,25.6058103,85.1621713,0,0,False,False
Dr. Nirmala Rai,Bihar,Patna,0,25.6094014,85.1615998,0,0,False,False
Dr. Subhas Chandra Chaudhary Clinic,Bihar,Patna,0,25.5940947,85.1375645,0,0,False,False
Dr. Usha Didwania Nursing Home,Bihar,Patna,0,25.6087859,85.1600238,0,0,False,False
Institute Of Orthopaedic Research and Fracture Surge,Bihar,Patna,0,25.6049171,85.1627788,0,0,False,False
Laxman Care Centre,Bihar,Patna,0,17.3223105,78.4033528,0,0,False,False
Magadh Hospital,Bihar,Patna,0,25.6090586,85.1583778,0,0,False,False
Mma Hospital and Research Centre,Bihar,Patna,0,25.6083424,85.1606059,0,0,False,False
Shahi Hospital (A Unit Of Abhishek Memorial Trust),Bihar,Patna,0,25.6090586,85.1583778,0,0,False,False
Shanti Maternity Centre,Bihar,Patna,0,25.6066931,85.1611449,0,0,False,False
Shiv Shishu Hospital,Bihar,Patna,0,25.5908214,85.1600824,0,0,False,False
Siddharth Multispeciality Hospital,Bihar,Patna,0,25.607433,85.1604524,0,0,False,False
Syamala Clinic and Maternity Research Centre,Bihar,Patna,0,30.3411426,78.0229465,0,0,False,False
Abhinandan Hospital,Bihar,Patna,0,25.5992827,85.1579665,0,0,False,False
Anand Hospital,Bihar,Patna,0,25.5989158,85.1547144,0,0,False,False
Apollo Trauma Centre,Bihar,Patna,0,25.5931768,85.152702,0,0,False,False
Appolo Burns Hospital,Bihar,Patna,0,25.5927658,85.1868137,0,0,False,False
Chanakya Hospital,Bihar,Patna,0,25.5938179,85.1605332,0,0,False,False
Child Care Center,Bihar,Patna,0,25.59422,85.158572,0,0,False,False
Drishti Eye Care And Research Centre,Bihar,Patna,0,25.5938179,85.1605332,0,0,False,False
Dubey Urology Clinic and Stone Centre,Bihar,Patna,0,25.6012318,85.1524735,0,0,False,False
Gayatri Nursing Home and Maternity Centre,Bihar,Patna,0,25.5910876,85.1476761,0,0,False,False
Hope Pharma,Bihar,Patna,0,25.59422,85.158572,0,0,False,False
J.H.Nursing Home,Bihar,Patna,0,25.6012318,85.1524735,0,0,False,False
Jeevak Heart Hospital and Research Institute Pvt Ltd,Bihar,Patna,0,25.5992827,85.1579665,0,0,False,False
K D Hospital,Bihar,Patna,0,25.6258981,85.084672,0,0,False,False
Kalawind Adarsh Hospital,Bihar,Patna,0,25.5938179,85.1605332,0,0,False,False
Khushi Hospital,Bihar,Nalanda,0,25.3068221,85.2773191,0,0,False,False
Krishna City Hospital,Bihar,Patna,0,25.5911655,85.1488687,0,0,False,False
Krishna Nursing Home,Bihar,Patna,0,25.6012318,85.1524735,0,0,False,False
Kumar Clinic,Bihar,Patna,0,25.5961287,85.1544179,0,0,False,False
Laxmi Nursing Home,Bihar,Nawada,0,24.6532356,85.5045711,0,0,False,False
Matrichhaya Ortho and Health Care,Bihar,Patna,0,25.6012318,85.1524735,0,0,False,False
Megha Hospital,Bihar,Muzaffarpur,0,26.1208876,85.3647201,0,0,False,False
Mithila Hospital,Bihar,Darbhanga,0,26.1780379,85.871383,0,0,False,False
Nav Sharda Aspatal Pvt Ltd,Bihar,Patna,0,25.6005446,85.1536377,0,0,False,False
New Kumar Nursing Home,Bihar,Patna,0,25.5870989,85.1492328,0,0,False,False
Patna Bone And Spine Hospital Pvt Ltd,Bihar,Patna,0,25.6000486,85.155485,0,0,False,False
S. R. Hospital,Bihar,Patna,0,25.5826821,85.1556638,0,0,False,False
S.S.Hospital and Research Centre Pvt.Ltd.,Bihar,Patna,0,25.5940947,85.1375645,0,0,False,False
Sankalp Heart Center,Bihar,Patna,0,25.6012318,85.1524735,0,0,False,False
Shanti Navjeevan Hospital Pvt. Ltd.,Bihar,Patna,0,25.5849583,85.1583755,0,0,False,False
Shivam Hospital And Research Institute Pvt Ltd,Bihar,Patna,0,25.59422,85.158572,0,0,False,False
Shubham Maternity Centre,Bihar,Patna,0,25.6012318,85.1524735,0,0,False,False
Sri Ram Hospital and Research Centre,Bihar,Patna,0,25.6028556,85.1584841,0,0,False,False
Srijan Centre For Assisted Human Reproduction,Bihar,Patna,0,25.59422,85.158572,0,0,False,False
Suman Nursing Home,Bihar,Patna,0,25.5967269,85.1725618,0,0,False,False
Swasti Womens Hospital And Research Centre,Bihar,Patna,0,25.5938179,85.1605332,0,0,False,False
Vijai Hospital,Bihar,Patna,0,25.5992827,85.1579665,0,0,False,False
Dr S M Hospital and Research Centre,Bihar,Patna,0,25.6232041,85.0993966,0,0,False,False
Dr.Rupam Sinha Clinic,Bihar,Patna,0,28.4686572,77.0183558,0,0,False,False
Shivam Chikisalya Kendra,Bihar,Patna,0,25.6296527,85.0958184,0,0,False,False
Specialist Clinic and Nursing Home,Bihar,Patna,0,21.8167626,80.189731,0,0,False,False
Sarvamangla Clinic,Bihar,Patna,0,25.5935255,85.1738865,0,0,False,False
Maa Dulari Memorial Hospital,Bihar,Patna,0,25.5940947,85.1375645,0,0,False,False
Aarogya Hospital,Bihar,Patna,0,25.5614086,84.8721468,0,0,False,False
New Kumar Nursing Home,Bihar,Patna,0,25.5025953,84.9635478,0,0,False,False
Ekram Nursing Home,Bihar,Patna,0,25.3271021,84.8007315,0,0,False,False
Lord Buddha Research Hospital,Bihar,Patna,0,25.3271021,84.8007315,0,0,False,False
Ashutosh Memorial Hospital,Bihar,Patna,0,25.6220776,85.0432882,0,0,False,False
Anshuman Nursing Home and Maternity Centre,Bihar,Patna,0,25.5832082,85.0927523,0,0,False,False
Kb Hospital and Research Institute - Patna,Bihar,Patna,0,25.5940947,85.1375645,0,0,False,False
Sanjeevani Nursing Home,Bihar,Nalanda,0,25.5940947,85.1375645,0,0,False,False
Sri Durga Arogya Niketan,Bihar,Patna,0,25.5110487,85.3084516,0,0,False,False
Central Hospital,Bihar,Patna,0,25.5940947,85.1375645,0,0,False,False
Shri Jai Govind Hospital and Research Centre,Bihar,Patna,0,25.5940947,85.1375645,0,0,False,False
Janta Poly Clinic,Bihar,Patna,0,25.458213,85.5332491,0,0,False,False
Pushpa Hospital,Bihar,Patna,0,25.4583171,85.5349615,0,0,False,False
Maa Brahmani Nursing Home,Bihar,Patna,0,25.5940947,85.1375645,0,0,False,False
Shishu Swasthya Kendra,Bihar,Patna,0,25.5940947,85.1375645,0,0,False,False
Nazareth Hospital,Bihar,Patna,0,25.3961861,85.917677,0,0,False,False
U.S.Hospital,Bihar,Patna,0,25.3961861,85.917677,0,0,False,False
Awadh Hospital,Bihar,Patna,0,25.3512814,85.0311411,0,0,False,False
Tridev Health Care and Research Educational Welfare and Charitable Trust,Bihar,Patna,0,25.5498528,85.1189394,0,0,False,False
Divya Clinic,Bihar,Purnia,0,25.781808,87.488871,0,0,False,False
"Sub.Div.Hospital,Banmankhi",Bihar,Purnia,0,25.8872792,87.1946269,0,0,False,False
"Ref.Hospital,Dhamdaha,Purnea",Bihar,Purnia,0,25.7424311,87.1830995,0,0,False,False
Advanced Orthopaedic and Spine Centre,Bihar,Purnia,0,25.7771391,87.4752551,0,0,False,False
Alam Ortho Clinic,Bihar,Purnia,0,25.781808,87.488871,0,0,False,False
Alfa Hospital Of Bone and Spine,Bihar,Purnia,0,25.781808,87.488871,0,0,False,False
Amla Health Centre,Bihar,Purnia,0,25.7771391,87.4752551,0,0,False,False
B. K. Nursing Home,Bihar,Purnia,0,25.7771391,87.4752551,0,0,False,False
Badridev Surgical Clinic,Bihar,Purnia,0,25.781808,87.488871,0,0,False,False
Divyam Nursing Home,Bihar,Purnia,0,25.7771391,87.4752551,0,0,False,False
Fatma Nursing Home,Bihar,Purnia,0,25.781808,87.488871,0,0,False,False
Hope Superspeciality Hospital Pvt Ltd,Bihar,Purnia,0,25.7923034,87.4975335,0,0,False,False
Indra Gandhi Memorial Seva Sansthan,Bihar,Purnia,0,26.8745449,80.9819291,0,0,False,False
Kk Nursing Home,Bihar,Purnia,0,25.781808,87.488871,0,0,False,False
Laxmi Seva Sadan,Bihar,Purnia,0,25.7771391,87.4752551,0,0,False,False
Maa Pancha Devi Stone Hospital,Bihar,Purnia,0,25.7771391,87.4752551,0,0,False,False
Maa Savitri Multi Speciality Hospital,Bihar,Purnia,0,25.7771391,87.4752551,0,0,False,False
Mithila Dental Clinic,Bihar,Purnia,0,25.7771391,87.4752551,0,0,False,False
Neelam Nursing Home,Bihar,Purnia,0,25.7771391,87.4752551,0,0,False,False
Premnath Kejriwal Nursing Home,Bihar,Purnia,0,25.781808,87.488871,0,0,False,False
Premnath Kejriwal Seva Sadan,Bihar,Purnia,0,25.7771391,87.4752551,0,0,False,False
Raza Nursing Home,Bihar,Purnia,0,30.9184526,75.8348296,0,0,False,False
Sahyog Nursing Home,Bihar,Purnia,0,25.781808,87.488871,0,0,False,False
Saloni Nursing Home,Bihar,Purnia,0,25.7771391,87.4752551,0,0,False,False
Saurav Nursing Home,Bihar,Purnia,0,25.7771391,87.4752551,0,0,False,False
Shanti Memorial Hospital,Bihar,Purnia,0,25.8704418,87.634628,0,0,False,False
Tapowan Fracture and Orthopaedic Centre,Bihar,Purnia,0,25.781808,87.488871,0,0,False,False
Rita Memorial Hospital,Bihar,Rohtas,0,25.2257168,84.2621294,0,0,False,False
Anand Hospital And Research Centre,Bihar,Rohtas,0,31.5644469,74.3846627,0,0,False,False
Bindawasini N Home,Bihar,Rohtas,0,24.9489545,84.0134408,0,0,False,False
Hands Clinic,Bihar,Rohtas,0,24.9489545,84.0134408,0,0,False,False
Narayan Medical College And Hospital,Bihar,Rohtas,0,24.9388933,84.0986459,0,0,False,False
Peoples Nursing Home,Bihar,Rohtas,0,25.1268541,83.9241376,0,0,False,False
Rai Surgery Clinic,Bihar,Rohtas,0,24.8973998,91.8856841,0,0,False,False
Ashish Nursing Home,Bihar,Rohtas,0,24.9134241,84.1792848,0,0,False,False
Bose Clinic,Bihar,Rohtas,0,24.9277351,84.1909841,0,0,False,False
Rohtas Nursing Home,Bihar,Rohtas,0,24.9120273,84.1888229,0,0,False,False
Ashirvad Nursing Home,Bihar,Saharsa,0,25.8801297,86.5829699,0,0,False,False
Ayush Nursing Home,Bihar,Saharsa,0,32.9268284,73.7301953,0,0,False,False
Drishti Eye Care Centre,Bihar,Saharsa,0,24.588231,73.7421352,0,0,False,False
Ganga Hospital(Maternity and Ortho Centre),Bihar,Saharsa,0,25.8747277,86.5872377,0,0,False,False
Heart Care Clinic,Bihar,Saharsa,0,25.8801297,86.5829699,0,0,False,False
Koshi Nursing Home,Bihar,Saharsa,0,25.8713189,86.5881169,0,0,False,False
Mahaveer Hospital and Orthocare Centre,Bihar,Saharsa,0,25.8733282,86.5791485,0,0,False,False
P.K. Hospital,Bihar,Saharsa,0,25.8873288,86.5908524,0,0,False,False
Sai Seva Sadan,Bihar,Saharsa,0,25.8801297,86.5829699,0,0,False,False
Surya Hospital,Bihar,Saharsa,0,28.6513402,77.1196321,0,0,False,False
Ugratara Netra Chikitsalaya Hospital,Bihar,Saharsa,0,25.8733282,86.5791485,0,0,False,False
A Y Medical and Research Institute,Bihar,Samastipur,0,25.869738,85.7910095,0,0,False,False
Aditi Eye Care,Bihar,Samastipur,0,23.6405364,90.9211698,0,0,False,False
Bharat Nursing Home,Bihar,Samastipur,0,25.7567406,85.777076,0,0,False,False
Bhawani Nursing Home and Maternity Center,Bihar,Samastipur,0,25.8615223,85.7758792,0,0,False,False
Krishna Laparoscopic Surgical and Maternity Hospital,Bihar,Samastipur,0,25.8514337,85.7705092,0,0,False,False
Lifeline Hospital,Bihar,Samastipur,0,25.7495914,86.0379079,0,0,False,False
Maa Dhumavati Hospital,Bihar,Samastipur,0,27.2829667,80.8318247,0,0,False,False
Maa Tara Nursing Home,Bihar,Samastipur,0,25.8580788,85.7961333,0,0,False,False
Mala Nursing Home Laproscopic and Endoscopic Clinic,Bihar,Samastipur,0,25.8558469,85.7755958,0,0,False,False
Mishra Nursing Home,Bihar,Samastipur,0,25.7495914,86.0379079,0,0,False,False
Navjyoti Hospital,Bihar,Samastipur,0,25.8607624,85.7781428,0,0,False,False
Sewa Poly Clinic and Hospital,Bihar,Samastipur,0,27.2829667,80.8318247,0,0,False,False
Shikha Healthcare Centre,Bihar,Samastipur,0,25.8910406,85.7397723,0,0,False,False
Lakhotia Clinic,Bihar,Samastipur,0,25.7567857,86.0274622,0,0,False,False
Chandraprabha Jeevan Hospital,Bihar,Saran,0,25.745902,84.9999543,0,0,False,False
Patna Nursing Home and Maternity Center,Bihar,Saran,0,25.9651053,84.5353247,0,0,False,False
Arogya Niketan,Bihar,Saran,0,25.7707485,85.0363372,0,0,False,False
Life Care Hospital,Bihar,Saran,0,25.7795649,84.7498886,0,0,False,False
Meera Hospital,Bihar,Saran,0,25.7795649,84.7498886,0,0,False,False
Sanjeevani Hospital Surgical and Maternity Center,Bihar,Saran,0,25.7795649,84.7498886,0,0,False,False
Uphar Sewa Sadan,Bihar,Saran,0,25.7819118,84.7430018,0,0,False,False
Vaidehi Aarogya Sadan,Bihar,Saran,0,25.7834863,84.7363077,0,0,False,False
Singh Hospital Research Center,Bihar,Sheikhpura,0,25.2207678,85.7318435,0,0,False,False
Apollo Clinic,Bihar,Sheikhpura,0,25.2207678,85.7318435,0,0,False,False
Bhavani Clinic,Bihar,Sheikhpura,0,25.2207678,85.7318435,0,0,False,False
Dr K Purushottam Hospital,Bihar,Sheikhpura,0,25.1323467,85.8522995,0,0,False,False
Nishant Surgical Clinic,Bihar,Sheikhpura,0,25.1416937,85.8628915,0,0,False,False
Nishi Nursing Home and Hospital,Bihar,Sheikhpura,0,20.4697957,85.8883197,0,0,False,False
Sinha Poly Clinic,Bihar,Sheikhpura,0,25.2207678,85.7318435,0,0,False,False
Sri Ram Hospital and Research Centre,Bihar,Sheikhpura,0,19.4277089,72.8133864,0,0,False,False
Sushma Nursing Home,Bihar,Sheikhpura,0,25.1416937,85.8628915,0,0,False,False
Nandipat Memorial Laproscopic and General Surgery Centre.,Bihar,Sitamarhi,0,26.5684617,85.528131,0,0,False,False
Shreya Nursing Home,Bihar,Sheohar,0,22.5404893,88.339408,0,0,False,False
Soumya Nursing Home,Bihar,Sheohar,0,26.5145872,85.2942313,0,0,False,False
Dhanwantri Nursing Home and Research Centre,Bihar,Sitamarhi,0,26.5642577,85.5154243,0,0,False,False
Pupri Hospital and Rural Surgical Centre,Bihar,Sitamarhi,0,26.4567342,85.7012621,0,0,False,False
Baijnath Nursing Home Research Centre,Bihar,Sitamarhi,0,26.6036356,85.4909795,0,0,False,False
Dr. Renu Chatterjee,Bihar,Sitamarhi,0,26.5956762,85.4951865,0,0,False,False
Dr.Lata Gupta Nursing Home,Bihar,Sitamarhi,0,26.5907057,85.4883121,0,0,False,False
Nidan Hospital,Bihar,Sitamarhi,0,26.5949547,85.4890908,0,0,False,False
R.S Hospital and Research Centre,Bihar,Sitamarhi,0,26.6771384,85.5455068,0,0,False,False
Rajeev Memorial Health Care Centre,Bihar,Sitamarhi,0,27.4924134,77.673673,0,0,False,False
Ram Sati Devi Memorial Hospital,Bihar,Sitamarhi,0,26.5573032,85.5455,0,0,False,False
Sbs Hospitak,Bihar,Sitamarhi,0,26.7360933,85.2774207,0,0,False,False
Narayan Nursing Home,Bihar,Sitamarhi,0,26.4689553,85.7007007,0,0,False,False
Calcutta Nursing Home,Bihar,Siwan,0,26.2265771,84.3635782,0,0,False,False
Raiyan Nursing Home,Bihar,Siwan,0,28.6494743,70.6619263,0,0,False,False
Sufia Nursing Home,Bihar,Siwan,0,26.2172565,84.3620911,0,0,False,False
Urniss Ent and Head Neck Clinic and Audiology Centre,Bihar,Siwan,0,25.5093062,86.4756687,0,0,False,False
Chandra Jyoti Netralaya,Bihar,Siwan,0,26.2265771,84.3635782,0,0,False,False
Rajmahal Lifecare Nursing Home,Bihar,Siwan,0,27.4004383,83.7053003,0,0,False,False
Dr Mehta Emergncy General Hptl,Bihar,Supaul,0,26.315238,86.8456793,0,0,False,False
Anant Nursing Home,Bihar,Supaul,0,26.1317087,86.6107106,0,0,False,False
Barfi Karak Memorial Health and Welfare Foundation,Bihar,Supaul,0,24.590694,73.696938,0,0,False,False
R. K. Hospital,Bihar,Supaul,0,25.3156354,86.4902843,0,0,False,False
Sun Medicare,Bihar,Supaul,0,26.1209629,86.600694,0,0,False,False
Goyet Clinic,Bihar,Supaul,0,26.1317087,86.6107106,0,0,False,False
Adarsh Hospital and Research Centre,Bihar,Vaishali,0,27.687672,76.4483551,0,0,False,False
Agarwal Nursing Home,Bihar,Vaishali,0,28.237987,83.9955879,0,0,False,False
Arogya Hospital,Bihar,Vaishali,0,27.687672,76.4483551,0,0,False,False
Bk Hospital,Bihar,Vaishali,0,27.687672,76.4483551,0,0,False,False
Chandra Nursing Home,Bihar,Vaishali,0,27.687672,76.4483551,0,0,False,False
Harsh Anand Hospital,Bihar,Vaishali,0,27.687672,76.4483551,0,0,False,False
Jeewan Rekha Nursing Home and Maternity Centre,Bihar,Vaishali,0,27.687672,76.4483551,0,0,False,False
Kailash Hospital,Bihar,Vaishali,0,27.687672,76.4483551,0,0,False,False
Kunal Nursing Home,Bihar,Vaishali,0,25.7269462,85.5188522,0,0,False,False
Shivam Nursing Home,Bihar,Vaishali,0,27.687672,76.4483551,0,0,False,False
Vaishali Nursing Home,Bihar,Vaishali,0,22.915403,91.1415052,0,0,False,False
Veena Nursing Home,Bihar,Vaishali,0,27.687672,76.4483551,0,0,False,False
Chetnarayan Maternity Home,Bihar,Vaishali,0,25.8639603,85.1764491,0,0,False,False
Stone Clinic and Modern Surgery Centre,Bihar,Vaishali,0,25.8639603,85.1764491,0,0,False,False
Maheshwar Nursing Home,Bihar,Vaishali,0,22.1772853,75.5829782,0,0,False,False
Poonam Surgery,Bihar,Vaishali,0,22.9583266,91.123561,0,0,False,False
Sumitra Seva Sadan,Bihar,Vaishali,0,25.3359129,83.5995013,0,0,False,False
Sumiram Hospital,Bihar,Vaishali,0,25.6648322,85.3254764,0,0,False,False
Savitri Seva Sadan,Bihar,Vaishali,0,25.3359129,83.5995013,0,0,False,False
Asha Hospital and Research Centre,Bihar,West Champaran,0,26.8028048,84.5169757,0,0,False,False
Kumar Nurshing Home,Bihar,West Champaran,0,26.8028048,84.5169757,0,0,False,False
Nauroz Hospital,Bihar,West Champaran,0,26.8028048,84.5169757,0,0,False,False
Sai Nurshing Home,Bihar,West Champaran,0,26.8028048,84.5169757,0,0,False,False
Shri Ram Health Care,Bihar,West Champaran,0,26.8028048,84.5169757,0,0,False,False
Central Well Fare Hospital,Bihar,West Champaran,0,26.8028048,84.5169757,0,0,False,False
Dr.Deepak Jayswals Hosital,Bihar,West Champaran,0,26.7968036,84.498316,0,0,False,False
Sahara Nursing Home,Bihar,West Champaran,0,26.8028048,84.5169757,0,0,False,False
Sweksha Nursing Home,Bihar,West Champaran,0,27.2590444,84.0180642,0,0,False,False
Smt. Hazari Medical and Maternity Care,Bihar,West Champaran,0,26.6469624,84.9088938,0,0,False,False
Central Welfare Hospital,Bihar,West Champaran,0,26.8028048,84.5169757,0,0,False,False
Choudhary Memorial Medical Centre,Bihar,West Champaran,0,26.7968036,84.498316,0,0,False,False
Dr. Saroj Jaiswal,Bihar,West Champaran,0,26.8028048,84.5169757,0,0,False,False
Dr.Suresh Prassad,Bihar,West Champaran,0,26.8050128,84.5093334,0,0,False,False
Pariwar Clinic,Bihar,West Champaran,0,26.8028048,84.5169757,0,0,False,False
Samir Memorial,Bihar,West Champaran,0,26.8028048,84.5169757,0,0,False,False
Shivam Nursing Home,Bihar,West Champaran,0,26.7968036,84.498316,0,0,False,False
Tiwary Shyama Hospital,Bihar,West Champaran,0,26.8028048,84.5169757,0,0,False,False
Shivam Memorial Hospital,Bihar,West Champaran,0,26.8651447,84.3476321,0,0,False,False
Aapna Health Care Centre,Bihar,West Champaran,0,26.9950297,84.4041343,0,0,False,False
Ganpati Nursing Home,Bihar,West Champaran,0,26.9948214,84.3988806,0,0,False,False
Navajeen Clinic and Chest Care Centre,Bihar,West Champaran,0,27.106337,84.4750137,0,0,False,False
Shamshia Clinic,Bihar,West Champaran,0,26.8028048,84.5169757,0,0,False,False
Shivam Hospital,Bihar,West Champaran,0,26.6891442,84.5785528,0,0,False,False
Government Medical College and Hospital,Chandigarh,Chandigarh,0,30.6892033,76.7538467,0,0,True,False
Chaitanya Hospital,Chandigarh,Chandigarh,0,30.7433088,76.7971802,0,0,True,False
Silver Oaks Hospitals,Chandigarh,Chandigarh,0,30.6915027,76.7314877,0,0,True,False
Chaitanya Hospital,Chandigarh,Chandigarh,0,18.9651504,72.8334008,0,0,False,False
Grewal Eye Institute / Grewal Hospital,Chandigarh,Chandigarh,0,30.732171,76.796313,0,0,False,False
Rameshwara Hospital / Rameswara Nursing Home Pvt. Ltd.,Chandigarh,Chandigarh,0,30.7619248,76.7848655,0,0,False,False
Pgi Chandigarh,Chandigarh,Chandigarh,0,30.7610543,76.7755801,0,0,False,False
Abhilasha Hospital,Chandigarh,Chandigarh,0,26.266905,73.0022568,0,0,False,False
Dharam Hospital,Chandigarh,Chandigarh,0,19.0809074,73.000498,0,0,False,False
Dhavan's Jeevan Deep Liver Gastro And Endoscopy Centre,Chandigarh,Chandigarh,0,30.749886,76.777604,0,0,False,False
Jiwan Hospital,Chandigarh,Chandigarh,0,30.7399738,76.7567368,0,0,False,False
P N Urology Center,Chandigarh,Chandigarh,0,30.7365004,76.7318447,0,0,False,False
Sangam Hospital,Chandigarh,Chandigarh,0,22.3187701,87.3091747,0,0,False,False
Dogra Nursing Home and Endoscopy Centre,Chandigarh,Chandigarh,0,30.7319267,76.7949614,0,0,False,False
Oxford Heart and Multispeciality Hospital,Chandigarh,Chandigarh,0,28.6448172,77.1020682,0,0,False,False
Abhivan Medicare Kidney and Dialysis Center,Chandigarh,Chandigarh,0,30.748074,76.774663,0,0,False,False
Arthoscopy and Spinal Endoscopy Centre,Chandigarh,Chandigarh,0,30.7163797,76.7747724,0,0,False,False
"Block Hospital, Sect - 22, Chandigarh",Chandigarh,Chandigarh,0,30.7339583,76.7726197,0,0,False,False
Dr. Rajdeeps Dental Clinic,Chandigarh,Chandigarh,0,30.7202409,76.7550084,0,0,False,False
G. M. Nursing Home and Clinic,Chandigarh,Chandigarh,0,30.7195549,76.7639499,0,0,False,False
Grover Eye Laser and E.N.T Hospital / Grover Maternity and Nursing Home,Chandigarh,Chandigarh,0,30.7330793,76.762756,0,0,False,False
Inscol Tertiary Care Hospital,Chandigarh,Chandigarh,0,30.723306,76.7661137,0,0,False,False
Kidney Centre / Kidney Hospitaland Lifeline Medical Institutions,Chandigarh,Chandigarh,0,30.718663,76.765879,0,0,False,False
Mangnum Hospital,Chandigarh,Chandigarh,0,30.7261629,76.7596221,0,0,False,False
Mukat Hospital and Heart Institute / Muket Hospital and Heart Institute,Chandigarh,Chandigarh,0,30.718663,76.765879,0,0,False,False
Nins Brain and Spine Hospital,Chandigarh,Chandigarh,0,30.718663,76.765879,0,0,False,False
Sekhon Nursing Home,Chandigarh,Chandigarh,0,30.7109038,76.7689988,0,0,False,False
Sharma Eye Center,Chandigarh,Chandigarh,0,30.3781788,76.7766974,0,0,False,False
Virdi Eye Hospital / Virk Hospital,Chandigarh,Chandigarh,0,30.718663,76.765879,0,0,False,False
Government Medical College and Hospital,Chandigarh,Chandigarh,0,30.6892033,76.7538467,0,0,False,False
Deep Hospital,Chandigarh,Chandigarh,0,30.726724,76.7718838,0,0,False,False
Dabur Dhanwantry Hospital,Chandigarh,Chandigarh,0,30.7394439,76.7379808,0,0,False,False
Delwyns Hospital,Chandigarh,Chandigarh,0,30.704961,76.7661137,0,0,False,False
Shri Dhanwantry Ayruvedic College,Chandigarh,Chandigarh,0,30.7381971,76.7426458,0,0,False,False
Arya Hospital Pvt Ltd,Chandigarh,Chandigarh,0,30.7194817,76.8317325,0,0,False,False
Bansal Nursing Home,Chhattisgarh,Bastar,0,19.0861665,82.0269203,0,0,False,False
Bethel Hospital,Chhattisgarh,Bastar,0,26.7893225,83.3828202,0,0,False,False
M P M Hospital,Chhattisgarh,Bastar,0,19.0740973,82.008014,0,0,False,False
Government Medical College,Chhattisgarh,Bastar,0,19.0740973,82.008014,0,0,True,False
CHC Bhairamgarh,Chhattisgarh,Bijapur,0,19.0100236,81.0616662,0,0,False,False
Dist Hospital Bijapur,Chhattisgarh,Bijapur,0,18.7977099,80.8128636,0,0,False,False
PHC Bhopalpatnam,Chhattisgarh,Bijapur,0,18.8612236,80.3825668,0,0,False,False
CHC Usoor,Chhattisgarh,Bijapur,0,16.8301708,75.710031,0,0,False,False
Chhattisgarh Institute of Medical Sciences,Chhattisgarh,Bilaspur,0,22.0796251,82.1391412,0,0,True,False
Ashok Prasuti Mandir,Chhattisgarh,Bilaspur,0,22.0796251,82.1391412,0,0,False,False
Charan Nursing Home,Chhattisgarh,Bilaspur,0,22.1376916,81.8698162,0,0,False,False
Childrens Hospital,Chhattisgarh,Bilaspur,0,22.8023487,89.5346778,0,0,False,False
Christian Hospital,Chhattisgarh,Mungeli,0,22.0685419,81.6856808,0,0,False,False
Dr. Deshkar Nursing Home,Chhattisgarh,Bilaspur,0,19.986082,73.786874,0,0,False,False
Ghosh Surgical Nursing Home,Chhattisgarh,Bilaspur,0,22.0730949,82.1672841,0,0,False,False
Jachman Memorail Mission Hospital,Chhattisgarh,Bilaspur,0,22.0847489,82.1498599,0,0,False,False
Jan Swasthaya Sahyog,Chhattisgarh,Bilaspur,0,22.0796251,82.1391412,0,0,False,False
Kaushalya Devi Surgical Memorial Maternity Nursing,Chhattisgarh,Bilaspur,0,26.4711972,74.6393963,0,0,False,False
Kims Super Speciality Hospital,Chhattisgarh,Bilaspur,0,22.0796251,82.1391412,0,0,False,False
La Chandani Hospital,Chhattisgarh,Bilaspur,0,22.0791464,82.1700035,0,0,False,False
Life Care Hospital And Emergency Care Unit,Chhattisgarh,Bilaspur,0,22.084807,82.1645645,0,0,False,False
Luthra Hospital And Research Centre,Chhattisgarh,Bilaspur,0,19.1341265,72.9141077,0,0,False,False
Mehghani Nursing Home and Surgical Centre,Chhattisgarh,Bilaspur,0,22.0849925,82.1530051,0,0,False,False
Mehta Children Nursing Home,Chhattisgarh,Bilaspur,0,22.0796251,82.1391412,0,0,False,False
Mittal Hospital,Chhattisgarh,Bilaspur,0,22.0796251,82.1391412,0,0,False,False
P.T.M.D. Mishra Memorial Nursing Home and Research,Chhattisgarh,Bilaspur,0,22.0796251,82.1391412,0,0,False,False
Pendalwar Nursing Home,Chhattisgarh,Bilaspur,0,22.066539,82.1849588,0,0,False,False
R. B. S. Hospital,Chhattisgarh,Bilaspur,0,22.0853471,82.150468,0,0,False,False
Samadhan Nursing Home,Chhattisgarh,Bilaspur,0,21.9401488,75.1355659,0,0,False,False
Shri Childrens Hospital,Chhattisgarh,Bilaspur,0,22.0857756,82.1518844,0,0,False,False
Shri Sai Krupa Hospital,Chhattisgarh,Bilaspur,0,22.0804075,82.1538551,0,0,False,False
Sukham Arogyalya,Chhattisgarh,Mungeli,0,22.086813,82.1432197,0,0,False,False
Tlm Laprocy Mission Hospital,Chhattisgarh,Bilaspur,0,21.8509133,81.9193779,0,0,False,False
Twincity Icu and Medical Centre - Bhilai,Chhattisgarh,Bilaspur,0,21.2108165,81.3516936,0,0,False,False
Verma Nursing Home,Chhattisgarh,Bilaspur,0,22.0796251,82.1391412,0,0,False,False
Vyas Hospital,Chhattisgarh,Bilaspur,0,23.2320991,90.663075,0,0,False,False
Star Hospital Pvt.Ltd.,Chhattisgarh,Bilaspur,0,22.7604559,81.8838931,0,0,False,False
F R U Sanetorium,Chhattisgarh,Bilaspur,0,22.0796251,82.1391412,0,0,False,False
Sukhnandan Hospital,Chhattisgarh,Mungeli,0,22.0685419,81.6856808,0,0,False,False
Late Banshidhan Mukim Smriti Shalya Chikitsa Kendra,Chhattisgarh,Bilaspur,0,22.0796251,82.1391412,0,0,False,False
Ashirwad Laser and Phaco Eye Hospital,Chhattisgarh,Bilaspur,0,26.8180732,80.9496051,0,0,False,False
N.M.D.C. Appolo Central Hospital,Chhattisgarh,Dantewada,0,18.7009579,81.2491298,0,0,False,False
PHC(Bacheli),Chhattisgarh,Dantewada,0,18.7009579,81.2491298,0,0,False,False
PHC Kirandul ( Dantewada,Chhattisgarh,Dantewada,0,18.6336444,81.2573899,0,0,False,False
CHC Kurud,Chhattisgarh,Dhamtari,0,20.8321524,81.717157,0,0,False,False
CHC Magarload,Chhattisgarh,Dhamtari,0,20.7467534,81.848391,0,0,False,False
District Hospital,Chhattisgarh,Dhamtari,0,21.0376659,81.5466669,0,0,False,False
CHC Nagari,Chhattisgarh,Dhamtari,0,20.7014999,81.5541579,0,0,False,False
Bhilai Hospital,Chhattisgarh,Durg,0,12.9729113,77.5426016,0,0,False,False
Chandulal Chandrakar Memorial Hospital,Chhattisgarh,Durg,0,18.6281168,73.8071754,0,0,False,False
J L N Hospital and Research Centre,Chhattisgarh,Durg,0,21.1904494,81.2849169,0,0,False,False
J.L.N. Hospital And Research Centre,Chhattisgarh,Durg,0,21.1904494,81.2849169,0,0,False,False
Parvati Hospital,Chhattisgarh,Durg,0,21.1904494,81.2849169,0,0,False,False
Jawaharlal Nehru Hospital and Research Centre,Chhattisgarh,Durg,0,21.1834261,81.3206873,0,0,False,False
Netralaya,Chhattisgarh,Durg,0,21.1904494,81.2849169,0,0,False,False
Suraj Hospital,Chhattisgarh,Durg,0,21.207356,81.326189,0,0,False,False
B S R Cancer Hospital (P) Ltd,Chhattisgarh,Durg,0,21.217963,81.3331476,0,0,False,False
Sharma Nethralaya,Chhattisgarh,Durg,0,21.2047563,81.3475042,0,0,False,False
Krishna Nursing Home,Chhattisgarh,Durg,0,21.1904494,81.2849169,0,0,False,False
Maurya Nursing Home,Chhattisgarh,Durg,0,28.0113333,73.3159985,0,0,False,False
Pragya Hospital,Chhattisgarh,Durg,0,11.0179326,76.960237,0,0,False,False
Sparsh Children Hospital,Chhattisgarh,Durg,0,21.2036996,81.3413165,0,0,False,False
Twin City Hospital,Chhattisgarh,Durg,0,21.2108165,81.3516936,0,0,False,False
"Jan Kalyan Hospital, Bhilai",Chhattisgarh,Durg,0,19.2127076,73.1904697,0,0,False,False
Sri Bajaji Hospital,Chhattisgarh,Durg,0,21.1904494,81.2849169,0,0,False,False
Agrwal Nursing Home,Chhattisgarh,Durg,0,21.1974827,81.2780361,0,0,False,False
Amrit Kalash Hospital,Chhattisgarh,Durg,0,21.2110753,81.2979888,0,0,False,False
Bhilai Gayatri Hospital,Chhattisgarh,Durg,0,21.2108165,81.3516936,0,0,False,False
Dr Diddiqui Eye Hospital,Chhattisgarh,Durg,0,21.1939683,81.2870973,0,0,False,False
Gupta Nursing Home,Chhattisgarh,Durg,0,27.1537848,78.3968427,0,0,False,False
Jamul Nursing Home,Chhattisgarh,Durg,0,21.2299805,81.3824219,0,0,False,False
Kothari Nursing Home,Chhattisgarh,Durg,0,21.1904494,81.2849169,0,0,False,False
Maa Ashta Bhuja Dharmarth Chikitsalaya,Chhattisgarh,Durg,0,21.3565862,81.4114142,0,0,False,False
Naik Nursing Home,Chhattisgarh,Durg,0,21.1928238,81.282749,0,0,False,False
Pushpa Hospital,Chhattisgarh,Durg,0,20.8481946,81.2605577,0,0,False,False
Rajiv Lochan Hospital,Chhattisgarh,Durg,0,21.1369533,81.2644438,0,0,False,False
Rajvanshi Memorial Hospital,Chhattisgarh,Durg,0,15.3296293,74.7632544,0,0,False,False
Sanjivani Hospital,Chhattisgarh,Durg,0,20.8481946,81.2605577,0,0,False,False
Shaheed Hospital,Chhattisgarh,Durg,0,20.9133765,81.3029915,0,0,False,False
Shree Balaji Hospital,Chhattisgarh,Durg,0,21.2110753,81.2979888,0,0,False,False
Shri Ambe Hospital,Chhattisgarh,Durg,0,21.1904494,81.2849169,0,0,False,False
Shri Vinayak Hospital,Chhattisgarh,Durg,0,21.1634841,81.3348728,0,0,False,False
Vardhman Hospital,Chhattisgarh,Durg,0,21.1928238,81.282749,0,0,False,False
Sagar Hospital,Chhattisgarh,Durg,0,21.1821353,81.2670255,0,0,False,False
Kamla Clinic and Hospital,Chhattisgarh,Durg,0,21.1904494,81.2849169,0,0,False,False
Primary Health Centre,Chhattisgarh,Durg,0,21.1904494,81.2849169,0,0,False,False
Bhilai Nursing Home,Chhattisgarh,Durg,0,21.1938475,81.3509416,0,0,True,False
Revival Medical Centre,Chhattisgarh,Durg,0,21.1938475,81.3509416,0,0,True,False
Chandulal Chandrakar Hospital,Chhattisgarh,Durg,0,21.20414,81.3232779,0,0,True,False
Civil Dispensary-Baradwar,Chhattisgarh,Janjgir-Champa,0,21.8696037,82.8230309,0,0,False,False
PHC Bagbahar ( Pathalgaon),Chhattisgarh,Jashpur,0,22.5563659,83.4610207,0,0,False,False
Holy Cross Hospital,Chhattisgarh,Jashpur,0,22.7424156,83.9550766,0,0,False,False
"District Hospital Jaspur Nagar ,Jaspur",Chhattisgarh,Jashpur,0,29.2760559,78.8281049,0,0,False,False
Gautam Hospital,Chhattisgarh,Kanker,0,20.2931631,81.0745095,0,0,False,False
Goraj Children Hospital,Chhattisgarh,Kabirdham,0,22.0088391,81.2360497,0,0,False,False
PHC Baijalpur,Chhattisgarh,Kabirdham,0,22.2928327,81.2821647,0,0,False,False
Sa- Sanjivini Childrens Hospital,Chhattisgarh,Kabirdham,0,28.68333,77.2195882,0,0,False,False
Rewati Nursing Home,Chhattisgarh,Korba,0,22.5030752,82.5511336,0,0,False,False
D K Hospital,Chhattisgarh,Korba,0,22.3617476,82.7063862,0,0,False,False
Dandekar Nursing Home,Chhattisgarh,Korba,0,22.3694909,82.7468511,0,0,False,False
Korba Hospital,Chhattisgarh,Korba,0,22.3694909,82.7468511,0,0,False,False
Krishna Hospital,Chhattisgarh,Korba,0,22.3694909,82.7468511,0,0,False,False
Ntpc Hospital,Chhattisgarh,Korba,0,22.4142988,82.6564461,0,0,False,False
Sai Krupa Hospital,Chhattisgarh,Korba,0,16.9932354,81.7763671,0,0,False,False
Shweta Nursing Home,Chhattisgarh,Korba,0,22.4076406,82.7593202,0,0,False,False
Akshay Hospital,Chhattisgarh,Korba,0,23.2311156,77.4335921,0,0,False,False
Indra Gandhi District Hospital,Chhattisgarh,Korba,0,22.3647176,82.7436485,0,0,False,False
"Devika Nursing Home, Sindhi Colony, Station Road, Durg",Chhattisgarh,Korba,0,19.9834934,73.8474084,0,0,False,False
Shristi Institute Of Medical Science And Research Center,Chhattisgarh,Korba,0,19.9834934,73.8474084,0,0,False,False
"Govt PHC, Patsendri",Chhattisgarh,Mahasamund,0,21.3656409,83.0817699,0,0,False,False
Ramkrishna Mission Hospital,Chhattisgarh,Narayanpur,0,19.723535,81.2424108,0,0,False,False
City Hospital,Chhattisgarh,Raigarh,0,21.8974003,83.3949632,0,0,False,False
Dr. R L Hospital,Chhattisgarh,Raigarh,0,21.8974003,83.3949632,0,0,False,False
Fortis O P Jindal Hospital And Research Center,Chhattisgarh,Raigarh,0,21.8974003,83.3949632,0,0,False,False
Jmj Morning Star Hospital,Chhattisgarh,Raigarh,0,21.8974003,83.3949632,0,0,False,False
Sanjivani Nursing Home,Chhattisgarh,Raigarh,0,21.8974003,83.3949632,0,0,False,False
Smt. Ashrafi Devi Womens Hospital,Chhattisgarh,Raigarh,0,21.8974003,83.3949632,0,0,False,False
Sainik G.R. Memorial Hospital,Chhattisgarh,Raigarh,0,16.8316457,74.6438401,0,0,False,False
PHC-Nawrangpur,Chhattisgarh,Raigarh,0,21.8974003,83.3949632,0,0,False,False
PHC-Saria,Chhattisgarh,Raigarh,0,21.5628679,83.2639812,0,0,False,False
PHC-Barra,Chhattisgarh,Raigarh,0,21.9893055,83.0976389,0,0,False,False
Anjali Children Hospital,Chhattisgarh,Raipur,0,21.2463973,81.6244636,0,0,False,False
Bagdi Nursing Home,Chhattisgarh,Raipur,0,21.233314,81.6350172,0,0,False,False
Banthia Hospital,Chhattisgarh,Raipur,0,21.2513844,81.6296413,0,0,False,False
Chhattisgarh Eye Hospital,Chhattisgarh,Raipur,0,21.2338303,81.6603533,0,0,False,False
Devi Laxmi Hospital,Chhattisgarh,Raipur,0,21.2226099,81.6520171,0,0,False,False
Dr Pants Paediatric Speciality Clinic,Chhattisgarh,Raipur,0,21.2513844,81.6296413,0,0,False,False
Dr. M.R. Bhagwat Memorial Hospital,Chhattisgarh,Raipur,0,24.8956533,79.5867703,0,0,False,False
Dr. Rajehwari Kulkarni Surgical Hospital And Dia,Chhattisgarh,Raipur,0,21.2570648,81.6442625,0,0,False,False
Dr. Tiwaris Maternity And Nursing Home,Chhattisgarh,Raipur,0,21.2372225,81.6541913,0,0,False,False
Ekta Institute Of Child Health,Chhattisgarh,Raipur,0,21.2513844,81.6296413,0,0,False,False
Faith And Hope Nursing Home and I.C.C.U,Chhattisgarh,Raipur,0,8.5292238,76.937917,0,0,False,False
Farishta Nursing Home,Chhattisgarh,Raipur,0,21.2348617,81.6550471,0,0,False,False
Ganpati Hospital (Banthia Hospital),Chhattisgarh,Raipur,0,21.2513844,81.6296413,0,0,False,False
Gawari Ivf Center and Nursing Home,Chhattisgarh,Raipur,0,21.2615884,81.637206,0,0,False,False
Gayatri Hospital,Chhattisgarh,Raipur,0,30.9946945,78.9398402,0,0,False,False
Gbg Kidney Care Hospital,Chhattisgarh,Raipur,0,21.2183358,81.661038,0,0,False,False
Gupta Dental Clinic,Chhattisgarh,Raipur,0,21.2513844,81.6296413,0,0,False,False
Gurukripa Prasuti and Nursing Home,Chhattisgarh,Raipur,0,22.7570732,75.8672113,0,0,False,False
Gurunanak Hospital,Chhattisgarh,Raipur,0,21.2570648,81.6442625,0,0,False,False
Heart Care Centre,Chhattisgarh,Raipur,0,21.2372225,81.6541913,0,0,False,False
Infectious Disease Hospital,Chhattisgarh,Raipur,0,21.2513844,81.6296413,0,0,False,False
Jagjivan Urology Centre,Chhattisgarh,Raipur,0,21.2464216,81.6216026,0,0,False,False
Jain Hospital,Chhattisgarh,Raipur,0,21.2570648,81.6442625,0,0,False,False
Janaswamy Foundation (Janaswamy Eye Clinic),Chhattisgarh,Raipur,0,21.233314,81.6350172,0,0,False,False
Jeewan Memorial Hospital For Plastic Surgery and Uro,Chhattisgarh,Raipur,0,21.2494064,81.6538489,0,0,False,False
Jubesta Hospital,Chhattisgarh,Raipur,0,21.2589304,81.6446049,0,0,False,False
Kalda Nursing Home,Chhattisgarh,Raipur,0,21.2348617,81.6550471,0,0,False,False
Kalda Plastic and Cosmetic Surgery Institute and Burn Centre,Chhattisgarh,Raipur,0,24.8956533,79.5867703,0,0,False,False
Kanwar Nursing Home,Chhattisgarh,Raipur,0,21.2569573,81.6645469,0,0,False,False
Lifeworth Super Speciality Hospital / Pjlnm Medical College,Chhattisgarh,Raipur,0,19.6168292,74.6570733,0,0,False,False
M D Hospital and Iccu,Chhattisgarh,Raipur,0,21.2471488,81.6158382,0,0,False,False
Maa Sharda Nursing Home,Chhattisgarh,Raipur,0,21.2377647,81.6651457,0,0,False,False
Mata Laxmi Nursing Home and Investigation Center Pvt Ltd,Chhattisgarh,Raipur,0,21.2483099,81.6613694,0,0,False,False
Memon Nursing Home,Chhattisgarh,Raipur,0,21.2285962,81.6457362,0,0,False,False
Mgm Eye Hospital,Chhattisgarh,Raipur,0,21.2743487,81.6892668,0,0,False,False
Modi Hospital,Chhattisgarh,Raipur,0,21.2464216,81.6216026,0,0,False,False
Nigam Ent Hospital,Chhattisgarh,Raipur,0,21.2513844,81.6296413,0,0,False,False
Om Netra Kendra,Chhattisgarh,Raipur,0,21.2546976,81.6487135,0,0,False,False
P D Jethani Memorial Hospital and Diagnostic Center,Chhattisgarh,Raipur,0,21.2513844,81.6296413,0,0,False,False
Pandey Nursing Home,Chhattisgarh,Raipur,0,21.246397,81.6223532,0,0,False,False
Parag Nursing Home,Chhattisgarh,Raipur,0,21.2662568,81.6432353,0,0,False,False
Pragya Hospital,Chhattisgarh,Raipur,0,21.2513844,81.6296413,0,0,False,False
Raipur Hospital,Chhattisgarh,Raipur,0,21.2513844,81.6296413,0,0,False,False
Rawlani Nursing Home,Chhattisgarh,Raipur,0,21.2348617,81.6550471,0,0,False,False
Roopjeevan Hospital,Chhattisgarh,Raipur,0,21.257078,81.647038,0,0,False,False
Sachdev Nursing Home and Diagnostic Entre,Chhattisgarh,Raipur,0,21.2464216,81.6216026,0,0,False,False
Saggar Nursing Home,Chhattisgarh,Raipur,0,21.2372225,81.6541913,0,0,False,False
Sahai Hospital,Chhattisgarh,Raipur,0,21.2513844,81.6296413,0,0,False,False
Sahu Hospital,Chhattisgarh,Raipur,0,21.2361727,81.6025017,0,0,False,False
Sai Baba Nursing Home,Chhattisgarh,Raipur,0,31.3175719,75.5929159,0,0,False,False
Sanjeevani Cbcc Usa Cancer Hospital,Chhattisgarh,Raipur,0,21.2134248,81.6514524,0,0,False,False
Sanjeewan Hospital,Chhattisgarh,Raipur,0,13.0359873,77.5780613,0,0,False,False
Shivam Netraly and Laser Center,Chhattisgarh,Raipur,0,21.2513844,81.6296413,0,0,False,False
Shri Manulal Memorial Medical Centre,Chhattisgarh,Raipur,0,21.2323609,81.6158382,0,0,False,False
Srijan Nursing Home,Chhattisgarh,Raipur,0,21.2513844,81.6296413,0,0,False,False
Suprita Hospital,Chhattisgarh,Raipur,0,21.2517979,81.6407956,0,0,False,False
"Swami Narayan Hospital, Raipur",Chhattisgarh,Raipur,0,21.2513844,81.6296413,0,0,False,False
Swapnil Nursing Home and Research Centre,Chhattisgarh,Raipur,0,21.2348617,81.6550471,0,0,False,False
Taori Nursing Home,Chhattisgarh,Raipur,0,21.2471881,81.6538489,0,0,False,False
Tharani Children Hospital And Dental Clinic,Chhattisgarh,Raipur,0,31.3175719,75.5929159,0,0,False,False
Tiwari Nursing Home,Chhattisgarh,Raipur,0,21.2372225,81.6541913,0,0,False,False
Tripathi Hospital,Chhattisgarh,Raipur,0,21.2494064,81.6538489,0,0,False,False
United 7 Hospital,Chhattisgarh,Raipur,0,21.2437501,81.67145,0,0,False,False
Yashwant Hospital,Chhattisgarh,Raipur,0,21.2513844,81.6296413,0,0,False,False
Dhanvantri Hospital,Chhattisgarh,Raipur,0,21.2513844,81.6296413,0,0,False,False
Jubesta Hospital,Chhattisgarh,Raipur,0,21.2589304,81.6446049,0,0,False,False
Karma Hospital,Chhattisgarh,Raipur,0,21.2377647,81.6651457,0,0,False,False
Vardaan Hospital (Unit Of Jindal Medicare),Chhattisgarh,Raipur,0,21.2462774,81.6650451,0,0,False,False
Vidya Hospital And Kidney Centre,Chhattisgarh,Raipur,0,13.277364,76.4693307,0,0,False,False
Modern Medical Institute,Chhattisgarh,Raipur,0,21.1991549,81.687894,0,0,False,False
Narayana Hrudayalaya Mmi Hospital (Managed By Narayana Hrudayalaya Pvt Ltd - Bangalore) - Raipur,Chhattisgarh,Raipur,0,21.2134248,81.6514524,0,0,False,False
Evangelical Mission Hospital,Chhattisgarh,Raipur,0,21.5618795,81.8092219,0,0,False,False
Bhriegu Nursing Home,Chhattisgarh,Raipur,0,21.2513844,81.6296413,0,0,False,False
Child Care Hospital,Chhattisgarh,Raipur,0,21.2513844,81.6296413,0,0,False,False
Primary Health Center,Chhattisgarh,Raipur,0,21.3559755,82.1223977,0,0,False,False
Anjali Health Center,Chhattisgarh,Raipur,0,21.2513844,81.6296413,0,0,False,False
Dr. B.R. Ambedkar Memorial Hospital,Chhattisgarh,Raipur,0,21.2513844,81.6296413,0,0,False,False
Shri Hari Hospital,Chhattisgarh,Raipur,0,21.0541622,81.7513551,0,0,False,False
Chhatisgarh Hospital,Chhattisgarh,Raipur,0,20.967525,81.8589111,0,0,False,False
Primary Health Centre,Chhattisgarh,Raipur,0,21.2513844,81.6296413,0,0,False,False
"AIIMS, Raipur",Chhattisgarh,Raipur,0,21.2513844,81.6296413,0,0,True,False
Pt.J N M Medical College,Chhattisgarh,Raipur,0,21.2517979,81.6407956,0,0,True,False
Christian Fellowship Hospital,Chhattisgarh,Rajnandgaon,0,21.0971034,81.0302222,0,0,False,False
Ct Hospital,Chhattisgarh,Rajnandgaon,0,21.0971034,81.0302222,0,0,False,False
Parakh Nursing Home,Chhattisgarh,Rajnandgaon,0,21.0971034,81.0302222,0,0,False,False
United Hospital,Chhattisgarh,Rajnandgaon,0,21.0971034,81.0302222,0,0,False,False
PHC-Saloni,Chhattisgarh,Rajnandgaon,0,21.0971034,81.0302222,0,0,False,False
Maa Babmleshwari Dharmarth Chikitsalaya,Chhattisgarh,Rajnandgaon,0,21.0971034,81.0302222,0,0,False,False
Primary Health Centre,Chhattisgarh,Rajnandgaon,0,21.0971034,81.0302222,0,0,False,False
Primary Health Centre,Chhattisgarh,Rajnandgaon,0,21.0971034,81.0302222,0,0,False,False
Primary Health Centre,Chhattisgarh,Rajnandgaon,0,21.0971034,81.0302222,0,0,False,False
PHC Rengakhar,Chhattisgarh,Rajnandgaon,0,21.0971034,81.0302222,0,0,False,False
Arihant Hospital,Chhattisgarh,Surguja,0,20.4764225,85.868669,0,0,False,False
Kundla Memorial Hopital,Chhattisgarh,Surguja,0,29.4317756,77.1197521,0,0,False,False
Shriram Hospital,Chhattisgarh,Surguja,0,23.1354921,83.1817856,0,0,False,False
Community Health Center,Chhattisgarh,Surguja,0,23.1828457,82.9610776,0,0,False,False
Smt. Ramaben Maternity and General Hospital,Dadra and Nagar Haveli,Dadra and Nagar Haveli,0,20.1808672,73.0169135,0,0,False,False
Yogi Hospital,Dadra and Nagar Haveli,Dadra and Nagar Haveli,0,20.2909881,73.0228173,0,0,False,False
Ashok Hospital,Daman and Diu,Daman,0,20.4222709,72.8301306,0,0,False,False
Life Care Multispeciality Hospital,Daman and Diu,Daman,0,20.418249,72.8456149,0,0,False,False
"Government Hospital, Daman",Daman and Diu,Daman,0,20.4080193,72.8343123,0,0,True,False
Hansa clinic and hospital,Daman and Diu,Daman,0,20.4110465,72.8917256,0,0,True,False
Smt. Ramaben Maternity and General Hospital,Goa,North Goa,0,20.2762659,73.0083061,0,0,True,False
Trinity Health Care and Medical Research,Goa,North Goa,0,15.4847647,73.8127224,0,0,False,False
"Manipal Goa Hospital, Donapaula,",Goa,North Goa,0,15.4591813,73.8130443,0,0,False,False
Kamakshi Arogya Dham Ayurveda Hospital,Goa,North Goa,0,15.3346783,74.0145886,0,0,False,False
Anandi Nursing Home and Maternity Hospital,Goa,North Goa,0,15.2993265,74.123996,0,0,False,False
Goa Medical College,Goa,North Goa,0,15.4647522,73.8624893,0,0,False,False
Kamat Nursing Home and Clinic,Goa,North Goa,0,23.3748734,85.3182791,0,0,False,False
Savaikar Nursing Home,Goa,North Goa,0,15.2993265,74.123996,0,0,False,False
Usgaonkers Children Hospital and I N I Cu,Goa,North Goa,0,15.2993265,74.123996,0,0,False,False
Vivus Smrc Heart Centre,Goa,North Goa,0,15.3924092,73.8347361,0,0,False,False
Dr. Dhumaskar General Hospital,Goa,North Goa,0,15.61806,73.8438273,0,0,False,False
Dr Caeiros Bichollm Polyclinic,Goa,North Goa,0,15.5889192,73.9653715,0,0,False,False
Ankur Nursing Home,Goa,North Goa,0,23.0331961,72.551313,0,0,False,False
Bhagyoday Hospital,Goa,North Goa,0,15.2993265,74.123996,0,0,False,False
Dr. Olavo Ribeiro Hospital,Goa,North Goa,0,15.2993265,74.123996,0,0,False,False
Sankalp Nursing Home,Goa,North Goa,0,15.6043168,73.8201381,0,0,False,False
Vrundavan Hospital and Research Centre,Goa,North Goa,0,15.2993265,74.123996,0,0,False,False
Bosio Hospital,Goa,North Goa,0,15.5145247,73.7683784,0,0,False,False
Dharwadkar Nursing Home,Goa,North Goa,0,15.5311237,73.762495,0,0,False,False
J . M. J Hospital,Goa,North Goa,0,15.4981805,73.8223796,0,0,False,False
Goa Medical College,Goa,South Goa,0,15.4647522,73.8624893,0,0,True,False
Adarsh Family Hospital,Goa,South Goa,0,15.2739285,73.9626164,0,0,False,False
Apollo Victor Hospital,Goa,South Goa,0,15.2699965,73.9646368,0,0,False,False
Borkar Nursing Home,Goa,South Goa,0,15.2993265,74.123996,0,0,False,False
Dr. Gracias Nursing Home,Goa,South Goa,0,17.3658963,78.422749,0,0,False,False
Dr. Lawande`S Hospital,Goa,South Goa,0,15.2737179,73.9779524,0,0,False,False
Hospicio Hospital,Goa,South Goa,0,15.2993265,74.123996,0,0,False,False
Kamat Nursing Home,Goa,South Goa,0,15.2993265,74.123996,0,0,False,False
Yashodhan Hospital,Goa,South Goa,0,15.2704256,73.9705141,0,0,False,False
Apollo Nusi Hospital and Research Center,Goa,South Goa,0,15.2021754,73.9976946,0,0,False,False
Nusi Wockhardt Hospital Goa,Goa,South Goa,0,15.2993265,74.123996,0,0,False,False
Wockhardt Hospitals,Goa,South Goa,0,15.1741647,73.9828327,0,0,False,False
Shushrvshalaya Kudchadker Surgical And Maternity Hospital - Curchorem,Goa,South Goa,0,15.2993265,74.123996,0,0,False,False
Salgaocar Medical Research Centre,Goa,South Goa,0,15.2993265,74.123996,0,0,False,False
Chikitsa Hospital - Verna,Goa,South Goa,0,15.3686058,73.9447994,0,0,False,False
Damodar Hospital and Research Center,Goa,South Goa,0,15.2993265,74.123996,0,0,False,False
Parulekar Nursing Home Medical-Surgical Maternity,Goa,South Goa,0,15.2993265,74.123996,0,0,False,False
Sanjeevani Hospital,Goa,South Goa,0,15.2993265,74.123996,0,0,False,False
Sri Damodar Hospital,Goa,South Goa,0,15.2993265,74.123996,0,0,False,False
Talauliker Nursing Home,Goa,South Goa,0,15.2993265,74.123996,0,0,False,False
Vishwa Sanjivani Health Centre,Goa,South Goa,0,15.2993265,74.123996,0,0,False,False
Vivus Smrc Heart Center,Goa,South Goa,0,15.2993265,74.123996,0,0,False,False
Pai Hospital,Goa,South Goa,0,15.2993265,74.123996,0,0,False,False
"Eye-Q Super Speciality Eye Hospitals, Bharuch",Gujarat,Bharuch,0,21.7051358,72.9958748,0,0,True,False
"Centre For Sight, Bharuch",Gujarat,Bharuch,0,21.7092223,73.0156094,0,0,True,False
Pandit Deendayal Upadhyay Medical College (P.D.U Medical College),Gujarat,Rajkot,0,22.3144697,70.7905408,0,0,True,False
"Centre For Sight, Rajkot",Gujarat,Rajkot,0,22.3038945,70.8021599,0,0,True,False
"Centre For Sight, Surat",Gujarat,Surat,0,21.1702401,72.8310607,0,0,True,False
Kesarl Sal Medical College and Research Institute,Gujarat,Ahmedabad,0,23.0867539,72.4838768,0,0,True,False
B.J. Medical College,Gujarat,Ahmedabad,0,23.0451653,72.6073159,0,0,True,False
Smt.NHL Municipal Medical College,Gujarat,Ahmedabad,0,23.0262331,72.5623124,0,0,True,False
Ahmedabad Homeopathy Medical College,Gujarat,Ahmedabad,0,23.0082573,72.4421658,0,0,True,False
GMERS Medical College,Gujarat,Ahmedabad,0,23.022505,72.5713621,0,0,True,False
Pulse Women's Hospital,Gujarat,Ahmedabad,0,23.0365437,72.5611395,0,0,True,False
"Centre For Sight, Ahmedabad",Gujarat,Ahmedabad,0,23.0271349,72.5515384,0,0,True,False
Hemato Oncology Clinic Pvt.Ltd.,Gujarat,Ahmedabad,Navrangpura,23.0365437,72.5611395,12,0,False,False
"Dhwani General Hospital, Nursing Home and Materity Home",Gujarat,Ahmedabad,Odhav,23.0100698,72.6450387,20,0,False,False
Life Care Emergency Centre,Gujarat,Ahmedabad,Khanpur,28.6491211,70.6514213,48,0,False,False
Parekhs Hospital Pvt.Ltd,Gujarat,Ahmedabad,Satellite,23.0141755,72.5316915,60,0,False,False
Aims Hospital,Gujarat,Ahmedabad,Paldi,22.9995425,72.5566256,61,0,False,False
Aashu Dental Multispeciality Polyclinic,Gujarat,Ahmedabad,0,22.9946755,72.5282434,0,0,False,False
Abc Dental Clinic andHospital,Gujarat,Ahmedabad,0,23.022505,72.5713621,0,0,False,False
Amrut Arogyadham Medical Hospital,Gujarat,Ahmedabad,0,23.1115671,72.5727621,0,0,False,False
Asha Orthoscopi Center,Gujarat,Ahmedabad,0,23.022505,72.5713621,0,0,False,False
Ashray Clinic,Gujarat,Ahmedabad,0,23.022505,72.5713621,0,0,False,False
Asian Institute Of Gastroenterology Surgery,Gujarat,Ahmedabad,0,23.0365437,72.5611395,0,0,False,False
Chirag Hospital,Gujarat,Ahmedabad,0,23.0602149,72.5766759,0,0,False,False
Civil Hospital,Gujarat,Ahmedabad,0,23.0494136,72.6027042,0,0,False,False
Dhwani Children Hospital,Gujarat,Ahmedabad,0,23.022393,72.5937383,0,0,False,False
Dr. Devendra Kanaiyalal Hosp and Nursing Home,Gujarat,Ahmedabad,0,23.022505,72.5713621,0,0,False,False
Dr.Santosh C.Raibagkar,Gujarat,Ahmedabad,0,23.022505,72.5713621,0,0,False,False
Gulabben Rasiklal Doshi and Smt. Kamlaben Mafatlal,Gujarat,Ahmedabad,0,26.2435502,68.4062581,0,0,False,False
Jeevandeep Hospital,Gujarat,Ahmedabad,0,23.1115671,72.5727621,0,0,False,False
Kalrav Nenotal And Children Hospital,Gujarat,Ahmedabad,0,23.0386956,72.6307533,0,0,False,False
Laxmi Critical Care Pvt Ltd,Gujarat,Ahmedabad,0,22.9945059,72.5200077,0,0,False,False
Life Care Health Maintenance Organisation,Gujarat,Ahmedabad,0,28.6491211,70.6514213,0,0,False,False
Lifecare Emergency Centre,Gujarat,Ahmedabad,0,23.0348049,72.5770706,0,0,False,False
M.P Shah Cancer Hospital,Gujarat,Ahmedabad,0,23.022505,72.5713621,0,0,False,False
Navjivan Maternity and Orthopaedic Hospital,Gujarat,Ahmedabad,0,23.0542219,72.6432045,0,0,False,False
Navneet Memorial Hospital,Gujarat,Ahmedabad,0,23.0365437,72.5611395,0,0,False,False
Orthopedic and Trauma Centre,Gujarat,Ahmedabad,0,23.022505,72.5713621,0,0,False,False
Sanjeevani Fracture andAccident Hospital,Gujarat,Ahmedabad,0,21.1702401,72.8310607,0,0,False,False
Shilp Orthopaedic Hospital,Gujarat,Ahmedabad,0,22.9797708,72.4927108,0,0,False,False
Utkarsh Hospital,Gujarat,Ahmedabad,0,23.1051905,72.5775625,0,0,False,False
Vihar Hospital,Gujarat,Ahmedabad,0,23.022505,72.5713621,0,0,False,False
Vinayak Children Hospital-Maninagar,Gujarat,Ahmedabad,0,23.0001725,72.6072666,0,0,False,False
Vrundavan Eye Hospital,Gujarat,Ahmedabad,0,23.5936894,72.9617257,0,0,False,False
Vyoma General Nursing Home,Gujarat,Ahmedabad,0,28.6491211,70.6514213,0,0,False,False
Shreeji Clinic and Nursing Home,Gujarat,Ahmedabad,0,23.0834792,72.5912074,0,0,False,False
Ashadeep Hospital,Gujarat,Ahmedabad,0,23.0374465,72.5929919,0,0,False,False
Bharti-Vallabh Hospital,Gujarat,Ahmedabad,0,23.0511285,72.5936759,0,0,False,False
Dr. Ajay Shah Nursing Home,Gujarat,Ahmedabad,0,23.0345637,72.5795414,0,0,False,False
Eva Women's Hospital and Gynaec Endoscopy Centre,Gujarat,Ahmedabad,0,22.9926277,72.5963139,0,0,False,False
Dev Medical Hospital and Icu,Gujarat,Ahmedabad,0,22.2056533,69.6468776,0,0,False,False
Dhruvi E.N.T. Hospital,Gujarat,Ahmedabad,0,23.0871897,72.592215,0,0,False,False
Divya Jyot Eye Hospital,Gujarat,Ahmedabad,0,29.3947643,79.1264997,0,0,False,False
Netra Chikitsa Trust,Gujarat,Ahmedabad,0,23.0862143,72.5933097,0,0,False,False
Panchhil Hospital,Gujarat,Ahmedabad,0,23.0890739,72.5888509,0,0,False,False
Pushpa Children Hospital and Neonatal Care,Gujarat,Ahmedabad,0,23.1115671,72.5727621,0,0,False,False
Sabarmati Development Society Sanchalit Sheth Shri Pukhraj Raichand General Hospital,Gujarat,Ahmedabad,0,23.0862143,72.5933097,0,0,False,False
Sheth Shree Pukhraj Raichand Gen Hospital,Gujarat,Ahmedabad,0,23.0862143,72.5933097,0,0,False,False
Desai Hospital andHeart Center,Gujarat,Ahmedabad,0,18.5162568,73.8307428,0,0,False,False
Dr Praful Munishi S Nursing Home,Gujarat,Ahmedabad,0,23.049566,72.598619,0,0,False,False
Fracture and Orthopaedic Hospital,Gujarat,Ahmedabad,0,23.017305,72.561842,0,0,False,False
Gandhi Uro Care,Gujarat,Ahmedabad,0,23.0165215,72.5664187,0,0,False,False
Krishna Siddhi Vinayak Heart Centre,Gujarat,Ahmedabad,0,22.9961698,72.5995843,0,0,False,False
Mangeet Medical Nursing Home and Heart Care,Gujarat,Ahmedabad,0,23.0182385,72.5544468,0,0,False,False
Maniar Hospital,Gujarat,Ahmedabad,0,23.0365437,72.5611395,0,0,False,False
Navjivan Maternity Home And Sonography Hospital,Gujarat,Ahmedabad,0,23.0571388,72.6163038,0,0,False,False
Niva Aks Life Sciences Pvt. Ltd.,Gujarat,Ahmedabad,0,23.0147055,72.5662048,0,0,False,False
Sannidhya Hospital,Gujarat,Ahmedabad,0,23.018124,72.560044,0,0,False,False
Scientific Diagnostic Centre,Gujarat,Ahmedabad,0,23.023374,72.5557911,0,0,False,False
Shree Ch Nagari Eye Hospital,Gujarat,Ahmedabad,0,23.0573976,72.5564588,0,0,False,False
Talsania Clinic,Gujarat,Ahmedabad,0,22.9549835,72.6251672,0,0,False,False
Aastha Orthopaedic Hospital,Gujarat,Ahmedabad,0,23.0551934,72.5585003,0,0,False,False
Bhavasar Eye Hospital and Maternity Nursing Home,Gujarat,Ahmedabad,0,23.0557284,72.5457772,0,0,False,False
Diva Healthcare Pvt Ltd,Gujarat,Ahmedabad,0,22.3337302,73.1548762,0,0,False,False
Dr Gandhi Orthopaedic Hospital,Gujarat,Ahmedabad,0,23.022505,72.5713621,0,0,False,False
Dr. Kalpana Munshi Nursing Home,Gujarat,Ahmedabad,0,22.9977398,72.5568539,0,0,False,False
Jyoti Eye Hospital- Phaco Laser Centre,Gujarat,Ahmedabad,0,23.0111648,72.5630358,0,0,False,False
Lekhadia Hospital,Gujarat,Ahmedabad,0,23.003031,72.55703,0,0,False,False
Munshi Hospital,Gujarat,Ahmedabad,0,23.0164223,72.5669336,0,0,False,False
Navneet Memorial Hospital (Sushrusha Hospital),Gujarat,Ahmedabad,0,23.031063,72.559492,0,0,False,False
Paldi Hospital Private Ltd.,Gujarat,Ahmedabad,0,23.0134135,72.5624095,0,0,False,False
Subhadra Gastro Surgery Hospital,Gujarat,Ahmedabad,0,23.0223121,72.5712866,0,0,False,False
Aarti Surgical Nursing Home,Gujarat,Ahmedabad,0,22.9956934,72.6118466,0,0,False,False
Aastha Hospital,Gujarat,Ahmedabad,0,22.9961698,72.5995843,0,0,False,False
Abhishek Hospital and Heart Centre,Gujarat,Ahmedabad,0,22.9961698,72.5995843,0,0,False,False
Ahmedabad Medical Centre,Gujarat,Ahmedabad,0,22.9961698,72.5995843,0,0,False,False
Akshar Surgical Hospital,Gujarat,Ahmedabad,0,22.9990133,72.593244,0,0,False,False
Ansuya General Hospital,Gujarat,Ahmedabad,0,22.9907698,72.6070676,0,0,False,False
Ashirwad Children and Eye Hospital,Gujarat,Ahmedabad,0,22.9973381,72.6080444,0,0,False,False
Dalal Surgical Nursing Home,Gujarat,Ahmedabad,0,22.9990133,72.593244,0,0,False,False
Daxini Orthopaedic Hospital,Gujarat,Ahmedabad,0,22.991032,72.6145555,0,0,False,False
Dr Dave Subhash Gajanan Nursing Home,Gujarat,Ahmedabad,0,22.9961698,72.5995843,0,0,False,False
Dr Sunil Shah's Eye Hospital,Gujarat,Ahmedabad,0,22.9961698,72.5995843,0,0,False,False
Dr. Abhay K Shah Children,Gujarat,Ahmedabad,0,22.9961698,72.5995843,0,0,False,False
Dr. Paresh Bhatt,Gujarat,Ahmedabad,0,22.9961698,72.5995843,0,0,False,False
Dr. Shurti Ent Hospital,Gujarat,Ahmedabad,0,21.6044742,71.2237432,0,0,False,False
Harsiddh Hospital,Gujarat,Ahmedabad,0,23.059562,72.558009,0,0,False,False
Kamal Hospital,Gujarat,Ahmedabad,0,22.9961698,72.5995843,0,0,False,False
Kothari Onco Surgical Hospital,Gujarat,Ahmedabad,0,22.9961698,72.5995843,0,0,False,False
Kunal Medical Hospital,Gujarat,Ahmedabad,0,22.999043,72.6244824,0,0,False,False
Lavingia Orthopedic Hospital,Gujarat,Ahmedabad,0,22.9961698,72.5995843,0,0,False,False
Manoramya Children Hospital and Neonatal Centre,Gujarat,Ahmedabad,0,22.9961698,72.5995843,0,0,False,False
Nilkanth Hospital,Gujarat,Ahmedabad,0,22.9961698,72.5995843,0,0,False,False
Parimal Hospital,Gujarat,Ahmedabad,0,23.0191883,72.5322339,0,0,False,False
Ravi Surgical Hospital,Gujarat,Ahmedabad,0,22.9979201,72.6098255,0,0,False,False
Riddhi Medical Nursing Home,Gujarat,Ahmedabad,0,22.9961698,72.5995843,0,0,False,False
Sangini Bone And Joint Clinic,Gujarat,Ahmedabad,0,22.9961698,72.5995843,0,0,False,False
Shashvat Child Care,Gujarat,Ahmedabad,0,22.9972835,72.5995933,0,0,False,False
Sheth Lallubhai Gorthandas General Hospital,Gujarat,Ahmedabad,0,22.9961698,72.5995843,0,0,False,False
Shivam Medical Hospital,Gujarat,Ahmedabad,0,22.992081,72.6173344,0,0,False,False
Shri J.S.Mehta Children Hospital and Neonatal Centre,Gujarat,Ahmedabad,0,22.9961698,72.5995843,0,0,False,False
Shri Sati Ansuya Hospital,Gujarat,Ahmedabad,0,22.9961698,72.5995843,0,0,False,False
Siddhi Vinayak Hospital,Gujarat,Ahmedabad,0,22.9947787,72.6038517,0,0,False,False
Sukrut Orthopaedic Hospital,Gujarat,Ahmedabad,0,23.0011029,72.6089563,0,0,False,False
Synergy Neonatal and Pediatric Centre,Gujarat,Ahmedabad,0,22.9990133,72.593244,0,0,False,False
Tejal Eye Hospital And Phaco Surgery Clinic,Gujarat,Ahmedabad,0,23.0460366,72.5511327,0,0,False,False
Tr Memorial Hospital,Gujarat,Ahmedabad,0,22.9973389,72.5987432,0,0,False,False
V and M Orthopaedic Centre,Gujarat,Ahmedabad,0,22.9973381,72.6080444,0,0,False,False
Vivek Children Hospital,Gujarat,Ahmedabad,0,23.0017237,72.6183117,0,0,False,False
Yogiji Medical Hospital,Gujarat,Ahmedabad,0,22.9991066,72.616569,0,0,False,False
Aalok Hospital,Gujarat,Ahmedabad,0,23.0420922,72.5695801,0,0,False,False
Anamay Eye Hospital - Ahmedabad,Gujarat,Ahmedabad,0,23.0365437,72.5611395,0,0,False,False
Arpan Newborncare Centre,Gujarat,Ahmedabad,0,23.0425151,72.562583,0,0,False,False
Astha Kidney And Laparoscopy Hospital,Gujarat,Ahmedabad,0,23.0365437,72.5611395,0,0,False,False
Banker`S Retina Clinic and Laser Centre,Gujarat,Ahmedabad,0,23.0365437,72.5611395,0,0,False,False
Cheers Interventional Pain Management,Gujarat,Ahmedabad,0,23.0403714,72.5541475,0,0,False,False
Dr. Devendra Patel Nursing Home,Gujarat,Ahmedabad,0,23.0365437,72.5611395,0,0,False,False
Dr. Kandarp P. Parikh (Shyam Urosurgical Hospital),Gujarat,Ahmedabad,0,23.0399849,72.5636698,0,0,False,False
Dr. Mahendra Naik,Gujarat,Ahmedabad,0,23.0365437,72.5611395,0,0,False,False
Dr. Malay D. Patel Hospital,Gujarat,Ahmedabad,0,23.0365437,72.5611395,0,0,False,False
Dr. Rajendra C. Patel Orthopaedic Nursing Home,Gujarat,Ahmedabad,0,23.03285,72.562613,0,0,False,False
Dr. Suresh K. Bhanshali,Gujarat,Ahmedabad,0,23.0365437,72.5611395,0,0,False,False
Jaju Plastic Surgery Center,Gujarat,Ahmedabad,0,23.0365437,72.5611395,0,0,False,False
Kadam Maternity Home,Gujarat,Ahmedabad,0,23.022505,72.5713621,0,0,False,False
Kanoria Hospital and Research Centre,Gujarat,Ahmedabad,0,23.022505,72.5713621,0,0,False,False
Karma Stone Clinic And Lithotripsy Centre Private,Gujarat,Ahmedabad,0,23.0425151,72.562583,0,0,False,False
Modi Eye Care,Gujarat,Ahmedabad,0,23.0578255,72.5495996,0,0,False,False
Nanavati Eye Hospital Pvt. Ltd,Gujarat,Ahmedabad,0,23.0358364,72.5151678,0,0,False,False
New Shalby Orthopaedic and Research Center,Gujarat,Ahmedabad,0,23.0445355,72.5490158,0,0,False,False
Nidhi Eye Hospital,Gujarat,Ahmedabad,0,23.0569687,72.5574046,0,0,False,False
Nidhi Hospital,Gujarat,Ahmedabad,0,23.0376085,72.558612,0,0,False,False
Panchal Urology Centre,Gujarat,Ahmedabad,0,23.0549589,72.5493202,0,0,False,False
Pramukh Neurosurgical Hosptial,Gujarat,Ahmedabad,0,23.0492974,72.5619754,0,0,False,False
Pulse Women's Hospital Pvt. Ltd.,Gujarat,Ahmedabad,0,23.0365437,72.5611395,0,0,False,False
Rangshree Clinic,Gujarat,Ahmedabad,0,23.0376085,72.558612,0,0,False,False
Samdev Urology and Surgery Clinic,Gujarat,Ahmedabad,0,23.0365437,72.5611395,0,0,False,False
Samved Orthopaedic Hospital,Gujarat,Ahmedabad,0,23.0348708,72.5663963,0,0,False,False
Samved Urology and Surgery Clinic,Gujarat,Ahmedabad,0,23.0365437,72.5611395,0,0,False,False
Santosh Eye Hospital,Gujarat,Ahmedabad,0,23.0365437,72.5611395,0,0,False,False
Satya Medical Center,Gujarat,Ahmedabad,0,23.0387991,72.5679062,0,0,False,False
Saviour Annexe Hospital,Gujarat,Ahmedabad,0,23.0365437,72.5611395,0,0,False,False
Shrey Hospital Pvt. Ltd.,Gujarat,Ahmedabad,0,23.0425151,72.562583,0,0,False,False
Sukhmani Hospital / Saviour Annexe Hospital,Gujarat,Ahmedabad,0,23.0365437,72.5611395,0,0,False,False
Super Surgical Hospital,Gujarat,Ahmedabad,0,23.0360548,72.5610286,0,0,False,False
Umalay,Gujarat,Ahmedabad,0,23.0376631,72.5606882,0,0,False,False
Vedanta Institute Of Medical Sciences,Gujarat,Ahmedabad,0,23.0376085,72.558612,0,0,False,False
Welcare Speciality Hospital,Gujarat,Ahmedabad,0,23.0425151,72.562583,0,0,False,False
Aarambh Heart and Medical Hospital,Gujarat,Ahmedabad,0,23.0551934,72.5585003,0,0,False,False
Ami-Sagar Hospital,Gujarat,Ahmedabad,0,23.0672281,72.5665072,0,0,False,False
Anand Eye Hospital,Gujarat,Ahmedabad,0,23.0520412,72.5601436,0,0,False,False
Aneri Orthopaedic and Maternity Hospital,Gujarat,Ahmedabad,0,23.059562,72.558009,0,0,False,False
Ankur Superspeciality Hospital,Gujarat,Ahmedabad,0,23.0551934,72.5585003,0,0,False,False
Asha Maternity Hospital,Gujarat,Ahmedabad,0,23.0569687,72.5574046,0,0,False,False
Bhadra Clinic Hospital,Gujarat,Ahmedabad,0,23.0473095,72.5589466,0,0,False,False
Bodycare Orthopaedic and Trauma Hospital,Gujarat,Ahmedabad,0,23.0540244,72.5720102,0,0,False,False
Bopal Multi Speciality Hospital,Gujarat,Ahmedabad,0,23.2599333,77.412615,0,0,False,False
Deep-Dhara Nursing Home,Gujarat,Ahmedabad,0,23.0602149,72.5766759,0,0,False,False
Devi Hospital,Gujarat,Ahmedabad,0,23.0543323,72.545606,0,0,False,False
Dr. Manish Ravals Hospital,Gujarat,Ahmedabad,0,23.0602149,72.5766759,0,0,False,False
Dr. Saurabh Shah Orthopaedic Hospital,Gujarat,Ahmedabad,0,23.0551934,72.5585003,0,0,False,False
Hari Urosurgical Hospital and Andrology Centre,Gujarat,Ahmedabad,0,23.0549589,72.5493202,0,0,False,False
Harsh Neurosurgical Hospital,Gujarat,Ahmedabad,0,23.0582661,72.577928,0,0,False,False
Kalavati Nursing Home,Gujarat,Ahmedabad,0,23.046206,72.570999,0,0,False,False
Kanan Maternity and Nursing Home,Gujarat,Ahmedabad,0,23.700115,72.5347078,0,0,False,False
Killol Children Hospital,Gujarat,Ahmedabad,0,22.9943678,72.6131219,0,0,False,False
Kumud Heart Hospital and Medical Nursing Home,Gujarat,Ahmedabad,0,23.0623588,72.5574533,0,0,False,False
Lady Care Women's Hospital and Child Care,Gujarat,Ahmedabad,0,23.0551934,72.5585003,0,0,False,False
Life Care Hospital,Gujarat,Ahmedabad,0,23.1115671,72.5727621,0,0,False,False
Life Lie Children and Healthcare Hospital Pvt. Ltd.,Gujarat,Ahmedabad,0,23.062385,72.5663858,0,0,False,False
Manshi Multispeciality Hospital,Gujarat,Ahmedabad,0,23.0673225,72.5623968,0,0,False,False
Matruchhaya Children Hospital,Gujarat,Ahmedabad,0,23.0595383,72.5585958,0,0,False,False
Minal Infertility Clinic and Nursing Home,Gujarat,Ahmedabad,0,23.0520667,72.5607786,0,0,False,False
Navjivan Maternity and Orthopaedic Hospital,Gujarat,Ahmedabad,0,23.0673225,72.5623968,0,0,False,False
Neurosurgical Hospital(Vadodra),Gujarat,Ahmedabad,0,22.3033187,73.2002291,0,0,False,False
Rhythm Cardio Pulmonary Care Centre,Gujarat,Ahmedabad,0,23.0549589,72.5493202,0,0,False,False
Riddhi Maternity Home,Gujarat,Ahmedabad,0,23.0551934,72.5585003,0,0,False,False
Samata Hospital Pvt.Ltd - Ahmedabad,Gujarat,Ahmedabad,0,23.0568889,72.5607879,0,0,False,False
Sanghvi Hospital,Gujarat,Ahmedabad,0,23.0551934,72.5585003,0,0,False,False
Satyam Urology and Kidney Hospital Pvt. Ltd.,Gujarat,Ahmedabad,0,23.062385,72.5663858,0,0,False,False
Umiya Surgical Hospital,Gujarat,Ahmedabad,0,23.0578255,72.5495996,0,0,False,False
Vivek Children Hospital,Gujarat,Ahmedabad,0,23.0551934,72.5585003,0,0,False,False
Brij Basant Hospital,Gujarat,Ahmedabad,0,23.0458602,72.5532019,0,0,False,False
Cancer Associates,Gujarat,Ahmedabad,0,23.0488101,72.5628106,0,0,False,False
Chirag Surgical Hospital,Gujarat,Ahmedabad,0,23.0505421,72.5618768,0,0,False,False
Life Care Institute Of Medical Sciences And Research Pvt Ltd (Limsar),Gujarat,Ahmedabad,0,23.047877,72.5619306,0,0,False,False
Maneklal and Jagjivan Ujamshi Institute Of Ophthalmo,Gujarat,Ahmedabad,0,23.022505,72.5713621,0,0,False,False
Onco Surgical Hospital and Endoscopy Clinic,Gujarat,Ahmedabad,0,23.0425151,72.562583,0,0,False,False
Pruthvi Med Nursing Home and Heart Centre,Gujarat,Ahmedabad,0,23.0522531,72.5593154,0,0,False,False
Radhaswami Nursing Home,Gujarat,Ahmedabad,0,23.0505421,72.5618768,0,0,False,False
Sahyog General Hospital and Nursing Home,Gujarat,Ahmedabad,0,22.9877945,72.4713571,0,0,False,False
Shalin Eyecare Hospital,Gujarat,Ahmedabad,0,23.0563223,72.5702392,0,0,False,False
Vrundavan Hospital,Gujarat,Ahmedabad,0,23.0488101,72.5628106,0,0,False,False
Adventist Wockhardt Heart Hospital,Gujarat,Ahmedabad,0,23.0261987,72.5500485,0,0,False,False
Aerimita Hospital and Ashvinau Research,Gujarat,Ahmedabad,0,23.0128032,72.5457093,0,0,False,False
Armaan Eye Hospital,Gujarat,Ahmedabad,0,23.020409,72.5305849,0,0,False,False
Jalaram Hospital,Gujarat,Ahmedabad,0,23.0847359,72.5713358,0,0,False,False
Jyoti Maternity Hospital,Gujarat,Ahmedabad,0,23.0220999,72.5385406,0,0,False,False
Khandwala Orthopeadic HospitalandSkin Clinic,Gujarat,Ahmedabad,0,23.0224786,72.5426641,0,0,False,False
Kkrishana Heart and Super Speciality Institute,Gujarat,Ahmedabad,0,23.0203135,72.5561606,0,0,False,False
Rudraksh Hospital,Gujarat,Ahmedabad,0,23.065368,72.643426,0,0,False,False
Shyamal Orthopaedic Hospital,Gujarat,Ahmedabad,0,23.036816,72.561433,0,0,False,False
Tulip Women's Hospital,Gujarat,Ahmedabad,0,23.0273062,72.5217587,0,0,False,False
Uro Care,Gujarat,Ahmedabad,0,23.0488101,72.5628106,0,0,False,False
Usha - Deep Hospital and Nursing Home,Gujarat,Ahmedabad,0,23.0549589,72.5493202,0,0,False,False
Raj Nursing Home,Gujarat,Ahmedabad,0,23.022505,72.5713621,0,0,False,False
Satyamev Hospital,Gujarat,Ahmedabad,0,23.1115671,72.5727621,0,0,False,False
Sharma Hospital,Gujarat,Ahmedabad,0,23.0523843,72.5337182,0,0,False,False
Maniben K.K. Eye Hospital,Gujarat,Ahmedabad,0,23.0317383,72.6113038,0,0,False,False
Navkar Hospital,Gujarat,Ahmedabad,0,23.0128032,72.5457093,0,0,False,False
Parth Children Hospital and Neonatal Care Center,Gujarat,Ahmedabad,0,23.0883827,72.5864839,0,0,False,False
The Gujarat Research and Medical Institute ( Rajasthan Hospital),Gujarat,Ahmedabad,0,23.0418187,72.5889963,0,0,False,False
N M Virani Wockhardt Hospital,Gujarat,Ahmedabad,0,23.0057193,72.5897982,0,0,False,False
Ayushman Medical Hospital and Dignosis Center,Gujarat,Ahmedabad,0,23.0249514,72.6729322,0,0,False,False
Dr. Anjana J Savalia,Gujarat,Ahmedabad,0,23.0386956,72.6307533,0,0,False,False
Karmdeep Orthopaedic - Skin Hospital,Gujarat,Ahmedabad,0,23.0386642,72.6322052,0,0,False,False
Metalia Hospital and I C C U,Gujarat,Ahmedabad,0,23.0386956,72.6307533,0,0,False,False
Ranchhodrai Eye Hospital,Gujarat,Ahmedabad,0,23.0386956,72.6307533,0,0,False,False
Shiv Jyoti Eye Hospital,Gujarat,Ahmedabad,0,23.0386642,72.6322052,0,0,False,False
Shreeram Polyclinic,Gujarat,Ahmedabad,0,23.034889,72.619559,0,0,False,False
Tapan Hospital Pvt Ltd,Gujarat,Ahmedabad,0,23.0386956,72.6307533,0,0,False,False
Tilak Hospital,Gujarat,Ahmedabad,0,23.0386956,72.6307533,0,0,False,False
Vatsalya Gynec Hospital,Gujarat,Ahmedabad,0,23.0401359,72.6323309,0,0,False,False
Ahmedabad Diomand Association Medical Trust (Kakadiya Hospital),Gujarat,Ahmedabad,0,23.0386956,72.6307533,0,0,False,False
Kakadiya Hospital,Gujarat,Ahmedabad,0,23.0372086,72.630419,0,0,False,False
Krishna Siddhivinayak Heart Centre (A Unit Of Yogeshwar Healthcare Lmt),Gujarat,Ahmedabad,0,23.0386956,72.6307533,0,0,False,False
Prasad Hospital,Gujarat,Ahmedabad,0,23.070887,72.6712894,0,0,False,False
Smruti Opthalmic Nursing Home,Gujarat,Ahmedabad,0,23.0386956,72.6307533,0,0,False,False
Archan Eye Hospital and Phaco Centre,Gujarat,Ahmedabad,0,23.007206,72.6275,0,0,False,False
Het Childcare Hospital,Gujarat,Ahmedabad,0,22.9990895,72.6245071,0,0,False,False
Sarveshwari Charitable Trust and General Hospital,Gujarat,Ahmedabad,0,19.2074695,72.8664007,0,0,False,False
Medilink Hospital,Gujarat,Ahmedabad,0,23.022505,72.5713621,0,0,False,False
Pooja Hospital,Gujarat,Ahmedabad,0,23.0082263,72.5945836,0,0,False,False
Ramanlal Hospital,Gujarat,Ahmedabad,0,22.9972835,72.5995933,0,0,False,False
Ratan Hospital,Gujarat,Ahmedabad,0,23.0044106,72.5801565,0,0,False,False
Reva Maternity Home And Sonography Centre,Gujarat,Ahmedabad,0,22.983271,72.6140787,0,0,False,False
Sardar Hosital,Gujarat,Ahmedabad,0,22.9972835,72.5995933,0,0,False,False
Jhanvi Fracture and Orthopaedic Hospital,Gujarat,Ahmedabad,0,22.9839274,72.6102337,0,0,False,False
Joitiba General Hospital,Gujarat,Ahmedabad,0,22.9839274,72.6102337,0,0,False,False
Shilp Orthopaedics And Trauma Centre,Gujarat,Ahmedabad,0,22.9926277,72.5963139,0,0,False,False
Shreejee Hospital,Gujarat,Ahmedabad,0,22.9899993,72.611185,0,0,False,False
Suman Children Hospital,Gujarat,Ahmedabad,0,22.981344,72.61116,0,0,False,False
Apple Hospital,Gujarat,Ahmedabad,0,21.1920041,72.799793,0,0,False,False
Sankalp Eye Hospital,Gujarat,Ahmedabad,0,23.0057242,72.5329318,0,0,False,False
Sheetal Hospital,Gujarat,Ahmedabad,0,23.022505,72.5713621,0,0,False,False
Shridhaj Orthopaedic Hospital,Gujarat,Ahmedabad,0,23.0057242,72.5329318,0,0,False,False
Aroma Womens Hospital,Gujarat,Ahmedabad,0,23.046609,72.5336155,0,0,False,False
Chandrabhan Hospital and Gynac Institute,Gujarat,Ahmedabad,0,23.0504677,72.5337197,0,0,False,False
Cornea Foundation,Gujarat,Ahmedabad,0,23.0459343,72.536235,0,0,False,False
Day Night Accident Hospital,Gujarat,Ahmedabad,0,23.0523843,72.5337182,0,0,False,False
Gurukul E.N.T. Hospital,Gujarat,Ahmedabad,0,23.046168,72.533821,0,0,False,False
Jain Hospital And Icu,Gujarat,Ahmedabad,0,23.0471333,72.5332871,0,0,False,False
Jaydeep Hospital,Gujarat,Ahmedabad,0,23.0504677,72.5337197,0,0,False,False
Kaizen Hospital,Gujarat,Ahmedabad,0,23.0510083,72.5461162,0,0,False,False
Kalrav Children Hospital,Gujarat,Ahmedabad,0,23.0462309,72.5345384,0,0,False,False
Kidney And Urology Hospital,Gujarat,Ahmedabad,0,23.0523843,72.5337182,0,0,False,False
Livewell Pain Clinic,Gujarat,Ahmedabad,0,23.0455939,72.5418899,0,0,False,False
"May Flower Womens Hospital Pvt. Ltd.,",Gujarat,Ahmedabad,0,23.0523843,72.5337182,0,0,False,False
Milan Orthopaedic and Fracture Hospital,Gujarat,Ahmedabad,0,23.046168,72.533821,0,0,False,False
Nandan Maternity Home,Gujarat,Ahmedabad,0,23.0459343,72.536235,0,0,False,False
Neil Hospital,Gujarat,Ahmedabad,0,23.0524198,72.5336212,0,0,False,False
Ortho Kids Clinic,Gujarat,Ahmedabad,0,23.0459343,72.536235,0,0,False,False
Pn Desai Eye Hospital,Gujarat,Ahmedabad,0,23.0504677,72.5337197,0,0,False,False
Raghudeep Eye Clinic,Gujarat,Ahmedabad,0,23.0504677,72.5337197,0,0,False,False
Rajvee Ortho Spine and Child Neuro Hospital,Gujarat,Ahmedabad,0,23.0523843,72.5337182,0,0,False,False
Sarthak Orthopaedic Hospital,Gujarat,Ahmedabad,0,23.0504677,72.5337197,0,0,False,False
Shantiniketan Hospital Pvt Ltd,Gujarat,Ahmedabad,0,23.6776471,87.6852323,0,0,False,False
Shantnam Eye Care Hospital,Gujarat,Ahmedabad,0,23.0523843,72.5337182,0,0,False,False
Sharda Eye Hospital Phaco And Laser Centre - Ahmedabad,Gujarat,Ahmedabad,0,23.0504677,72.5337197,0,0,False,False
Shraddha Surgical Hospital,Gujarat,Ahmedabad,0,23.0504677,72.5337197,0,0,False,False
Shree Umiya Surgical Hospital,Gujarat,Ahmedabad,0,23.0551934,72.5585003,0,0,False,False
Shreeji Orthopaedic And Ent Hospital,Gujarat,Ahmedabad,0,23.0504677,72.5337197,0,0,False,False
Shreekrishna Hospital and Health Care Centre,Gujarat,Ahmedabad,0,23.0504677,72.5337197,0,0,False,False
Smruti Fracture Orthopedic Hospital,Gujarat,Ahmedabad,0,23.0523843,72.5337182,0,0,False,False
Sunflower Womens Endo Infertility and Hospital Pvt. Ltd.,Gujarat,Ahmedabad,0,23.0523843,72.5337182,0,0,False,False
Avataran Eye Hospital and Oculoplasty Clinic,Gujarat,Ahmedabad,0,23.0382242,72.5233026,0,0,False,False
Indus Hospital And Iccu Pvt Ltd,Gujarat,Ahmedabad,0,23.0528734,72.5257004,0,0,False,False
Newage Medicare,Gujarat,Ahmedabad,0,23.0528734,72.5257004,0,0,False,False
Sanjeevani Hospital Pvt Ltd,Gujarat,Ahmedabad,0,23.0474489,72.5251615,0,0,False,False
Spandan Medical and Research Center,Gujarat,Ahmedabad,0,23.0497364,72.5117241,0,0,False,False
Sterling Hospital Div. Of Addlife Medical Institute Pvt. Ltd.,Gujarat,Ahmedabad,0,23.0523843,72.5337182,0,0,False,False
Surveen Children Hospital And Vaccination Centre,Gujarat,Ahmedabad,0,23.0497364,72.5117241,0,0,False,False
Udit Hospital Multi Speciality,Gujarat,Ahmedabad,0,23.0497364,72.5117241,0,0,False,False
Mahin Hospital,Gujarat,Ahmedabad,0,22.99619,72.5235092,0,0,False,False
Aashna Orthopaedic Hospital,Gujarat,Ahmedabad,0,23.2599333,77.412615,0,0,False,False
Aashray Surgical and Trauma Care,Gujarat,Ahmedabad,0,19.9791248,73.7483628,0,0,False,False
Bopal Eye Care Centre,Gujarat,Ahmedabad,0,23.2599333,77.412615,0,0,False,False
Jay Prasuti Gruh and Nursing Home,Gujarat,Ahmedabad,0,23.2210969,77.4267778,0,0,False,False
Krishna Heart Institute,Gujarat,Ahmedabad,0,23.0242303,72.4445151,0,0,False,False
New Life Medical and Heart Hospital,Gujarat,Ahmedabad,0,23.0282346,72.4774611,0,0,False,False
Sagar Orthopaedic Hospital,Gujarat,Ahmedabad,0,23.0302433,72.4527779,0,0,False,False
"Shreeji Children Hospital,Neonatal Care And Vaccination Centre",Gujarat,Ahmedabad,0,23.0317203,72.4703062,0,0,False,False
Shrey Multifacilities Pvt Ltd,Gujarat,Ahmedabad,0,22.9215273,72.5349432,0,0,False,False
Vanza Hospital,Gujarat,Ahmedabad,0,23.2599333,77.412615,0,0,False,False
Aditya Multispeciality Hospital,Gujarat,Ahmedabad,0,23.022505,72.5713621,0,0,False,False
Samarpan Maternity And Urosurgical,Gujarat,Ahmedabad,0,23.0497364,72.5117241,0,0,False,False
Cutis Cosmetic Plastic Surgery Centre,Gujarat,Ahmedabad,0,23.0589804,72.5377502,0,0,False,False
J J Hospital,Gujarat,Ahmedabad,0,23.0738585,72.5378752,0,0,False,False
Shri Yogeshwar General Hospital,Gujarat,Ahmedabad,0,23.0770632,72.5395232,0,0,False,False
Vallabh Surgical Hospital,Gujarat,Ahmedabad,0,23.0594587,72.5360565,0,0,False,False
Neo Children Hospital,Gujarat,Ahmedabad,0,23.059562,72.558009,0,0,False,False
Shruti Maternity and Surgical Nursing Home,Gujarat,Ahmedabad,0,23.0543323,72.545606,0,0,False,False
CHC Sanand,Gujarat,Ahmedabad,0,22.9912897,72.3755085,0,0,False,False
Navjivan Doctor House,Gujarat,Ahmedabad,0,22.9912897,72.3755085,0,0,False,False
Sanand Hospital,Gujarat,Ahmedabad,0,23.022505,72.5713621,0,0,False,False
Suvidha Orthopedic And Acccident Hospital,Gujarat,Ahmedabad,0,22.9926597,72.3794653,0,0,False,False
CHC Viramgam,Gujarat,Ahmedabad,0,23.1236377,72.0527421,0,0,False,False
Mamta Medisurge Private Ltd.,Gujarat,Ahmedabad,0,22.985366,72.440295,0,0,False,False
Navjeevan Care Home (Guj) Pvt Ltd,Gujarat,Ahmedabad,0,22.9797708,72.4927108,0,0,False,False
CHC Sarkhej,Gujarat,Ahmedabad,0,22.9797708,72.4927108,0,0,False,False
Parvati Jadav Hospital,Gujarat,Ahmedabad,0,23.022505,72.5713621,0,0,False,False
Uma Maternity and Nursing Home,Gujarat,Ahmedabad,0,23.0662678,72.6627451,0,0,False,False
Gayathri Hospital,Gujarat,Ahmedabad,0,23.0481336,72.5899674,0,0,False,False
Kothari Maternity and Surgical Pvt .Ltd,Gujarat,Ahmedabad,0,28.653614,77.2828538,0,0,False,False
Gayatri Heart and Medical Hospital,Gujarat,Ahmedabad,0,23.0617553,72.6398765,0,0,False,False
Rukshmani Surgical Hospital,Gujarat,Ahmedabad,0,19.2329536,72.8651258,0,0,False,False
Aagman Maternity and Gynec Hospital,Gujarat,Ahmedabad,0,23.022505,72.5713621,0,0,False,False
Aarna Medical Hospital,Gujarat,Ahmedabad,0,23.0386642,72.6322052,0,0,False,False
Anand Hospital and Multispeciality,Gujarat,Ahmedabad,0,23.044258,72.638888,0,0,False,False
Ano Care Hospital,Gujarat,Ahmedabad,0,23.0388245,72.6401135,0,0,False,False
Hari Krishna Uro Surgical Hospital,Gujarat,Ahmedabad,0,23.0388245,72.6401135,0,0,False,False
Janeta Nursing Home,Gujarat,Ahmedabad,0,23.0386642,72.6322052,0,0,False,False
Maruti Orthopaedic Hospital,Gujarat,Ahmedabad,0,23.0398068,72.6511736,0,0,False,False
Netra Raksha Hospital,Gujarat,Ahmedabad,0,23.0386956,72.6307533,0,0,False,False
Raghukul Ortho Hospital,Gujarat,Ahmedabad,0,23.0387474,72.6382545,0,0,False,False
Shree Shakti Medical Hospital,Gujarat,Ahmedabad,0,23.0387474,72.6382545,0,0,False,False
Dhwani General Hospital Nursing Home and Maternity Home,Gujarat,Ahmedabad,0,23.0100698,72.6450387,0,0,False,False
Divya Jeevan Medical Hospital,Gujarat,Ahmedabad,0,23.0249514,72.6729322,0,0,False,False
Odhav Orthopaedic Hospital,Gujarat,Ahmedabad,0,23.0098224,72.6449461,0,0,False,False
Rajput Eye Hospital,Gujarat,Ahmedabad,0,23.0249514,72.6729322,0,0,False,False
Rangam Multispeciality Hospital,Gujarat,Ahmedabad,0,23.0249514,72.6729322,0,0,False,False
Shree Rangkrupa General Hospital,Gujarat,Ahmedabad,0,23.0249514,72.6729322,0,0,False,False
Sreeji Medical Nursing Home,Gujarat,Ahmedabad,0,23.0249514,72.6729322,0,0,False,False
Vatsalya Neonatal and Children Hospital,Gujarat,Ahmedabad,0,23.027679,72.6713328,0,0,False,False
Akshay Heart and Medical Hospital,Gujarat,Ahmedabad,0,23.0312249,72.5269388,0,0,False,False
CHC Singarva (Daskroi),Gujarat,Ahmedabad,0,23.0247726,72.6970077,0,0,False,False
Chhaya Maternity Nursing Home,Gujarat,Ahmedabad,0,22.9782583,72.6002263,0,0,False,False
"Dr, Nayan V Shah Surgical Hospital",Gujarat,Ahmedabad,0,22.9808443,72.5987516,0,0,False,False
Geeta Maternity and Polyclinic Nursing Home,Gujarat,Ahmedabad,0,22.9782583,72.6002263,0,0,False,False
Harshil Medical Nursing Home,Gujarat,Ahmedabad,0,22.981056,72.598929,0,0,False,False
Kanan Children Hospital,Gujarat,Ahmedabad,0,22.9763097,72.6023158,0,0,False,False
Matrupooja Eye Hospital,Gujarat,Ahmedabad,0,22.9782583,72.6002263,0,0,False,False
Medicure Hospital,Gujarat,Ahmedabad,0,22.9782583,72.6002263,0,0,False,False
New Life Medical and Heart Hospital,Gujarat,Ahmedabad,0,22.9990133,72.593244,0,0,False,False
Swapn Healthcare Hospital Pvt. Ltd,Gujarat,Ahmedabad,0,22.9782583,72.6002263,0,0,False,False
Naik' Burn Center,Gujarat,Ahmedabad,0,23.022505,72.5713621,0,0,False,False
Shivam Eye Hospital,Gujarat,Ahmedabad,0,23.0291363,72.6474545,0,0,False,False
Vardan Eye Hospital,Gujarat,Ahmedabad,0,23.0718369,72.5583823,0,0,False,False
CGHS Dispensary No.3,Gujarat,Ahmedabad,0,23.0365437,72.5611395,0,0,False,False
CGHS Dispensary No.4,Gujarat,Ahmedabad,0,23.0673142,72.5567139,0,0,False,False
Aashirwad Surgical Hospital and Nursing Home,Gujarat,Ahmedabad,Sabarmati,29.3947643,79.1264997,0,0,False,False
Ansuya General Hospital,Gujarat,Ahmedabad,Maninagar,22.9940097,72.6075777,0,0,False,False
C.H.Nagri Eye Hospital,Gujarat,Ahmedabad,0,23.0262331,72.5623124,0,0,False,False
Clear Vision Eye Hospital (Unit 3),Gujarat,Ahmedabad,Ahmedabad,22.9961698,72.5995843,0,0,False,False
Dev Hospital,Gujarat,Ahmedabad,Vasna,23.0056634,72.5452848,0,0,False,False
Devasya Kidney and Multi speciality Hospital,Gujarat,Ahmedabad,Navavadaj,23.0614938,72.5696557,0,0,False,False
Dharmanandan Surgical Hospital,Gujarat,Ahmedabad,0,23.0638657,72.6636635,0,0,False,False
Divyajyot Eye Hospital,Gujarat,Ahmedabad,0,23.1115671,72.5727621,0,0,False,False
Doctor House,Gujarat,Ahmedabad,0,22.2402163,71.9188428,0,0,False,False
Dr.Atul Shah Eye Hospital,Gujarat,Ahmedabad,0,23.0615268,72.5344732,0,0,False,False
Dr.Saurabh Shah Orthopaedic Hospital,Gujarat,Ahmedabad,Naranpura,23.0568889,72.5607879,0,0,False,False
Grace Endoscopy (Division of WINGS Hospital),Gujarat,Ahmedabad,0,23.022505,72.5713621,0,0,False,False
Pallav J M Desai Memorial Hospital (Better Health Pvt.Ltd.),Gujarat,Ahmedabad,Maninagar,22.994729,72.613694,0,0,False,False
Janam Maternity General Hospital,Gujarat,Ahmedabad,0,22.9912897,72.3755085,0,0,False,False
Jivandeep Hospital,Gujarat,Ahmedabad,Dholka,22.7428431,72.4435674,0,0,False,False
Joitiba General Hospital,Gujarat,Ahmedabad,0,22.9839274,72.6102337,0,0,False,False
Kiran Surgical Hospital,Gujarat,Ahmedabad,Vasna,23.0011871,72.5467567,0,0,False,False
Krishna Shalby Hospital,Gujarat,Ahmedabad,Ghuma,23.2599333,77.412615,0,0,False,False
Kunal Medical Hospital,Gujarat,Ahmedabad,Ahmedabad,22.9897281,72.628422,0,0,False,False
Lady Care Womens Hospital Child Care,Gujarat,Ahmedabad,Naranpura,23.0551934,72.5585003,0,0,False,False
Life Care Institute Of Medical Sciences Research Pvt Ltd,Gujarat,Ahmedabad,Stadium Road -Ahmedabad,23.0448507,72.5620668,0,0,False,False
Mahin Lifecare Services Pvt.Ltd,Gujarat,Ahmedabad,Juhanpura,22.9931222,72.5256718,0,0,False,False
Matulya ENT Clinic,Gujarat,Ahmedabad,0,23.0273062,72.5217587,0,0,False,False
Navjeevan Care Home Guj Pvt.Ltd.,Gujarat,Ahmedabad,0,22.9797708,72.4927108,0,0,False,False
Navjeevan Doctor House,Gujarat,Ahmedabad,0,22.9912897,72.3755085,0,0,False,False
Navkar Hospital,Gujarat,Ahmedabad,Ahmedabad,23.0128032,72.5457093,0,0,False,False
Netra Raksha Hospital,Gujarat,Ahmedabad,Bapunagar,23.0391535,72.6383416,0,0,False,False
Nova Pulse Ivf Clinic Ahmedabad Pvt.Ltd.,Gujarat,Ahmedabad,Navrangpura,23.0390208,72.5611501,0,0,False,False
P.H.C.KOTH,Gujarat,Ahmedabad,0,22.7428431,72.4435674,0,0,False,False
Parth Maternity and Medical Nursing Home,Gujarat,Ahmedabad,Krishna Nagar,23.0498389,72.6242648,0,0,False,False
PHC Kuha,Gujarat,Ahmedabad,0,23.022505,72.5713621,0,0,False,False
PHC Vataman,Gujarat,Ahmedabad,0,23.022505,72.5713621,0,0,False,False
Pooja Hospital,Gujarat,Ahmedabad,Kankaria,23.022505,72.5713621,0,0,False,False
Poojan Children Hospital and Neonetal Centre,Gujarat,Ahmedabad,Nirnayanagar,18.5013128,73.9301982,0,0,False,False
Pruthvi Medical Nursing Home and Heart Centre,Gujarat,Ahmedabad,0,23.0551934,72.5585003,0,0,False,False
Pushpa Children Hospital and Critical Care Centre,Gujarat,Ahmedabad,Chandkheda,23.1115671,72.5727621,0,0,False,False
Raj Ent Hospital,Gujarat,Ahmedabad,Naranpura,22.9943678,72.6131219,0,0,False,False
Rhythm Cardio Pulmonory Care Centre and Medical Hospital,Gujarat,Ahmedabad,Ahmedabad,23.0381279,72.5591927,0,0,False,False
Rudraksh Hospital,Gujarat,Ahmedabad,Patiya,23.065368,72.643426,0,0,False,False
Sagar Orthopaedic Hospital,Gujarat,Ahmedabad,Ahmedabad,23.0348745,72.6294565,0,0,False,False
Sahajanand Eye Care Hospital,Gujarat,Ahmedabad,Naranpura,23.0365437,72.5611395,0,0,False,False
Sahyog General Hospital,Gujarat,Ahmedabad,0,22.9852441,72.4942028,0,0,False,False
Sal Hospital and Medical Institute,Gujarat,Ahmedabad,Thaltej,23.0485481,72.5238414,0,0,False,False
Samata Hospital Pvt.Ltd,Gujarat,Ahmedabad,Chandlodia,23.1059134,72.5252884,0,0,False,False
Sanjivani Eye Hospital and Phaco Centre,Gujarat,Ahmedabad,Ahmedabad,23.0348708,72.5663963,0,0,False,False
Sanjivani Hospital,Gujarat,Ahmedabad,0,23.1236377,72.0527421,0,0,False,False
Jaydeep Hospital,Gujarat,Ahmedabad,Memnagar,23.0456055,72.5424529,20,0,False,False
Bopal Multispeciality Hospital,Gujarat,Ahmedabad,Bopal,23.2599333,77.412615,0,0,False,False
CHC Chandkheda,Gujarat,Ahmedabad,0,23.1126977,72.5759444,0,0,False,False
CHC Detroj,Gujarat,Ahmedabad,0,23.3333915,72.1875193,0,0,False,False
CHC Dholka,Gujarat,Ahmedabad,0,22.7428431,72.4435674,0,0,False,False
CHC Sanand,Gujarat,Ahmedabad,0,23.0247726,72.6970077,0,0,False,False
CHC Sarkhej,Gujarat,Ahmedabad,0,22.9761405,72.5022216,0,0,False,False
CHC Singarva,Gujarat,Ahmedabad,0,23.0247726,72.6970077,0,0,False,False
CHC Viramgam,Gujarat,Ahmedabad,0,23.1236377,72.0527421,0,0,False,False
Shradhha Hospital,Gujarat,Amreli,0,21.6031774,71.2220832,0,0,False,False
Harikrishna Childran Hospital,Gujarat,Amreli,0,21.5965827,71.2233524,0,0,False,False
Ishvaram Surgical Hospital,Gujarat,Amreli,0,21.4884946,70.9517078,0,0,False,False
S G Kamaliya Mamorial Hospital,Gujarat,Amreli,0,21.4884946,70.9517078,0,0,False,False
Sujal Hospital and Icu,Gujarat,Amreli,0,21.4884946,70.9517078,0,0,False,False
Dr. Patolia Surgical and Maternity Hospital,Gujarat,Amreli,0,21.6031774,71.2220832,0,0,False,False
Dr. Pradeep B. Patel,Gujarat,Amreli,0,21.6031774,71.2220832,0,0,False,False
Dr. R. D. Ghodasara Hospital,Gujarat,Amreli,0,28.6264203,77.2386743,0,0,False,False
Jivandhara Hospital,Gujarat,Amreli,0,21.6031774,71.2220832,0,0,False,False
Madhav Orthopaedic Hospital,Gujarat,Amreli,0,21.5965827,71.2233524,0,0,False,False
Om Ent Hospital,Gujarat,Amreli,0,18.6536683,73.8101792,0,0,False,False
Satellite Orthopaedic Hospital and Research Centre,Gujarat,Amreli,0,21.6129178,71.2142689,0,0,False,False
Sojitra Surgical Hospita and Prasuti Gruh,Gujarat,Amreli,0,21.5995095,71.2213406,0,0,False,False
Pramukhswami Medical College,Gujarat,Anand,0,22.5429215,72.9017603,0,0,True,False
C. C. Patel Sarvajanik Hospital,Gujarat,Anand,0,22.5388801,72.7200608,0,0,False,False
CHC -Sojitra,Gujarat,Anand,0,22.5388801,72.7200608,0,0,False,False
Amardeep Eye Hospital,Gujarat,Anand,0,22.3071588,73.1812187,0,0,False,False
Arpita Nursing Home,Gujarat,Anand,0,22.5485948,72.9290413,0,0,False,False
Ashwini Medical Centre,Gujarat,Anand,0,22.3071588,73.1812187,0,0,False,False
B N Patel Institute Of Paramedical And Science,Gujarat,Anand,0,22.5662211,72.9619717,0,0,False,False
Dattu Hospital,Gujarat,Anand,0,22.5612734,72.9618316,0,0,False,False
Deep Hospital,Gujarat,Anand,0,22.5662211,72.9619717,0,0,False,False
Gauri Nursing Home and Maternity Hospital,Gujarat,Anand,0,22.5612734,72.9618316,0,0,False,False
Jiwandeep Hospital,Gujarat,Anand,0,22.2376649,73.0884867,0,0,False,False
Kaival Hospital,Gujarat,Anand,0,22.5485948,72.9290413,0,0,False,False
Navin Maternity and Surgical Nursing Home,Gujarat,Anand,0,20.7681448,72.9730662,0,0,False,False
P.P.U Anand,Gujarat,Anand,0,22.470375,72.9484917,0,0,False,False
Palak Hospital,Gujarat,Anand,0,22.5662211,72.9619717,0,0,False,False
Rajal Surgical Hospital,Gujarat,Anand,0,22.5612734,72.9618316,0,0,False,False
Sisodia Orthopaedic Hospital,Gujarat,Anand,0,22.5645175,72.928871,0,0,False,False
Smit Orthopaedic Hospital,Gujarat,Anand,0,22.5611072,72.9600274,0,0,False,False
Zakaria Sarvajanik Hospital,Gujarat,Anand,0,22.5621714,72.964338,0,0,False,False
Navjivan Hospital and Shraddha Sonography Centre,Gujarat,Anand,0,22.3795396,73.0005591,0,0,False,False
Late Sarpanch V.P. Patel Memorial Hospital. Municipal Borough Hospital,Gujarat,Anand,0,22.5476561,72.9251379,0,0,False,False
S. G. Patel Ayurveda Hospital,Gujarat,Anand,0,22.5476561,72.9251379,0,0,False,False
Shree Jalaram Janseva Trust.,Gujarat,Anand,0,22.4836145,72.801351,0,0,False,False
CHC Tarapur,Gujarat,Anand,0,22.4888038,72.6579865,0,0,False,False
Jamna Hospial,Gujarat,Anand,0,22.4888038,72.6579865,0,0,False,False
Saadat Sarvajanik and Maternity Home,Gujarat,Anand,0,22.5330654,72.797231,0,0,False,False
CHC Ode,Gujarat,Anand,0,22.6236638,73.1143067,0,0,False,False
CHC Umreth,Gujarat,Anand,0,22.698717,73.1143067,0,0,False,False
CHC Sarsa,Gujarat,Anand,0,22.5488076,73.0832541,0,0,False,False
CHC -Dharmaj,Gujarat,Anand,0,22.4153201,72.7895065,0,0,False,False
Ashish Surgical Hospital,Gujarat,Anand,0,22.4836145,72.801351,0,0,False,False
Ishita Hospital and Sonography Centre,Gujarat,Anand,0,22.4836145,72.801351,0,0,False,False
S.S.H Petlad,Gujarat,Anand,0,22.4704298,72.8046804,0,0,False,False
Tapan Hospital,Gujarat,Anand,0,22.4836145,72.801351,0,0,False,False
Sunav Hospital,Gujarat,Anand,0,22.5319344,72.7936356,0,0,False,False
CHC Anklav,Gujarat,Anand,0,22.3868748,72.9958886,0,0,False,False
Rajdeep General Hospital,Gujarat,Anand,0,22.377476,72.9992013,0,0,False,False
Jaideep Eye Hospital,Gujarat,Anand,0,22.4171034,72.896708,0,0,False,False
Priya Hospital,Gujarat,Anand,0,22.4171034,72.896708,0,0,False,False
Roberts Mission Hospital,Gujarat,Anand,0,22.4171034,72.896708,0,0,False,False
Shahhvat Children Hospital,Gujarat,Anand,0,22.4171034,72.896708,0,0,False,False
Sharddha Hospital,Gujarat,Anand,0,22.4256139,72.8840395,0,0,False,False
Shishu Mangal Hospital,Gujarat,Anand,0,22.4171034,72.896708,0,0,False,False
Shree Datt General Hospital,Gujarat,Anand,0,22.4171034,72.896708,0,0,False,False
CHC Ras,Gujarat,Anand,0,22.3438474,72.8332695,0,0,False,False
Cambay General Hospital,Gujarat,Anand,0,22.3261603,72.6219437,0,0,False,False
Cardiac Care Center,Gujarat,Anand,0,22.3308288,72.6234847,0,0,False,False
CHC Khambhat,Gujarat,Anand,0,22.3262893,72.6297155,0,0,False,False
Nirmal Orthopaedic Hospital,Gujarat,Anand,0,22.3213797,72.6262791,0,0,False,False
Shakti Children Hospital,Gujarat,Anand,0,22.3180817,72.6189845,0,0,False,False
Shri Maneklal Mohanlal Parikh Cardiac Care Centre,Gujarat,Anand,0,22.3308288,72.6234847,0,0,False,False
Smt.Lilavatiben Bhagwatilal Rao General Hospital,Gujarat,Anand,0,22.3180817,72.6189845,0,0,False,False
Vishrut Surgical Hospital,Gujarat,Anand,0,22.3180817,72.6189845,0,0,False,False
Aarti Hospital and Maternity Home,Gujarat,Banas kantha,0,24.174051,72.4330989,0,0,False,False
Aastha Ortho and Fracture Hospital,Gujarat,Banas kantha,0,24.174051,72.4330989,0,0,False,False
Aastha Orthopaedic Hospital,Gujarat,Banas kantha,0,24.174051,72.4330989,0,0,False,False
Abha Eyes Hospital,Gujarat,Banas kantha,0,24.174051,72.4330989,0,0,False,False
Aman Phaco Surgery,Gujarat,Banas kantha,0,24.174051,72.4330989,0,0,False,False
"Ashirwad Hospital,Banaskantha",Gujarat,Banas kantha,0,24.174051,72.4330989,0,0,False,False
Astha Orthopaedic and Fracturehospital,Gujarat,Banas kantha,0,24.174051,72.4330989,0,0,False,False
Avm Surgical Hospital,Gujarat,Banas kantha,0,24.174051,72.4330989,0,0,False,False
Bavishi Hospital,Gujarat,Banas kantha,0,24.174051,72.4330989,0,0,False,False
Civil Hospital,Gujarat,Banas kantha,0,24.174051,72.4330989,0,0,False,False
Desai Hospital,Gujarat,Banas kantha,0,21.2041104,72.8412563,0,0,False,False
Dharti Hospital- Palanpur,Gujarat,Banas kantha,0,24.174051,72.4330989,0,0,False,False
Female Hospital,Gujarat,Banas kantha,0,24.174051,72.4330989,0,0,False,False
Guru Orthopeadic Hospital,Gujarat,Banas kantha,0,24.174051,72.4330989,0,0,False,False
Isha Heart and Medical Hospital,Gujarat,Banas kantha,0,24.1717485,72.4350053,0,0,False,False
Jain Children and Surgical Hospital,Gujarat,Banas kantha,0,24.1594553,72.4058875,0,0,False,False
Jay Eye Hospital,Gujarat,Banas kantha,0,21.2049118,72.839214,0,0,False,False
Jeevandeep Children Hospital,Gujarat,Banas kantha,0,24.174051,72.4330989,0,0,False,False
Joshi Hospital - Palanpur,Gujarat,Banas kantha,0,24.1594553,72.4058875,0,0,False,False
Karnavat Sugical Hospital,Gujarat,Banas kantha,0,24.174051,72.4330989,0,0,False,False
Kidney Care Hospital,Gujarat,Banas kantha,0,24.174051,72.4330989,0,0,False,False
Kosha E N T Hospital,Gujarat,Banas kantha,0,24.174051,72.4330989,0,0,False,False
Lions Club Of Charitable Trust,Gujarat,Banas kantha,0,24.159609,72.4326297,0,0,False,False
Mahek Ent Hospital,Gujarat,Banas kantha,0,24.174051,72.4330989,0,0,False,False
Mahesh Eye Hospital,Gujarat,Banas kantha,0,24.174051,72.4330989,0,0,False,False
Meeta Hospital,Gujarat,Banas kantha,0,24.174051,72.4330989,0,0,False,False
Naval Hospital,Gujarat,Banas kantha,0,24.174051,72.4330989,0,0,False,False
Navdeep Hospital,Gujarat,Banas kantha,0,21.2041104,72.8412563,0,0,False,False
Nikhar Surgical Hospital,Gujarat,Banas kantha,0,24.174051,72.4330989,0,0,False,False
Palanpur Female Hospital,Gujarat,Banas kantha,0,24.1721621,72.4372801,0,0,False,False
Parth Orthopaedic Hospital,Gujarat,Banas kantha,0,24.174051,72.4330989,0,0,False,False
Pruthvi Hospital,Gujarat,Banas kantha,0,24.174051,72.4330989,0,0,False,False
Saarthi Surgical Hospital and Endoscopy Centre,Gujarat,Banas kantha,0,24.174051,72.4330989,0,0,False,False
Sagar Orthopaedic Hospital,Gujarat,Banas kantha,0,24.174051,72.4330989,0,0,False,False
Sanghavi Hospital,Gujarat,Banas kantha,0,24.174051,72.4330989,0,0,False,False
Sanjeevani Surgical Hospital,Gujarat,Banas kantha,0,24.174051,72.4330989,0,0,False,False
Shah Heart and Medical Hospital,Gujarat,Banas kantha,0,24.174051,72.4330989,0,0,False,False
Shivam Heart Care Hospital,Gujarat,Banas kantha,0,24.174051,72.4330989,0,0,False,False
Shree Tmsj and Shah Mm Eye Hospital,Gujarat,Banas kantha,0,24.1594553,72.4058875,0,0,False,False
Shubh Jayanti Lions Orthopaedic Hospital,Gujarat,Banas kantha,0,24.159609,72.4326297,0,0,False,False
"Suraj Hospital, Banaskantha",Gujarat,Banas kantha,0,24.174051,72.4330989,0,0,False,False
Sushrut Surgical Hospital,Gujarat,Banas kantha,0,24.174051,72.4330989,0,0,False,False
Unnati E N T Hospital,Gujarat,Banas kantha,0,24.174051,72.4330989,0,0,False,False
Upvan Hospital and Laparoscopy Center,Gujarat,Banas kantha,0,24.174051,72.4330989,0,0,False,False
Usha Surgical Hospital,Gujarat,Banas kantha,0,24.174051,72.4330989,0,0,False,False
Vatsalya Maternity and Gynaec Hospital,Gujarat,Banas kantha,0,24.1717485,72.4350053,0,0,False,False
Zaveri Mangalji Vamalshi Dispensary andShree L.L.Parikh and Shri C.L.Parikh Hospital,Gujarat,Banas kantha,0,24.1721621,72.4372801,0,0,False,False
Zudal Surgical and Gynec Hospital,Gujarat,Banas kantha,0,24.174051,72.4330989,0,0,False,False
Lions Club Of Bhabhar Charitable Trust,Gujarat,Banas kantha,0,24.0703321,71.5990999,0,0,False,False
Eye-Q Super Speciality Eye Hospitals,Gujarat,Bharuch,0,21.7051358,72.9958748,0,0,True,False
Anand Children Hospital,Gujarat,Bharuch,0,19.1651872,72.8466727,0,0,False,False
Ankur Children Hospital,Gujarat,Bharuch,0,28.703577,77.0768908,0,0,False,False
Bharuch Hospital,Gujarat,Bharuch,0,21.7051358,72.9958748,0,0,False,False
Civil Hospital,Gujarat,Bharuch,0,21.706398,72.9902119,0,0,False,False
Dr. Trivedi Eye Hospital,Gujarat,Bharuch,0,19.2437052,72.8515283,0,0,False,False
Holy Cross Hospital,Gujarat,Bharuch,0,28.703577,77.0768908,0,0,False,False
Krishna Hospital,Gujarat,Bharuch,0,21.7780999,72.1396,0,0,False,False
Radhika General Hospital,Gujarat,Bharuch,0,21.6031774,71.2220832,0,0,False,False
Shifa Hospital,Gujarat,Bharuch,0,21.7051358,72.9958748,0,0,False,False
Shree Bhagubhai Mafatlal Hospital,Gujarat,Bharuch,0,21.7022608,72.987248,0,0,False,False
Ayurvedic Sarvjanik Hospital,Gujarat,Bharuch,0,21.7166424,73.0221714,0,0,False,False
Harihar Hospital,Gujarat,Bharuch,0,21.7142143,73.0316727,0,0,False,False
Shri A T Shah Ayur Sarv Hospital,Gujarat,Bharuch,0,21.7142143,73.0316727,0,0,False,False
Shreeji Hospital and Prasuti Gruh,Gujarat,Bharuch,0,22.0532579,72.8013252,0,0,False,False
Welfare Clinic,Gujarat,Bharuch,0,21.7082919,72.9647937,0,0,False,False
Aatman Children Hospital,Gujarat,Bharuch,0,21.6264236,73.0151984,0,0,False,False
Ami Maternity Hospital,Gujarat,Bharuch,0,21.6264236,73.0151984,0,0,False,False
Ankleshwar Sarvajanik Hospital,Gujarat,Bharuch,0,21.6264236,73.0151984,0,0,False,False
Dr. Ajmanis Dave Orthopaedic Hospital,Gujarat,Bharuch,0,21.6294859,72.99441,0,0,False,False
Gandhi Hospital,Gujarat,Bharuch,0,21.6279396,72.997633,0,0,False,False
Kruti Ent Hospital,Gujarat,Bharuch,0,21.6294859,72.99441,0,0,False,False
Mamta Children Hospital,Gujarat,Bharuch,0,21.6331614,73.0199124,0,0,False,False
Mehta Fracture and Orthopaedic Hospital,Gujarat,Bharuch,0,21.6264236,73.0151984,0,0,False,False
Navjeevan Hospital,Gujarat,Bharuch,0,21.6264236,73.0151984,0,0,False,False
Purohit Children Hospital,Gujarat,Bharuch,0,21.6294859,72.99441,0,0,False,False
Shree Rang Childrens Hospital,Gujarat,Bharuch,0,21.6143446,73.0115597,0,0,False,False
Shri Ramlal Lokhandwala Netramandir,Gujarat,Bharuch,0,21.6264236,73.0151984,0,0,False,False
Soni Clinic,Gujarat,Bharuch,0,21.6264236,73.0151984,0,0,False,False
Kaka Ba Hospital,Gujarat,Bharuch,0,24.6559442,72.7758247,0,0,False,False
Kasturba Hospital,Gujarat,Bharuch,0,21.719148,73.1497549,0,0,False,False
Seva Rural Trust Hospital,Gujarat,Bharuch,0,21.719148,73.1497549,0,0,False,False
"Centre For Sight, Bhavnagar",Gujarat,Bhavnagar,0,21.7644725,72.1519304,0,0,True,False
Akshadeep Eye Hospital,Gujarat,Bhavnagar,0,21.7644725,72.1519304,0,0,False,False
Ayushya Cancer Hospital,Gujarat,Bhavnagar,0,21.7684761,72.1427239,0,0,False,False
Bagrangdas Bappa Arogyadham,Gujarat,Bhavnagar,0,21.7644725,72.1519304,0,0,False,False
Chirag Clinic,Gujarat,Bhavnagar,0,21.7644725,72.1519304,0,0,False,False
Dr Balar Hospital,Gujarat,Bhavnagar,0,21.7613983,72.1275438,0,0,False,False
Dr. Ramesh R Virdia,Gujarat,Bhavnagar,0,21.7644725,72.1519304,0,0,False,False
Gajjar Eye Hospital,Gujarat,Bhavnagar,0,21.7553782,72.1485935,0,0,False,False
Jani Meternity Home,Gujarat,Bhavnagar,0,21.7644725,72.1519304,0,0,False,False
Jeegar Hospital - Bhavnagar,Gujarat,Bhavnagar,0,21.7644725,72.1519304,0,0,False,False
Jivandeep Multi - Speciality Surgical Centre,Gujarat,Bhavnagar,0,21.7626,72.1235,0,0,False,False
Matrushree Veerbaima Nursing Home,Gujarat,Bhavnagar,0,21.7644725,72.1519304,0,0,False,False
Nice Children Hospital,Gujarat,Bhavnagar,0,21.7644725,72.1519304,0,0,False,False
Om Ent and Sinus Clinic,Gujarat,Bhavnagar,0,21.7686046,72.1443199,0,0,False,False
Om Shri Ram Mantra Mandir Trust,Gujarat,Bhavnagar,0,21.7430999,72.1448,0,0,False,False
Perfect Lifecare,Gujarat,Bhavnagar,0,21.7684761,72.1427239,0,0,False,False
Ramakrishna Hospital,Gujarat,Bhavnagar,0,21.7684761,72.1427239,0,0,False,False
Shantilal Mohanlal Shah Foundation General Hospital,Gujarat,Bhavnagar,0,21.7691254,72.1591392,0,0,False,False
Shree Ram Nursing Home,Gujarat,Bhavnagar,0,21.7684761,72.1427239,0,0,False,False
Shri Bajrangdas Bapa Arogyadham,Gujarat,Bhavnagar,0,21.7721434,72.1401322,0,0,False,False
Sir T Hospital,Gujarat,Bhavnagar,0,21.7684425,72.1430473,0,0,False,False
Dr Dijesh Shahs Meru Nurshing Home,Gujarat,Bhavnagar,0,21.760944,72.1400859,0,0,False,False
Gadhiya Orthopaedic Hospital,Gujarat,Bhavnagar,0,28.6293579,77.0998342,0,0,False,False
Lakhani Children Hospital,Gujarat,Bhavnagar,0,21.7686046,72.1443199,0,0,False,False
P. N . R. Polio Hospital,Gujarat,Bhavnagar,0,21.7644725,72.1519304,0,0,False,False
Hospital Alang,Gujarat,Bhavnagar,0,21.4142702,72.1682693,0,0,False,False
K J Mehta T B Hospital Trust,Gujarat,Bhavnagar,0,21.7216385,71.957917,0,0,False,False
Shreeji Surgical Hospital,Gujarat,Bhavnagar,0,21.0902399,71.7629895,0,0,False,False
Dr. Amit Shah's Nursing Home,Gujarat,Bhavnagar,0,21.7644725,72.1519304,0,0,False,False
Mansihji Hospital-Palitana,Gujarat,Bhavnagar,0,21.5109255,71.8170773,0,0,False,False
Rasiklal. M. Dhariwal Hospital,Gujarat,Bhavnagar,0,21.5109255,71.8170773,0,0,False,False
Sanghavi Hospital,Gujarat,Bhavnagar,0,21.531819,71.8232224,0,0,False,False
Shri Shatrunjay Hospital Trust,Gujarat,Bhavnagar,0,21.5109255,71.8170773,0,0,False,False
Dholakia Eye Hospital and Laser Center,Gujarat,Bhavnagar,0,21.0915337,71.7637823,0,0,False,False
Nisarg Hospital and Sonography Centre,Gujarat,Bhavnagar,0,22.1814964,71.6487316,0,0,False,False
Anand Hospital,Gujarat,Bhavnagar,0,21.8628046,71.9608808,0,0,False,False
Thakar Surgical Nursing Home,Gujarat,Bhavnagar,0,21.7644725,72.1519304,0,0,False,False
"Government Medical College, Bhavnagar",Gujarat,Bhavnagar,0,21.763636,72.1370682,0,0,True,False
Community Health Centre,Gujarat,Dahod,0,22.8379314,74.2531465,0,0,False,False
Pooja Maternity Home and General Hospital,Gujarat,Dahod,0,22.82708,73.9894679,0,0,False,False
Aditi Eye Hospital,Gujarat,Dahod,0,22.8379314,74.2531465,0,0,False,False
Ashirwad Hospital,Gujarat,Dahod,0,22.8317208,74.2634159,0,0,False,False
Chaitali Children Hospital,Gujarat,Dahod,0,22.8379314,74.2531465,0,0,False,False
Chaturvedi Hospital,Gujarat,Dahod,0,22.8379314,74.2531465,0,0,False,False
Chirayu Hospital,Gujarat,Dahod,0,22.8317208,74.2634159,0,0,False,False
Kaizar Medical Nursing Home,Gujarat,Dahod,0,22.8379314,74.2531465,0,0,False,False
Life Line Hospital,Gujarat,Dahod,0,22.8379314,74.2531465,0,0,False,False
Nayak Hospital,Gujarat,Dahod,0,22.8379314,74.2531465,0,0,False,False
Sahar Homeo Clinic,Gujarat,Dahod,0,22.8379314,74.2531465,0,0,False,False
Shraddha Nursing Home,Gujarat,Dahod,0,22.8379314,74.2531465,0,0,False,False
Singh Hospital,Gujarat,Dahod,0,22.8379314,74.2531465,0,0,False,False
Thakor Hospital,Gujarat,Dahod,0,22.8306673,74.2617903,0,0,False,False
Vardan General Hospital And Prasutigruh,Gujarat,Dahod,0,22.8931574,74.0270745,0,0,False,False
Zainab Nursing Home,Gujarat,Dahod,0,22.8324185,74.2520279,0,0,False,False
Avadh Hospital,Gujarat,Dahod,0,23.0981684,74.1643497,0,0,False,False
Gayatri Hospital,Gujarat,Gandhinagar,0,22.7607109,75.8744981,0,0,False,False
Astha Orthopaedic and Spine Hospital,Gujarat,Gandhinagar,0,23.179819,72.568142,0,0,False,False
Dr Deepak Mehta Surgical Hospital And Nursing Home,Gujarat,Gandhinagar,0,23.2151109,72.6422882,0,0,False,False
Hanumant Super Speciality Hospital,Gujarat,Gandhinagar,0,19.109334,73.004973,0,0,False,False
Navjivan Hospital,Gujarat,Gandhinagar,0,19.109334,73.004973,0,0,False,False
Sharada Medical Nursing Home and Eye Care Pvt. Ltd.,Gujarat,Gandhinagar,0,19.109334,73.004973,0,0,False,False
Shraddhadeep Eye Hospital,Gujarat,Gandhinagar,0,23.2156354,72.6369415,0,0,False,False
Tej Care Center,Gujarat,Gandhinagar,0,23.216719,72.6421769,0,0,False,False
Yashdeep Eye and Child Hospital,Gujarat,Gandhinagar,0,23.2081099,72.6360795,0,0,False,False
Akshar Hospital,Gujarat,Gandhinagar,0,23.2156354,72.6369415,0,0,False,False
Ma Maternity and Surgical Hospital,Gujarat,Gandhinagar,0,23.2156354,72.6369415,0,0,False,False
Sarkari Ayurved Hospital,Gujarat,Gandhinagar,0,23.2350111,72.6579865,0,0,False,False
Sri Sai Bhramarambika Nursing Home,Gujarat,Gandhinagar,0,23.2156354,72.6369415,0,0,False,False
Ela Maternity Hospital,Gujarat,Gandhinagar,0,19.104738,73.006112,0,0,False,False
Ila Maternity Hospital - Gandhinagar,Gujarat,Gandhinagar,0,23.2156354,72.6369415,0,0,False,False
Krishana Hospital,Gujarat,Gandhinagar,0,23.2260728,72.7318827,0,0,False,False
Shree M B Patel Sarwajanik Hospital,Gujarat,Gandhinagar,0,23.2156354,72.6369415,0,0,False,False
Shreeji Fracture and Orthopaedic Hospital,Gujarat,Gandhinagar,0,23.2000739,72.6178623,0,0,False,False
CHC Adalaj,Gujarat,Gandhinagar,0,23.1683667,72.5781545,0,0,False,False
Chandkheda Orth. and Surgical Hospital,Gujarat,Gandhinagar,0,23.1115671,72.5727621,0,0,False,False
CHC Chandkheda,Gujarat,Gandhinagar,0,23.1126977,72.5759444,0,0,False,False
Divyajyot Eye Hospital,Gujarat,Gandhinagar,0,23.1115671,72.5727621,0,0,False,False
Netra Jyoti Eye and Ent Hospital,Gujarat,Gandhinagar,0,23.1092054,72.5915629,0,0,False,False
Shilp E.N.T Clinic and Hospital,Gujarat,Gandhinagar,0,23.1092054,72.5915629,0,0,False,False
Shree Sai Children Hospital,Gujarat,Gandhinagar,0,23.1115671,72.5727621,0,0,False,False
Vijaya Maternity and Surgical Nursing Home,Gujarat,Gandhinagar,0,23.1092054,72.5915629,0,0,False,False
Amrish Oncology Services Pvt Ltd,Gujarat,Gandhinagar,0,12.9363964,77.5843922,0,0,False,False
Sheth N.N Saravajanik Hospital,Gujarat,Gandhinagar,0,23.2156354,72.6369415,0,0,False,False
Harsh Surgical Hospital and Endolaproscopy Center,Gujarat,Gandhinagar,0,23.2352131,72.5048025,0,0,False,False
Jawahar Children Hospital,Gujarat,Gandhinagar,0,22.6087487,73.4622161,0,0,False,False
Kalrav Children Hospital,Gujarat,Gandhinagar,0,22.6087487,73.4622161,0,0,False,False
Kuldeep Maternity and Surgical Hospital,Gujarat,Gandhinagar,0,22.6087487,73.4622161,0,0,False,False
Mahalaxmi General and Eye Hospital,Gujarat,Gandhinagar,0,22.6087487,73.4622161,0,0,False,False
Niral Heart and Medicare and Skin Clinic,Gujarat,Gandhinagar,0,22.6087487,73.4622161,0,0,False,False
Shraddha Hospital,Gujarat,Gandhinagar,0,23.2442263,72.5032897,0,0,False,False
Vatsalya Maternity and Nursing Home,Gujarat,Gandhinagar,0,22.6087487,73.4622161,0,0,False,False
Yash Hospital,Gujarat,Gandhinagar,0,22.6087487,73.4622161,0,0,False,False
"Krishna Hospital, Mota Chiloda",Gujarat,Gandhinagar,0,23.2156354,72.6369415,0,0,False,False
Giants Medical Foundation Apmc Gynac Hospital,Gujarat,Gandhinagar,0,22.133776,73.4137852,0,0,False,False
Parmar's Hospital,Gujarat,Gandhinagar,0,29.9995069,75.3936808,0,0,False,False
Yashasvi Eye Hospital,Gujarat,Gandhinagar,0,23.4349854,72.6565084,0,0,False,False
Lara Hospital,Gujarat,Panchmahal,0,22.7788044,73.6142795,0,0,True,False
M.P. Shah Medical College,Gujarat,Jamnagar,0,22.4826725,70.0585581,0,0,True,False
"Centre For Sight, Jamnagar",Gujarat,Jamnagar,0,22.4707019,70.05773,0,0,True,False
Bhagde Maternity and Nursing Home,Gujarat,Jamnagar,0,22.4707019,70.05773,0,0,False,False
Divya Orthopaedic Clinic,Gujarat,Jamnagar,0,22.4733974,70.0661649,0,0,False,False
Dr Sevak Eye Hospital,Gujarat,Jamnagar,0,22.4831056,70.0320505,0,0,False,False
Dr. Indu - Madhu Medical Centre,Gujarat,Jamnagar,0,28.7265213,77.7815602,0,0,False,False
Gaurav Hospital,Gujarat,Jamnagar,0,22.4707019,70.05773,0,0,False,False
Guru Govindsingh Hospital,Gujarat,Jamnagar,0,22.4707019,70.05773,0,0,False,False
Orthopaedic Hospital,Gujarat,Jamnagar,0,22.4707019,70.05773,0,0,False,False
Rathi Hospital,Gujarat,Jamnagar,0,22.4707019,70.05773,0,0,False,False
Ruparelia Neuro Hospital,Gujarat,Jamnagar,0,22.4733273,70.0653476,0,0,False,False
V S Hospital,Gujarat,Jamnagar,0,22.4707019,70.05773,0,0,False,False
Om Shree Hospital,Gujarat,Jamnagar,0,22.4671707,70.0488254,0,0,False,False
Samarpan General Hospital,Gujarat,Jamnagar,0,22.4707019,70.05773,0,0,False,False
Dodia Hospital,Gujarat,Jamnagar,0,22.4617059,70.065572,0,0,False,False
Kotecha Surgical and Maternity Home,Gujarat,Jamnagar,0,22.4707019,70.05773,0,0,False,False
Oshwal Hospital,Gujarat,Jamnagar,0,22.457549,70.0663884,0,0,False,False
Smt.Maniben Vaghjibhai Shah Oshwal Hospital,Gujarat,Jamnagar,0,22.457549,70.0663884,0,0,False,False
Vikalp Hospital,Gujarat,Jamnagar,0,22.465465,70.0577572,0,0,False,False
Vs Hospital - Jamnagar,Gujarat,Jamnagar,0,30.5234408,75.8820704,0,0,False,False
Ved Surgical Hospital,Gujarat,Jamnagar,0,22.4712736,70.0481741,0,0,False,False
Dr.Keyur J. Baxi,Gujarat,Jamnagar,0,22.4707019,70.05773,0,0,False,False
Uno Children Hospital,Gujarat,Jamnagar,0,22.4707019,70.05773,0,0,False,False
Dhirubhai Aoh and Family Welfare Center,Gujarat,Jamnagar,0,22.3731971,69.8388936,0,0,False,False
Bansi Maternity and Surgical Hospital,Gujarat,Jamnagar,0,22.2052603,69.6587765,0,0,False,False
General Hospital - Jamkhambhalia,Gujarat,Jamnagar,0,22.2052603,69.6587765,0,0,False,False
Kanzaria Heart Care Hospital,Gujarat,Jamnagar,0,22.2052603,69.6587765,0,0,False,False
Thakkar Maternity and General Hospital Sonography Centre,Gujarat,Jamnagar,0,22.2081501,69.6446553,0,0,False,False
Eye Hospital(Rama Charitable Arogyadham),Gujarat,Jamnagar,0,22.2441975,68.9684562,0,0,False,False
Shree Dwarkadhish Hospital,Gujarat,Jamnagar,0,22.2441975,68.9684562,0,0,False,False
Mithapur Hospital,Gujarat,Jamnagar,0,22.4058584,69.0312124,0,0,False,False
Dobariya Children Hospital and N.I.C.U,Gujarat,Junagadh,0,21.522184,70.4578768,0,0,False,False
Doshi Hospital For Women Care,Gujarat,Junagadh,0,21.5226462,70.4551931,0,0,False,False
Dr. Khokhani Eye Hospital,Gujarat,Junagadh,0,18.4983088,73.8134181,0,0,False,False
Dr. M.I. Vaja Hospital,Gujarat,Junagadh,0,21.522184,70.4578768,0,0,False,False
Dr. Maniars Ent Hospital,Gujarat,Junagadh,0,13.0919443,80.2906867,0,0,False,False
Dr. N. M. Lakhani S Hospital,Gujarat,Junagadh,0,21.522184,70.4578768,0,0,False,False
Dr.Dahyabhai Kalaria,Gujarat,Junagadh,0,20.9117889,70.3630409,0,0,False,False
Gajera Orthopadic Hospital,Gujarat,Junagadh,0,21.7771,72.1498,0,0,False,False
Geeta Maternity and Gynaec Surgical Hospital,Gujarat,Junagadh,0,21.522184,70.4578768,0,0,False,False
Karmadeep Hospital,Gujarat,Junagadh,0,21.0555636,70.5294682,0,0,False,False
Lakhani Hospital,Gujarat,Junagadh,0,21.522184,70.4578768,0,0,False,False
Orthopaedic Hospital,Gujarat,Junagadh,0,21.522184,70.4578768,0,0,False,False
Savani Surgical Hospital,Gujarat,Junagadh,0,21.2143906,72.8604312,0,0,False,False
Spandan Children Hospital,Gujarat,Junagadh,0,18.4655611,73.8598476,0,0,False,False
N M Lakhani Hospital,Gujarat,Junagadh,0,21.522184,70.4578768,0,0,False,False
Savaliya Surgical Hospital and Bhakti Maternith Home,Gujarat,Junagadh,0,21.3410369,70.7522299,0,0,False,False
Sangani Hospital,Gujarat,Junagadh,0,21.2997164,70.2492882,0,0,False,False
Madhav Prasutigruh and Surgical Hospital,Gujarat,Junagadh,0,21.522184,70.4578768,0,0,False,False
Shifa Hospital - Mangrol,Gujarat,Junagadh,0,21.1171698,70.1158113,0,0,False,False
Aasha Hospital,Gujarat,Junagadh,0,20.9158979,70.3628516,0,0,False,False
Asha Maternity and Children Hospital,Gujarat,Junagadh,0,20.9158979,70.3628516,0,0,False,False
"Deep Darshan Eyecare Hospital(C/O Dr Thanki""S Eye Hospital)",Gujarat,Junagadh,0,20.9158979,70.3628516,0,0,False,False
Dr. Thanki Eye Hospital,Gujarat,Junagadh,0,20.9158979,70.3628516,0,0,False,False
Madhuram Hospital,Gujarat,Junagadh,0,20.9158979,70.3628516,0,0,False,False
Shivanand Eye Hospital,Gujarat,Junagadh,0,20.9158979,70.3628516,0,0,False,False
Shri Rang Hospital,Gujarat,Junagadh,0,20.9158979,70.3628516,0,0,False,False
Sub District Hospital-Veraval,Gujarat,Junagadh,0,20.9158979,70.3628516,0,0,False,False
Utkarsh Hospital,Gujarat,Junagadh,0,21.522184,70.4578768,0,0,False,False
Jagruti Clinic,Gujarat,Junagadh,0,20.9158979,70.3628516,0,0,False,False
Navchetan Surgical Hospital,Gujarat,Junagadh,0,20.9158979,70.3628516,0,0,False,False
Urvashi Surgical Hospital,Gujarat,Junagadh,0,11.4284649,78.1345598,0,0,False,False
Yashkamal Hospital,Gujarat,Junagadh,0,21.522184,70.4578768,0,0,False,False
Shree R.N.Vala Smarak Trust Sanchalit Hospital. Rnv,Gujarat,Junagadh,0,20.9158979,70.3628516,0,0,False,False
Accord Multi Speciality Hospital,Gujarat,Kachchh,0,23.2143412,69.6512178,0,0,False,False
Arsh Hospital,Gujarat,Kachchh,0,23.2521731,69.6758018,0,0,False,False
Bhanushali Nursing Home,Gujarat,Kachchh,0,23.2419997,69.6669324,0,0,False,False
Chaandu Smruti Chest Hospital,Gujarat,Kachchh,0,23.2434248,69.6726564,0,0,False,False
City Eye Hospital,Gujarat,Kachchh,0,23.2419997,69.6669324,0,0,False,False
Dr.Ganatra Hospital,Gujarat,Kachchh,0,23.2434248,69.6726564,0,0,False,False
Gupta Children Hospital,Gujarat,Kachchh,0,23.2434248,69.6726564,0,0,False,False
Jiya Hospital,Gujarat,Kachchh,0,23.2419997,69.6669324,0,0,False,False
Jiya Hospital,Gujarat,Kachchh,0,23.2434248,69.6726564,0,0,False,False
Kutch Ortho Surge Hospital,Gujarat,Kachchh,0,12.9969395,77.5404847,0,0,False,False
Laxmi Jyot Eye Hospital,Gujarat,Kachchh,0,22.833334,69.3554783,0,0,False,False
Lnm Cruop Lions Hospital and Research Centre,Gujarat,Kachchh,0,23.243674,69.6449153,0,0,False,False
Matrushri Meghbai Premji and Reserach Centre,Gujarat,Kachchh,0,23.2419997,69.6669324,0,0,False,False
Mehta Hospital,Gujarat,Kachchh,0,23.2419997,69.6669324,0,0,False,False
Morabia Hospital,Gujarat,Kachchh,0,23.2491005,69.6747038,0,0,False,False
Nanavaty Hospital,Gujarat,Kachchh,0,23.2419997,69.6669324,0,0,False,False
Navkar Eye Hospital and Laser Phaco Centre,Gujarat,Kachchh,0,23.2419997,69.6669324,0,0,False,False
Om Hospital,Gujarat,Kachchh,0,23.2434248,69.6726564,0,0,False,False
Patel E.N.T. Hospital,Gujarat,Kachchh,0,23.2434248,69.6726564,0,0,False,False
Patel Hospital,Gujarat,Kachchh,0,23.2564812,69.6762411,0,0,False,False
Rao Surgical and Children Hospital,Gujarat,Kachchh,0,23.241104,69.672315,0,0,False,False
Shraddha(Ent) Hospital,Gujarat,Kachchh,0,23.2419997,69.6669324,0,0,False,False
Vishvash Orthopaedic Hospital,Gujarat,Kachchh,0,23.2419997,69.6669324,0,0,False,False
Vivek Surgical Nursing Home,Gujarat,Kachchh,0,23.2419997,69.6669324,0,0,False,False
Anuragh Medical Nursing Home,Gujarat,Kachchh,0,23.0662629,70.13458,0,0,False,False
Dhairya Medical Hospital and Icu Centre,Gujarat,Kachchh,0,23.075297,70.133673,0,0,False,False
Morakhia Medical Nursing Home,Gujarat,Kachchh,0,23.075297,70.133673,0,0,False,False
Omkar Medical Nursing Home,Gujarat,Kachchh,0,23.0709605,70.1292131,0,0,False,False
Patel Hospital,Gujarat,Kachchh,0,23.0655995,70.1264294,0,0,False,False
Pushpanjali Hospital,Gujarat,Kachchh,0,23.071922,70.1515342,0,0,False,False
Shah Orthopaedic and Superspeciality Hospital,Gujarat,Kachchh,0,23.0650001,70.1301625,0,0,False,False
Shivam Eye Care,Gujarat,Kachchh,0,23.075297,70.133673,0,0,False,False
St. Josephs Hospital,Gujarat,Kachchh,0,23.0665251,70.1046474,0,0,False,False
Vora General and Surgical Hospital,Gujarat,Kachchh,0,23.067578,70.129054,0,0,False,False
Hotchandani Orthopaedic Hospital,Gujarat,Kachchh,0,23.068932,70.1303877,0,0,False,False
Shri Sarva Seva Sangh - Kachchh,Gujarat,Kachchh,0,22.8427013,69.7352174,0,0,False,False
Dr Meenu Agarwal Clinic,Gujarat,Kachchh,0,22.833334,69.3554783,0,0,False,False
Dr.Prashant Vasa Eye Hospital,Gujarat,Kachchh,0,22.833334,69.3554783,0,0,False,False
Eye Hospital (Dr.Prashant Vasa),Gujarat,Kachchh,0,22.833334,69.3554783,0,0,False,False
Gauri Hospital - Maternity Home and Sonagraphy Centre,Gujarat,Kachchh,0,22.8334196,69.3555988,0,0,False,False
Harsh I.C.U and Neelam Hospital,Gujarat,Kachchh,0,22.8334196,69.3555988,0,0,False,False
Masoom Child Care,Gujarat,Kachchh,0,22.833334,69.3554783,0,0,False,False
Nutan Vikas Trust,Gujarat,Kachchh,0,22.833334,69.3554783,0,0,False,False
Puspak Hospital,Gujarat,Kachchh,0,22.833334,69.3554783,0,0,False,False
Rana Hospital,Gujarat,Kachchh,0,22.833334,69.3554783,0,0,False,False
Trivedi Hospital,Gujarat,Kachchh,0,29.5598082,73.9658933,0,0,False,False
Rathod Hospital,Gujarat,Kachchh,0,23.2419997,69.6669324,0,0,False,False
Aaradhna Hospital,Gujarat,Kheda,0,22.6865365,72.8698618,0,0,False,False
Aditya Ent Hospital,Gujarat,Kheda,0,22.6752076,72.8688241,0,0,False,False
Amee Joint Replacement and Orthopaedic Hospital,Gujarat,Kheda,0,22.6752076,72.8688241,0,0,False,False
Anjali Hospital,Gujarat,Kheda,0,22.750651,72.6846658,0,0,False,False
Arpita Hospital and Maternity Home,Gujarat,Kheda,0,22.6915853,72.8633635,0,0,False,False
Ashish Medical Nursing Home,Gujarat,Kheda,0,22.6915853,72.8633635,0,0,False,False
D. Z. Patel Cardiology Centre,Gujarat,Kheda,0,22.6826638,72.8781885,0,0,False,False
Ddmm Heart Institute,Gujarat,Kheda,0,22.7001357,72.8485635,0,0,False,False
Dr Jayant Shah Hospital,Gujarat,Kheda,0,22.681839,72.8754141,0,0,False,False
Dr Solanki Hospital,Gujarat,Kheda,0,22.681839,72.8754141,0,0,False,False
Dr. Bhatt Hospital-I.C.U.,Gujarat,Kheda,0,22.6964799,72.8695044,0,0,False,False
Dr. Dinesh Pandhi's New Hospital,Gujarat,Kheda,0,22.6915853,72.8633635,0,0,False,False
Dr. Janki V. Amin,Gujarat,Kheda,0,22.6915853,72.8633635,0,0,False,False
Dr. K. V. Modi,Gujarat,Kheda,0,22.6865365,72.8698618,0,0,False,False
Dr. Nalini Maternity Home,Gujarat,Kheda,0,22.6915853,72.8633635,0,0,False,False
Dr. Sanghvi Maternity Home,Gujarat,Kheda,0,22.6915853,72.8633635,0,0,False,False
E N T Surgical Hospital,Gujarat,Kheda,0,22.6752076,72.8688241,0,0,False,False
Gopal Children Hospital and Neonatal Care Nursery,Gujarat,Kheda,0,22.6915853,72.8633635,0,0,False,False
J.S.Ayurved Mahavidyalaya and P.D.Patel Ayurved Hosp,Gujarat,Kheda,0,22.6826638,72.8781885,0,0,False,False
Kantalaxmi Hospital,Gujarat,Kheda,0,22.6919474,72.8683209,0,0,False,False
Life Support Hospital,Gujarat,Kheda,0,22.6915853,72.8633635,0,0,False,False
Madhu Eye Hospital,Gujarat,Kheda,0,22.6953348,72.8601307,0,0,False,False
Mahagujarat Medical Society,Gujarat,Kheda,0,22.6826638,72.8781885,0,0,False,False
Muljibhai Patel Urological Hospital,Gujarat,Kheda,0,22.6917032,72.8628241,0,0,False,False
Nidhi Hospital,Gujarat,Kheda,0,22.750651,72.6846658,0,0,False,False
Omkar Hospital,Gujarat,Kheda,0,22.6915853,72.8633635,0,0,False,False
Pooja Hospital,Gujarat,Kheda,0,22.6915853,72.8633635,0,0,False,False
Radha Swami Surgical Hospital,Gujarat,Kheda,0,22.6915853,72.8633635,0,0,False,False
Rang-Jyoti Nursing Home,Gujarat,Kheda,0,22.6915853,72.8633635,0,0,False,False
Ranjan Prasuti Gruh,Gujarat,Kheda,0,22.6915853,72.8633635,0,0,False,False
Santvan Psychiatric Nursing Home,Gujarat,Kheda,0,22.6915853,72.8633635,0,0,False,False
Sheth H. J. Mahagujarat Hospital,Gujarat,Kheda,0,22.6826638,72.8781885,0,0,False,False
Shree Santram Ntera Chikitsalay,Gujarat,Kheda,0,22.6857415,72.8659798,0,0,False,False
Shree Vrunda Children Hospital,Gujarat,Kheda,0,22.6915853,72.8633635,0,0,False,False
Shreeji`S Life Support Hospital,Gujarat,Kheda,0,22.6919474,72.8683209,0,0,False,False
Shreenath Hospital,Gujarat,Kheda,0,22.6752076,72.8688241,0,0,False,False
Shubham Hospital,Gujarat,Kheda,0,22.6919474,72.8683209,0,0,False,False
Surbhi Hospital,Gujarat,Kheda,0,22.6915853,72.8633635,0,0,False,False
Tulsi Hospital,Gujarat,Kheda,0,22.750651,72.6846658,0,0,False,False
Urvish Surgical and Eye Hospital,Gujarat,Kheda,0,22.6915853,72.8633635,0,0,False,False
D D M M Institute Of Cardiology,Gujarat,Kheda,0,22.7001357,72.8485635,0,0,False,False
Keya Hospitals,Gujarat,Kheda,0,22.6921892,72.8425277,0,0,False,False
Prarthana Hospital,Gujarat,Kheda,0,22.6921892,72.8425277,0,0,False,False
Sanjay Hospital,Gujarat,Kheda,0,22.693884,72.857104,0,0,False,False
The Methodist Hospital,Gujarat,Kheda,0,22.6915853,72.8633635,0,0,False,False
Bhavsar Hospital,Gujarat,Kheda,0,22.8202422,72.7557763,0,0,False,False
Lucky Hospital,Gujarat,Kheda,0,22.8187034,72.9410302,0,0,False,False
Chc Mahudha,Gujarat,Kheda,0,22.8187034,72.9410302,0,0,False,False
C G General Hospital,Gujarat,Kheda,0,22.6915853,72.8633635,0,0,False,False
Arpan Hospital,Gujarat,Kheda,0,23.0263517,72.5819013,0,0,False,False
Sarvoday Hospital,Gujarat,Kheda,0,22.9532413,73.3325516,0,0,False,False
Gayatri Hospital,Gujarat,Kheda,0,22.7065366,72.6594646,0,0,False,False
Sainath Hospital,Gujarat,Kheda,0,22.750651,72.6846658,0,0,False,False
Chaturbhai Gangadas General Hospital,Gujarat,Kheda,0,22.6915853,72.8633635,0,0,False,False
Annapurna Hospital - Kapadwanj,Gujarat,Kheda,0,23.0214669,73.068096,0,0,False,False
Jeevandeep Nursing Home,Gujarat,Kheda,0,23.0230183,73.0698191,0,0,False,False
Kothari Orthopaedic Hospital,Gujarat,Kheda,0,23.0200163,73.0700421,0,0,False,False
Chc Kathlal,Gujarat,Kheda,0,22.9003143,72.9911677,0,0,False,False
Mangla Maternity Home,Gujarat,Kheda,0,22.9003143,72.9911677,0,0,False,False
Om Maternity and Nursing Home,Gujarat,Kheda,0,22.9003143,72.9911677,0,0,False,False
Shrey Lifecare Private Limited,Gujarat,Kheda,0,22.9003143,72.9911677,0,0,False,False
Vallabh Surgical Hospital And X-Ray Clinic,Gujarat,Kheda,0,22.9003143,72.9911677,0,0,False,False
Reejay Children Hospital,Gujarat,Kheda,0,22.7511706,73.1522704,0,0,False,False
Sonaba Hospital and Sadaba Nursing Home,Gujarat,Kheda,0,22.9532413,73.3325516,0,0,False,False
Chc Balasinor,Gujarat,Kheda,0,22.9532413,73.3325516,0,0,False,False
Kacheria Mojilal Gordhandas General Hospital,Gujarat,Kheda,0,22.9532413,73.3325516,0,0,False,False
Kmg General Hospital,Gujarat,Kheda,0,22.9532413,73.3325516,0,0,False,False
Mahagujarat Hospital and Maternity Home,Gujarat,Kheda,0,22.750651,72.6846658,0,0,False,False
Meena Hospital,Gujarat,Kheda,0,22.9435925,73.3364683,0,0,False,False
PHC Jagudan,Gujarat,Mahesana,0,23.5155199,72.4035294,0,0,False,False
Asharafi Dispensary,Gujarat,Mahesana,0,23.29785,72.3310025,0,0,False,False
Bhagyoday General Hospital,Gujarat,Mahesana,0,23.2941265,72.3278978,0,0,False,False
Jivandeep Orthopaedic Hospital,Gujarat,Mahesana,0,23.29785,72.3310025,0,0,False,False
PHC Ambaliyasan,Gujarat,Mahesana,0,23.4513309,72.4228556,0,0,False,False
Divyjeevan Medical Hospital,Gujarat,Mahesana,0,23.0249514,72.6729322,0,0,False,False
Pramukh Swami Surgical Hospital,Gujarat,Mahesana,0,23.4611746,72.5582331,0,0,False,False
Suraj Clinic,Gujarat,Mahesana,0,23.5472626,72.6164724,0,0,False,False
Dhanvidhya Hospital,Gujarat,Mahesana,0,23.6977038,72.5382293,0,0,False,False
Divya Jyot Eye Hospital,Gujarat,Mahesana,0,23.5648329,72.749059,0,0,False,False
Hari Krupa Surgical Hospital,Gujarat,Mahesana,0,23.5702742,72.7402228,0,0,False,False
Parnasha Surgical Hospital,Gujarat,Mahesana,0,23.5609405,72.7510921,0,0,False,False
Swami Ramanand Saraswati T B Clinic and General Hos,Gujarat,Mahesana,0,23.5609405,72.7510921,0,0,False,False
Dr. Jesangbhai F. Chaudhari,Gujarat,Mahesana,0,23.5879607,72.3693252,0,0,False,False
PHC Kansarakui,Gujarat,Mahesana,0,23.6977038,72.5382293,0,0,False,False
Preeti Clinic,Gujarat,Mahesana,0,23.5879607,72.3693252,0,0,False,False
Raval Eye Hospital,Gujarat,Mahesana,0,23.5879607,72.3693252,0,0,False,False
Aditya Children Hospital,Gujarat,Mahesana,0,23.5934102,72.3790776,0,0,False,False
Ashirwad Children Hospital and Neonatal Care Centre,Gujarat,Mahesana,0,23.5879607,72.3693252,0,0,False,False
Balaji Gastroenterlogy Hospital,Gujarat,Mahesana,0,12.9360912,77.6137888,0,0,False,False
Doctor House,Gujarat,Mahesana,0,23.6090066,72.3857558,0,0,False,False
G K Orthopaedic Hospital,Gujarat,Mahesana,0,18.5643075,73.8836207,0,0,False,False
Krishna Eye Hospital,Gujarat,Mahesana,0,28.7222501,77.1753112,0,0,False,False
Liones General Hospital,Gujarat,Mahesana,0,23.6090066,72.3857558,0,0,False,False
Majmundar Surgical Hospital,Gujarat,Mahesana,0,23.6090066,72.3857558,0,0,False,False
Paliba Hospital,Gujarat,Mahesana,0,23.5857334,72.3805212,0,0,False,False
Sai Krishna Hi Tech Hospital and Research Institute,Gujarat,Mahesana,0,23.6110353,72.3740287,0,0,False,False
Upasna Kidney Hospital,Gujarat,Mahesana,0,23.6065004,72.3854174,0,0,False,False
PHC Bamosna,Gujarat,Mahesana,0,23.5879607,72.3693252,0,0,False,False
Chc Kahoda,Gujarat,Mahesana,0,23.8860401,72.4391293,0,0,False,False
"Cottage Hospital, Unjha",Gujarat,Mahesana,0,23.805569,72.3856814,0,0,False,False
Dr. P.T.Patel,Gujarat,Mahesana,0,23.5879607,72.3693252,0,0,False,False
Niyati Clinic,Gujarat,Mahesana,0,23.5879607,72.3693252,0,0,False,False
Santokba Hospital,Gujarat,Mahesana,0,23.8010155,72.3863105,0,0,False,False
Vardan Hospital,Gujarat,Mahesana,0,22.7132859,75.8651124,0,0,False,False
PHC Panchha,Gujarat,Mahesana,0,23.8852929,72.6189503,0,0,False,False
PHC Kharavada,Gujarat,Mahesana,0,23.6977038,72.5382293,0,0,False,False
PHC Valam,Gujarat,Mahesana,0,23.6977038,72.5382293,0,0,False,False
Aakash Eye Hospital,Gujarat,Mahesana,0,23.6977038,72.5382293,0,0,False,False
Aesha Hospital,Gujarat,Mahesana,0,23.6977038,72.5382293,0,0,False,False
Ami Hospital,Gujarat,Mahesana,0,23.701892,72.5420139,0,0,False,False
Arni Hospital,Gujarat,Mahesana,0,23.6977038,72.5382293,0,0,False,False
Dr. Dahyabhai Patel Clinic,Gujarat,Mahesana,0,23.695974,72.5419263,0,0,False,False
Drashti Eye Hospital,Gujarat,Mahesana,0,23.6977038,72.5382293,0,0,False,False
Gokul Orthopaedic Hospital,Gujarat,Mahesana,0,23.6977038,72.5382293,0,0,False,False
Hetal Heart Hospital,Gujarat,Mahesana,0,23.615513,72.3917171,0,0,False,False
Jivanyog Nursing Home,Gujarat,Mahesana,0,23.6977038,72.5382293,0,0,False,False
Jyoti Hospital,Gujarat,Mahesana,0,23.6977038,72.5382293,0,0,False,False
Krishna Surgical Hospital,Gujarat,Mahesana,0,23.6977038,72.5382293,0,0,False,False
Navjivan Hospital,Gujarat,Mahesana,0,23.6977038,72.5382293,0,0,False,False
Navnidhi Endoscopy Hospital,Gujarat,Mahesana,0,23.6977038,72.5382293,0,0,False,False
PHC Gothava,Gujarat,Mahesana,0,23.6977038,72.5382293,0,0,False,False
Sanjeevani Hospital,Gujarat,Mahesana,0,23.6977038,72.5382293,0,0,False,False
Sanjivini Charitable Trust and Aapi Hospital,Gujarat,Mahesana,0,23.695974,72.5419263,0,0,False,False
Sharda Nurshing Home,Gujarat,Mahesana,0,23.6977038,72.5382293,0,0,False,False
Siddhi Ent Hospital,Gujarat,Mahesana,0,23.6977038,72.5382293,0,0,False,False
"Sub District Hospital, Visnagar",Gujarat,Mahesana,0,23.6977038,72.5382293,0,0,False,False
Swastik Orthopadic Hospital,Gujarat,Mahesana,0,23.4794217,72.5642411,0,0,False,False
Uma Children Hospital,Gujarat,Mahesana,0,23.6977038,72.5382293,0,0,False,False
Vatsal Children Hospital and Jugal Neonatal Nursery,Gujarat,Mahesana,0,23.6977038,72.5382293,0,0,False,False
PHC Denap,Gujarat,Mahesana,0,23.6977038,72.5382293,0,0,False,False
PHC Umta,Gujarat,Mahesana,0,23.6977038,72.5382293,0,0,False,False
Alka Hospital and Sonography Clinic,Gujarat,Mahesana,0,23.8852929,72.6189503,0,0,False,False
Apoorva Clinic,Gujarat,Mahesana,0,23.8852929,72.6189503,0,0,False,False
Chc Kheralu,Gujarat,Mahesana,0,23.8852929,72.6189503,0,0,False,False
Jatan Children Hospital,Gujarat,Mahesana,0,23.8852929,72.6189503,0,0,False,False
PHC Dabhoda,Gujarat,Mahesana,0,23.8852929,72.6189503,0,0,False,False
Vishvas Dental Care,Gujarat,Mahesana,0,23.8852929,72.6189503,0,0,False,False
Smt Hiraben A Shah General Hospital,Gujarat,Mahesana,0,23.5879607,72.3693252,0,0,False,False
Smt. Hiraben A. Shah General Hospital,Gujarat,Mahesana,0,24.0274762,72.7897094,0,0,False,False
Bhavana Hospital,Gujarat,Mahesana,0,23.7757259,72.6165643,0,0,False,False
Chc Vadnagar,Gujarat,Mahesana,0,23.7757259,72.6165643,0,0,False,False
Dr. Janyantibhai N. Patel,Gujarat,Mahesana,0,23.7757259,72.6165643,0,0,False,False
Neel Surgical Hospital For Children,Gujarat,Mahesana,0,23.0946653,74.1534386,0,0,False,False
Sardar Patel Ganral Hospital,Gujarat,Mahesana,0,23.7757259,72.6165643,0,0,False,False
Vasant Prabha Hospital,Gujarat,Mahesana,0,23.7757259,72.6165643,0,0,False,False
Neeti Nursing Home,Gujarat,Narmada,0,22.2948272,70.7821183,0,0,False,False
Sapan Hospital,Gujarat,Narmada,0,22.3022684,73.1994632,0,0,False,False
General Hospital,Gujarat,Narmada,0,21.8715143,73.5030517,0,0,False,False
Mehta Hospital,Gujarat,Narmada,0,21.8715143,73.5030517,0,0,False,False
Rajpipla Public Hospital,Gujarat,Narmada,0,21.8699113,73.5028274,0,0,False,False
Shree Vijay Surgical and Maternity Hospital,Gujarat,Narmada,0,21.8715143,73.5030517,0,0,False,False
Usha Maternity and Surgical Hospital,Gujarat,Narmada,0,21.8699113,73.5028274,0,0,False,False
Chc Waghai,Gujarat,Navsari,0,20.7737289,73.4975656,0,0,False,False
Shri Om Sairam Clinic,Gujarat,Navsari,0,20.7737289,73.4975656,0,0,False,False
Adarsh Hospital,Gujarat,Navsari,0,20.763852,72.972648,0,0,False,False
Atrik Hospital,Gujarat,Navsari,0,20.7690264,72.9777738,0,0,False,False
New Atrik Hospital,Gujarat,Navsari,0,20.7690264,72.9777738,0,0,False,False
Snehal Hospital,Gujarat,Navsari,0,20.7690264,72.9777738,0,0,False,False
Vidya Nursing Home,Gujarat,Navsari,0,20.7715283,72.9710944,0,0,False,False
Vivek Nursing Home,Gujarat,Navsari,0,20.7496922,73.0604504,0,0,False,False
Chc - Chikkali,Gujarat,Navsari,0,20.9467019,72.9520348,0,0,False,False
Amardeep Eye Hospital,Gujarat,Navsari,0,20.363429,72.9212189,0,0,False,False
Chc - Rumla,Gujarat,Navsari,0,20.9467019,72.9520348,0,0,False,False
Chc - Gandevi,Gujarat,Navsari,0,20.8098896,72.9959595,0,0,False,False
S K U M L Gandevi Sarvajanik Hospital,Gujarat,Navsari,0,20.9409433,72.9700556,0,0,False,False
"Sahkari Khand Udyog Mandal Ltd, (Gandevi) Sarvajanik Hospital, Kharel",Gujarat,Navsari,0,20.9467019,72.9520348,0,0,False,False
Chc - Khadsupa,Gujarat,Navsari,0,20.9467019,72.9520348,0,0,False,False
Chc - Maroli,Gujarat,Navsari,0,20.913777,72.832216,0,0,False,False
Aashirwad Eye Hospital and Laser Center,Gujarat,Navsari,0,20.9413908,72.9386745,0,0,False,False
Aliepol Hospital,Gujarat,Navsari,0,20.9467019,72.9520348,0,0,False,False
Anand Hosptal,Gujarat,Navsari,0,20.949916,72.9191071,0,0,False,False
Aradhana Hospital,Gujarat,Navsari,0,20.949916,72.9191071,0,0,False,False
Bodalia Hospital,Gujarat,Navsari,0,20.9536338,72.9378824,0,0,False,False
Civil - Navsari,Gujarat,Navsari,0,20.9467019,72.9520348,0,0,False,False
D N Mehta Sarvajanik Hospital,Gujarat,Navsari,0,20.9463302,72.9356918,0,0,False,False
Dr. Rana Nursing Home,Gujarat,Navsari,0,10.4570945,77.5214325,0,0,False,False
Jay Kishan Hospital,Gujarat,Navsari,0,20.9467019,72.9520348,0,0,False,False
Narayan Medical Nursing Home,Gujarat,Navsari,0,16.8551,74.572,0,0,False,False
Parmar Ortho. Hospital,Gujarat,Navsari,0,20.9467019,72.9520348,0,0,False,False
Ramaben Hospital,Gujarat,Navsari,0,20.9467019,72.9520348,0,0,False,False
Smt Lilaben Chimanlal Parikh Cancer Centre,Gujarat,Navsari,0,20.611587,72.9288049,0,0,False,False
Yashfeen Hospital,Gujarat,Navsari,0,21.0367407,72.9508549,0,0,False,False
Chc - Mandir,Gujarat,Navsari,0,20.913777,72.832216,0,0,False,False
Amrutlal Desai Hospital,Gujarat,Navsari,0,20.947685,72.9024348,0,0,False,False
Chc - Vasada,Gujarat,Navsari,0,20.9467019,72.9520348,0,0,False,False
Sooraj Hospital,Gujarat,Navsari,0,20.7744629,73.3607258,0,0,False,False
Suraj Hospital,Gujarat,Navsari,0,20.7744629,73.3607258,0,0,False,False
Udit Hospital and I.C.U.,Gujarat,Navsari,0,20.7579323,73.3640381,0,0,False,False
Valsad Civil Hospital,Gujarat,Navsari,0,20.9467019,72.9520348,0,0,False,False
Alwani Surgical Hospital,Gujarat,Panchmahal,0,22.7788044,73.6142795,0,0,False,False
Bhagyoday Surgical Hospital,Gujarat,Panchmahal,0,22.7788044,73.6142795,0,0,False,False
Bhavsar Surgical Hospital,Gujarat,Panchmahal,0,22.7788044,73.6142795,0,0,False,False
Burhani Maternity Home,Gujarat,Panchmahal,0,22.7739862,73.620693,0,0,False,False
Chirag Eye Hospital,Gujarat,Panchmahal,0,22.7602938,73.6494671,0,0,False,False
Diwya Surgical Hospital,Gujarat,Panchmahal,0,22.7743861,73.6200714,0,0,False,False
Dr. Millwala Children Hospital,Gujarat,Panchmahal,0,22.7788044,73.6142795,0,0,False,False
Fakhri Hospital and Heart Care Centre,Gujarat,Panchmahal,0,22.7788044,73.6142795,0,0,False,False
Juva Orthopaedic Hospital,Gujarat,Panchmahal,0,22.7739862,73.620693,0,0,False,False
Kalpataru Surgical Hospital,Gujarat,Panchmahal,0,22.7788044,73.6142795,0,0,False,False
Kalrav Children Hospital,Gujarat,Panchmahal,0,22.7788044,73.6142795,0,0,False,False
Kamodia Surgical Hospital And Dental Clinic,Gujarat,Panchmahal,0,22.7693277,73.621316,0,0,False,False
Lara Mother Health Care Centre,Gujarat,Panchmahal,0,22.6766874,73.4077076,0,0,False,False
Life Line Polyclinic And Hospital - Godhra,Gujarat,Panchmahal,0,22.3036173,73.2081559,0,0,False,False
Masoom Children Hospital,Gujarat,Panchmahal,0,22.7788044,73.6142795,0,0,False,False
Medical Nursing Home and Heart Care Centre,Gujarat,Panchmahal,0,22.7788044,73.6142795,0,0,False,False
Mental Health and Deaddiction Clinic,Gujarat,Panchmahal,0,22.7788044,73.6142795,0,0,False,False
Mithiborwala Hospital and Heart Care Centre,Gujarat,Panchmahal,0,22.7788044,73.6142795,0,0,False,False
Nulife Hospital And Critical Care Centre,Gujarat,Panchmahal,0,22.7788044,73.6142795,0,0,False,False
Panchal Hospital,Gujarat,Panchmahal,0,21.6264236,73.0151984,0,0,False,False
Prarthna Nagar Maternity Home,Gujarat,Panchmahal,0,22.7788044,73.6142795,0,0,False,False
Roshni Eye Care Centre,Gujarat,Panchmahal,0,22.7788044,73.6142795,0,0,False,False
S. P. P. T. Mirani Eye Hospital,Gujarat,Panchmahal,0,22.7844189,73.6704673,0,0,False,False
Sagar Hospital,Gujarat,Panchmahal,0,22.7788044,73.6142795,0,0,False,False
Sanjivani Children Hospital,Gujarat,Panchmahal,0,22.7735669,73.6205058,0,0,False,False
Sara Mother and Child Health Care Centre,Gujarat,Panchmahal,0,22.7788044,73.6142795,0,0,False,False
Sarvjanik Prasutigruh,Gujarat,Panchmahal,0,22.7788044,73.6142795,0,0,False,False
Sevashram Hospital,Gujarat,Panchmahal,0,22.7683667,73.6213318,0,0,False,False
Shardamangalam Hospital,Gujarat,Panchmahal,0,22.7788044,73.6142795,0,0,False,False
Shivam Hospital For Cardio Neuro Care,Gujarat,Panchmahal,0,22.7788044,73.6142795,0,0,False,False
Sudershan Hospital,Gujarat,Panchmahal,0,22.7788044,73.6142795,0,0,False,False
Sarvoday Hospital,Gujarat,Panchmahal,0,23.0234765,73.529964,0,0,False,False
Akash Surgical Hospital,Gujarat,Panchmahal,0,23.1264049,73.6059702,0,0,False,False
Bhagat Hospital,Gujarat,Panchmahal,0,22.3071588,73.1812187,0,0,False,False
Sameer Surgical Ghospital,Gujarat,Panchmahal,0,23.1332572,73.6160745,0,0,False,False
Chc Santrampur,Gujarat,Panchmahal,0,23.1908041,73.8962994,0,0,False,False
Modi Surgical Hospital and Nursing Home,Gujarat,Panchmahal,0,23.1908041,73.8962994,0,0,False,False
Parasmani Hospital,Gujarat,Panchmahal,0,23.1908041,73.8962994,0,0,False,False
Priyal Hospital,Gujarat,Panchmahal,0,23.1908041,73.8962994,0,0,False,False
Shraddha Maternity and Nursing Hospital,Gujarat,Panchmahal,0,23.1908041,73.8962994,0,0,False,False
Chc Kalol,Gujarat,Panchmahal,0,22.6087487,73.4622161,0,0,False,False
Laxmi Prusuti Gruh and Nursing Home,Gujarat,Panchmahal,0,22.6087487,73.4622161,0,0,False,False
Navinchandra Mafatlal Medical Trust,Gujarat,Panchmahal,0,23.0263517,72.5819013,0,0,False,False
Pooja Children Hospital,Gujarat,Panchmahal,0,22.6087487,73.4622161,0,0,False,False
Radha Gopi Maternity Hospital,Gujarat,Panchmahal,0,22.6087487,73.4622161,0,0,False,False
Supeda Surgical and Maternity Hospital,Gujarat,Panchmahal,0,22.6087487,73.4622161,0,0,False,False
K.S.Sheth Sarvajanik Prasutigruh P.M.Parikh Gener,Gujarat,Panchmahal,0,22.5063722,73.4718525,0,0,False,False
Malay Medical and Heart Hospital,Gujarat,Panchmahal,0,22.5063722,73.4718525,0,0,False,False
Rachana Medical Nursing Home,Gujarat,Panchmahal,0,22.7693517,73.6360315,0,0,False,False
Dr Rajesh R Bhargava Nursing Home,Gujarat,Patan,0,23.9196207,72.3668366,0,0,False,False
Shriji Medical And Heart Hospital,Gujarat,Patan,0,23.9196207,72.3668366,0,0,False,False
Sonam Hospital and Urology Centre,Gujarat,Patan,0,23.9196207,72.3668366,0,0,False,False
Chc-Chanasma,Gujarat,Patan,0,23.7192097,72.1090303,0,0,False,False
Dev Orthopaedic Hospital,Gujarat,Patan,0,19.8875183,75.3156324,0,0,False,False
Hiraba Medical and Heart Hospital,Gujarat,Patan,0,17.0520103,79.2849121,0,0,False,False
Matoshree Polyclinic Pvt Ltd,Gujarat,Patan,0,23.0262685,72.5916802,0,0,False,False
Arbuda Maternity and Surgical Hospital,Gujarat,Patan,0,23.8286354,71.6139348,0,0,False,False
Chc-Varahi,Gujarat,Patan,0,23.7630716,71.1671315,0,0,False,False
Anand Surgical and Meternity Hospital,Gujarat,Porbandar,0,21.6417069,69.6292654,0,0,False,False
Arpan Maternity Hospital,Gujarat,Porbandar,0,21.6412697,69.6136479,0,0,False,False
Civil Hospital(Bhavsinhji Hospital),Gujarat,Porbandar,0,22.7111427,75.882231,0,0,False,False
Dr B G Parwani Nursing Home,Gujarat,Porbandar,0,21.6417069,69.6292654,0,0,False,False
Dr Jadav Children Hospital,Gujarat,Porbandar,0,21.6417069,69.6292654,0,0,False,False
Manan Maternity Home,Gujarat,Porbandar,0,21.6417069,69.6292654,0,0,False,False
Sagun Hospital,Gujarat,Porbandar,0,21.6417069,69.6292654,0,0,False,False
Shree Morarji Kheraj Thakrar Orthopaedic Hospital,Gujarat,Porbandar,0,21.6417069,69.6292654,0,0,False,False
Shrey Hospital and Icu,Gujarat,Porbandar,0,21.6412697,69.6136479,0,0,False,False
Aaruni Hospital Pvt Ltd,Gujarat,Rajkot,0,22.2892287,70.7767843,0,0,False,False
Accident Fracture Hospital,Gujarat,Rajkot,0,22.3104626,70.8205503,0,0,False,False
Aishwarya Cancer Hospital,Gujarat,Rajkot,0,22.2835458,70.7805507,0,0,False,False
Ayush Hospital,Gujarat,Rajkot,0,22.3038945,70.8021599,0,0,False,False
Bhatt Eye Hospital,Gujarat,Rajkot,0,22.287913,70.7909256,0,0,False,False
Darshan Eye Care Centre,Gujarat,Rajkot,0,22.2888967,70.7992173,0,0,False,False
Darshan Eye Hospital,Gujarat,Rajkot,0,22.3038945,70.8021599,0,0,False,False
Dashashrimali Vanik Mahajan Hospital,Gujarat,Rajkot,0,22.2988464,70.8082789,0,0,False,False
Dastur Hospital,Gujarat,Rajkot,0,22.2936308,70.7918496,0,0,False,False
Divine Helth Care Centre,Gujarat,Rajkot,0,22.2906498,70.7981329,0,0,False,False
Dr. Mody Hospital,Gujarat,Rajkot,0,22.3038945,70.8021599,0,0,False,False
Dr. Nirbhay Shah Joint Replacement Fellow,Gujarat,Rajkot,0,22.3038945,70.8021599,0,0,False,False
Dr. Swami I.P,Gujarat,Rajkot,0,22.3038945,70.8021599,0,0,False,False
Dr.Dholakia Orthopaedic Hospital,Gujarat,Rajkot,0,22.2880314,70.795218,0,0,False,False
Gaurav Accident - Fracture Hospital andResearch Inst,Gujarat,Rajkot,0,22.3038945,70.8021599,0,0,False,False
Gokul Hospital And Trauma Centre,Gujarat,Rajkot,0,22.3038945,70.8021599,0,0,False,False
Jain Hospital,Gujarat,Rajkot,0,22.3038945,70.8021599,0,0,False,False
Jethwani Hospital,Gujarat,Rajkot,0,22.3108082,70.8008461,0,0,False,False
Jolly Maternity Hospital,Gujarat,Rajkot,0,22.2975829,70.7827338,0,0,False,False
Kalindi Hospital,Gujarat,Rajkot,0,22.3038945,70.8021599,0,0,False,False
Keshubhai Mehta Eye Hospital,Gujarat,Rajkot,0,22.3038945,70.8021599,0,0,False,False
Kirti Hospital,Gujarat,Rajkot,0,22.2996861,70.7787619,0,0,False,False
Nakshatra Children Hospital,Gujarat,Rajkot,0,22.276491,70.8002882,0,0,False,False
Naman Neurosurgical Nursing Home,Gujarat,Rajkot,0,22.2880314,70.795218,0,0,False,False
Nitya Children Hospital,Gujarat,Rajkot,0,22.2892287,70.7767843,0,0,False,False
Pandya Ent Hospital,Gujarat,Rajkot,0,22.3038945,70.8021599,0,0,False,False
Pandya Neuro Centre,Gujarat,Rajkot,0,22.3038945,70.8021599,0,0,False,False
Pooja Surgical Hospital,Gujarat,Rajkot,0,22.3038945,70.8021599,0,0,False,False
Radia Hospital,Gujarat,Rajkot,0,22.2921311,70.7814087,0,0,False,False
Rana Hospital - Bhuj,Gujarat,Rajkot,0,23.2344192,69.6579311,0,0,False,False
Ratnam Hospital,Gujarat,Rajkot,0,22.3038945,70.8021599,0,0,False,False
Retina Hospital,Gujarat,Rajkot,0,22.3013432,70.7677375,0,0,False,False
Samanvay Hospital,Gujarat,Rajkot,0,22.3038945,70.8021599,0,0,False,False
Satnam Child Care,Gujarat,Rajkot,0,22.2862569,70.7720196,0,0,False,False
Savjiani Medico Pvt. Ltd. (Darshan Eye Care Clinic and Phaco Centre),Gujarat,Rajkot,0,22.2888967,70.7992173,0,0,False,False
Shanti Nursing Home Maternity Centre,Gujarat,Rajkot,0,21.0889358,71.7623632,0,0,False,False
Shiv Hospital,Gujarat,Rajkot,0,22.2899674,70.8039826,0,0,False,False
Shivalik Hospital Neuro Spine and Gynec Center,Gujarat,Rajkot,0,22.3038945,70.8021599,0,0,False,False
Shree G.T. Sheth Orthopaedic Hospital,Gujarat,Rajkot,0,22.3038945,70.8021599,0,0,False,False
Shree Padmakunverba Hospital,Gujarat,Rajkot,0,22.2930756,70.8023791,0,0,False,False
Siddhi Orthopaedic Hospital,Gujarat,Rajkot,0,22.3038945,70.8021599,0,0,False,False
Sojitra Maternit Home and Sonography Clinic,Gujarat,Rajkot,0,21.7371125,70.2775479,0,0,False,False
Swastik Surgical Hospital and Dental Clinic,Gujarat,Rajkot,0,22.2912269,70.7973321,0,0,False,False
Tejas Maternity andSurgical Nursing Home,Gujarat,Rajkot,0,22.3038945,70.8021599,0,0,False,False
Thanky Hospital,Gujarat,Rajkot,0,22.2936308,70.7918496,0,0,False,False
The Rathod Hospital,Gujarat,Rajkot,0,22.301611,70.7983695,0,0,False,False
Uro Care Hospital,Gujarat,Rajkot,0,22.3038945,70.8021599,0,0,False,False
Vijay Vachhrajani Memorial Hospital,Gujarat,Rajkot,0,22.2952356,70.7904399,0,0,False,False
Agrwal Eye Clinic Madhuram Hospital,Gujarat,Rajkot,0,22.2789455,70.8002569,0,0,False,False
Angel Maternity and Surgical Hospital,Gujarat,Rajkot,0,22.2667605,70.8090222,0,0,False,False
Dhruva Eye Hospital,Gujarat,Rajkot,0,22.2901202,70.7983502,0,0,False,False
Dr. Vivek Joshi`S Urological Hospital and Dialysis,Gujarat,Rajkot,0,22.2880437,70.7967942,0,0,False,False
Gadre Eye Care Centre,Gujarat,Rajkot,0,22.2866421,70.7919486,0,0,False,False
Mangalam Hospital Maternity Home And Surgical Hos,Gujarat,Rajkot,0,22.2985697,70.8008335,0,0,False,False
Nano Maternity Home,Gujarat,Rajkot,0,22.2586078,70.798323,0,0,False,False
Parth Hospital,Gujarat,Rajkot,0,22.2901202,70.7983502,0,0,False,False
Sadbhavna Surgical Hospital,Gujarat,Rajkot,0,22.2877564,70.7961246,0,0,False,False
Samarpan Hospital,Gujarat,Rajkot,0,22.3038945,70.8021599,0,0,False,False
Sankalp Hospital,Gujarat,Rajkot,0,22.3139806,70.7880509,0,0,False,False
Sarvottam Surgical Hospital,Gujarat,Rajkot,0,22.3038945,70.8021599,0,0,False,False
Shivani Hospital,Gujarat,Rajkot,0,22.276491,70.8002882,0,0,False,False
Shree Gokul Critical Care Unit and Hospital,Gujarat,Rajkot,0,22.3038945,70.8021599,0,0,False,False
Shree Raj Hospital,Gujarat,Rajkot,0,22.2747087,70.8044036,0,0,False,False
Shreyas Hospital,Gujarat,Rajkot,0,22.2880314,70.795218,0,0,False,False
Subham Hospital,Gujarat,Rajkot,0,22.3038945,70.8021599,0,0,False,False
Surabhi Hospital,Gujarat,Rajkot,0,22.3038945,70.8021599,0,0,False,False
Swapn Healthcare Hospitals Pvt Ltd,Gujarat,Rajkot,0,22.3030103,70.8952337,0,0,False,False
Swari Ent Hospital,Gujarat,Rajkot,0,22.3136189,70.8195703,0,0,False,False
Dhakaan Multi Super Speciality Hospital,Gujarat,Rajkot,0,22.3182429,70.8373566,0,0,False,False
Shreeji Hospital,Gujarat,Rajkot,0,22.2953669,70.7768789,0,0,False,False
Ashirwad Hospital,Gujarat,Rajkot,0,22.3038945,70.8021599,0,0,False,False
H. J Doshi Sarvajanik Hospital And Medical Resear,Gujarat,Rajkot,0,22.2667609,70.799588,0,0,False,False
Harilal Jechand Doshi Sarvajanik HospitalandMedical,Gujarat,Rajkot,0,22.2667609,70.799588,0,0,False,False
Panchmukhi Hospital,Gujarat,Rajkot,0,22.3038945,70.8021599,0,0,False,False
Raghuveer Hospital,Gujarat,Rajkot,0,22.3038945,70.8021599,0,0,False,False
S.S. Shree Dharmajivandasji Hospital,Gujarat,Rajkot,0,21.6540877,70.9779346,0,0,False,False
Shri Swaminarayan Gurukul Hospital,Gujarat,Rajkot,0,22.3038945,70.8021599,0,0,False,False
Arpan Maternity and Medical Nursing Home,Gujarat,Rajkot,0,21.1813252,72.833554,0,0,False,False
Sahyog Hospital Pvt Ltd,Gujarat,Rajkot,0,22.2964051,70.7941564,0,0,False,False
Shri Giriraj Multi Speciality Hospital,Gujarat,Rajkot,0,22.3038945,70.8021599,0,0,False,False
Sri Sathya Sai Heart Hospital,Gujarat,Rajkot,0,22.2892287,70.7767843,0,0,False,False
Christ Hospital,Gujarat,Rajkot,0,22.3144697,70.7905408,0,0,False,False
Dristhy Hospital,Gujarat,Rajkot,0,22.3074223,70.7916183,0,0,False,False
Mathur Hospital,Gujarat,Rajkot,0,22.3074223,70.7916183,0,0,False,False
Arpan Hospital,Gujarat,Rajkot,0,22.2893509,70.7715219,0,0,False,False
Ashka Maternity Homeand Surgical Hospital,Gujarat,Rajkot,0,22.3013432,70.7677375,0,0,False,False
Nm Virani Wockhardt Hospital,Gujarat,Rajkot,0,22.2761212,70.7598376,0,0,False,False
Umiya Surgical Hospital,Gujarat,Rajkot,0,22.2892287,70.7767843,0,0,False,False
Shree Ram Hospital,Gujarat,Rajkot,0,22.1591251,70.7941564,0,0,False,False
Harsiddh Children Hospital,Gujarat,Rajkot,0,22.3038945,70.8021599,0,0,False,False
Kotadiya Meternity and Nursing Home,Gujarat,Rajkot,0,22.3038945,70.8021599,0,0,False,False
Shri Mandvray Hospital And Prasuti Gruh,Gujarat,Rajkot,0,22.3038945,70.8021599,0,0,False,False
Jogi Hospital - Gondal,Gujarat,Rajkot,0,22.3038945,70.8021599,0,0,False,False
Ramnath Hospital Pvt Ltd,Gujarat,Rajkot,0,21.9619463,70.792297,0,0,False,False
Sushen Surgical Hospital,Gujarat,Rajkot,0,21.848742,70.698065,0,0,False,False
Diagnostic Centre and Surgical Hospital,Gujarat,Rajkot,0,23.0000614,70.8927307,0,0,False,False
Dr Wadhwani Hospital,Gujarat,Rajkot,0,22.3038945,70.8021599,0,0,False,False
Ishwar Surgical Hospital,Gujarat,Rajkot,0,22.3038945,70.8021599,0,0,False,False
Nanavati Hospital,Gujarat,Rajkot,0,22.3038945,70.8021599,0,0,False,False
Raiyani Surgical Hospital - Jetpur,Gujarat,Rajkot,0,22.3038945,70.8021599,0,0,False,False
Sakar Orthopeadic Hospital,Gujarat,Rajkot,0,22.3038945,70.8021599,0,0,False,False
Shivam Maternity Home and Surgical Hospital,Gujarat,Rajkot,0,23.0000614,70.8927307,0,0,False,False
Sojitra Hospital,Gujarat,Rajkot,0,21.7542374,70.6063656,0,0,False,False
Lunagaria Orthopaedic Hospital,Gujarat,Rajkot,0,21.7379033,70.4571172,0,0,False,False
Dalsania Surgical Hospital,Gujarat,Rajkot,0,22.3038945,70.8021599,0,0,False,False
Nirmal Orthopaedic Hospital,Gujarat,Rajkot,0,22.3038945,70.8021599,0,0,False,False
Civil Hospital,Gujarat,Rajkot,0,22.8156106,70.8315057,0,0,False,False
Dhwani Ent Hospital,Gujarat,Rajkot,0,22.3038945,70.8021599,0,0,False,False
Jivandeep Hospital,Gujarat,Rajkot,0,22.8158929,70.8294617,0,0,False,False
Krishna Multispeciality Hospital,Gujarat,Rajkot,0,22.8119895,70.8236195,0,0,False,False
"Parth Hospital, Morbi",Gujarat,Rajkot,0,22.8158929,70.8294617,0,0,False,False
Rogi Kalyan Samiti Government Eye Hospital,Gujarat,Rajkot,0,22.3038945,70.8021599,0,0,False,False
Devshree Hospital,Gujarat,Rajkot,0,22.3038945,70.8021599,0,0,False,False
Mahajan Medical Centre and Nursing Home,Gujarat,Rajkot,0,22.3038945,70.8021599,0,0,False,False
A V M Orthopaedic Hospital,Gujarat,Sabar kantha,0,23.6036268,72.9639461,0,0,False,False
Aashay Eye Hospital,Gujarat,Sabar kantha,0,23.6036268,72.9639461,0,0,False,False
Aavkar Hospital,Gujarat,Sabar kantha,0,23.6036268,72.9639461,0,0,False,False
Aayush Heart and Medicare Hospital,Gujarat,Sabar kantha,0,23.6036268,72.9639461,0,0,False,False
Ashay Eye Hospital,Gujarat,Sabar kantha,0,23.5936894,72.9617257,0,0,False,False
Avishkar Healthcare Pvt Ltd,Gujarat,Sabar kantha,0,25.9067837,93.7316482,0,0,False,False
Bhagyoday Charitable Trust,Gujarat,Sabar kantha,0,23.6036268,72.9639461,0,0,False,False
Chirag Hospital,Gujarat,Sabar kantha,0,23.6036268,72.9639461,0,0,False,False
Civil Hospital,Gujarat,Sabar kantha,0,23.6036268,72.9639461,0,0,False,False
Harsh Surgical Hospital,Gujarat,Sabar kantha,0,23.6036268,72.9639461,0,0,False,False
J K Orthopedic Hospital,Gujarat,Sabar kantha,0,23.6036268,72.9639461,0,0,False,False
Jay Children Hospital,Gujarat,Sabar kantha,0,23.6036268,72.9639461,0,0,False,False
Jyoti Eye Hospital,Gujarat,Sabar kantha,0,23.6036268,72.9639461,0,0,False,False
Khushboo Maternity and Surgical Hospital,Gujarat,Sabar kantha,0,23.6036268,72.9639461,0,0,False,False
Krishna Sarvajanik Hospital and Prasutigruh,Gujarat,Sabar kantha,0,23.6036268,72.9639461,0,0,False,False
Laxmi Maternity Home,Gujarat,Sabar kantha,0,23.6036268,72.9639461,0,0,False,False
Mamta Hospital,Gujarat,Sabar kantha,0,23.6036268,72.9639461,0,0,False,False
Manav Gynec Hospital,Gujarat,Sabar kantha,0,23.6036268,72.9639461,0,0,False,False
Navjivan Sarvajanik Hospital and Prasuti Gruh,Gujarat,Sabar kantha,0,23.6036268,72.9639461,0,0,False,False
Nishant Hospital,Gujarat,Sabar kantha,0,23.6036268,72.9639461,0,0,False,False
Palak Eye Hospital and Phacomulsification Centre,Gujarat,Sabar kantha,0,23.6036268,72.9639461,0,0,False,False
Parth Surgical Hospital - Himmatnagar,Gujarat,Sabar kantha,0,23.5931032,72.9594673,0,0,False,False
Pragati Surgical Hospital,Gujarat,Sabar kantha,0,23.6036268,72.9639461,0,0,False,False
Pranam Hospital,Gujarat,Sabar kantha,0,23.6036268,72.9639461,0,0,False,False
Prathana Hospital,Gujarat,Sabar kantha,0,22.6040927,70.9429761,0,0,False,False
Prerna Ent Hospital,Gujarat,Sabar kantha,0,23.6036268,72.9639461,0,0,False,False
Raj Surgical Hospital,Gujarat,Sabar kantha,0,23.6036268,72.9639461,0,0,False,False
Sanjeevani Heart and Medicare,Gujarat,Sabar kantha,0,23.6036268,72.9639461,0,0,False,False
Sannidhya Ent Hospital,Gujarat,Sabar kantha,0,23.5931032,72.9594673,0,0,False,False
Satyam Hospital,Gujarat,Sabar kantha,0,23.5931032,72.9594673,0,0,False,False
Shivam Orthopadic Hospital,Gujarat,Sabar kantha,0,23.5931032,72.9594673,0,0,False,False
Uma Maternity Home and Surgical Hospital,Gujarat,Sabar kantha,0,23.6036268,72.9639461,0,0,False,False
Upkar Hospital,Gujarat,Sabar kantha,0,23.6036268,72.9639461,0,0,False,False
Vardaan Women Hospital,Gujarat,Sabar kantha,0,19.5674683,74.6483767,0,0,False,False
Vasudha Hospital,Gujarat,Sabar kantha,0,23.6036268,72.9639461,0,0,False,False
Vrindavan Eye Hospital,Gujarat,Sabar kantha,0,21.2040626,72.8402932,0,0,False,False
Yash Children Hospital,Gujarat,Sabar kantha,0,23.6036268,72.9639461,0,0,False,False
Drashti Hospital,Gujarat,Sabar kantha,0,23.7633469,73.2440996,0,0,False,False
Jeevandhara Multi Speciality Hospital,Gujarat,Sabar kantha,0,23.7633469,73.2440996,0,0,False,False
Maitri Hospital and Maternity Home,Gujarat,Sabar kantha,0,23.7633469,73.2440996,0,0,False,False
Mamta Hospital,Gujarat,Sabar kantha,0,23.7633469,73.2440996,0,0,False,False
Mira Surgical Hospital,Gujarat,Sabar kantha,0,23.7633469,73.2440996,0,0,False,False
Navchetan Heart and Medical Hospital,Gujarat,Sabar kantha,0,23.7633469,73.2440996,0,0,False,False
Sarvoday Hospital,Gujarat,Sabar kantha,0,23.7633469,73.2440996,0,0,False,False
Jivanjyot Hospital,Gujarat,Sabar kantha,0,24.0290993,73.0434794,0,0,False,False
Anjali Hospital,Gujarat,Sabar kantha,0,23.4679548,73.113084,0,0,False,False
Chc Rakhiyal,Gujarat,Sabar kantha,0,23.1642673,72.8101887,0,0,False,False
Chirag Hospital,Gujarat,Sabar kantha,0,21.1435001,72.8475029,0,0,False,False
Modasa Surgical Hospital,Gujarat,Sabar kantha,0,20.0238247,75.1618345,0,0,False,False
Astha Surgical Hospital and Kalayan Uro-Leproscopy C,Gujarat,Sabar kantha,0,23.8352353,73.0043675,0,0,False,False
Chc Chorivad,Gujarat,Sabar kantha,0,23.8984992,73.1246338,0,0,False,False
Sanand Hospital and Trauma Centre,Gujarat,Ahmedabad,0,22.9912897,72.3755085,0,0,False,False
Sanand Janta Multispeciality Hospital,Gujarat,Ahmedabad,0,22.9912897,72.3755085,0,0,False,False
"Government Medical College, Surat",Gujarat,Surat,0,21.2228964,72.8869246,0,0,True,False
Care Hospitals,Gujarat,Surat,0,21.1702401,72.8310607,0,0,True,False
"Eye-Q Super Speciality Eye Hospitals, Rander Road",Gujarat,Surat,0,21.2158948,72.7958477,0,0,True,False
"Eye-Q Super Speciality Eye Hospitals, Udhana",Gujarat,Surat,0,21.1431152,72.8431097,0,0,True,False
Gandhi Prasutigruh and General Surgical Hospital,Gujarat,Surat,0,21.2381096,72.8483831,0,0,False,False
Shraddha Multispeciality Hospital,Gujarat,Surat,0,21.2537597,72.840152,0,0,False,False
C.H.C.Areth,Gujarat,Surat,0,21.2570719,73.3030715,0,0,False,False
Sadhna Kutir Hospital,Gujarat,Surat,0,21.3401369,72.7553918,0,0,False,False
Ameera Polyclinic And Nursing Home Kosamba,Gujarat,Surat,0,21.1702401,72.8310607,0,0,False,False
C.H.C.Sayan,Gujarat,Surat,0,21.3401369,72.7553918,0,0,False,False
Jeevan Raksha Hospital,Gujarat,Surat,0,21.3178692,72.8812268,0,0,False,False
C.H.C.Mandvi,Gujarat,Surat,0,21.2570719,73.3030715,0,0,False,False
Pushoak Hospital,Gujarat,Surat,0,21.2570719,73.3030715,0,0,False,False
Pushpak Hospital,Gujarat,Surat,0,24.3310019,72.8516531,0,0,False,False
Yesha Clinic,Gujarat,Surat,0,21.0822847,72.9870234,0,0,False,False
C.H.C.Mahuva,Gujarat,Surat,0,21.0177694,73.1404768,0,0,False,False
Mody General Hospital,Gujarat,Surat,0,21.1624598,72.9631341,0,0,False,False
Chc Nizar,Gujarat,Surat,0,21.2261984,72.8042769,0,0,False,False
C.H.C.Olpad,Gujarat,Surat,0,21.3401369,72.7553918,0,0,False,False
C.H.C.Bardoli,Gujarat,Surat,0,21.1159219,73.1086232,0,0,False,False
Dr Gandhi Orthopaedic Accident And Dental Care Ce,Gujarat,Surat,0,21.123773,73.105734,0,0,False,False
Jyoti Medical Hospital,Gujarat,Surat,0,21.1245384,73.1091606,0,0,False,False
Naisargee Medical Hospital,Gujarat,Surat,0,21.1282469,73.1116957,0,0,False,False
Sardar Smark Hospital,Gujarat,Surat,0,21.125749,73.1121168,0,0,False,False
Shivjyoti Hospital,Gujarat,Surat,0,21.125749,73.1121168,0,0,False,False
Shree Sardar Smarak Hospital (Trust Hospital),Gujarat,Surat,0,21.125749,73.1121168,0,0,False,False
Chc Songadh,Gujarat,Surat,0,21.166359,73.5645054,0,0,False,False
Dhiraj Hospital,Gujarat,Surat,0,21.1702401,72.8310607,0,0,False,False
Sanjeevani Children Hospital,Gujarat,Surat,0,21.166359,73.5645054,0,0,False,False
Sarthak Hospital,Gujarat,Surat,0,21.166359,73.5645054,0,0,False,False
Aayush Medi Care Hospital and Cardiac Center,Gujarat,Surat,0,21.1679633,72.817191,0,0,False,False
Bhavin Eye Hospital,Gujarat,Surat,0,21.1810934,72.8172696,0,0,False,False
Devanshi Surgical Hospital,Gujarat,Surat,0,21.125749,73.1121168,0,0,False,False
Gopi Ortho and Children Hospital,Gujarat,Surat,0,21.2053907,72.8360221,0,0,False,False
Kalp Medical Hospital,Gujarat,Surat,0,21.1857466,72.8620946,0,0,False,False
Nupur General Hospital,Gujarat,Surat,0,21.1901099,72.8139369,0,0,False,False
Park Nursing Home and Diagnostic Clinic (P) Ltd,Gujarat,Surat,0,21.1736437,72.8175808,0,0,False,False
Purnima Clinic,Gujarat,Surat,0,21.1657144,72.8131963,0,0,False,False
Retina Clinic,Gujarat,Surat,0,21.1822289,72.8189558,0,0,False,False
Sai Anjali Ent-Head and Neck Hospital,Gujarat,Surat,0,21.1822289,72.8189558,0,0,False,False
Shivam Orthopaedic Hospital,Gujarat,Surat,0,21.1702401,72.8310607,0,0,False,False
Shreeji Retina Clinic and Eye Hospital,Gujarat,Surat,0,21.1865492,72.8108703,0,0,False,False
Shreyash Hspital,Gujarat,Surat,0,21.1831146,72.8195315,0,0,False,False
Trupti Heart and Medical Hospital,Gujarat,Surat,0,21.1832575,72.8302061,0,0,False,False
Vasan Eye Care Hospital,Gujarat,Surat,0,21.1810934,72.8172696,0,0,False,False
Vidya Eye Hospital,Gujarat,Surat,0,21.1760496,72.8112542,0,0,False,False
Vrindavan Hospital,Gujarat,Surat,0,21.2174566,72.8664993,0,0,False,False
Aastha Surgical Hospital,Gujarat,Surat,0,21.2067365,72.7970535,0,0,False,False
Advance Surat Traumatology and Orthopaedic Surgery Hospital / Asutosh Hospital,Gujarat,Surat,0,21.1810934,72.8172696,0,0,False,False
Ashish Eye Hospital,Gujarat,Surat,0,21.1875979,72.8309166,0,0,False,False
Auc General Hospital and Maternity,Gujarat,Surat,0,21.1893737,72.8716113,0,0,False,False
Gastro Care (Gastro Intenstinal Endoscopy Centre),Gujarat,Surat,0,21.1850329,72.8200548,0,0,False,False
Girish Group Of Hospital Pvt Ltd.,Gujarat,Surat,0,21.1850329,72.8200548,0,0,False,False
Keshvi Eye Hospital and Phaco Surgery Center,Gujarat,Surat,0,21.1702401,72.8310607,0,0,False,False
Ketan Children Hospital,Gujarat,Surat,0,21.1850329,72.8200548,0,0,False,False
"Quality Care India Ltd, Care Hospital",Gujarat,Surat,0,21.1858486,72.8108681,0,0,False,False
Santkrupa Hospital - Surat,Gujarat,Surat,0,21.1845355,72.826014,0,0,False,False
Smt. Dipika and Dr. Hasmukhlal C Vankawala,Gujarat,Surat,0,21.1810934,72.8172696,0,0,False,False
Suikruti Eye Hospital,Gujarat,Surat,0,21.1817579,72.8194213,0,0,False,False
Surat Health Service Pvt Ltd,Gujarat,Surat,0,21.1832575,72.8302061,0,0,False,False
Verma Children Hospital,Gujarat,Surat,0,21.1532119,72.8324403,0,0,False,False
Amruta Hospital,Gujarat,Surat,0,21.1662155,72.8134493,0,0,False,False
Arora Surgical,Gujarat,Surat,0,21.1702401,72.8310607,0,0,False,False
Ashaktashram Hospital,Gujarat,Surat,0,21.2040691,72.8309644,0,0,False,False
Ayushi Icu and Multispeciality Hospital,Gujarat,Surat,0,21.1702401,72.8310607,0,0,False,False
Dinbandhu Hospital,Gujarat,Surat,0,21.2797966,72.947533,0,0,False,False
"Divyam Hospital,Ring Road",Gujarat,Surat,0,21.1834826,72.830524,0,0,False,False
Genesis Hospital and Maternity Home,Gujarat,Surat,0,21.1833233,72.8235278,0,0,False,False
Hajee A M Lockhat and Dr A M Moolla Sarvajanik Hos,Gujarat,Surat,0,21.1702401,72.8310607,0,0,False,False
Harihar Ent Hospital,Gujarat,Surat,0,21.1702401,72.8310607,0,0,False,False
Jivandeep Hospital,Gujarat,Surat,0,21.2115196,72.8642866,0,0,False,False
Medical College,Gujarat,Surat,0,21.1812405,72.8169467,0,0,False,False
Netrang Eye Hospital and Laser Centre,Gujarat,Surat,0,21.1810934,72.8172696,0,0,False,False
New Life Hospital,Gujarat,Surat,0,21.1702401,72.8310607,0,0,False,False
Nilangekar Hospital,Gujarat,Surat,0,18.4087934,76.5603828,0,0,False,False
Param Neonatal and Paediatric Intensive Care Unit,Gujarat,Surat,0,23.0263517,72.5819013,0,0,False,False
Rishabh Surgical Hospital,Gujarat,Surat,0,28.703577,77.0768908,0,0,False,False
Rishi Childrens Hospital,Gujarat,Surat,0,21.1702401,72.8310607,0,0,False,False
Rujul Childrens Hospital,Gujarat,Surat,0,21.2043727,72.8264859,0,0,False,False
S D V S Ashaktashram Hospital,Gujarat,Surat,0,21.2066813,72.8295196,0,0,False,False
Sandhya Hospital and Maternity Home,Gujarat,Surat,0,21.2145776,72.8608043,0,0,False,False
Sanskar Children Hospital,Gujarat,Surat,0,21.2174566,72.8664993,0,0,False,False
Shah Hospital,Gujarat,Surat,0,23.0263517,72.5819013,0,0,False,False
Sheth P.T Surat General Hospital,Gujarat,Surat,0,21.1983807,72.8263146,0,0,False,False
Shree Swami Atmanand Saraswati Ayurved Hospital,Gujarat,Surat,0,21.1702401,72.8310607,0,0,False,False
Shreyans Ano-Rectal and Day-Care Hospital,Gujarat,Surat,0,19.1821571,72.9711731,0,0,False,False
Smt. Rasilaben Sevantilal Shah Venus Hospital - Surat,Gujarat,Surat,0,21.2065958,72.828595,0,0,False,False
Unnati Orthopedic Hospital and Joint Replacement Cen,Gujarat,Surat,0,21.2065627,72.8376764,0,0,False,False
Ankur Children Hospital and Neonatal Nursery,Gujarat,Surat,0,22.3071588,73.1812187,0,0,False,False
Jivani Orthopaedic Arthoscopy and Joint Replacement Centre,Gujarat,Surat,0,21.2060429,72.8376932,0,0,False,False
Mother Care Surgical Hospital,Gujarat,Surat,0,21.2279079,72.8188754,0,0,False,False
Dhameliya Kidney Hospital and Lithotripsy Centre,Gujarat,Surat,0,21.1840628,72.8318419,0,0,False,False
Lady Care Hospital,Gujarat,Surat,0,21.2067365,72.7970535,0,0,False,False
Paritosh Clinic,Gujarat,Surat,0,21.2254245,72.789645,0,0,False,False
Shree Krishna Hospital,Gujarat,Surat,0,21.217173,72.861348,0,0,False,False
Shrushti General Hospital,Gujarat,Surat,0,21.2468063,72.851423,0,0,False,False
Shree Nandan Eye Hospital,Gujarat,Surat,0,22.3071588,73.1812187,0,0,False,False
Sneh Children Hospital,Gujarat,Surat,0,21.2181249,72.8610626,0,0,False,False
Varachha General Hospital,Gujarat,Surat,0,19.229882,72.8546175,0,0,False,False
Tender Touch Childrens Hospital and Neonatal Unit,Gujarat,Surat,0,21.1850967,72.812215,0,0,False,False
Shani Children HospitalandDental Hospital,Gujarat,Surat,0,21.2162797,72.8408792,0,0,False,False
Surbhi Hospital and Materanity Home,Gujarat,Surat,0,21.2119353,72.839808,0,0,False,False
Bhadra Memorial Eye Institute,Gujarat,Surat,0,21.1953229,72.802727,0,0,False,False
Dr. Edibam Hospital,Gujarat,Surat,0,21.194156,72.8002079,0,0,False,False
Medicare Hospital and Icu,Gujarat,Surat,0,21.2010102,72.7824428,0,0,False,False
Parijat Medical Hospital,Gujarat,Surat,0,21.1996499,72.8050902,0,0,False,False
Pinak Hospital,Gujarat,Surat,0,21.215191,72.794051,0,0,False,False
Prarthana Maternity and Nursing Home,Gujarat,Surat,0,21.1921832,72.7999741,0,0,False,False
Smit Surgical Hospital,Gujarat,Surat,0,21.1990215,72.8070596,0,0,False,False
Spanee Hospital,Gujarat,Surat,0,21.1986338,72.7884861,0,0,False,False
Tanmay Arthroscopy and Sports Medicine Centre,Gujarat,Surat,0,21.2140233,72.7922814,0,0,False,False
Grace General Hospital,Gujarat,Surat,0,21.2035904,72.8669523,0,0,False,False
Gupta Medical Hospital and Icu,Gujarat,Surat,0,19.9713889,73.748883,0,0,False,False
Shri Bhartimalya Memorial Foundation (Bharat Cancer Hospital and Nirali Memorial Radiation Centre),Gujarat,Surat,0,21.1930853,72.8869156,0,0,False,False
Setu Surgical Hospital,Gujarat,Surat,0,21.1810934,72.8172696,0,0,False,False
Vivek Nursing Home,Gujarat,Surat,0,21.1618314,72.8120345,0,0,False,False
C.H.C.Anaval,Gujarat,Surat,0,21.019562,73.1393861,0,0,False,False
C J Hospital,Gujarat,Surendranagar,0,22.7201319,71.649536,0,0,False,False
Dr Jyotin S Shah Nursing Home,Gujarat,Surendranagar,0,22.7201319,71.649536,0,0,False,False
Eye Hospital,Gujarat,Surendranagar,0,28.66065,77.1478159,0,0,False,False
Raj Meternity and Surgical Hospital,Gujarat,Surendranagar,0,22.7201319,71.649536,0,0,False,False
Shivam Medical Nursing Home,Gujarat,Surendranagar,0,22.7201319,71.649536,0,0,False,False
Shree Mahatma Gandhi Smarak General Hospital(Civil),Gujarat,Surendranagar,0,22.7201319,71.649536,0,0,False,False
Unique Cardiac Care,Gujarat,Surendranagar,0,22.7261901,71.6328257,0,0,False,False
Verma Eye Hospital,Gujarat,Surendranagar,0,32.490749,74.5445889,0,0,False,False
Jivan Jyot Hospital,Gujarat,Surendranagar,0,22.7201319,71.649536,0,0,False,False
Sava Hospital,Gujarat,Surendranagar,0,22.7125523,71.63828,0,0,False,False
Jaina Maternity and Nursing Home,Gujarat,Surendranagar,0,22.9982622,71.4570615,0,0,False,False
Om Surgical and Nursing Home,Gujarat,Surendranagar,0,22.9832248,71.474461,0,0,False,False
Ved Hospital and Maternity Home,Gujarat,Surendranagar,0,22.9832248,71.474461,0,0,False,False
Parth Meternity And Nursing Home,Gujarat,Surendranagar,0,22.7201319,71.649536,0,0,False,False
Chc Thangadh,Gujarat,Surendranagar,0,22.5761472,71.2009861,0,0,False,False
"Centre For Sight, Surendranagar",Gujarat,Surendranagar,0,22.7325105,71.6277061,0,0,True,False
Adarsh Children Hospital,Gujarat,Tapi,0,21.1103655,73.3896117,0,0,False,False
Bhulabhai Jivanji Patel Vaidkiya Trust,Gujarat,Tapi,0,21.1106041,73.4050075,0,0,False,False
Kalidas Hospital,Gujarat,Tapi,0,21.1125619,73.3885526,0,0,False,False
Sanjivani Hospital,Gujarat,Tapi,0,21.1702401,72.8310607,0,0,False,False
Shreeji Eye Hospital,Gujarat,Tapi,0,21.1125619,73.3885526,0,0,False,False
Sanjivani Hospital,Gujarat,Dang,0,20.9311603,73.7772032,0,0,False,False
"Smt. B.K. Shah Medical Institute and Research Centre, Piparia, Wabghodia",Gujarat,Vadodara,0,22.3071588,73.1812187,0,0,True,False
"Eye-Q Super Speciality Eye Hospitals, BPC Road",Gujarat,Vadodara,0,22.3088457,73.173969,0,0,True,False
"Eye-Q Super Speciality Eye Hospitals, Fatehgunj",Gujarat,Vadodara,0,22.3236543,73.1897571,0,0,True,False
"Centre For Sight, Manjalpur",Gujarat,Vadodara,0,22.2742572,73.1884402,0,0,True,False
"Centre For Sight, Allkapuri",Gujarat,Vadodara,0,22.2942783,73.1363417,0,0,True,False
"GMERS Medical College and Hospital, Gotri",Gujarat,Vadodara,0,22.3071588,73.1812187,0,0,True,False
"Centre For Sight, Allkapuri 2",Gujarat,Vadodara,0,22.2956941,73.1345904,0,0,True,False
Aditya Oral And Maxillofacial Clinic,Gujarat,Vadodara,0,22.30124,73.1976482,0,0,False,False
Arihant Clinic,Gujarat,Vadodara,0,22.30124,73.1976482,0,0,False,False
Baroda Eye Institute,Gujarat,Vadodara,0,22.3018128,73.2009079,0,0,False,False
Chintamani Orthopaedic Hospital,Gujarat,Vadodara,0,22.3027535,73.2021766,0,0,False,False
Chiplonkar Eye Hospital,Gujarat,Vadodara,0,22.30124,73.1976482,0,0,False,False
City Heart Centre,Gujarat,Vadodara,0,22.3015694,73.1998489,0,0,False,False
City Surgical Hospital,Gujarat,Vadodara,0,22.3015694,73.1998489,0,0,False,False
Dabhoi Life Line Hospital,Gujarat,Vadodara,0,22.1323391,73.4121277,0,0,False,False
Devpushp Meternity and Lapruscopy Hospital,Gujarat,Vadodara,0,22.2742572,73.1884402,0,0,False,False
Dhiraj General Hospital,Gujarat,Vadodara,0,22.3036529,73.3985737,0,0,False,False
Dhvani Ent Hospital,Gujarat,Vadodara,0,22.3033187,73.2002291,0,0,False,False
Dr Br Patel Hospital,Gujarat,Vadodara,0,22.3015694,73.1998489,0,0,False,False
Dr Kalpit Baxi Orthopaedic Hospital,Gujarat,Vadodara,0,22.30124,73.1976482,0,0,False,False
Dr Thakorbhai V Patel Eye Institute and Sheth M L Vaduwala E,Gujarat,Vadodara,0,22.3066529,73.1958506,0,0,False,False
Dr Y T Chandarana,Gujarat,Vadodara,0,22.3016759,73.2136861,0,0,False,False
Dr. Anand Sudalkars Eye Clinic And Retinal Laser Centre,Gujarat,Vadodara,0,22.3027535,73.2021766,0,0,False,False
Dr. Dandekar Eye Clinic And Surgery Centre,Gujarat,Vadodara,0,22.3071588,73.1812187,0,0,False,False
Dr. Rupa Jain Eye Clinic,Gujarat,Vadodara,0,22.3002513,73.1725206,0,0,False,False
Eye Clinic,Gujarat,Vadodara,0,22.30124,73.1976482,0,0,False,False
Fracture and Orthopaedic Hospital,Gujarat,Vadodara,0,22.3015694,73.1998489,0,0,False,False
Ganga Clinic,Gujarat,Vadodara,0,22.3021899,73.1977383,0,0,False,False
Golwala Orthopaedic Hospital,Gujarat,Vadodara,0,22.3015694,73.1998489,0,0,False,False
Gopal Fertility and Reproductive Health Clinic,Gujarat,Vadodara,0,22.3015694,73.1998489,0,0,False,False
Jagruti Clinic,Gujarat,Vadodara,0,22.3015694,73.1998489,0,0,False,False
Nirali Clinic,Gujarat,Vadodara,0,22.3071588,73.1812187,0,0,False,False
Radha Surgical and Maternity Hospital,Gujarat,Vadodara,0,22.2781475,73.7203528,0,0,False,False
Riyal Clinic,Gujarat,Vadodara,0,22.3071588,73.1812187,0,0,False,False
Saakshi Children Hyospital,Gujarat,Vadodara,0,22.8895539,88.3780789,0,0,False,False
Sankalp Hospital,Gujarat,Vadodara,0,22.3014892,73.1982963,0,0,False,False
Sapan Hospital Maternity and Nursinghom,Gujarat,Vadodara,0,22.3019582,73.1996718,0,0,False,False
Saujanya Fracture and Orthopaedic Hospital,Gujarat,Vadodara,0,22.3071588,73.1812187,0,0,False,False
Saurabh Polyclinc Nursing Home,Gujarat,Vadodara,0,22.3094529,73.186587,0,0,False,False
Sheth M. L. Vaduwala Eye Hospital,Gujarat,Vadodara,0,22.3066529,73.1958506,0,0,False,False
Shiv Critical Care Centre,Gujarat,Vadodara,0,22.30124,73.1976482,0,0,False,False
Shree Jala Medical Agency,Gujarat,Vadodara,0,22.3167139,73.1591724,0,0,False,False
Shreejala Hospital,Gujarat,Vadodara,0,22.3033187,73.2002291,0,0,False,False
Shreeji Dental Clinic And Children's Nursing Home,Gujarat,Vadodara,0,22.2916875,73.2035762,0,0,False,False
Shreenath Clinic,Gujarat,Vadodara,0,22.3011522,73.1985638,0,0,False,False
Sudha Eye Hospital,Gujarat,Vadodara,0,22.3071588,73.1812187,0,0,False,False
Sujay Hospital,Gujarat,Vadodara,0,22.30124,73.1976482,0,0,False,False
Urav Hospital,Gujarat,Vadodara,0,22.2948191,73.1550725,0,0,False,False
Urja Burns Center,Gujarat,Vadodara,0,22.30124,73.1976482,0,0,False,False
Vardhaman Urology and Lithotripsy Centre ( A Unit Of Vardhaman Medical Centre),Gujarat,Vadodara,0,22.3015694,73.1998489,0,0,False,False
Vatsal Clinic,Gujarat,Vadodara,0,22.30124,73.1976482,0,0,False,False
Aastha Children Icu,Gujarat,Vadodara,0,22.332244,73.144361,0,0,False,False
Amit Orthopaedic Hosptial,Gujarat,Vadodara,0,22.347195,73.170878,0,0,False,False
Ankur Children Hospital,Gujarat,Vadodara,0,22.3440072,73.176192,0,0,False,False
Anuja Surgical Hospital,Gujarat,Vadodara,0,22.3008284,73.2300986,0,0,False,False
Ashish Hospital,Gujarat,Vadodara,0,22.3361229,73.1789877,0,0,False,False
Bhuva Fracture and Ortho[Aedic Clinic,Gujarat,Vadodara,0,22.3418123,73.178797,0,0,False,False
Global Baroda Hospital,Gujarat,Vadodara,0,22.3071588,73.1812187,0,0,False,False
Misha Maternity Home,Gujarat,Vadodara,0,22.321315,73.1888148,0,0,False,False
Narhari Hospital,Gujarat,Vadodara,0,22.3152955,73.1884325,0,0,False,False
S.S.R. General Hospital,Gujarat,Vadodara,0,22.3071588,73.1812187,0,0,False,False
Sandeep Nursing Home,Gujarat,Vadodara,0,22.3336573,73.1808502,0,0,False,False
Shree Narhari Arogya Kendra,Gujarat,Vadodara,0,22.3258064,73.1910115,0,0,False,False
Siddharth Hospital,Gujarat,Vadodara,0,22.3071588,73.1812187,0,0,False,False
Vraj Hospital Pvt. Ltd,Gujarat,Vadodara,0,22.3464013,73.1674128,0,0,False,False
A X I Hospital and Glaucoma Center,Gujarat,Vadodara,0,22.2812879,73.1963117,0,0,False,False
Anugrah Hospital,Gujarat,Vadodara,0,22.2742572,73.1884402,0,0,False,False
Dr. Talati Maternity Fertility Sonography Endoscop,Gujarat,Vadodara,0,22.2742572,73.1884402,0,0,False,False
Meridian Hospital,Gujarat,Vadodara,0,22.294343,73.1642205,0,0,False,False
Raj Kidacare and Neonatal Care,Gujarat,Vadodara,0,22.3084714,73.2150694,0,0,False,False
Aadhar Hospital,Gujarat,Vadodara,0,23.2135895,77.453704,0,0,False,False
Adarsh General Hospital,Gujarat,Vadodara,0,22.308439,73.1613835,0,0,False,False
Aesthetique Centre For Plastic and Cosmetic Surgery,Gujarat,Vadodara,0,22.3103805,73.1771953,0,0,False,False
Ananyaa Children Hospital,Gujarat,Vadodara,0,22.310448,73.1658739,0,0,False,False
Aum Advanced Orthopaedic Clinic,Gujarat,Vadodara,0,22.3132947,73.1765879,0,0,False,False
Baroda Children Eye Care And Squint Clinic,Gujarat,Vadodara,0,22.3132947,73.1765879,0,0,False,False
Bina Clinic Eye Care Centre,Gujarat,Vadodara,0,22.3101281,73.1712912,0,0,False,False
Desai Eye Institute and Research Centre,Gujarat,Vadodara,0,22.3231406,73.1550454,0,0,False,False
"Dr M C Jain, Jain Eye Associates",Gujarat,Vadodara,0,22.3093313,73.1737639,0,0,False,False
Dr. Kadam Eye Hospital 7 Institute,Gujarat,Vadodara,0,22.295169,73.171337,0,0,False,False
Dr. M.C. Jain Eye Clinic,Gujarat,Vadodara,0,22.3093313,73.1737639,0,0,False,False
Hi-Tech Eye Surgery Clinic,Gujarat,Vadodara,0,22.3096323,73.1695637,0,0,False,False
Kalyan Poly Clinic,Gujarat,Vadodara,0,22.3132947,73.1765879,0,0,False,False
Kashvi Digestive Centre - Vadodara,Gujarat,Vadodara,0,22.3132947,73.1765879,0,0,False,False
Kesha Hospital,Gujarat,Vadodara,0,22.3099186,73.1714175,0,0,False,False
Naramaya Hospital,Gujarat,Vadodara,0,22.3071588,73.1812187,0,0,False,False
New Vision Laser Centers,Gujarat,Vadodara,0,22.3096323,73.1695637,0,0,False,False
Rahul Children Hospital,Gujarat,Vadodara,0,22.3071588,73.1812187,0,0,False,False
Rushikesh Maternity Hospital,Gujarat,Vadodara,0,22.3231406,73.1550454,0,0,False,False
Sterling Addlife India Limited,Gujarat,Vadodara,0,33.609513,73.0288121,0,0,False,False
Vision Plus Lasik Laser Center,Gujarat,Vadodara,0,22.3099186,73.1714175,0,0,False,False
Dr. Mukund G.Shah,Gujarat,Vadodara,0,12.9597251,77.5747125,0,0,False,False
Jay Hospital,Gujarat,Vadodara,0,23.078401,72.655338,0,0,False,False
Satya Hospital,Gujarat,Vadodara,0,23.2389788,72.6576582,0,0,False,False
Baroda Healthcare Pvt Ltd,Gujarat,Vadodara,0,22.30124,73.1976482,0,0,False,False
Palash Hospital,Gujarat,Vadodara,0,22.251154,73.199858,0,0,False,False
Yogeshwar Hospital,Gujarat,Vadodara,0,22.3231406,73.1550454,0,0,False,False
Anant Multispeciality Hospital,Gujarat,Vadodara,0,22.2742572,73.1884402,0,0,False,False
Rushabh Nursing Home and Clinic,Gujarat,Vadodara,0,22.2742572,73.1884402,0,0,False,False
Sanjivani Hospital,Gujarat,Vadodara,0,22.2742572,73.1884402,0,0,False,False
Shivam Eye Hospital,Gujarat,Vadodara,0,22.2742572,73.1884402,0,0,False,False
Shree Vallabh Arogya Mandir Hospital,Gujarat,Vadodara,0,22.2742572,73.1884402,0,0,False,False
Shree Viththalesh Hospital,Gujarat,Vadodara,0,22.2676907,73.1911575,0,0,False,False
Shree Vraj Hospital and Icu,Gujarat,Vadodara,0,22.2742572,73.1884402,0,0,False,False
Spandan Multi Speciality Hospital,Gujarat,Vadodara,0,22.2742572,73.1884402,0,0,False,False
Sree Vraj Hospital and I.C.U.,Gujarat,Vadodara,0,22.2742572,73.1884402,0,0,False,False
Susmit Maternity Hospital,Gujarat,Vadodara,0,22.278026,73.182675,0,0,False,False
"Ramkrishna Paramhansa Hospital,Kalali",Gujarat,Vadodara,0,22.2585469,73.1648957,0,0,False,False
Muslim Medical Center,Gujarat,Vadodara,0,22.2951375,73.2154592,0,0,False,False
Shaishav Nursing Home,Gujarat,Vadodara,0,22.3071588,73.1812187,0,0,False,False
Shifa Nursing Home,Gujarat,Vadodara,0,22.2993266,73.2171559,0,0,False,False
A Super Speciality Orthopaedics Hospital,Gujarat,Vadodara,0,22.312796,73.202328,0,0,False,False
Baba Advanced Orthopaedic Hospital,Gujarat,Vadodara,0,22.3204445,73.2019779,0,0,False,False
Medical Care Centre Trust,Gujarat,Vadodara,0,22.3352895,73.2169708,0,0,False,False
Viroc A Super Speciality Orthopaedic Hospital,Gujarat,Vadodara,0,22.312796,73.202328,0,0,False,False
Viroc Vadodara Institute For Reconstructive Orthopaedic Care,Gujarat,Vadodara,0,22.3135181,73.2020475,0,0,False,False
As Siddiq Surgical Hospital,Gujarat,Vadodara,0,22.298455,73.220753,0,0,False,False
Indrapuri Hospital,Gujarat,Vadodara,0,22.3008284,73.2300986,0,0,False,False
Maa Hospital,Gujarat,Vadodara,0,22.3201158,73.2505813,0,0,False,False
Om Prasutigruh,Gujarat,Vadodara,0,22.2895715,73.2354972,0,0,False,False
Sameer Hospital,Gujarat,Vadodara,0,22.3071588,73.1812187,0,0,False,False
Samvedan Multispeciality Hospital,Gujarat,Vadodara,0,22.2895715,73.2354972,0,0,False,False
"Sukrut ""Fracture Care"" Ortho Center",Gujarat,Vadodara,0,22.3033187,73.2002291,0,0,False,False
Zainee Nursing Home,Gujarat,Vadodara,0,22.3071588,73.1812187,0,0,False,False
Baroda Clinacal Laboratory,Gujarat,Vadodara,0,22.30124,73.1976482,0,0,False,False
Krishna Critical Child Care Pvt Ltd,Gujarat,Vadodara,0,22.30246,73.1727756,0,0,False,False
Shree Vraj Hospital,Gujarat,Vadodara,0,21.2238459,72.8252905,0,0,False,False
Vraj Hospital,Gujarat,Vadodara,0,22.3028806,73.167839,0,0,False,False
Balvantray Mehta Nisargopchar Arogya Bhavan,Gujarat,Vadodara,0,22.321613,73.209431,0,0,False,False
Om Multi Speciality Hospital,Gujarat,Vadodara,0,29.917512,77.4142541,0,0,False,False
Sannidhi Super Speciality Orthopaedic Hospital,Gujarat,Vadodara,0,22.2895715,73.2354972,0,0,False,False
Sarthak Hospital and Skin Care Centre,Gujarat,Vadodara,0,22.3231406,73.1550454,0,0,False,False
Shashwat Nursing Home,Gujarat,Vadodara,0,22.324612,73.1527154,0,0,False,False
Shiv Clinic,Gujarat,Vadodara,0,22.6230049,88.4332295,0,0,False,False
Anupama Eye Hospital and Phaco Center,Gujarat,Vadodara,0,22.3226781,73.1581508,0,0,False,False
Dr. Vipul J. Mistry,Gujarat,Vadodara,0,22.3231406,73.1550454,0,0,False,False
Manav Hospital,Gujarat,Vadodara,0,22.3242469,73.1398471,0,0,False,False
Mehta Nursing Home,Gujarat,Vadodara,0,22.3224055,73.1583142,0,0,False,False
Paavan Hospital,Gujarat,Vadodara,0,22.3238287,73.1658921,0,0,False,False
Pallav Hospital,Gujarat,Vadodara,0,22.3226781,73.1581508,0,0,False,False
Rishabh Nursing Home,Gujarat,Vadodara,0,22.3231406,73.1550454,0,0,False,False
Shilpa Children Hospital,Gujarat,Vadodara,0,22.3071588,73.1812187,0,0,False,False
Shree Shubham Surgical and Eye Hospital,Gujarat,Vadodara,0,22.3231406,73.1550454,0,0,False,False
Shreenath Hospital,Gujarat,Vadodara,0,22.3226781,73.1581508,0,0,False,False
Shrey Children Hospital Neonatal Care,Gujarat,Vadodara,0,22.3234325,73.1580556,0,0,False,False
Utkarsh Clinic,Gujarat,Vadodara,0,22.3231406,73.1550454,0,0,False,False
Saurabh Clinic,Gujarat,Vadodara,0,22.3398735,73.1926044,0,0,False,False
Smita Surgical Clinic,Gujarat,Vadodara,0,22.3440033,73.1759216,0,0,False,False
Radhe Surgical And Maternity Hospital,Gujarat,Vadodara,0,22.2732666,73.714899,0,0,False,False
Chc- Sankheda,Gujarat,Vadodara,0,22.1715494,73.5814967,0,0,False,False
Shree Jalaram Eye And General Hospital,Gujarat,Vadodara,0,22.1715494,73.5814967,0,0,False,False
Chc- Naswadi,Gujarat,Vadodara,0,22.3071588,73.1812187,0,0,False,False
Chc- Jibugam,Gujarat,Vadodara,0,22.3071588,73.1812187,0,0,False,False
Deepak Charitable Trust,Gujarat,Vadodara,0,22.2857459,73.7639658,0,0,False,False
Soni Hospital,Gujarat,Vadodara,0,23.0000614,70.8927307,0,0,False,False
Chc- Pavijetpur,Gujarat,Vadodara,0,22.3411589,73.8389657,0,0,False,False
Chc- Chota Udepur,Gujarat,Vadodara,0,22.3071588,73.1812187,0,0,False,False
Chc- Zoz,Gujarat,Vadodara,0,22.430993,73.9536163,0,0,False,False
Kesar Surgical And Maternity Hospital - Vadodara,Gujarat,Vadodara,0,24.585445,73.712479,0,0,False,False
Sharda Medical Centre,Gujarat,Vadodara,0,22.3071588,73.1812187,0,0,False,False
Chc- Kavat,Gujarat,Vadodara,0,22.3071588,73.1812187,0,0,False,False
Aatmiya Hospital,Gujarat,Vadodara,0,22.055216,73.1172573,0,0,False,False
Amar Hospital,Gujarat,Vadodara,0,24.3310019,72.8516531,0,0,False,False
Chc- Karjan,Gujarat,Vadodara,0,22.055216,73.1172573,0,0,False,False
Shaurya Hospital,Gujarat,Vadodara,0,22.0536165,73.115782,0,0,False,False
Smt. Malini Kishore Sanghvi Hospital And Educational Complex,Gujarat,Vadodara,0,22.055216,73.1172573,0,0,False,False
Chc- Por,Gujarat,Vadodara,0,22.1393699,73.1895367,0,0,False,False
Abhinav Hospital,Gujarat,Vadodara,0,22.3071588,73.1812187,0,0,False,False
Chc- Padra,Gujarat,Vadodara,0,22.2416156,73.0916054,0,0,False,False
Urmi Children Hospital,Gujarat,Vadodara,0,22.2394372,73.0847979,0,0,False,False
Chc- Jarod,Gujarat,Vadodara,0,22.4377209,73.3340254,0,0,False,False
Jodhal Hospital,Gujarat,Vadodara,0,22.3036529,73.3985737,0,0,False,False
Chc- Chhani,Gujarat,Vadodara,0,22.3579522,73.1674128,0,0,False,False
Satyam Hospital - Valpoi Sattari,Gujarat,Vadodara,0,22.3584499,73.1672847,0,0,False,False
Kinjal Hospital and Nursing Home,Gujarat,Vadodara,0,22.3036529,73.3985737,0,0,False,False
Sushrut Clinic,Gujarat,Vadodara,0,22.2522054,73.2062147,0,0,False,False
Chc- Savli,Gujarat,Vadodara,0,22.5615897,73.2219811,0,0,False,False
Nishtha Eye Clinic,Gujarat,Vadodara,0,21.6264236,73.0151984,0,0,False,False
Nityanand Medical Hospital,Gujarat,Vadodara,0,21.6264236,73.0151984,0,0,False,False
Shree Sardar Vallabhbhai Patel Rotary General Hos,Gujarat,Vadodara,0,21.6264236,73.0151984,0,0,False,False
Smt. Jayaben Mody Hospital,Gujarat,Vadodara,0,21.6157206,73.0078061,0,0,False,False
Dr Mahaskar Genral Hospital,Gujarat,Valsad,0,20.5992349,72.9342451,0,0,False,False
Dr Pandyas Eye Hospital Nadiad,Gujarat,Valsad,0,20.5992349,72.9342451,0,0,False,False
Kadhiwala Orthopaedic Hospital,Gujarat,Valsad,0,21.1901099,72.8139369,0,0,False,False
Kasturba Vaidyakiya Rahat Mandal,Gujarat,Valsad,0,20.5992349,72.9342451,0,0,False,False
Kutch Medi Care,Gujarat,Valsad,0,23.2434248,69.6726564,0,0,False,False
Maitri Surgical Hospital,Gujarat,Valsad,0,20.5992349,72.9342451,0,0,False,False
Medicare Hospital,Gujarat,Valsad,0,20.5992349,72.9342451,0,0,False,False
Mufti Dental Hospital,Gujarat,Valsad,0,20.5992349,72.9342451,0,0,False,False
Navjeevan Hospital,Gujarat,Valsad,0,20.5992349,72.9342451,0,0,False,False
Padma Clinic,Gujarat,Valsad,0,20.6089309,72.926635,0,0,False,False
Roy Nursing Home andIccu,Gujarat,Valsad,0,20.5992349,72.9342451,0,0,False,False
Sanjivani Hospital,Gujarat,Valsad,0,32.9311332,73.7236208,0,0,False,False
Shri Rang Orthopaedic Hospital Valsad,Gujarat,Valsad,0,20.6096554,72.9272785,0,0,False,False
Ashray Hospital,Gujarat,Valsad,0,20.5992349,72.9342451,0,0,False,False
Dharampur State Hospital,Gujarat,Valsad,0,20.5992349,72.9342451,0,0,False,False
Shree Sainath Hospital,Gujarat,Valsad,0,20.5992349,72.9342451,0,0,False,False
Swiec Clinic (Shree Sainath Women's Infertility And Endoscopy Centre),Gujarat,Valsad,0,20.6110639,72.9264934,0,0,False,False
Chc Kaprada,Gujarat,Valsad,0,20.344189,73.2182945,0,0,False,False
Chc Bhilaad,Gujarat,Valsad,0,20.5992349,72.9342451,0,0,False,False
Shreeji Hospital,Gujarat,Valsad,0,20.2758516,72.8863469,0,0,False,False
Drushti Eye Hospital,Gujarat,Valsad,0,20.5104362,72.9436653,0,0,False,False
Pardi Hospital,Gujarat,Valsad,0,20.5131604,72.9486001,0,0,False,False
Chc Nanapaundha,Gujarat,Valsad,0,20.5992349,72.9342451,0,0,False,False
Chc Pardi,Gujarat,Valsad,0,20.5131604,72.9486001,0,0,False,False
Chc Rohinaa,Gujarat,Valsad,0,20.438549,72.9992013,0,0,False,False
Chc Umargam,Gujarat,Valsad,0,20.1728327,72.7626184,0,0,False,False
Mamta Hospital,Gujarat,Valsad,0,20.1738123,72.7639662,0,0,False,False
Renuka Hospital,Gujarat,Valsad,0,20.1738123,72.7639662,0,0,False,False
Curewell Medical and Eye Centre,Gujarat,Valsad,0,20.1738123,72.7639662,0,0,False,False
Shree Renuka Hospital,Gujarat,Valsad,0,20.1738123,72.7639662,0,0,False,False
Aadit Hospital,Gujarat,Valsad,0,20.3933749,72.8961431,0,0,False,False
Ashirvad Hospital,Gujarat,Valsad,0,20.3912094,72.8959068,0,0,False,False
Chc Vaapi,Gujarat,Valsad,0,20.3933749,72.8961431,0,0,False,False
Haria L. G. Rotary Hospital,Gujarat,Valsad,0,20.3893155,72.9106202,0,0,False,False
Haria Lg Rotary Hospital,Gujarat,Valsad,0,20.3815586,72.9194798,0,0,False,False
Shifa Orthopadic Hospital,Gujarat,Valsad,0,20.390841,72.8961811,0,0,False,False
Shraddha Hospital and Iccu,Gujarat,Valsad,0,20.3912094,72.8959068,0,0,False,False
Urmil Hospital,Gujarat,Valsad,0,20.3912094,72.8959068,0,0,False,False
Abhishyam Foundation,Gujarat,Valsad,0,20.5992349,72.9342451,0,0,False,False
Abhyankars Hospital,Gujarat,Valsad,0,20.3893155,72.9106202,0,0,False,False
Maa Maternity Home,Gujarat,Valsad,0,20.3772047,72.9279219,0,0,False,False
Surya Hospital,Gujarat,Valsad,0,20.3744113,72.9213204,0,0,False,False
T R Memorial Hospital,Gujarat,Valsad,0,20.3634554,72.9401509,0,0,False,False
Usha Hospital,Gujarat,Valsad,0,20.346079,72.9363513,0,0,False,False
Chc Dungari,Gujarat,Valsad,0,20.5992349,72.9342451,0,0,False,False
Vaidya Hospital,Gujarat,Valsad,0,20.5992349,72.9342451,0,0,False,False
"CGHS Dispensary, Gurgaon",Haryana,Gurgaon,0,28.4576161,77.0287188,0,0,False,False
Aashirwad Nursing Home,Haryana,Ambala,0,30.3401062,76.867772,0,0,False,False
Abhenil Hospital,Haryana,Ambala,0,30.3335638,76.8591235,0,0,False,False
Aneja Hospital and Nursing Home,Haryana,Ambala,0,30.3463249,76.8660555,0,0,False,False
C . Lall Hospital / C.Lal Hospital,Haryana,Ambala,0,28.4102309,70.3096613,0,0,False,False
Dev Eye Hospital,Haryana,Ambala,0,30.1680858,77.2969204,0,0,False,False
Dhamija Hospital,Haryana,Ambala,0,30.3336585,76.8461496,0,0,False,False
Dhawan Orthopadicand Fracture Hospital,Haryana,Ambala,0,30.3365412,76.8672924,0,0,False,False
Dr. Milkhi Ram Eye and Maternity Hospital,Haryana,Ambala,0,30.3336585,76.8461496,0,0,False,False
Garg Eye Hospital,Haryana,Ambala,0,30.3401062,76.867772,0,0,False,False
Gupta Hospital,Haryana,Ambala,0,30.3401062,76.867772,0,0,False,False
J P Hospital,Haryana,Ambala,0,30.3829293,76.7790451,0,0,False,False
K D Hospital and C T Scan,Haryana,Ambala,0,30.337159,76.8646785,0,0,False,False
Khuranas Hospital,Haryana,Ambala,0,30.34215,76.8432635,0,0,False,False
M K Surgical Hospital,Haryana,Ambala,0,30.3781788,76.7766974,0,0,False,False
Manocha Eye Hospital,Haryana,Ambala,0,30.3610314,76.8485468,0,0,False,False
Mk Datta Hospital,Haryana,Ambala,0,30.3339584,76.8381251,0,0,False,False
Monga Hospital And Stone Centre,Haryana,Ambala,0,30.3370956,76.8645804,0,0,False,False
Sabharwal Children Hospital,Haryana,Ambala,0,30.3788345,76.7848749,0,0,False,False
Sharma Eye,Haryana,Ambala,0,30.3494594,76.8328363,0,0,False,False
Patnaik Hospital,Haryana,Ambala,0,30.3781788,76.7766974,0,0,False,False
Aggarwal Heart And Surgical Hospital,Haryana,Ambala,0,30.3664676,76.7863078,0,0,False,False
Baveja Hospital,Haryana,Ambala,0,30.3781788,76.7766974,0,0,False,False
Choudhry Children Hospital,Haryana,Ambala,0,30.3781788,76.7766974,0,0,False,False
General Hospital,Haryana,Ambala,0,30.3781788,76.7766974,0,0,False,False
Goyal Ashok Deep Hospital Cum-Residence,Haryana,Ambala,0,30.3781788,76.7766974,0,0,False,False
Healing Touch Super Speciality,Haryana,Ambala,0,30.5175306,76.8087557,0,0,False,False
J.C Memorial Chldren Hospital,Haryana,Ambala,0,30.3781788,76.7766974,0,0,False,False
Kapil Eye Hospital,Haryana,Ambala,0,30.3781788,76.7766974,0,0,False,False
"Kapoor Hospital,  City",Haryana,Ambala,0,30.3792221,76.7780513,0,0,False,False
Kos Hospital -  Cantt,Haryana,Ambala,0,30.3399546,76.8414649,0,0,False,False
Kuldip Hospital,Haryana,Ambala,0,30.3749393,76.7825165,0,0,False,False
M.M Hospital,Haryana,Ambala,0,30.3781788,76.7766974,0,0,False,False
Madan Hospital -  City,Haryana,Ambala,0,30.3829698,76.7788937,0,0,False,False
Manocha Hospital,Haryana,Ambala,0,30.3814646,76.7799074,0,0,False,False
N P Singh Hospital,Haryana,Ambala,0,30.3781788,76.7766974,0,0,False,False
Pc Sharma Eye Hospital,Haryana,Ambala,0,30.3814646,76.7799074,0,0,False,False
Pheladelephia Mission Hospital,Haryana,Ambala,0,30.3814646,76.7799074,0,0,False,False
Pushpa Mohan Nursing Home,Haryana,Ambala,0,30.3781788,76.7766974,0,0,False,False
Quit Stone Clinic,Haryana,Ambala,0,30.3829293,76.7790451,0,0,False,False
Shri Tilak Raj Chhabra Memorial Hospital,Haryana,Ambala,0,21.7234933,82.5908195,0,0,False,False
Swaraj Medical Centre,Haryana,Ambala,0,30.3792221,76.7780513,0,0,False,False
Vardhman Hospital,Haryana,Ambala,0,30.3717157,76.7876854,0,0,False,False
Yafe Indoor,Haryana,Ambala,0,30.3638896,76.7956825,0,0,False,False
Dr. Baini Parshad Hospital,Haryana,Ambala,0,30.3490194,76.8335545,0,0,False,False
Garg Maternity and Nursing Home,Haryana,Ambala,0,30.3403754,76.8460473,0,0,False,False
Jaspal Nursing Home And City Medical Center,Haryana,Ambala,0,30.3638896,76.7956825,0,0,False,False
Madukhar Bharti Hospital,Haryana,Ambala,0,30.338166,76.8597168,0,0,False,False
Mann Orthopaedic Hospital,Haryana,Ambala,0,28.2489639,77.0654188,0,0,False,False
Mehndiratta Hospital,Haryana,Ambala,0,30.365886,76.786276,0,0,False,False
Mehra Hospital,Haryana,Ambala,0,30.380028,76.7819465,0,0,False,False
Rai Multi Speciality Hopsital,Haryana,Ambala,0,30.3856873,76.7929102,0,0,False,False
Rai Multispeciality Hospital,Haryana,Ambala,0,30.7739469,76.621779,0,0,False,False
Rkm Hospital (Family Heart Station and Maternity Centre),Haryana,Ambala,0,30.3781788,76.7766974,0,0,False,False
"Saket Hospital,",Haryana,Ambala,0,30.3781788,76.7766974,0,0,False,False
Sanjivni Eye and Medicare Centre,Haryana,Ambala,0,30.3638896,76.7956825,0,0,False,False
Sarwal Hospital,Haryana,Ambala,0,30.3781788,76.7766974,0,0,False,False
Sri Onkar Eye and Ent Clinic,Haryana,Ambala,0,30.3781788,76.7766974,0,0,False,False
V.K. Clinic,Haryana,Ambala,0,30.2221646,77.0255008,0,0,False,False
Dr. Nagi Clinic,Haryana,Ambala,0,30.3781788,76.7766974,0,0,True,False
Leelawati Hospital,Haryana,Ambala,0,30.3781788,76.7766974,0,0,True,False
Narain Hospital,Haryana,Ambala,0,30.3717157,76.7876854,0,0,True,False
P.C.Sharma Advance Eye  Care Centre,Haryana,Ambala,0,30.3781788,76.7766974,0,0,True,False
Bansal Eye Hospital,Haryana,Ambala,0,30.3734372,76.7783748,0,0,True,False
Bansal hospital,Haryana,Ambala,0,30.3781788,76.7766974,0,0,True,False
Healing Touch Superspeciality Hospital,Haryana,Ambala,0,30.5175306,76.8087557,0,0,True,False
Jaspal Hospital,Haryana,Ambala,0,30.3638896,76.7956825,0,0,True,False
Mehnidratta Hospital,Haryana,Ambala,0,30.3711033,76.7866684,0,0,True,False
Sanjivni Eye Care,Haryana,Ambala,0,30.3638896,76.7956825,0,0,True,False
Agarwal Childrenn Hospital,Haryana,Bhiwani,0,28.8007086,76.1351053,0,0,False,False
Arora Nursing Home,Haryana,Bhiwani,0,28.8198244,76.1246262,0,0,False,False
Aruya Aspatal,Haryana,Bhiwani,0,28.7990445,76.1335112,0,0,False,False
Chaudhry Heart and Maternity Center,Haryana,Bhiwani,0,31.1060016,77.1761511,0,0,False,False
Dr Bejnathsharma Hospital,Haryana,Bhiwani,0,29.1080247,76.1973846,0,0,False,False
Giriraj Medicare Centre,Haryana,Bhiwani,0,28.8014469,76.1437081,0,0,False,False
Ishwar Children Hospital,Haryana,Bhiwani,0,28.7990445,76.1335112,0,0,False,False
Jeevan Nursing Home / Jeewan Nursing Home / Jeewan Rekha Hospital,Haryana,Bhiwani,0,28.8955152,76.606611,0,0,False,False
K.M Hospital,Haryana,Bhiwani,0,28.8802414,76.5770758,0,0,False,False
Kishanlal Jalan Government Eye Hospital,Haryana,Bhiwani,0,28.7976795,76.1438632,0,0,False,False
Mittal Heart and Poison Hospital,Haryana,Bhiwani,0,28.8080522,76.1538751,0,0,False,False
Pahwa Skin Hospital,Haryana,Bhiwani,0,28.7990445,76.1335112,0,0,False,False
Panwar Maternity and Children Hospital,Haryana,Bhiwani,0,28.6734394,77.1417744,0,0,False,False
Prakash Hospital,Haryana,Bhiwani,0,28.6767282,77.1581747,0,0,False,False
Punia Maternity and Orthopaedic Hospital,Haryana,Bhiwani,0,28.8071037,76.1439213,0,0,False,False
Ranvir Hospital,Haryana,Bhiwani,0,28.8080522,76.1538751,0,0,False,False
Sarin Hospital,Haryana,Bhiwani,0,28.7977027,76.1432291,0,0,False,False
Sharma Hospital,Haryana,Bhiwani,0,24.0398249,84.0614373,0,0,False,False
Singla Hospital,Haryana,Bhiwani,0,28.7990445,76.1335112,0,0,False,False
Vandna Maternity and Heart Hospital,Haryana,Bhiwani,0,28.8802414,76.5770758,0,0,False,False
Dalal Nursing Home,Haryana,Bhiwani,0,28.8678462,75.9190079,0,0,False,False
Sharma Nursing Home,Haryana,Bhiwani,0,28.8678462,75.9190079,0,0,False,False
Dev Nursing and Maternity Home,Haryana,Bhiwani,0,28.7990445,76.1335112,0,0,False,False
Dhankar Nursing and Maternity Home,Haryana,Bhiwani,0,28.5461902,77.55621,0,0,False,False
Krishna Hospital,Haryana,Bhiwani,0,28.5461902,77.55621,0,0,False,False
Kumar Nursing Home and Dental Hospital,Haryana,Bhiwani,0,28.7993056,76.1387945,0,0,False,False
Rc Sharma Hospital,Haryana,Bhiwani,0,28.7990445,76.1335112,0,0,False,False
Saraswati Hospital and Nursing Home,Haryana,Bhiwani,0,28.5631583,76.3105345,0,0,False,False
Sehrawat Hospital,Haryana,Bhiwani,0,28.5929576,76.2474176,0,0,False,False
Shanti Hospital and Maternity Home,Haryana,Bhiwani,0,28.5461902,77.55621,0,0,False,False
Yadav Hospital,Haryana,Bhiwani,0,28.8955152,76.606611,0,0,False,False
Haryana Hospital,Haryana,Bhiwani,0,28.7990445,76.1335112,0,0,False,False
"ESI Hospital, Bhiwani",Haryana,Bhiwani,0,28.7990445,76.1335112,0,0,True,False
"Eye-Q Super Speciality Eye Hospitals, Bhiwani",Haryana,Bhiwani,0,28.719497,76.3034857,0,0,True,False
MK Hospital,Haryana,Bhiwani,0,19.2687576,73.0458775,0,0,True,False
Dhir Hospital,Haryana,Bhiwani,0,28.7990445,76.1335112,0,0,True,False
Abhinav Hospital,Haryana,Faridabad,0,28.4268543,77.2970239,0,0,False,False
Ahuja Clinic,Haryana,Faridabad,0,28.384764,77.303723,0,0,False,False
Ambey Hospital,Haryana,Faridabad,0,28.3669747,77.2847346,0,0,False,False
Amrit Clinic,Haryana,Faridabad,0,28.3346926,77.3258669,0,0,False,False
Apurva Hospital,Haryana,Faridabad,0,28.7051817,77.1988034,0,0,False,False
Aruna Ear Nose Throat Head and Neck Hospital,Haryana,Faridabad,0,22.5660079,88.3525229,0,0,False,False
Arya Nursing Home,Haryana,Faridabad,0,28.3607154,77.3256736,0,0,False,False
Asha Nursing Home,Haryana,Faridabad,0,28.3898576,77.304441,0,0,False,False
Ashok Nursing Home,Haryana,Faridabad,0,28.384764,77.303723,0,0,False,False
Badshah Khan General Hospital,Haryana,Faridabad,0,28.3923556,77.3018553,0,0,False,False
Bhatia Hospital,Haryana,Faridabad,0,25.8785781,86.4553426,0,0,False,False
Chopra Medical Centre,Haryana,Faridabad,0,28.384764,77.303723,0,0,False,False
Chouhan Medical Centre,Haryana,Faridabad,0,28.4710655,77.3156672,0,0,False,False
City Nursing Home - Faridabad,Haryana,Faridabad,0,26.844856,75.80702,0,0,False,False
D M Eye Care Delhi Pvt Ltd,Haryana,Faridabad,0,28.4056325,77.305108,0,0,False,False
Dewan Memorial Eye Hospital,Haryana,Faridabad,0,28.3398491,77.3145349,0,0,False,False
Dr Ml Gupta Memorial Centre,Haryana,Faridabad,0,28.4075847,77.3054027,0,0,False,False
Dr. Aroras Nursing Home,Haryana,Faridabad,0,28.3855048,77.2987676,0,0,False,False
Dr. Narender Aggarwal,Haryana,Faridabad,0,30.7390341,76.7658708,0,0,False,False
Dr. Prakash Rastogi - Faridabad,Haryana,Faridabad,0,28.3516235,77.3965966,0,0,False,False
Dr. R.N. Malik,Haryana,Faridabad,0,28.384764,77.303723,0,0,False,False
Dr. Sharan Goel,Haryana,Faridabad,0,28.3815727,77.2932373,0,0,False,False
Friends Ear Nose Throat Centre,Haryana,Faridabad,0,28.3922509,77.3056462,0,0,False,False
Gulab Hospital,Haryana,Faridabad,0,28.6112384,77.2401143,0,0,False,False
Gupta Nursing Home,Haryana,Faridabad,0,28.4089726,77.3160664,0,0,False,False
Holy Maternity and Nursing Home,Haryana,Faridabad,0,28.3797086,77.2811199,0,0,False,False
Janmeda Nursing Home,Haryana,Faridabad,0,28.3636298,77.2821597,0,0,False,False
Kalra Clinic,Haryana,Faridabad,0,28.371013,77.2796463,0,0,False,False
Kesar Hospital,Haryana,Faridabad,0,28.3448712,77.3223915,0,0,False,False
Krishna Medical Centre,Haryana,Faridabad,0,28.4241063,77.312993,0,0,False,False
Life Line Medical and Surgical Centre,Haryana,Faridabad,0,28.4741925,77.322467,0,0,False,False
Lotus Hospital,Haryana,Faridabad,0,28.6112384,77.2401143,0,0,False,False
Manchanda Ortho and Physio-Care Centre,Haryana,Faridabad,0,19.2007429,72.9608828,0,0,False,False
Meera Devi Nursing Home,Haryana,Faridabad,0,31.2166598,75.7772058,0,0,False,False
Mujesar Clinic,Haryana,Faridabad,0,28.367016,77.3058772,0,0,False,False
Nav Jiwan Hospital,Haryana,Faridabad,0,28.384764,77.303723,0,0,False,False
New Medicare Centre,Haryana,Faridabad,0,28.4343934,77.3123396,0,0,False,False
Orion Kidney Centre,Haryana,Faridabad,0,28.4089726,77.3160664,0,0,False,False
Parijat Hospital,Haryana,Faridabad,0,28.3623771,77.3252633,0,0,False,False
Rajeev Gandhi Memorial Hospital,Haryana,Faridabad,0,28.4261665,77.3826107,0,0,False,False
Rg Stone Urology and Laparoscopy Hospital,Haryana,Faridabad,0,28.3893131,77.3073612,0,0,False,False
Rustagi Clinic,Haryana,Faridabad,0,28.7170069,77.0612944,0,0,False,False
Sachdeva Nursing Home-Faridabad / Sachdeva's Brain and Multispeciality Hospital,Haryana,Faridabad,0,28.6689473,77.3714524,0,0,False,False
Seva Samiti Charitable Hospital and Research Centre / Sewa Samiti Charitable Hospital and Research Centre,Haryana,Faridabad,0,28.384764,77.303723,0,0,False,False
Shanti Memorial Hospital - Faridabad,Haryana,Faridabad,0,28.4099478,77.2922784,0,0,False,False
Shree Durga Nursing Home,Haryana,Faridabad,0,28.3421598,77.3255963,0,0,False,False
Shri Ram Ji Charitable Hospital Society,Haryana,Faridabad,0,28.3835995,77.2970806,0,0,False,False
Sidhaashray Clinic,Haryana,Faridabad,0,28.4930173,77.29204,0,0,False,False
Sunder Medical Centre,Haryana,Faridabad,0,28.7648436,70.8155155,0,0,False,False
Taneya Nursing Home,Haryana,Faridabad,0,28.371013,77.2796463,0,0,False,False
Vandana Surgical and Maternity Home,Haryana,Faridabad,0,28.4267151,77.2951617,0,0,False,False
Vardaan Hospital,Haryana,Faridabad,0,28.4012148,77.2940167,0,0,False,False
Vardaan Nursing Home,Haryana,Faridabad,0,28.4012148,77.2940167,0,0,False,False
Veero Devi Memorial Orthopaedic And Trauma Centre,Haryana,Faridabad,0,25.5228798,69.0044664,0,0,False,False
Venu Eye Institute and Research Centre,Haryana,Faridabad,0,28.6635912,77.2243528,0,0,False,False
Vikas Nursing Home,Haryana,Faridabad,0,28.3421598,77.3255963,0,0,False,False
Vishal Dental Clinic,Haryana,Faridabad,0,28.3854404,77.3028582,0,0,False,False
Zenith Hospital,Haryana,Faridabad,0,28.3421598,77.3255963,0,0,False,False
Ahuja Hospital and Maternity Home,Haryana,Faridabad,0,28.4073009,77.3295708,0,0,False,False
Anuj Hospital,Haryana,Faridabad,0,28.4138045,77.3223915,0,0,False,False
Chandrawati Child and Maternity Hospital,Haryana,Faridabad,0,19.0760171,73.0095336,0,0,False,False
Jindal Nursing Home (D),Haryana,Faridabad,0,28.4241063,77.312993,0,0,False,False
Kumar Diagnostic Centre,Haryana,Faridabad,0,28.4663817,77.3113193,0,0,False,False
Lal Nursing Home,Haryana,Faridabad,0,28.417103,77.3188031,0,0,False,False
Mittal Hospital,Haryana,Faridabad,0,28.4138045,77.3223915,0,0,False,False
Mittal Hospital,Haryana,Faridabad,0,28.3448712,77.3223915,0,0,False,False
Prime Hospital and Nursing Home,Haryana,Faridabad,0,19.104807,72.91216,0,0,False,False
Sakthi Kerala Ayurvedic Treatment Centre,Haryana,Faridabad,0,29.8082596,76.4244916,0,0,False,False
Shivalik Hospital,Haryana,Faridabad,0,28.4271092,77.1023405,0,0,False,False
Goyal`S Nursing Home,Haryana,Faridabad,0,19.101707,73.001176,0,0,False,False
Samvedna Hospital,Haryana,Faridabad,0,28.4926396,77.3271433,0,0,False,False
Saraswati Medicare (Pvt)L.T.D,Haryana,Faridabad,0,28.4844063,77.3092072,0,0,False,False
Akash Hospital,Haryana,Faridabad,0,28.3278046,77.2936695,0,0,False,False
Aman Hospital,Haryana,Faridabad,0,28.3346926,77.3258669,0,0,False,False
Anuradha Hospital and Trauma Centre,Haryana,Faridabad,0,28.3448712,77.3223915,0,0,False,False
Arihant Hospital and Surgical Centre,Haryana,Faridabad,0,28.3664733,77.2577713,0,0,False,False
Aster Eye Care,Haryana,Faridabad,0,28.3923869,77.3060815,0,0,False,False
B R Memorial Hospital,Haryana,Faridabad,0,28.3421598,77.3255963,0,0,False,False
B. R Memorial Hospital,Haryana,Faridabad,0,28.3421598,77.3255963,0,0,False,False
Bachpan Child Hospital,Haryana,Faridabad,0,28.3346926,77.3258669,0,0,False,False
Ballabgarh Nursing Home,Haryana,Faridabad,0,28.3421598,77.3255963,0,0,False,False
Bareja Hospital,Haryana,Faridabad,0,28.3421598,77.3255963,0,0,False,False
Bhagwani Nursing Home,Haryana,Faridabad,0,28.348156,77.338877,0,0,False,False
Bhatia Nursing Home,Haryana,Faridabad,0,28.3421598,77.3255963,0,0,False,False
Buddho Devi Memorial Hospital and Research Centre,Haryana,Faridabad,0,28.3421598,77.3255963,0,0,False,False
Dr Chakra Pal Nursing Home,Haryana,Faridabad,0,28.3372962,77.3220325,0,0,False,False
Dr. Anil Nage,Haryana,Faridabad,0,28.3346926,77.3258669,0,0,False,False
Faridabad Eye Care Centre,Haryana,Faridabad,0,28.3346926,77.3258669,0,0,False,False
Gold Field Hospital and Research Center,Haryana,Faridabad,0,28.3346926,77.3258669,0,0,False,False
Gupta Hospital,Haryana,Faridabad,0,28.3346926,77.3258669,0,0,False,False
Janta Hospital and Maternity Home,Haryana,Faridabad,0,28.3797086,77.2811199,0,0,False,False
Jyoti Eye Hospital,Haryana,Faridabad,0,28.348807,77.318397,0,0,False,False
Keshav Nursing Home,Haryana,Faridabad,0,28.3346926,77.3258669,0,0,False,False
Laxmi Medical Centre,Haryana,Faridabad,0,28.3454036,77.3297913,0,0,False,False
Life Line Hospital,Haryana,Faridabad,0,28.5685947,77.1721518,0,0,False,False
Mahak Hospital,Haryana,Faridabad,0,28.3421598,77.3255963,0,0,False,False
Malik Hospital,Haryana,Faridabad,0,28.3346926,77.3258669,0,0,False,False
Manish Hospital,Haryana,Faridabad,0,28.3421598,77.3255963,0,0,False,False
Manju Shree Nursing Home,Haryana,Faridabad,0,28.3417926,77.3348239,0,0,False,False
Payal Medical Centre,Haryana,Faridabad,0,28.3346926,77.3258669,0,0,False,False
Raj Nursing Home,Haryana,Faridabad,0,28.3454036,77.3297913,0,0,False,False
Ramesh Nursing Home,Haryana,Faridabad,0,28.3346926,77.3258669,0,0,False,False
Sani Medical Centre,Haryana,Faridabad,0,28.3346926,77.3258669,0,0,False,False
Sewa Ratan Hospital,Haryana,Faridabad,0,28.3421598,77.3255963,0,0,False,False
Shri Ganeshashrit Medical Centre,Haryana,Faridabad,0,28.3421598,77.3255963,0,0,False,False
Shri Ram Hospital,Haryana,Faridabad,0,28.6112384,77.2401143,0,0,False,False
Skg Hospital,Haryana,Faridabad,0,28.3421598,77.3255963,0,0,False,False
Vibal Hospital Private Limited - Faridabad,Haryana,Faridabad,0,28.4530734,77.0509849,0,0,False,False
Yogi Medical Hall,Haryana,Faridabad,0,28.3516235,77.3965966,0,0,False,False
Zenith Hospital Pvt Ltd,Haryana,Faridabad,0,28.3421598,77.3255963,0,0,False,False
Arora Ultrasound Clinic,Haryana,Faridabad,0,30.7337881,76.7660481,0,0,False,False
Chandra Lok Hospital,Haryana,Faridabad,0,28.365007,77.2878802,0,0,False,False
Dr. Jagdish Chandra Clinic,Haryana,Faridabad,0,28.365007,77.2878802,0,0,False,False
Navchetna Hospital,Haryana,Faridabad,0,13.0367994,80.2025247,0,0,False,False
Shanti Maternity Clinic,Haryana,Faridabad,0,30.7337881,76.7660481,0,0,False,False
Ashwani Hospital,Haryana,Faridabad,0,28.4279354,77.0986251,0,0,False,False
Dr Nand Lal Sharma Memorial Hospital,Haryana,Faridabad,0,28.195935,76.8371345,0,0,False,False
Kiran Nursing Home,Haryana,Faridabad,0,28.3707849,77.3291118,0,0,False,False
Moga Nursing Home,Haryana,Faridabad,0,30.3540599,76.7722444,0,0,False,False
Wadhwa Nursing Home,Haryana,Faridabad,0,28.3648292,77.3236745,0,0,False,False
Chawla Hospital,Haryana,Faridabad,0,28.3520982,77.33538,0,0,False,False
Dr. P. K. Aggrawal,Haryana,Faridabad,0,28.3607568,77.2976157,0,0,False,False
Eye Care Centre,Haryana,Faridabad,0,28.3947823,77.3338783,0,0,False,False
Geeta Hospital,Haryana,Faridabad,0,28.4271092,77.1023405,0,0,False,False
Jeewan Jyoti Hospital,Haryana,Faridabad,0,28.3952729,77.3238274,0,0,False,False
Kalra Child Care Centre,Haryana,Faridabad,0,28.3952729,77.3238274,0,0,False,False
Kavita Medical Center,Haryana,Faridabad,0,28.6204723,77.2939549,0,0,False,False
Shankar Medicare Centre,Haryana,Faridabad,0,28.4343934,77.3123396,0,0,False,False
Aastha Hospital,Haryana,Palwal,0,28.13062,77.3367498,0,0,False,False
Aryan Hospital,Haryana,Palwal,0,28.1496671,77.3251902,0,0,False,False
Bala Ji Nursing Home,Haryana,Faridabad,0,27.9704158,77.4929611,0,0,False,False
"Bansal Nursing Home,Palwal",Haryana,Palwal,0,28.3571595,77.3157561,0,0,False,False
Dhariwal Nursing Home,Haryana,Palwal,0,27.9704158,77.4929611,0,0,False,False
Family Medicare and Heart Centre,Haryana,Palwal,0,28.6112384,77.2401143,0,0,False,False
Florence Nursing Home,Haryana,Palwal,0,28.3571595,77.3157561,0,0,False,False
Garg Nursing Home,Haryana,Palwal,0,28.1496671,77.3251902,0,0,False,False
Goyal Nursing Home,Haryana,Palwal,0,28.1440611,77.3258334,0,0,False,False
Gupta Nursing Home and Maternity Centre,Haryana,Palwal,0,28.1449734,77.3378987,0,0,False,False
Guru Nanak Hospital,Haryana,Palwal,0,28.6112384,77.2401143,0,0,False,False
Hamidia Hospital and Poly Clinic,Haryana,Palwal,0,28.1398531,77.3306028,0,0,False,False
Jeevan Dhara Hospital,Haryana,Palwal,0,28.1487362,77.3320262,0,0,False,False
Jindal Nursing Home,Haryana,Palwal,0,28.1487362,77.3320262,0,0,False,False
K.C. Hospital,Haryana,Palwal,0,28.1487362,77.3320262,0,0,False,False
Kishan Singh Hospital,Haryana,Palwal,0,27.8964879,77.3726379,0,0,False,False
Mittal Nursing Home,Haryana,Palwal,0,28.1440611,77.3258334,0,0,False,False
Mool Chand Hospital,Haryana,Palwal,0,28.1487362,77.3320262,0,0,False,False
Mulchand Hospital,Haryana,Palwal,0,28.1487362,77.3320262,0,0,False,False
Navjeevan Hospital,Haryana,Palwal,0,28.1487362,77.3320262,0,0,False,False
Nidan Hospital,Haryana,Palwal,0,28.1487362,77.3320262,0,0,False,False
"Om Spero Hospital, A Soalni Healthcare Pvt. Ltd. Group Hospital",Haryana,Palwal,0,28.1487362,77.3320262,0,0,False,False
Palwal Hospital,Haryana,Palwal,0,28.1496671,77.3251902,0,0,False,False
Rahul Nursing Home.,Haryana,Palwal,0,28.1487362,77.3320262,0,0,False,False
Sachin Hospital,Haryana,Palwal,0,28.1392427,77.3236775,0,0,False,False
Saluja Nursing Home,Haryana,Palwal,0,28.1449734,77.3378987,0,0,False,False
Sheetal Hospital - Palwal,Haryana,Palwal,0,28.1358743,77.3266094,0,0,False,False
Sir Dayaram Memorial Hospital and Surgical Center,Haryana,Faridabad,0,28.6112384,77.2401143,0,0,False,False
Sushila Nursing Home,Haryana,Palwal,0,28.1487362,77.3320262,0,0,False,False
Tewatia Hospital,Haryana,Palwal,0,28.1467555,77.334825,0,0,False,False
Upkar Hospital Palwal,Haryana,Palwal,0,28.1487362,77.3320262,0,0,False,False
Sanjivan Hospital,Haryana,Palwal,0,28.0059774,77.3982525,0,0,False,False
Singal Nursing Home,Haryana,Faridabad,0,28.6112384,77.2401143,0,0,False,False
"Aster eye care, Faridabad",Haryana,Faridabad,0,28.4056325,77.305108,0,0,True,False
"RG Stone Urology and Laparoscopy Hospital, Faridabad",Haryana,Faridabad,0,28.3893131,77.3073612,0,0,True,False
Drishti Eye Centre,Haryana,Faridabad,0,28.6139391,77.2090212,0,0,True,False
Lakhotia Eye Centre and Laser Institute,Haryana,Faridabad,0,28.6139391,77.2090212,0,0,True,False
Fortis Escorts Hospital,Haryana,Faridabad,0,28.3882301,77.3069287,0,0,True,False
Valencia Emergency and Critical Care,Haryana,Faridabad,0,28.5878501,77.4027753,0,0,True,False
Perfect Vision,Haryana,Faridabad,0,28.3952729,77.3238274,0,0,True,False
Gold Field Hospital and Research Center,Haryana,Faridabad,0,28.6139391,77.2090212,0,0,True,False
Arora Eye Hospital and Lasiklaser Centre,Haryana,Fatehabad,0,29.5168326,75.444669,0,0,False,False
Eye Q Super Speciality Eye Hospitals,Haryana,Fatehabad,0,32.1733916,74.1835533,0,0,False,False
Hissar Hospital,Haryana,Fatehabad,0,29.5168326,75.444669,0,0,False,False
Jaipur Children Hospital - Rsby,Haryana,Fatehabad,0,32.1733916,74.1835533,0,0,False,False
Pahwa Orthopaedic Hospital - Rsby,Haryana,Fatehabad,0,29.5168326,75.444669,0,0,False,False
Poonam Eye Hospital - Rsby,Haryana,Fatehabad,0,32.1733916,74.1835533,0,0,False,False
Bhatia Nursing Home,Haryana,Fatehabad,0,29.7180117,75.8988914,0,0,False,False
City Max Hospital and Research Centre,Haryana,Fatehabad,0,30.7333148,76.7794179,0,0,False,False
Garg Ortho and Medicare Centre,Haryana,Fatehabad,0,29.7163129,75.9056753,0,0,False,False
General Hospital,Haryana,Fatehabad,0,29.7163129,75.9056753,0,0,False,False
Kalyani Nursing Home,Haryana,Fatehabad,0,29.7163129,75.9056753,0,0,False,False
Sangam Charitable Hospital,Haryana,Fatehabad,0,29.7163129,75.9056753,0,0,False,False
Shalini Surgical and Maternity Hospital,Haryana,Fatehabad,0,29.7163129,75.9056753,0,0,False,False
"Eye-Q Super Speciality Eye Hospitals, Fatehabad",Haryana,Fatehabad,0,29.5143382,75.4503181,0,0,True,False
Arora Eye Hospital and Laser Centre,Haryana,Fatehabad,0,29.5168326,75.444669,0,0,True,False
Ahmed Hospital Multi Speciality,Haryana,Gurgaon,0,28.4560817,77.0400155,0,0,False,False
Anand Hospital,Haryana,Gurgaon,0,28.600817,77.34522,0,0,False,False
Anand Medical Centre,Haryana,Gurgaon,0,28.426307,77.0947149,0,0,False,False
Anirud Hospital,Haryana,Gurgaon,0,28.3255049,76.778212,0,0,False,False
Aryan Hospital Private Limited,Haryana,Gurgaon,0,28.4669699,77.0209947,0,0,False,False
Bindal Hospital And Maternity Centre,Haryana,Gurgaon,0,28.4669699,77.0209947,0,0,False,False
Chirag Hospital Pvt. Ltd,Haryana,Gurgaon,0,14.4224398,77.7145229,0,0,False,False
Chiranjiv Hospital and Maternity Home / Chiranjivi Child Hospital / Chiranjeev Hospital,Haryana,Gurgaon,0,28.3467326,76.7596221,0,0,False,False
Dayal Eye Centre,Haryana,Gurgaon,0,28.4517387,77.0421171,0,0,False,False
Dharam Raj Hospital,Haryana,Gurgaon,0,28.4594965,77.0266383,0,0,False,False
Dr. Ajay S. Gupta,Haryana,Gurgaon,0,28.4594965,77.0266383,0,0,False,False
Dr. Ashok Jain,Haryana,Gurgaon,0,28.3752154,76.9120529,0,0,False,False
Dr. R.N Yadav Eye Care Centre,Haryana,Gurgaon,0,28.6007027,77.1043255,0,0,False,False
Florence Nursing Home,Haryana,Gurgaon,0,33.6716554,73.074954,0,0,False,False
Geeta Nursing Home / Geeta Surgical and Ultrasound Centre,Haryana,Gurgaon,0,13.0536607,80.1983149,0,0,False,False
Goel Nursing Home,Haryana,Gurgaon,0,32.1778915,74.4842273,0,0,False,False
Gupta Hospital,Haryana,Gurgaon,0,28.4625522,77.0283798,0,0,False,False
Nursing Home,Haryana,Gurgaon,0,28.4573024,77.0361078,0,0,False,False
Jain Hospital,Haryana,Gurgaon,0,27.6542858,76.8846014,0,0,False,False
Jain Sant Phool Chand Ji Charitable Hospital,Haryana,Gurgaon,0,28.6496575,77.3379937,0,0,False,False
Kanshi Ram Medical Services,Haryana,Gurgaon,0,28.4594965,77.0266383,0,0,False,False
Khanna Diagnostic Centre and Path Lab,Haryana,Gurgaon,0,29.3905173,76.9604353,0,0,False,False
Kharbanda Maternity and Nursing Home,Haryana,Gurgaon,0,28.4683613,77.0255377,0,0,False,False
Kumar Medical Park,Haryana,Gurgaon,0,28.3808658,77.3142692,0,0,False,False
Lotus Hospital Gurgoan,Haryana,Gurgaon,0,28.4693018,77.0341722,0,0,False,False
Mangalam Hospital and Heart Centre,Haryana,Gurgaon,0,28.455072,77.014676,0,0,False,False
Manju Hospital,Haryana,Gurgaon,0,28.4594965,77.0266383,0,0,False,False
Marwah Clinic,Haryana,Gurgaon,0,28.4650453,77.1007117,0,0,False,False
Mathur Medical And Child Care Centre,Haryana,Gurgaon,0,28.455354,77.032304,0,0,False,False
Max Hospital,Haryana,Gurgaon,0,28.4753855,77.0756742,0,0,False,False
Medanta The Medicity Global Health Pvt Ltd,Haryana,Gurgaon,0,28.4357613,77.0406147,0,0,False,False
Mission Charitable Hospital,Haryana,Gurgaon,0,28.3754567,76.9066829,0,0,False,False
Nagpal Nursing Home,Haryana,Gurgaon,0,28.4707417,77.0463719,0,0,False,False
Nangia Hospital Ent and Maternity,Haryana,Gurgaon,0,28.4539065,77.020619,0,0,False,False
Narula Hospital,Haryana,Gurgaon,0,28.4594965,77.0266383,0,0,False,False
Ob-Gyn Center,Haryana,Gurgaon,0,28.458306,77.035796,0,0,False,False
Orbit Hospital,Haryana,Gurgaon,0,28.4532055,77.0480158,0,0,False,False
Parashar Hospital,Haryana,Gurgaon,0,28.4563129,77.022695,0,0,False,False
Park Hospital,Haryana,Gurgaon,0,28.5120259,77.03193,0,0,False,False
Park Medicenters And Institutions Pvt Ltd.,Haryana,Gurgaon,0,28.4171718,77.0475421,0,0,False,False
Prateed Nursing Home And Polyclinic,Haryana,Gurgaon,0,28.4748343,77.0068111,0,0,False,False
Prime Multispeciality Hospital,Haryana,Gurgaon,0,28.4514004,77.0168634,0,0,False,False
R K Hospital,Haryana,Gurgaon,0,19.218196,73.0880882,0,0,False,False
Rajesh Hospital,Haryana,Gurgaon,0,28.354726,76.9375455,0,0,False,False
Rajiv Memorial Eye Infirmary,Haryana,Gurgaon,0,28.4625522,77.0283798,0,0,False,False
Rama Hospital Nursing Home / Rama Krishna Hospital,Haryana,Gurgaon,0,28.4594965,77.0266383,0,0,False,False
Rathore Imt Hospital,Haryana,Gurgaon,0,28.3754567,76.9066829,0,0,False,False
Sai Dharamraj Hospital,Haryana,Gurgaon,0,28.3950645,77.046534,0,0,False,False
Sangwan Hospital,Haryana,Gurgaon,0,28.4472778,76.9946535,0,0,False,False
Satyam Hospital,Haryana,Gurgaon,0,28.4853382,77.0186621,0,0,False,False
Sethi Hospital,Haryana,Gurgaon,0,28.4567795,77.0219311,0,0,False,False
Shalu Paediatric and Trauma Hospital,Haryana,Gurgaon,0,28.473376,77.0335963,0,0,False,False
Shanta Hospital,Haryana,Gurgaon,0,28.4669699,77.0209947,0,0,False,False
Sheetla Hospital And Eye Institute Private Ltd,Haryana,Gurgaon,0,28.4683613,77.0255377,0,0,False,False
Shiromani Sai Heart and Trauma Centre,Haryana,Gurgaon,0,28.4594965,77.0266383,0,0,False,False
Shiva Hospital,Haryana,Gurgaon,0,28.4757428,77.0380271,0,0,False,False
Shivam Hospital,Haryana,Gurgaon,0,28.4587807,77.0524887,0,0,False,False
Shree Tirupati Balaji Hospital,Haryana,Gurgaon,0,28.5093045,77.0306288,0,0,False,False
Shri Ram Dental Care and Orthodontic Center,Haryana,Gurgaon,0,28.4785131,77.0600442,0,0,False,False
Sidhesh Hospital,Haryana,Gurgaon,0,28.4775758,77.0820378,0,0,False,False
Sikka Maternity And Surgical Center,Haryana,Gurgaon,0,28.4705178,77.1023597,0,0,False,False
Sita Hospital,Haryana,Gurgaon,0,29.1383854,77.0272501,0,0,False,False
Sita Ram Bhartia Clinic,Haryana,Gurgaon,0,28.4677684,77.0812587,0,0,False,False
Sneh Hospital,Haryana,Gurgaon,0,28.7055148,77.176282,0,0,False,False
Sparsh Hospital,Haryana,Gurgaon,0,19.2306852,72.8407885,0,0,False,False
Sree Sankara Ayurveda Vaidyasala,Haryana,Gurgaon,0,28.468064,77.095963,0,0,False,False
Sukhmani Hospital Pvt. Ltd,Haryana,Gurgaon,0,26.8030815,80.8908544,0,0,False,False
Surgi Center Clinic,Haryana,Gurgaon,0,28.4930297,77.0866765,0,0,False,False
Taneja Hospital,Haryana,Gurgaon,0,28.466283,77.013852,0,0,False,False
The Cradle Hospital,Haryana,Gurgaon,0,28.4707417,77.0463719,0,0,False,False
Tirath Ram Hospitals Pvt Ltd,Haryana,Gurgaon,0,28.4570115,77.0202295,0,0,False,False
Vatsalya Medical Centre,Haryana,Gurgaon,0,28.4709658,77.0176977,0,0,False,False
Verma E.N.T. Hospital,Haryana,Gurgaon,0,28.4625522,77.0283798,0,0,False,False
Yashroop Medical Centre,Haryana,Gurgaon,0,28.3688093,76.9268541,0,0,False,False
Alchemist Hospitals Ltd,Haryana,Gurgaon,0,28.4482933,77.0955136,0,0,False,False
Alps Hospital Limited,Haryana,Gurgaon,0,28.5138999,77.0812691,0,0,False,False
Centre For Sight,Haryana,Gurgaon,0,28.4594965,77.0266383,0,0,False,False
Dr. S.K. Berera Clinic,Haryana,Gurgaon,0,28.4634412,77.0767557,0,0,False,False
Kailash Nursing Home,Haryana,Gurgaon,0,28.4916812,77.094897,0,0,False,False
Paras Hospital,Haryana,Gurgaon,0,28.6353011,77.2248008,0,0,False,False
Privat Hospital / Privat Hospital Dr Sachdev Pvt Ltd (A),Haryana,Gurgaon,0,28.4826659,77.0785701,0,0,False,False
Uma Sanjeevani Health Centre Pvt Ltd / Uma Sanjeewani Hospital,Haryana,Gurgaon,0,28.4825979,77.0861074,0,0,False,False
Umkal Hospital And M. P. Heart Research Institute,Haryana,Gurgaon,0,28.4715182,77.0733208,0,0,False,False
Arunodaya Deseret Eye Hospital,Haryana,Gurgaon,0,28.6042922,77.3479096,0,0,False,False
Surgicare Hospital,Haryana,Gurgaon,0,28.4262171,77.096765,0,0,False,False
World Laparoscopy Hospital,Haryana,Gurgaon,0,28.4936018,77.088325,0,0,False,False
R.N. Hospital and Maternity Centre,Haryana,Gurgaon,0,28.3738339,76.8969724,0,0,False,False
Rockland Hospital Limited,Haryana,Gurgaon,0,28.3683154,76.9324697,0,0,False,False
Gobind Hospital,Haryana,Gurgaon,0,28.4594965,77.0266383,0,0,False,False
Sai H0Spital and Trauma Centre,Haryana,Gurgaon,0,28.4594965,77.0266383,0,0,False,False
Bhawna Hospital,Haryana,Mewat,0,27.8947659,77.1082444,0,0,False,False
Chc Sohna,Haryana,Gurgaon,0,28.3298823,77.0673928,0,0,False,False
City Care Hospital,Haryana,Gurgaon,0,28.1023894,76.9931074,0,0,False,False
City Hospital and Eye Care Centre,Haryana,Mewat,0,28.1023894,76.9931074,0,0,False,False
Dewansh Nursing Home,Haryana,Mewat,0,28.2119674,76.9512041,0,0,False,False
Goyal Nursing Home,Haryana,Mewat,0,28.4594965,77.0266383,0,0,False,False
"Guru Harkrishan Sahib (C) Eye Hospital Trust, Soha",Haryana,Gurgaon,0,28.4594965,77.0266383,0,0,False,False
Life Line Hospital,Haryana,Mewat,0,28.4594965,77.0266383,0,0,False,False
Shama Hospital,Haryana,Mewat,0,27.7870173,76.9426256,0,0,False,False
Shivam Hospital,Haryana,Mewat,0,28.0106916,77.0564464,0,0,False,False
Sukhdev Hospital,Haryana,Mewat,0,28.6139391,77.2090212,0,0,False,False
New Wadhwa Nursing Home,Haryana,Mewat,0,27.5529907,76.6345735,0,0,False,False
Shree Sai Hospital and Trauma Centre,Haryana,Gurgaon,0,28.2944019,76.8466897,0,0,False,False
Chc Pataudi,Haryana,Gurgaon,0,28.3255049,76.778212,0,0,False,False
Chc Farukhnagar,Haryana,Gurgaon,0,28.4671712,76.8862435,0,0,False,False
Jyoti Hospital and Trauma Centre,Haryana,Gurgaon,0,28.4225732,76.9026943,0,0,False,False
Kailash Hospital,Haryana,Gurgaon,0,17.3981315,78.5124411,0,0,False,False
Kalawati Hospital and Maternity Center,Haryana,Gurgaon,0,28.4642254,76.8712119,0,0,False,False
Artemis Health Institute,Haryana,Gurgaon,0,28.4594965,77.0266383,0,0,True,False
"Metro Hospital and Heart Institute, Gurgaon",Haryana,Gurgaon,0,28.5003715,77.0414187,0,0,True,True
Neelkanth Hospital,Haryana,Gurgaon,0,28.6139391,77.2090212,0,0,True,False
Sahaj Dental Clinic,Haryana,Gurgaon,0,28.6139391,77.2090212,0,0,True,False
Kathuria Hospital,Haryana,Gurgaon,0,28.4348057,77.0032153,0,0,True,False
Anand Hospital\n,Haryana,Gurgaon,0,28.4428081,77.0126957,0,0,True,False
The Cradle,Haryana,Gurgaon,0,28.4594965,77.0266383,0,0,True,False
Paras Hospitals\n,Haryana,Gurgaon,0,28.4749852,77.0756754,0,0,True,False
Ahooja Eye and Dental Institute,Haryana,Gurgaon,0,28.4636592,77.0302472,0,0,True,False
Arihant Hospital,Haryana,Gurgaon,0,28.4219753,77.0791496,0,0,True,False
Artemis Health Institute / Arth Medical Centre,Haryana,Gurgaon,0,28.429647,77.06652,0,0,True,False
Bhardwaj Hospital,Haryana,Gurgaon,0,28.492663,77.0060658,0,0,True,False
Lall Eye Care Centre,Haryana,Gurgaon,0,28.4683613,77.0255377,0,0,True,False
Lall Nursing and Maternity Home,Haryana,Gurgaon,0,28.4669288,77.0271478,0,0,True,False
Malik Hospital,Haryana,Gurgaon,0,28.4663599,77.1003219,0,0,True,False
"Alchemist Hospital, Gurgaon",Haryana,Gurgaon,0,28.4473955,77.0962582,0,0,True,False
Sethi Hospital,Haryana,Gurgaon,0,28.4567795,77.0219311,0,0,True,False
Shri Balaji Hospital and Trauma Centre,Haryana,Gurgaon,0,28.4573069,76.9904789,0,0,True,False
Sitaram Bhartia Clinic,Haryana,Gurgaon,0,28.4677684,77.0812587,0,0,True,False
Sunrise Hospital,Haryana,Gurgaon,0,28.4437428,77.0111419,0,0,True,False
The Dental Lounge,Haryana,Gurgaon,0,28.4668715,77.0977331,0,0,True,False
Nova Care Clinic,Haryana,Gurgaon,0,28.4683613,77.0255377,0,0,True,False
"Centre For Sight, Gurgaon, New Railway Road",Haryana,Gurgaon,0,28.673523,77.3163754,0,0,True,False
Privat Hospital,Haryana,Gurgaon,0,28.479881,77.080826,0,0,True,False
"World Laparoscopy Hospital,",Haryana,Gurgaon,0,28.4936018,77.088325,0,0,True,False
"Rockland Manesar, Gurgaon",Haryana,Gurgaon,0,28.3688093,76.9268541,0,0,True,False
Aakash Hospital,Haryana,Hisar,0,29.8008373,76.4264804,0,0,False,False
Aastha Hospital,Haryana,Hisar,0,29.1339562,75.7422368,0,0,False,False
Arora Orthopaedic Hospital,Haryana,Hisar,0,29.1666511,75.727776,0,0,False,False
B K Neurocare Hospital,Haryana,Hisar,0,30.3452968,76.3602026,0,0,False,False
Bansal Hospital,Haryana,Hisar,0,29.3641876,75.9056753,0,0,False,False
Bharat Medical Centre,Haryana,Hisar,0,29.8008373,76.4264804,0,0,False,False
Central Medical Centre / Cmc Hospital,Haryana,Hisar,0,29.1308664,75.7525695,0,0,False,False
Chawla Nursing Home,Haryana,Hisar,0,29.1339562,75.7422368,0,0,False,False
Chhabra Hospital,Haryana,Hisar,0,25.2430986,86.9789102,0,0,False,False
City Hospital,Haryana,Hisar,0,29.1517831,75.7257012,0,0,False,False
Civil Hospital,Haryana,Hisar,0,30.1950435,71.4792529,0,0,False,False
General Hospital,Haryana,Hisar,0,30.1950435,71.4792529,0,0,False,False
Ginni Orthopaedic Centre,Haryana,Hisar,0,29.1747592,75.7051647,0,0,False,False
Goswami Hospital,Haryana,Hisar,0,29.1638483,75.7193405,0,0,False,False
Gulati Nursing Home,Haryana,Hisar,0,29.148828,75.7251557,0,0,False,False
Janki Children Hospital,Haryana,Hisar,0,29.1638483,75.7193405,0,0,False,False
Jindal Surgical Hospital,Haryana,Hisar,0,28.6790999,77.1616807,0,0,False,False
Kailash Hospital,Haryana,Hisar,0,29.1339562,75.7422368,0,0,False,False
Kalani Hospital,Haryana,Hisar,0,29.1239665,75.7017487,0,0,False,False
Khanna Medical Centre,Haryana,Hisar,0,29.1638483,75.7193405,0,0,False,False
Lamba Nursing Home Pvt. Ltd.,Haryana,Hisar,0,8.4949884,76.9324309,0,0,False,False
Mhta Holi Hospital,Haryana,Hisar,0,29.1275526,75.7439086,0,0,False,False
N. C. Jindal Institute Of Medical Care And Research Centre,Haryana,Hisar,0,29.1339562,75.7422368,0,0,False,False
"N. D. Hospital, Hisar",Haryana,Hisar,0,29.1339562,75.7422368,0,0,False,False
Nawal Hospital,Haryana,Hisar,0,29.1694579,75.7268204,0,0,False,False
Progressive Medical Care and Research Center Pvt Ltd,Haryana,Hisar,0,29.1517831,75.7257012,0,0,False,False
Ravi Janana Hospital,Haryana,Hisar,0,27.8854345,78.071351,0,0,False,False
Ravindra Hospital,Haryana,Hisar,0,29.1339562,75.7422368,0,0,False,False
Sewak Sabha Hospital,Haryana,Hisar,0,29.1635124,75.7191133,0,0,False,False
Shanti Mission Hospital,Haryana,Hisar,0,30.8827996,75.8322738,0,0,False,False
Sharda Hospital,Haryana,Hisar,0,29.3890606,76.9589891,0,0,False,False
Sharma Nursing Home / Sharma Ravin Hospital,Haryana,Hisar,0,29.1538909,75.7160693,0,0,False,False
Singla Dental And Facial Trauma Centre,Haryana,Hisar,0,31.485722,74.3264869,0,0,False,False
Sri Sai Medicare Center,Haryana,Hisar,0,29.1387042,75.7366361,0,0,False,False
Sukhda Hospital,Haryana,Hisar,0,28.898828,76.5875468,0,0,False,False
The Subhash Verma Surgical Hospital,Haryana,Hisar,0,29.8008373,76.4264804,0,0,False,False
Global Health Center,Haryana,Hisar,0,29.3641876,75.9056753,0,0,False,False
Holy Help Hospital,Haryana,Hisar,0,29.1335361,75.7405016,0,0,False,False
Jain Eye Hospital,Haryana,Hisar,0,29.1275526,75.7439086,0,0,False,False
Jawa Child Care Centre,Haryana,Hisar,0,29.1335361,75.7405016,0,0,False,False
Chum Children Hospital,Haryana,Hisar,0,29.0971845,75.9637413,0,0,False,False
Dhatarwal Hospital -Maternity and Laproscopic Center,Haryana,Hisar,0,29.0971845,75.9637413,0,0,False,False
Inder Sain Hospital,Haryana,Hisar,0,29.0905725,75.9637205,0,0,False,False
Shree Kali Devi Eye and General Hospital,Haryana,Hisar,0,29.0971845,75.9637413,0,0,False,False
Tanwar Hospital,Haryana,Hisar,0,29.0905725,75.9637205,0,0,False,False
Shanti Hospital,Haryana,Hisar,0,29.2212667,76.1406925,0,0,False,False
Agroha Medical College,Haryana,Hisar,0,29.3306696,75.6330686,0,0,False,False
Maharaja Agrasen Medical College and Hospital,Haryana,Hisar,0,29.3306696,75.6330686,0,0,False,False
Bajaj Orthopaedic Hospital,Haryana,Hisar,0,29.2822533,75.4715692,0,0,False,False
Krishan Surgical and General Hospital,Haryana,Hisar,0,31.4329486,75.713901,0,0,False,False
Goel Orthopaedic Hospital,Haryana,Hisar,0,29.3641876,75.9056753,0,0,False,False
"Eye-Q Super Speciality Eye Hospitals, Hisar, Barwala Road",Haryana,Hisar,0,29.1694579,75.7268204,0,0,True,False
Jawa Children Hospital,Haryana,Hisar,0,28.6452089,77.3447853,0,0,True,False
National Fertility and Test Tube Baby Centre,Haryana,Hisar,0,29.1694579,75.7268204,0,0,True,False
Geetanjali Hospital,Haryana,Hisar,0,29.3869559,76.9564629,0,0,True,False
Jindal Institute of Medical Sciences,Haryana,Hisar,0,29.1339562,75.7422368,0,0,True,False
Sharma Nursing Home,Haryana,Hisar,0,29.1538909,75.7160693,0,0,True,False
Central Medical Centre (CMC),Haryana,Hisar,0,29.1517831,75.7257012,0,0,True,False
Shanti Ano-Rectal Hospital,Haryana,Hisar,0,29.1345683,75.7473837,0,0,True,False
Shanti Ano-Rectal Hospital and Kshar Sutra Centre,Haryana,Hisar,0,29.133643,75.747238,0,0,True,False
Brahm Shakti Sanjivani Hospital Pvt Ltd / Brahma Kumaris' Gobal Hospital and Research Centre,Haryana,Jhajjar,0,28.6830944,77.0216684,0,0,False,False
Memorial Health Centre / Pd Memorial General Hospital,Haryana,Jhajjar,0,28.7020499,77.1871526,0,0,False,False
Pushpa Hospital,Haryana,Jhajjar,0,28.6830944,77.0216684,0,0,False,False
Shaili Nursing Home and U S Center,Haryana,Jhajjar,0,28.6775351,77.1598792,0,0,False,False
Lifeline Medical Centre,Haryana,Jhajjar,0,28.7013322,76.5806097,0,0,False,False
Tomar Medical Centre,Haryana,Jhajjar,0,28.7775769,76.7711626,0,0,False,False
Aastha Hospital U/O S K Aastha Hospital Pvt Ltd,Haryana,Jhajjar,0,28.6036627,76.9303751,0,0,False,False
Delhi Hospital and Nursing Home,Haryana,Jhajjar,0,28.6924464,76.9239727,0,0,False,False
General Hospital,Haryana,Jhajjar,0,28.6758469,76.8951327,0,0,False,False
Jeevan Jyoti Hospital,Haryana,Jhajjar,0,28.6896735,76.9467108,0,0,False,False
Mamta Eye Clinic,Haryana,Jhajjar,0,28.6931574,76.9323604,0,0,False,False
Mata Sumitra Devi Hospital,Haryana,Jhajjar,0,28.6924464,76.9239727,0,0,False,False
Mission Hospital,Haryana,Jhajjar,0,28.6924464,76.9239727,0,0,False,False
Pdm General Hospital / Pd Memorial General Hospital,Haryana,Jhajjar,0,28.6877686,76.8908318,0,0,False,False
Sri Rattan Singh Memorial Hospital,Haryana,Jhajjar,0,28.6924464,76.9239727,0,0,False,False
Vandana Hospital and Research Center,Haryana,Jhajjar,0,28.6931639,76.9241418,0,0,False,False
Bal Dharmath Hospital/Bal Dharmarth Hospital,Haryana,Jind,0,29.2948895,76.3091646,0,0,False,False
Balaji Hospital,Haryana,Jind,0,29.2959438,76.3343067,0,0,False,False
Ch. Hoshiar Singh Dalamwala Dharmarth Trust Hospital,Haryana,Jind,0,29.3224574,76.3416407,0,0,False,False
Disha Mission Hospital,Haryana,Jind,0,33.5190404,73.9023417,0,0,False,False
Gupta Maternity And General Hospital,Haryana,Jind,0,29.3211153,76.3058328,0,0,False,False
Jind Nursing Home,Haryana,Jind,0,29.3153515,76.3188616,0,0,False,False
Kumar Maternity Home,Haryana,Jind,0,29.2948895,76.3091646,0,0,False,False
Laxmi Nursing Home,Haryana,Jind,0,28.682095,77.0512156,0,0,False,False
Mahavir Hospital,Haryana,Jind,0,29.3211153,76.3058328,0,0,False,False
Maya Devi Hospital / Maya Medicare,Haryana,Jind,0,29.3211153,76.3058328,0,0,False,False
Minakshi Jain Hospital,Haryana,Jind,0,30.8993149,75.8455906,0,0,False,False
Nath Nursing Home,Haryana,Jind,0,20.012327,73.785743,0,0,False,False
Nirmal Eye Hospital,Haryana,Jind,0,28.6526354,77.4528794,0,0,False,False
Shanti Bindlish Charitable Hospital,Haryana,Jind,0,29.3141324,76.3164634,0,0,False,False
Shanti Nursing Home,Haryana,Jind,0,28.682095,77.0512156,0,0,False,False
Civil Hospital,Haryana,Jind,0,29.4060653,76.6614853,0,0,False,False
Sehrawat Hospital,Haryana,Jind,0,29.4004122,76.6608749,0,0,False,False
General Hospital,Haryana,Jind,0,29.5910963,76.1145993,0,0,False,False
General Hospital Narwana,Haryana,Jind,0,29.5910963,76.1145993,0,0,False,False
Shanti Simriti Eye And General Hospital,Haryana,Jind,0,29.587566,76.1238545,0,0,False,False
Gangaputra Hospital and Research Centre,Haryana,Jind,0,29.7856734,76.3984537,0,0,True,False
Dr. Meenakshi Jain Hospital,Haryana,Jind,0,12.9831164,80.2207518,0,0,True,False
Aarya Spiral Ct Scan Centre,Haryana,Kaithal,0,29.884133,76.621062,0,0,False,False
Bansal Hospital,Haryana,Kaithal,0,30.3781788,76.7766974,0,0,False,False
Dev Nursing Home,Haryana,Kaithal,0,29.7963805,76.42155,0,0,False,False
Gupta Aankho Ka Aspatal,Haryana,Kaithal,0,29.8163036,76.4151866,0,0,False,False
Jain Maternity And Nursing Home,Haryana,Kaithal,0,29.7856734,76.3984537,0,0,False,False
Jindal Child Care And Laboratory,Haryana,Kaithal,0,29.8060396,76.4107365,0,0,False,False
Kaithal Nursing Home,Haryana,Kaithal,0,29.8072108,76.4110039,0,0,False,False
Kirti Hospital,Haryana,Kaithal,0,29.7856734,76.3984537,0,0,False,False
Mittal Surgical and Maternity Hospital,Haryana,Kaithal,0,29.8072108,76.4110039,0,0,False,False
Shah Hospital,Haryana,Kaithal,0,29.7856734,76.3984537,0,0,False,False
Singla Surgical Hospital,Haryana,Kaithal,0,29.7963805,76.42155,0,0,False,False
Aditi Clinic and Kapoor Hospital,Haryana,Karnal,0,29.6758311,77.0089452,0,0,False,False
Ajmani General and Maternity Hospital,Haryana,Karnal,0,20.9502428,72.9186492,0,0,False,False
Amar Hospital,Haryana,Karnal,0,30.7064709,76.8562405,0,0,False,False
Arora Eye and Lasik Laser Centre,Haryana,Karnal,0,29.9689992,76.873699,0,0,False,False
Brain and Spine Hospital,Haryana,Karnal,0,28.592126,77.228974,0,0,False,False
Chaudry Medical And Maternity Hospital / Chaudhry Medical and Maternity Hospital,Haryana,Karnal,0,28.4524631,77.0543486,0,0,False,False
Children`S Nursing Home,Haryana,Karnal,0,29.698219,77.0038033,0,0,False,False
City Orthopaedic Hospital / City Orthopadic and Trauma Hospital,Haryana,Karnal,0,29.7025136,76.993243,0,0,False,False
Dr. Balbir Nursing Home,Haryana,Karnal,0,28.470555,77.0147896,0,0,False,False
Dr. Shyamal Sen Child Spwcialist and Neonatoligist,Haryana,Karnal,0,29.698219,77.0038033,0,0,False,False
Giridhar Hospital,Haryana,Karnal,0,28.4708741,77.0149986,0,0,False,False
Haryana Nursing Home-I,Haryana,Karnal,0,28.4708316,77.0149075,0,0,False,False
Kakkar Eye Hospital /Kakar Eye Hospital,Haryana,Karnal,0,29.7037023,76.9958644,0,0,False,False
Kamal Hospital,Haryana,Karnal,0,28.467897,77.006888,0,0,False,False
Krishna Hospital (Karnal),Haryana,Karnal,0,20.9502428,72.9186492,0,0,False,False
Life Care Hospital,Haryana,Karnal,0,30.7076608,76.8446178,0,0,False,False
Luthra Clinic,Haryana,Karnal,0,29.9205412,73.8841725,0,0,False,False
Monga Nursing Home,Haryana,Karnal,0,29.7109366,77.013356,0,0,False,False
Noor Medical Centre,Haryana,Karnal,0,29.6758311,77.0089452,0,0,False,False
Om Prakash Goel Medicare,Haryana,Karnal,0,32.2732942,75.6508282,0,0,False,False
Sh. Moolchand Kidney Hospital and Urological Institute,Haryana,Karnal,0,28.4721846,77.0156836,0,0,False,False
Singla Children and Maternity Hospital,Haryana,Karnal,0,29.6957862,77.0057059,0,0,False,False
Sugam Priya Hospital,Haryana,Karnal,0,10.927477,79.8382923,0,0,False,False
Sushil Garg Hospital / Sushil Garg Eye and Maternity Hospital,Haryana,Karnal,0,29.1385929,75.7410228,0,0,False,False
Thakur Hospital,Haryana,Karnal,0,28.4752536,77.0090802,0,0,False,False
Uttam Clinic and Hospital,Haryana,Karnal,0,30.678704,76.844589,0,0,False,False
Virmani Ayurveda Panchkarma Chikitsakyam Holyayu,Haryana,Karnal,0,29.6911901,76.9916675,0,0,False,False
Dr. Gain Bhushan Nursing Home and Heart Centre,Haryana,Karnal,0,29.7109366,77.013356,0,0,False,False
Alka Hospital,Haryana,Karnal,0,29.5394553,76.9693845,0,0,False,False
Mata Kalawati Cheritable Hospital,Haryana,Karnal,0,29.491854,76.9628658,0,0,False,False
Parnami Nursing Home,Haryana,Karnal,0,29.8390474,76.9304107,0,0,False,False
Arora Eye and Lasik Laser Centre,Haryana,Karnal,0,29.9689992,76.873699,0,0,True,False
Karnal Nursing Home,Haryana,Karnal,0,29.6956184,76.9914875,0,0,True,False
"Life Care Hospital, Karnal",Haryana,Karnal,0,28.5685947,77.1721518,0,0,True,False
Tagore Hospital,Haryana,Karnal,0,29.9702709,76.8736988,0,0,True,False
R P Stone Clinic Pvt.Ltd..Karnal,Haryana,Karnal,0,30.678704,76.844589,0,0,True,False
Agarwal Nursing Home,Haryana,Kurukshetra,0,29.9575988,76.8811255,0,0,False,False
Ahuja Hospital,Haryana,Kurukshetra,0,29.9706785,76.8382204,0,0,False,False
Atul Clinic,Haryana,Kurukshetra,0,29.9667311,76.87642,0,0,False,False
Bhaskar Medicare Hospital,Haryana,Kurukshetra,0,30.0536751,77.0053625,0,0,False,False
Community Health Centre,Haryana,Kurukshetra,0,27.6441382,79.9447096,0,0,False,False
Gaur Nursing Home,Haryana,Kurukshetra,0,22.6891947,75.8330591,0,0,False,False
Kurukshetra Nursing Home / Kurushetra Nursing Home,Haryana,Kurukshetra,0,29.9642538,76.9114727,0,0,False,False
Lamba Eye Centre,Haryana,Kurukshetra,0,29.1385929,75.7410228,0,0,False,False
Mehta Surgical and Maternity Hospital,Haryana,Kurukshetra,0,13.7436096,76.9021004,0,0,False,False
Saini Eye Care Centre,Haryana,Kurukshetra,0,28.4717634,77.0170436,0,0,False,False
Sanjay Hospital,Haryana,Kurukshetra,0,29.9960274,77.0446062,0,0,False,False
Bandlas Nursing Home,Haryana,Kurukshetra,0,29.9814167,76.5892774,0,0,False,False
Saraswati Mission Hospital / Saraswati Polyclinic Hospital and Diagnostic Centre,Haryana,Kurukshetra,0,29.9819627,76.5860662,0,0,False,False
Radha Krishan Hospital,Haryana,Kurukshetra,0,29.9960274,77.0446062,0,0,False,False
Saini Children Hospital,Haryana,Kurukshetra,0,29.9957531,77.048798,0,0,False,False
Gaur Maternity and Surgical Hospital,Haryana,Kurukshetra,0,30.15764,76.8766024,0,0,False,False
Healing Home,Haryana,Kurukshetra,0,30.1672152,76.8683714,0,0,False,False
Jeevan Jyoti Children Hospital,Haryana,Kurukshetra,0,30.0536751,77.0053625,0,0,False,False
Landmark Hospital,Haryana,Kurukshetra,0,30.15764,76.8766024,0,0,False,False
Wadhwa Nursing Home,Haryana,Kurukshetra,0,30.1672152,76.8683714,0,0,False,False
Sidharth Hospital,Haryana,Kurukshetra,0,30.15764,76.8766024,0,0,True,False
Saraswati Mission Hospital,Haryana,Kurukshetra,0,30.0885435,76.5474705,0,0,True,False
Agarwal Nursing Home and Alpha Diagnostic Center,Haryana,Mahendragarh,0,28.147701,76.2210794,0,0,False,False
Bishnoi Hospital,Haryana,Mahendragarh,0,28.0657961,76.1014781,0,0,False,False
Children Hospital and Maternity Home,Haryana,Mahendragarh,0,28.147701,76.2210794,0,0,False,False
Civil Hospital,Haryana,Mahendragarh,0,28.0657961,76.1014781,0,0,False,False
Dr Fateh Singh Hospital,Haryana,Mahendragarh,0,26.8676942,81.0144196,0,0,False,False
Dr. Maharaj Kr. Goel,Haryana,Mahendragarh,0,28.0657961,76.1014781,0,0,False,False
Goyal Eye Hospital,Haryana,Mahendragarh,0,28.147701,76.2210794,0,0,False,False
Harsh Hospital,Haryana,Mahendragarh,0,28.8254971,76.3907624,0,0,False,False
Hemant Hospital,Haryana,Mahendragarh,0,28.2006666,76.5907109,0,0,False,False
Podar Eye Hospital and Nursing Home,Haryana,Mahendragarh,0,28.0483577,76.1069061,0,0,False,False
Ram Nursing Home,Haryana,Mahendragarh,0,28.0584011,76.1016705,0,0,False,False
Ramavatar Bal Hospital,Haryana,Mahendragarh,0,28.0343075,76.17397,0,0,False,False
Ratna Hospital,Haryana,Mahendragarh,0,28.0657961,76.1014781,0,0,False,False
Shanti Hospital and Research Center,Haryana,Mahendragarh,0,28.0447735,76.0938366,0,0,False,False
"Singhal Medical, Surgical and Maternity Center",Haryana,Mahendragarh,0,28.0657961,76.1014781,0,0,False,False
Yadav Surgical and Nursing Home,Haryana,Mahendragarh,0,28.0657961,76.1014781,0,0,False,False
Surendra Hospital,Haryana,Mahendragarh,0,28.0959214,76.2583455,0,0,False,False
Ganga Devi Pandey Eye Hospital,Haryana,Mahendragarh,0,28.7014122,77.188595,0,0,False,False
Neetu Nursing Home,Haryana,Mahendragarh,0,28.5745813,77.1603832,0,0,False,False
Sukhram Hospital,Haryana,Mahendragarh,0,28.5945736,76.2853128,0,0,False,False
Jeevan Hospital,Haryana,Mahendragarh,0,28.1963043,76.6027404,0,0,False,False
Om Spero Hospital,Haryana,Palwal,0,28.1487362,77.3320262,0,0,True,False
Dr. Baglas Nursing Home,Haryana,Palwal,0,28.1487362,77.3320262,0,0,True,False
Perfect Vision Eye Centre,Haryana,Palwal,0,28.1487362,77.3320262,0,0,True,False
Community Health Centre,Haryana,Panchkula,0,30.8354407,76.9317612,0,0,False,False
D Rana`S Hospital Kalaka,Haryana,Panchkula,0,30.6942091,76.860565,0,0,False,False
G D Child Care Centre,Haryana,Panchkula,0,30.797013,76.9177947,0,0,False,False
J N Shori Multi Speciality Hospital,Haryana,Panchkula,0,31.0381011,76.7118672,0,0,False,False
Khera Hospital / Khera Hospital and X-Ray Centre,Haryana,Panchkula,0,30.797013,76.9177947,0,0,False,False
Khurana Hospital,Haryana,Panchkula,0,30.7628772,76.9049316,0,0,False,False
Alchemist Hospitals Ltd. / (Formerly Know As Kaiser Hospital Ltd.),Haryana,Panchkula,0,30.6747384,76.8634479,0,0,False,False
Bajaj Bone and Joint Clinic,Haryana,Panchkula,0,30.6903348,76.8609575,0,0,False,False
Bandhu Nursing Home,Haryana,Panchkula,0,30.7052881,76.844708,0,0,False,False
Chakravarty Nursing Home / Chakshu Clinic,Haryana,Panchkula,0,30.6898813,76.8483677,0,0,False,False
Divine Eye Clinic,Haryana,Panchkula,0,30.6903348,76.8609575,0,0,False,False
Dr Bakshis Clinical Laboratory,Haryana,Panchkula,0,30.6953385,76.8436041,0,0,False,False
Dr Krishan Lal Singla Nursing Home,Haryana,Panchkula,0,30.7064709,76.8562405,0,0,False,False
Gokul Surgical Hospital,Haryana,Panchkula,0,30.684933,76.8389413,0,0,False,False
Gupta Nursing Home,Haryana,Panchkula,0,26.88728,80.9940139,0,0,False,False
Jindal Nursing Home,Haryana,Panchkula,0,30.7052881,76.844708,0,0,False,False
Jyoti Dental and Eye Care Centre,Haryana,Panchkula,0,30.6918894,76.8370739,0,0,False,False
Kamla Charitable Diagnostic Centre,Haryana,Panchkula,0,30.7064709,76.8562405,0,0,False,False
Kl Nursing Home,Haryana,Panchkula,0,30.7064709,76.8562405,0,0,False,False
Makkar Dental Clinic,Haryana,Panchkula,0,30.6942091,76.860565,0,0,False,False
Malhotra Nursing Home,Haryana,Panchkula,0,30.7052881,76.844708,0,0,False,False
Mehta Medical Centre,Haryana,Panchkula,0,30.6987539,76.8360578,0,0,False,False
Narula Nursing Home,Haryana,Panchkula,0,30.7052881,76.844708,0,0,False,False
Noheria Nursing Home,Haryana,Panchkula,0,30.6942091,76.860565,0,0,False,False
Ortho Centre / Ortho Nava Hospital,Haryana,Panchkula,0,30.6996417,76.844708,0,0,False,False
Orthonova Clinic,Haryana,Panchkula,0,30.6960639,76.8648893,0,0,False,False
Phoneix Hospital,Haryana,Panchkula,0,30.6918894,76.8370739,0,0,False,False
Pulse Hospital,Haryana,Panchkula,0,30.6987539,76.8360578,0,0,False,False
Raffels Hospital Pvt. Ltd.,Haryana,Panchkula,0,30.6798774,76.844708,0,0,False,False
Shri Ram Clinic,Haryana,Panchkula,0,30.6942091,76.860565,0,0,False,False
Siddarth Nursing Home,Haryana,Panchkula,0,30.7398339,76.782702,0,0,False,False
Sidharrth Nursing Home,Haryana,Panchkula,0,30.6942091,76.860565,0,0,False,False
Takkar Dental Clinic,Haryana,Panchkula,0,30.6953385,76.8436041,0,0,False,False
Verma Maternity Centre7Nursing Home,Haryana,Panchkula,0,30.7064709,76.8562405,0,0,False,False
Chc Raipur Rani,Haryana,Panchkula,0,30.583187,77.0190228,0,0,False,False
"Alchemist Hospital, Panchkula",Haryana,Panchkula,0,30.6747384,76.8634479,0,0,True,False
Chakravarty Nursing Home,Haryana,Panchkula,0,30.6898813,76.8483677,0,0,True,False
Chakravarty Polyclinics,Haryana,Panchkula,0,30.6898813,76.8483677,0,0,True,False
Drishti Eye Hospital,Haryana,Panchkula,0,30.6864116,76.8533575,0,0,True,False
Shri Ram Hospital,Haryana,Panchkula,0,23.216719,72.6421769,0,0,True,False
Phoenix Hospital,Haryana,Panchkula,0,30.6918894,76.8370739,0,0,True,False
A S Dahiya Hospital / A.S Dhaiya Hospital,Haryana,Panipat,0,29.3936623,76.947512,0,0,False,False
Aarti Nursing Home,Haryana,Panipat,0,29.3909464,76.9635023,0,0,False,False
Aggarwal Eye Hospital,Haryana,Panipat,0,29.3788655,76.9656473,0,0,False,False
Akash Hospital,Haryana,Panipat,0,29.2405629,77.0113048,0,0,False,False
Altius Maharaja Agarsain Hospital,Haryana,Panipat,0,29.3909464,76.9635023,0,0,False,False
Amar Hospital,Haryana,Panipat,0,29.3909464,76.9635023,0,0,False,False
Anand Hospital Navdeep Eye Center / Anand Nursing Home,Haryana,Panipat,0,17.4068477,78.4623915,0,0,False,False
Arora Psychiatric Nursing Home,Haryana,Panipat,0,29.388958,76.9599852,0,0,False,False
Bajaj Eye Centre,Haryana,Panipat,0,28.6971398,77.1596946,0,0,False,False
Batra Hospital,Haryana,Panipat,0,29.3622905,76.9931074,0,0,False,False
Chaturbhuj Leelawati Trust Hospital and Nursing Home / Chaterbuj Trust Hospital,Haryana,Panipat,0,29.3909464,76.9635023,0,0,False,False
Chhabra Hospital,Haryana,Panipat,0,29.3955427,76.9580198,0,0,False,False
Civil Hospital,Haryana,Panipat,0,29.3909464,76.9635023,0,0,False,False
D.K. Gastro-Care Clinic,Haryana,Panipat,0,29.3986523,76.971507,0,0,False,False
D.N.Batra Hospital,Haryana,Panipat,0,29.3781682,76.9644342,0,0,False,False
Delhi Eye Hospital,Haryana,Panipat,0,29.3986523,76.971507,0,0,False,False
Dn Hospital,Haryana,Panipat,0,29.3781682,76.9644342,0,0,False,False
Dr Bharat General and Dental Hospital,Haryana,Panipat,0,29.388306,76.9780583,0,0,False,False
Dr Narayana Datta Hospital,Haryana,Panipat,0,29.388958,76.9599852,0,0,False,False
Dr Sudhir Sabharwal Orthopaedic Center,Haryana,Panipat,0,28.7065412,77.1905524,0,0,False,False
Dr. G.C. Gupta Hospital,Haryana,Panipat,0,29.3735591,76.9772675,0,0,False,False
Dr.Chaudary Hospital,Haryana,Panipat,0,29.3759124,76.9451241,0,0,False,False
Dr.Narayan Datt Hospital,Haryana,Panipat,0,29.388958,76.9599852,0,0,False,False
Heritage Hospitals Pvt Ltd,Haryana,Panipat,0,28.6516342,77.4209149,0,0,False,False
Hyderabadi General Hospital and Nursing Home,Haryana,Panipat,0,29.3897296,76.97317,0,0,False,False
Jain Ent Center,Haryana,Panipat,0,29.3986523,76.971507,0,0,False,False
Kapila Hospital,Haryana,Panipat,0,29.2405629,77.0113048,0,0,False,False
Kohli Nursing Home,Haryana,Panipat,0,29.3909464,76.9635023,0,0,False,False
Kundu Hospital,Haryana,Panipat,0,29.3781682,76.9644342,0,0,False,False
Malik Hospital,Haryana,Panipat,0,29.3788655,76.9656473,0,0,False,False
Mittal Chest Allegery and General Hospital,Haryana,Panipat,0,28.8916618,76.635549,0,0,False,False
Pritam Nursing Home,Haryana,Panipat,0,29.3980821,76.9657463,0,0,False,False
Rainbow Children Hospital,Haryana,Panipat,0,30.9504406,74.6151551,0,0,False,False
Sai Ram Nursing Home,Haryana,Panipat,0,29.3909464,76.9635023,0,0,False,False
Saradana Hospital / Sardana Hospital,Haryana,Panipat,0,29.3781682,76.9644342,0,0,False,False
Shipra Hospitals Pvt. Ltd.,Haryana,Panipat,0,28.6515136,77.4208293,0,0,False,False
Shri Hyderabadi Biradari Shiksha and Medical Sanstha,Haryana,Panipat,0,29.3872866,76.9993642,0,0,False,False
Sombeer Hospital / Sombir Hospital / Somdir Hospital,Haryana,Panipat,0,29.3776606,76.9693889,0,0,False,False
Soni Hospital,Haryana,Panipat,0,29.388958,76.9599852,0,0,False,False
"ESI Hospital, Panipat",Haryana,Panipat,0,29.3909464,76.9635023,0,0,True,False
Madaan Hospital,Haryana,Panipat,0,29.3942309,76.9467794,0,0,True,False
Ravindra Hospital\n,Haryana,Panipat,0,29.388958,76.9599852,0,0,True,False
Dr. G.C.Gupta Hospital,Haryana,Panipat,0,29.3909464,76.9635023,0,0,True,False
Apex Hospital And Trauma Centre / Apex Hospital (Multi Speciality Centre),Haryana,Rewari,0,28.2142461,76.7985669,0,0,False,False
Ahuja Hospital,Haryana,Rewari,0,28.0657961,76.1014781,0,0,False,False
Arora Nursing Home,Haryana,Rewari,0,28.1877433,76.6167212,0,0,False,False
Bansal Hospital Heart Care Center,Haryana,Rewari,0,31.1027186,77.1602007,0,0,False,False
Birendra Hospital,Haryana,Rewari,0,28.1927631,76.6239423,0,0,False,False
Civil Hospital,Haryana,Rewari,0,28.1933219,76.6203179,0,0,False,False
Dr. Arora Vijay Memorial Hospital,Haryana,Rewari,0,28.1877433,76.6167212,0,0,False,False
Dr. Kaushal Surgical Hospital and Maternity Home,Haryana,Rewari,0,31.6386589,74.8659017,0,0,False,False
Dr. Ramjass Hospital,Haryana,Rewari,0,30.1397227,74.1950513,0,0,False,False
Dr.S.S. Yadav Ram-Bhagwan Charitable Institute,Haryana,Rewari,0,28.1927631,76.6239423,0,0,False,False
Dr.Ved Prakash Surgical and Laproscopic Centre,Haryana,Rewari,0,30.8989156,75.845453,0,0,False,False
Health Point,Haryana,Rewari,0,28.1927631,76.6239423,0,0,False,False
Imran Ent Hospital,Haryana,Rewari,0,28.0657961,76.1014781,0,0,False,False
Kalawati Hospital,Haryana,Rewari,0,28.1880105,76.6170739,0,0,False,False
Medimax Hospital,Haryana,Rewari,0,28.1927631,76.6239423,0,0,False,False
Naithani Neuro Cente,Haryana,Rewari,0,28.1927631,76.6239423,0,0,False,False
Om Heart Care and Medical Centre,Haryana,Rewari,0,31.6386589,74.8659017,0,0,False,False
Poonam Child Care Centre,Haryana,Rewari,0,28.1877433,76.6167212,0,0,False,False
"Samudayik Swasthya Kender, Khaul",Haryana,Rewari,0,28.1927631,76.6239423,0,0,False,False
Shakuntla Multi Speciality Hospital,Haryana,Rewari,0,28.1940591,76.621356,0,0,False,False
Shanti Yadav Hospital,Haryana,Rewari,0,28.1927631,76.6239423,0,0,False,False
Sheel Hospital,Haryana,Rewari,0,28.1963043,76.6027404,0,0,False,False
Shree Shyam Surgical and Maternity Hospital,Haryana,Rewari,0,28.1927631,76.6239423,0,0,False,False
Shri Ashwini Saxena Hospital / Shri A Saxena Hospital,Haryana,Rewari,0,28.1862453,76.6139278,0,0,False,False
Shri Komal Eye Hospital and Dr Saxena`S Nursing Home,Haryana,Rewari,0,28.1933219,76.6203179,0,0,False,False
Shri Krishan Hospital / Shri Krishana Hospital,Haryana,Rewari,0,28.1927631,76.6239423,0,0,False,False
Sukhdev Hospital,Haryana,Rewari,0,28.1902531,76.7907254,0,0,False,False
Surekha Yadav Maternity Surgical Hospital,Haryana,Rewari,0,28.1782536,76.6243074,0,0,False,False
Verma Nursing Homre,Haryana,Rewari,0,28.1902531,76.7907254,0,0,False,False
Dr B Lal Hospital,Haryana,Rewari,0,28.0974786,76.5892774,0,0,False,False
"Eye-Q Super Speciality Eye Hospitals, Rewari",Haryana,Rewari,0,28.1940591,76.621356,0,0,True,False
Apex Health Care and Apex Hospital and Trauma Centre,Haryana,Rewari,0,28.2142461,76.7985669,0,0,True,False
Arora Nursing Home,Haryana,Rewari,0,31.3084431,75.5658979,0,0,True,False
Arora Nursing Home\n,Haryana,Rewari,0,31.3084431,75.5658979,0,0,True,False
Aastha Hospital,Haryana,Rohtak,0,28.8975169,76.6044498,0,0,False,False
Bharat Nursing Home,Haryana,Rohtak,0,28.9007325,76.6256712,0,0,False,False
Chadha Orthopaedic and Dental Research Inst.,Haryana,Rohtak,0,28.4704663,77.314466,0,0,False,False
Chhabra Psychiatric Clinic,Haryana,Rohtak,0,28.6139391,77.2090212,0,0,False,False
City Heart Clinic And Nursing Home,Haryana,Rohtak,0,25.8586646,85.7848271,0,0,False,False
Citycare Hospital,Haryana,Rohtak,0,26.8710107,75.7815245,0,0,False,False
Civil Hospital,Haryana,Rohtak,0,28.8955152,76.606611,0,0,False,False
Dr. Ravi Mohan Clinic and Nursing Home,Haryana,Rohtak,0,28.8932993,76.6058888,0,0,False,False
Gaur Nursing Home,Haryana,Rohtak,0,28.8955152,76.606611,0,0,False,False
General Hospital,Haryana,Rohtak,0,28.8955152,76.606611,0,0,False,False
Gupta Ortho Centre,Haryana,Rohtak,0,17.401456,78.469886,0,0,False,False
Ishwar Eye Clinic,Haryana,Rohtak,0,28.893931,76.602983,0,0,False,False
Ishwar Orthopaedic Hospital,Haryana,Rohtak,0,28.8955152,76.606611,0,0,False,False
Jain Lifecare,Haryana,Rohtak,0,28.8643157,76.5921164,0,0,False,False
Jeewan Hospital and Nursing Home,Haryana,Rohtak,0,25.9266775,68.6430287,0,0,False,False
"Maan Hospital,",Haryana,Rohtak,0,28.8988514,76.587542,0,0,False,False
Malik Hospital,Haryana,Rohtak,0,25.8525255,84.0943796,0,0,False,False
Mansarovar Hospital,Haryana,Rohtak,0,28.8919484,76.6033386,0,0,False,False
Manu Hospital,Haryana,Rohtak,0,28.8955152,76.606611,0,0,False,False
Moda Nursing Home,Haryana,Rohtak,0,28.8643157,76.5921164,0,0,False,False
P G I M S,Haryana,Rohtak,0,28.8955152,76.606611,0,0,False,False
Pt B.D. Sharma Post Graduate Institute Of Medical,Haryana,Rohtak,0,28.8955152,76.606611,0,0,False,False
Rajlaxmi Hosptial,Haryana,Rohtak,0,28.831237,76.3955603,0,0,False,False
Rathee Hospital,Haryana,Rohtak,0,29.3211153,76.3058328,0,0,False,False
Ravi Child Care Hospital,Haryana,Rohtak,0,28.8955152,76.606611,0,0,False,False
Rohtak Maternity Centre,Haryana,Rohtak,0,28.8954105,76.5920877,0,0,False,False
S.K.Mudgil Hospital / S.K.M. Hospital,Haryana,Rohtak,0,28.8816565,76.6072757,0,0,False,False
Sanghi Nursing Home,Haryana,Rohtak,0,28.8955152,76.606611,0,0,False,False
Shanti Maternity And Nursing Home,Haryana,Rohtak,0,29.3211153,76.3058328,0,0,False,False
Shree Krishna Clinic,Haryana,Rohtak,0,28.8955152,76.606611,0,0,False,False
Shree Sai Saans Critical Care Centre,Haryana,Rohtak,0,17.3575226,78.5429113,0,0,False,False
Sukhda Hopital,Haryana,Rohtak,0,28.8955152,76.606611,0,0,False,False
Sun Flag Super Speciality Hospital and Trauma Centre,Haryana,Rohtak,0,28.5721429,77.2684151,0,0,False,False
Sh. Baba Mast Nath Charitable Hospital,Haryana,Rohtak,0,28.8580845,76.6297232,0,0,False,False
Anirudh Hospital,Haryana,Rohtak,0,28.9636558,76.2963903,0,0,False,False
Jiwan Clinic and Nursing Home,Haryana,Rohtak,0,28.9658949,76.2963954,0,0,False,False
Pawan Children S Hospital,Haryana,Rohtak,0,28.831237,76.3955603,0,0,False,False
Dr.Gogias Super Speciality Dental Care Centre,Haryana,Rohtak,0,28.6139391,77.2090212,0,0,True,False
"Eye-Q Super Speciality Eye Hospitals, Rohtak",Haryana,Rohtak,0,28.8958259,76.6022492,0,0,True,False
Ishwar Eye Centre\n,Haryana,Rohtak,0,28.893931,76.602983,0,0,True,False
Pandit Bhagwat Dayal Sharma Post Graduate Institute of Medical Sciences,Haryana,Rohtak,0,28.8955152,76.606611,0,0,True,False
Shanti Maternity and Nursing Home\n,Haryana,Rohtak,0,29.3211153,76.3058328,0,0,True,False
Shri Baba Mast Nath Charitable Hospital,Haryana,Rohtak,0,28.8580845,76.6297232,0,0,True,False
Gaur Brahman Ayurvedic College,Haryana,Rohtak,0,28.8955152,76.606611,0,0,True,False
Talwar Nursing Home,Haryana,Sirsa,0,29.5324367,75.0373067,0,0,False,False
Advanced Lasik Laswe Centre,Haryana,Sirsa,0,32.9923608,74.9257719,0,0,False,False
Apex Hospital and Research Center - Rsby,Haryana,Sirsa,0,29.5335931,75.0177029,0,0,False,False
Baba Bihari Netralaya - Rsby,Haryana,Sirsa,0,29.5423403,75.0276364,0,0,False,False
Bansal Nursing Home - Rsby,Haryana,Sirsa,0,29.5335931,75.0177029,0,0,False,False
Bikaner Nursing Home - Rsby,Haryana,Sirsa,0,29.5335931,75.0177029,0,0,False,False
Bishnoi Nursing Home,Haryana,Sirsa,0,29.5335931,75.0177029,0,0,False,False
Dayal Hospital,Haryana,Sirsa,0,29.5335931,75.0177029,0,0,False,False
Garg Children Hospital - Rsby,Haryana,Sirsa,0,29.5335931,75.0177029,0,0,False,False
General Hospital,Haryana,Sirsa,0,29.5363692,75.015843,0,0,False,False
Jagdish Nursing Home And Heart Care Center,Haryana,Sirsa,0,29.5335931,75.0177029,0,0,False,False
Khurane Child Health Care and Neonatology Center / Khurana Bal Avam Navjat Shishu Rog Upchar Kendra / Khurana Nursing Home,Haryana,Sirsa,0,29.5335931,75.0177029,0,0,False,False
New City Hospital,Haryana,Sirsa,0,29.5335931,75.0177029,0,0,False,False
Santosh Hospital and Maternity Home,Haryana,Sirsa,0,29.5335931,75.0177029,0,0,False,False
Satyam Hospital,Haryana,Sirsa,0,29.5335931,75.0177029,0,0,False,False
Sri Shyam Hospital and Maternity Home,Haryana,Sirsa,0,29.5335931,75.0177029,0,0,False,False
Tomar Nursing Home / Tomer Nursing Home - Rsby,Haryana,Sirsa,0,29.5335931,75.0177029,0,0,False,False
Agnihotri Surgical and Maternity Hospital,Haryana,Sirsa,0,29.9671034,74.7001328,0,0,False,False
Singla Maternity and Nursing Home,Haryana,Sirsa,0,29.9669041,74.6991836,0,0,False,False
Apex Hospital,Haryana,Sirsa,0,29.5335931,75.0177029,0,0,True,False
Neeraj Hospital,Haryana,Sirsa,0,29.4671562,77.7039176,0,0,True,False
Mata Shanti Devi Institute of Nursing,Haryana,Sirsa,0,29.5335931,75.0177029,0,0,True,False
Dr. Praveen Eye Hospital and Research Centre,Haryana,Sirsa,0,9.9818176,76.2983614,0,0,True,False
Bansal Nursing Home,Haryana,Sirsa,0,29.5335931,75.0177029,0,0,True,False
Bagla Eye Hospital and Laser Centre,Haryana,Sirsa,0,29.9671034,74.7001328,0,0,True,False
Poojaneeya Mata Aas kaur Ji Ayurvedic Hospital\n,Haryana,Sirsa,0,29.5335931,75.0177029,0,0,True,False
Aggarwal Hospital,Haryana,Sonipat,0,29.1349669,77.0180345,0,0,False,False
Arpit Hospital,Haryana,Sonipat,0,22.3071588,73.1812187,0,0,False,False
Arya Eye Hospital,Haryana,Sonipat,0,28.9833018,77.0211177,0,0,False,False
Bansal Nursing Home,Haryana,Sonipat,0,28.4732109,77.0488485,0,0,False,False
Batra Nursing Home and Heart Care Centre,Haryana,Sonipat,0,31.1027186,77.1602007,0,0,False,False
Bps Government Medical College For Women Khanpur,Haryana,Sonipat,0,29.1637934,76.7899135,0,0,False,False
Chauhan Hospital,Haryana,Sonipat,0,29.3020317,76.3149783,0,0,False,False
Chhabra Nursing Home,Haryana,Sonipat,0,28.9833018,77.0211177,0,0,False,False
City Hospital,Haryana,Sonipat,0,28.9287735,77.091281,0,0,False,False
Civil Hospital,Haryana,Sonipat,0,29.1314364,77.0166022,0,0,False,False
Dahiya Hospital,Haryana,Sonipat,0,28.9864203,77.0264713,0,0,False,False
Darya Ram Hospital,Haryana,Sonipat,0,28.9287735,77.091281,0,0,False,False
Dn Sharma Hospital Pvt Ltd,Haryana,Sonipat,0,31.3386207,75.5764747,0,0,False,False
Dr. J.P. Singh,Haryana,Sonipat,0,28.9918148,77.0226217,0,0,False,False
Dr. Satbir Dahiya Surgical Hospital,Haryana,Sonipat,0,28.8744896,76.9124465,0,0,False,False
Dua Nursing Home,Haryana,Sonipat,0,28.994511,77.027565,0,0,False,False
Esi Dispancry,Haryana,Sonipat,0,28.9287735,77.091281,0,0,False,False
Gaj Raj Hospital,Haryana,Sonipat,0,29.2421276,76.5091643,0,0,False,False
General Hospital,Haryana,Sonipat,0,28.9287735,77.091281,0,0,False,False
"General Hospital, Bahadurgarh",Haryana,Sonipat,0,28.9287735,77.091281,0,0,False,False
Girdhar Hospital,Haryana,Sonipat,0,29.5322255,75.0538136,0,0,False,False
Gupta Nursing Home,Haryana,Sonipat,0,28.9995446,77.0327381,0,0,False,False
Handa Hospital and Heart Care Centre,Haryana,Sonipat,0,28.9982846,77.0140225,0,0,False,False
Haryana Multispeciality Hospital - Sonipat,Haryana,Sonipat,0,28.9287735,77.091281,0,0,False,False
J.K Hindu Charitable Hospital,Haryana,Sonipat,0,28.976948,77.0201928,0,0,False,False
Jankidas Kapur Memorial Hospital,Haryana,Sonipat,0,28.9995446,77.0327381,0,0,False,False
Janta Charitable Hospital,Haryana,Sonipat,0,28.9287735,77.091281,0,0,False,False
Lala Jai Kishan Hindu Charitable Hospital,Haryana,Sonipat,0,28.976948,77.0201928,0,0,False,False
Memorial Hospital,Haryana,Sonipat,0,28.9287735,77.091281,0,0,False,False
Mittal Nursing Home,Haryana,Sonipat,0,28.9840222,77.0233415,0,0,False,False
Moolchand Jain Hospital,Haryana,Sonipat,0,29.1349669,77.0180345,0,0,False,False
Mukhi Hospital and Nursing Home Pvt. Ltd.,Haryana,Sonipat,0,30.2503965,77.046211,0,0,False,False
Navjeevan Hospital,Haryana,Sonipat,0,28.9287735,77.091281,0,0,False,False
New Dua Nursing Home,Haryana,Sonipat,0,28.994511,77.027565,0,0,False,False
Patil Nursing Home,Haryana,Sonipat,0,28.9984401,77.0258391,0,0,False,False
Raj Child Health Care and Immunization Centre,Haryana,Sonipat,0,28.9995446,77.0327381,0,0,False,False
Rama Multispeciality Hospital,Haryana,Sonipat,0,28.9631624,77.0881034,0,0,False,False
Rawal Multi Speciality Hospital,Haryana,Sonipat,0,28.6838182,77.0109533,0,0,False,False
Satya-Om Eye and Maternity Hosptal,Haryana,Sonipat,0,33.6498587,73.0336025,0,0,False,False
Sethi Amar Hospital Heart and Maternity Centre,Haryana,Sonipat,0,28.8806715,76.9102544,0,0,False,False
Sharma Hospital,Haryana,Sonipat,0,29.1349669,77.0180345,0,0,False,False
Shiva Hospital / Shiva Krupa Eye Hospital and General Nursing Home,Haryana,Sonipat,0,28.9886152,77.0118246,0,0,False,False
Sikri Hospital,Haryana,Sonipat,0,28.9287735,77.091281,0,0,False,False
Smt. Angoori Devi Ortho and General Hospital,Haryana,Sonipat,0,28.9631624,77.0881034,0,0,False,False
Archana Hospital,Haryana,Sonipat,0,28.9641228,76.2957358,0,0,False,False
Gohana Hospital,Haryana,Sonipat,0,29.1384064,76.6932438,0,0,False,False
Sajni Nursing Home,Haryana,Sonipat,0,29.1384064,76.6932438,0,0,False,False
Setiya Nursing Home,Haryana,Sonipat,0,29.1384064,76.6932438,0,0,False,False
Mool Chand Jain Hospital,Haryana,Sonipat,0,29.1349669,77.0180345,0,0,True,False
"BPS GovernmentMedical College, Khanpur Kalan",Haryana,Sonipat,0,28.9287735,77.091281,0,0,True,False
Aarogyam Hospital,Haryana,Yamunanagar,0,30.1702088,77.2865519,0,0,False,False
Christian Hospital,Haryana,Yamunanagar,0,30.1680858,77.2969204,0,0,False,False
Civil Hospital,Haryana,Yamunanagar,0,30.1290485,77.2673901,0,0,False,False
Deswal Hospital Childrens and Maternity Centre,Haryana,Yamunanagar,0,30.1680858,77.2969204,0,0,False,False
Garg Ent Hospital,Haryana,Yamunanagar,0,30.1680858,77.2969204,0,0,False,False
Goel Hospital,Haryana,Yamunanagar,0,30.1680858,77.2969204,0,0,False,False
Jain Hospital,Haryana,Yamunanagar,0,30.1522754,77.3008506,0,0,False,False
Jindal Hospital,Haryana,Yamunanagar,0,30.1522754,77.3008506,0,0,False,False
Kapoor General and Maternity Hospital,Haryana,Yamunanagar,0,30.2430239,77.358284,0,0,False,False
Mittal Hospital,Haryana,Yamunanagar,0,30.3829698,76.7788937,0,0,False,False
S.K. Hospital - Jagadhri,Haryana,Yamunanagar,0,30.1680858,77.2969204,0,0,False,False
S.P.Infertility and Surgical Centre Pvt. Ltd. / S.P. Hospital,Haryana,Yamunanagar,0,30.1680858,77.2969204,0,0,False,False
Sabbarwal Hospital,Haryana,Yamunanagar,0,30.1680858,77.2969204,0,0,False,False
Aggarwal Hospital,Haryana,Yamunanagar,0,30.1290485,77.2673901,0,0,False,False
Chadha Hospital,Haryana,Yamunanagar,0,30.1290485,77.2673901,0,0,False,False
City Hospital,Haryana,Yamunanagar,0,30.1680858,77.2969204,0,0,False,False
Friends Integrated Hospital,Haryana,Yamunanagar,0,30.1325177,77.2801274,0,0,False,False
Gaba Hospital,Haryana,Yamunanagar,0,30.1290485,77.2673901,0,0,False,False
Gautam Hospital,Haryana,Yamunanagar,0,32.4424479,74.1216683,0,0,False,False
M L General Hospital,Haryana,Yamunanagar,0,30.1290485,77.2673901,0,0,False,False
Madan Memorial Children Hospital,Haryana,Yamunanagar,0,28.6580088,77.2347848,0,0,False,False
Mahairshi Dayanand Maternity and General Hospital,Haryana,Yamunanagar,0,30.1377303,77.2819983,0,0,False,False
Mahajan Hospital,Haryana,Yamunanagar,0,30.1352524,77.293257,0,0,False,False
Masih Hospital,Haryana,Yamunanagar,0,28.5773041,77.2626059,0,0,False,False
Rajan Hospital,Haryana,Yamunanagar,0,30.1348304,77.2520067,0,0,False,False
Rama Nursing Home,Haryana,Yamunanagar,0,30.0271643,77.149294,0,0,False,False
Roop Rani Free Sewa Eye Hospital,Haryana,Yamunanagar,0,30.1290485,77.2673901,0,0,False,False
Shri Suresh Chandra Memorial Eye and General Hospit,Haryana,Yamunanagar,0,30.1290485,77.2673901,0,0,False,False
Sihint Hospital,Haryana,Yamunanagar,0,30.1290485,77.2673901,0,0,False,False
Smt. Shanti Devi Kalra Eye and Maternity Hospital,Haryana,Yamunanagar,0,30.1377303,77.2819983,0,0,False,False
Waryam Singh Hospital,Haryana,Yamunanagar,0,30.1290485,77.2673901,0,0,False,False
Aggrawal Hospital,Haryana,Yamunanagar,0,30.2655303,77.4564769,0,0,False,False
Bansal Eye Hospital,Haryana,Yamunanagar,0,30.1680858,77.2969204,0,0,False,False
Civil Hospital,Haryana,Yamunanagar,0,30.1701226,77.293719,0,0,False,False
Dua Nursing Home,Haryana,Yamunanagar,0,30.1707269,77.2981795,0,0,False,False
General Hospital,Haryana,Yamunanagar,0,30.1680858,77.2969204,0,0,False,False
Kapil Hospital,Haryana,Yamunanagar,0,30.2655303,77.4564769,0,0,False,False
Mahendra Hospital / Mahendru Hospital,Haryana,Yamunanagar,0,30.1596868,77.3058962,0,0,False,False
Rameshwar Dass Memorial Hospital,Haryana,Yamunanagar,0,30.1680858,77.2969204,0,0,False,False
Santosh Hospital,Haryana,Yamunanagar,0,28.6280553,77.2967595,0,0,False,False
Sh O P Memorial Jain Hospital,Haryana,Yamunanagar,0,30.1522754,77.3008506,0,0,False,False
Tilak Raj Chhabra Memorial Hospital,Haryana,Yamunanagar,0,30.2605444,77.3497581,0,0,False,False
Vignesh Hospital,Haryana,Yamunanagar,0,30.3490194,76.8335545,0,0,False,False
Esi Hospital,Haryana,Yamunanagar,0,30.1420443,77.3123396,0,0,False,False
"ESI Hospital, Jagadiri",Haryana,Yamunanagar,0,30.1290485,77.2673901,0,0,True,False
"Eye-Q Super Speciality Eye Hospitals, Yamunanagar",Haryana,Yamunanagar,0,30.1290485,77.2673901,0,0,True,False
Jindal Hospital,Haryana,Yamunanagar,0,30.1522754,77.3008506,0,0,True,False
Ayurvedic Hospital,Himachal Pradesh,Shimla,0,31.4492451,77.6298122,0,0,False,False
Ayurvedic Hospital,Himachal Pradesh,Shimla,0,31.2045526,77.7523608,0,0,False,False
Civil Hospital,Himachal Pradesh,Shimla,0,31.1048145,77.1734033,0,0,False,False
Civil Hospital,Himachal Pradesh,Shimla,0,30.9478979,77.5901243,0,0,False,False
Civil Hospital,Himachal Pradesh,Shimla,0,31.1116916,77.6664976,0,0,False,False
Civil Hospital,Himachal Pradesh,Shimla,0,31.0240057,77.1916497,0,0,False,False
Civil Hospital,Himachal Pradesh,Shimla,0,31.3113704,77.4744889,0,0,False,False
Civil Hospital,Himachal Pradesh,Shimla,0,30.9190232,77.6424486,0,0,False,False
Civil Hospital,Himachal Pradesh,Shimla,0,31.1260995,77.3524522,0,0,False,False
Community Health Centre,Himachal Pradesh,Shimla,0,31.1048145,77.1734033,0,0,False,False
Community Health Centre,Himachal Pradesh,Shimla,0,31.2373257,77.8738864,0,0,False,False
Community Health Centre,Himachal Pradesh,Shimla,0,31.3182709,77.4458151,0,0,False,False
Community Health Centre,Himachal Pradesh,Shimla,0,31.2422245,77.1221405,0,0,False,False
Community Health Centre,Himachal Pradesh,Shimla,0,31.1048145,77.1734033,0,0,False,False
DDU Hospital,Himachal Pradesh,Shimla,0,31.1048145,77.1734033,0,0,False,False
GovernmentDental Collage,Himachal Pradesh,Shimla,0,31.1048145,77.1734033,0,0,False,False
Indira Gandhi Medical Collage,Himachal Pradesh,Shimla,0,31.1048145,77.1734033,0,0,False,False
Indus Hospital,Himachal Pradesh,Shimla,0,31.1048145,77.1734033,0,0,False,False
JNS Eye Care Centre,Himachal Pradesh,Shimla,0,31.1050849,77.1923685,0,0,False,False
KNH Shimla,Himachal Pradesh,Shimla,0,31.0927056,77.1773458,0,0,False,False
MGMSCKHNERI,Himachal Pradesh,Shimla,0,31.4492451,77.6298122,0,0,False,False
Primary Health Centre,Himachal Pradesh,Shimla,0,31.1296226,77.2283453,0,0,False,False
District Ayurvedic Hospital,Himachal Pradesh,Bilaspur,0,31.3429426,76.7625073,0,0,False,False
Regional Hospital,Himachal Pradesh,Bilaspur,0,31.3429426,76.7625073,0,0,False,False
Vyas Hospital,Himachal Pradesh,Bilaspur,0,22.0796251,82.1391412,0,0,False,False
"Ayurvedic Hospital, Kandraur",Himachal Pradesh,Bilaspur,0,22.0796251,82.1391412,0,0,False,False
Civil Hospital,Himachal Pradesh,Bilaspur,0,31.4491451,76.7047904,0,0,False,False
Fortis Rainbow Hospital,Himachal Pradesh,Bilaspur,0,22.0796251,82.1391412,0,0,False,False
C H C Naina Devi,Himachal Pradesh,Bilaspur,0,31.3084095,76.5406706,0,0,False,False
Vyas Hospital,Himachal Pradesh,Bilaspur,0,31.3594562,76.7472294,0,0,False,False
Rainbow Hospital,Himachal Pradesh,Bilaspur,0,31.4491451,76.7047904,0,0,False,False
Ayurvedic Hospital,Himachal Pradesh,Bilaspur,0,22.0796251,82.1391412,0,0,False,False
Civil Hospital,Himachal Pradesh,Bilaspur,0,31.4491451,76.7047904,0,0,False,False
Community Health Centre,Himachal Pradesh,Bilaspur,0,22.0796251,82.1391412,0,0,False,False
Community Health Centre,Himachal Pradesh,Bilaspur,0,31.4981518,76.7563347,0,0,False,False
Community Health Centre,Himachal Pradesh,Bilaspur,0,22.0796251,82.1391412,0,0,False,False
Community Health Centre,Himachal Pradesh,Bilaspur,0,22.0796251,82.1391412,0,0,False,False
Community Health Centre,Himachal Pradesh,Bilaspur,0,31.3064166,76.5358173,0,0,False,False
Ayurvedic Hospital,Himachal Pradesh,Bilaspur,0,31.3429426,76.7625073,0,0,False,False
Regional Hospital,Himachal Pradesh,Bilaspur,0,31.3429426,76.7625073,0,0,False,False
"Referral Hospital, Chowari",Himachal Pradesh,Chamba,0,32.4311794,76.0130784,0,0,False,False
C H C Holi,Himachal Pradesh,Chamba,0,32.3365641,76.5442693,0,0,False,False
Government Hospital,Himachal Pradesh,Chamba,0,32.5533633,76.1258083,0,0,False,False
"Regional Hospital, Chamba",Himachal Pradesh,Chamba,0,32.5533633,76.1258083,0,0,False,False
C H C Choori,Himachal Pradesh,Chamba,0,32.4788271,76.2908918,0,0,False,False
"P H C, Kakira",Himachal Pradesh,Chamba,0,32.4557583,75.9344155,0,0,False,False
"Ayurvedic Hospital, Bharmour",Himachal Pradesh,Chamba,0,32.442849,76.5329269,0,0,False,False
C H C Bharmour,Himachal Pradesh,Chamba,0,32.4411286,76.5357732,0,0,False,False
C H C Saluni,Himachal Pradesh,Chamba,0,32.7299555,76.0342881,0,0,False,False
C H C Killar,Himachal Pradesh,Chamba,0,33.0852673,76.3989821,0,0,False,False
"P H C, Purthi",Himachal Pradesh,Chamba,0,32.9151619,76.4664307,0,0,False,False
Ayurvedic Hospital,Himachal Pradesh,Chamba,0,32.442849,76.5329269,0,0,False,False
Civil Hospital,Himachal Pradesh,Chamba,0,32.5352395,75.9671164,0,0,False,False
Civil Hospital,Himachal Pradesh,Chamba,0,32.5447632,75.943557,0,0,False,False
Community Health Centre,Himachal Pradesh,Chamba,0,32.442849,76.5329269,0,0,False,False
Community Health Centre,Himachal Pradesh,Chamba,0,32.3307407,76.5502682,0,0,False,False
Community Health Centre,Himachal Pradesh,Chamba,0,32.4871571,75.9408807,0,0,False,False
Community Health Centre,Himachal Pradesh,Chamba,0,33.0840737,76.4071336,0,0,False,False
Community Health Centre,Himachal Pradesh,Chamba,0,32.9151619,76.4664307,0,0,False,False
Community Health Centre,Himachal Pradesh,Chamba,0,32.7363886,76.0290366,0,0,False,False
District Ayurvedic Hospital,Himachal Pradesh,Chamba,0,32.5681863,76.1208512,0,0,False,False
Primary Health Centre,Himachal Pradesh,Chamba,0,32.4559116,75.9343484,0,0,False,False
Primary Health Centre,Himachal Pradesh,Chamba,0,32.9151619,76.4664307,0,0,False,False
Referral Hospital,Himachal Pradesh,Chamba,0,32.4311794,76.0130784,0,0,False,False
Regional Hospital,Himachal Pradesh,Hamirpur,0,31.7612361,76.4103088,0,0,False,False
Regional Hospital,Himachal Pradesh,Chamba,0,32.5533633,76.1258083,0,0,False,False
Chc Barsar,Himachal Pradesh,Hamirpur,0,31.6861745,76.5213092,0,0,False,False
Chc Sujanpur Tira,Himachal Pradesh,Hamirpur,0,31.833859,76.5054652,0,0,False,False
Ayurvedic Hospital,Himachal Pradesh,Hamirpur,0,31.7823639,76.6358719,0,0,False,False
Civil Hospital,Himachal Pradesh,Hamirpur,0,31.7143781,76.5972223,0,0,False,False
Community Health Centre,Himachal Pradesh,Hamirpur,0,31.5255129,76.4606468,0,0,False,False
Community Health Centre,Himachal Pradesh,Hamirpur,0,31.7785034,76.3444587,0,0,False,False
Community Health Centre,Himachal Pradesh,Hamirpur,0,31.6429515,76.6427152,0,0,False,False
Community Health Centre,Himachal Pradesh,Hamirpur,0,31.6429515,76.6427152,0,0,False,False
Community Health Centre,Himachal Pradesh,Hamirpur,0,31.6853708,76.5155834,0,0,False,False
Community Health Centre,Himachal Pradesh,Hamirpur,0,31.833859,76.5054652,0,0,False,False
DistrictAyurvedic Hospital,Himachal Pradesh,Hamirpur,0,31.6861745,76.5213092,0,0,False,False
Jain Muni Ayurvedic Manvi Hospital,Himachal Pradesh,Hamirpur,0,31.6861745,76.5213092,0,0,False,False
Regional Hospital,Himachal Pradesh,Hamirpur,0,31.6861745,76.5213092,0,0,False,False
Bimal Nursing Home,Himachal Pradesh,Kangra,0,32.1108599,76.5362526,0,0,False,False
Civil Hospital,Himachal Pradesh,Kangra,0,32.0521085,76.6492869,0,0,False,False
Dr.Rpmc Hospital,Himachal Pradesh,Kangra,0,32.1002864,76.3005502,0,0,False,False
Maple Leaf Hospital,Himachal Pradesh,Kangra,0,32.0998031,76.2691006,0,0,False,False
Rama Hospital Nursing and Maternity Home,Himachal Pradesh,Kangra,0,32.0998031,76.2691006,0,0,False,False
S M Eye Hospital,Himachal Pradesh,Kangra,0,32.1075096,76.2744999,0,0,False,False
Shri Balaji Hospital,Himachal Pradesh,Kangra,0,32.0998031,76.2691006,0,0,False,False
C H C Jawalamukhi,Himachal Pradesh,Kangra,0,31.8760295,76.3102478,0,0,False,False
Chc,Himachal Pradesh,Kangra,0,32.0538796,76.2580499,0,0,False,False
C.H.C.,Himachal Pradesh,Kangra,0,32.1053971,76.3789037,0,0,False,False
Panchsheel Nursing Home Pvt Ltd,Himachal Pradesh,Kangra,0,32.1083638,76.388643,0,0,False,False
Sood Nursing Home,Himachal Pradesh,Kangra,0,32.1170372,76.3963289,0,0,False,False
Community Health Center,Himachal Pradesh,Kangra,0,32.1955777,76.3564929,0,0,False,False
Civil Hospital,Himachal Pradesh,Kangra,0,32.1077955,76.5348237,0,0,False,False
Civil Hospital,Himachal Pradesh,Kangra,0,32.1108599,76.5362526,0,0,False,False
Dr. Karan Hospital,Himachal Pradesh,Kangra,0,32.0995118,76.5230461,0,0,False,False
Sushma Hospital And Women Care Centre,Himachal Pradesh,Kangra,0,32.1108599,76.5362526,0,0,False,False
Dattals Thakur Bhawani Singh Memorial Hospital,Himachal Pradesh,Kangra,0,32.1108599,76.5362526,0,0,False,False
C H C Bhawarna,Himachal Pradesh,Kangra,0,32.0378117,76.5132979,0,0,False,False
C H C Chadhiar,Himachal Pradesh,Kangra,0,31.9367308,76.6472232,0,0,False,False
Civil Hospital,Himachal Pradesh,Kangra,0,31.9244395,76.4584777,0,0,False,False
Janani Hospital,Himachal Pradesh,Kangra,0,32.0521085,76.6492869,0,0,False,False
Shesh Awashti Memorial Dtil Hospital,Himachal Pradesh,Kangra,0,32.0521085,76.6492869,0,0,False,False
"Saxena Hospital, Jassur",Himachal Pradesh,Kangra,0,32.281673,75.8512167,0,0,False,False
Civil Hospital,Himachal Pradesh,Kangra,0,32.0998031,76.2691006,0,0,False,False
C H C Shahpur,Himachal Pradesh,Kangra,0,32.2159781,76.1741245,0,0,False,False
District Ayurvedic Hospital,Himachal Pradesh,Kangra,0,32.219042,76.3234037,0,0,False,False
Sai Mahima Hospital - Dharamshala,Himachal Pradesh,Kangra,0,32.217137,76.3246517,0,0,False,False
"Zonal Hospital, Dharamshala",Himachal Pradesh,Kangra,0,32.219042,76.3234037,0,0,False,False
Civil Hospital,Himachal Pradesh,Kangra,0,32.1346319,75.6891699,0,0,False,False
"Ayurvedic Hospital, Dehrra",Himachal Pradesh,Kangra,0,32.0998031,76.2691006,0,0,False,False
Civil Hospital,Himachal Pradesh,Kangra,0,32.0998031,76.2691006,0,0,False,False
C H C Dadasiba,Himachal Pradesh,Kangra,0,31.9027974,76.1112416,0,0,False,False
Dr.Rajendra Prasad Government  Medical College,Himachal Pradesh,Kangra,0,32.0998031,76.2691006,0,0,True,False
Fortis Hospital,Himachal Pradesh,Kangra,0,32.1795436,76.3228661,0,0,False,False
Ayurvedic College Hospital,Himachal Pradesh,Kangra,0,32.0528329,76.6340511,0,0,False,False
Ayurvedic Hospital,Himachal Pradesh,Kangra,0,32.0998031,76.2691006,0,0,False,False
Ayurvedic Hospital,Himachal Pradesh,Kangra,0,32.0998031,76.2691006,0,0,False,False
Civil Hospital,Himachal Pradesh,Kangra,0,31.9244395,76.4584777,0,0,False,False
Civil Hospital,Himachal Pradesh,Kangra,0,32.0998031,76.2691006,0,0,False,False
Civil Hospital,Himachal Pradesh,Kangra,0,32.0521085,76.6492869,0,0,False,False
Civil Hospital,Himachal Pradesh,Kangra,0,32.0998031,76.2691006,0,0,False,False
Civil Hospital,Himachal Pradesh,Kangra,0,32.3001342,75.8853465,0,0,False,False
Civil Hospital,Himachal Pradesh,Kangra,0,32.1077955,76.5348237,0,0,False,False
Community Health Centre,Himachal Pradesh,Kangra,0,32.0397936,76.4996831,0,0,False,False
Community Health Centre,Himachal Pradesh,Kangra,0,32.0998031,76.2691006,0,0,False,False
Community Health Centre,Himachal Pradesh,Kangra,0,32.1955777,76.3564929,0,0,False,False
Community Health Centre,Himachal Pradesh,Kangra,0,32.1346319,75.6891699,0,0,False,False
Community Health Centre,Himachal Pradesh,Kangra,0,31.8752372,76.3203091,0,0,False,False
Community Health Centre,Himachal Pradesh,Kangra,0,32.1458134,76.0114788,0,0,False,False
Community Health Centre,Himachal Pradesh,Kangra,0,32.0998031,76.2691006,0,0,False,False
Community Health Centre,Himachal Pradesh,Kangra,0,32.1053971,76.3789037,0,0,False,False
Community Health Centre,Himachal Pradesh,Kangra,0,32.0550942,76.0928511,0,0,False,False
Community Health Centre,Himachal Pradesh,Kangra,0,32.0998031,76.2691006,0,0,False,False
Community Health Centre,Himachal Pradesh,Kangra,0,32.2197295,76.1728373,0,0,False,False
Community Health Centre,Himachal Pradesh,Kangra,0,32.0998031,76.2691006,0,0,False,False
DistrictAyurvedic Hospital,Himachal Pradesh,Kangra,0,32.219042,76.3234037,0,0,False,False
Chc Nichar,Himachal Pradesh,Kinnaur,0,31.5581415,77.9467371,0,0,False,False
Jaypee Hospital,Himachal Pradesh,Kinnaur,0,31.5173528,78.0990646,0,0,False,False
"PHC, Tapri",Himachal Pradesh,Kinnaur,0,31.5173528,78.0990646,0,0,False,False
Chc Sangla,Himachal Pradesh,Kinnaur,0,31.4254859,78.2649956,0,0,False,False
"Referal Hospital, Reckongpeo",Himachal Pradesh,Kinnaur,0,31.6509576,78.4751945,0,0,False,False
Chc Pooh,Himachal Pradesh,Kinnaur,0,31.7640211,78.5902143,0,0,False,False
Dr.RPMC Hospital,Himachal Pradesh,Kangra,0,31.6509576,78.4751945,0,0,False,False
Halder kola Ayurvedic Hospital,Himachal Pradesh,Kangra,0,31.6509576,78.4751945,0,0,False,False
Primary Health Centre,Himachal Pradesh,Kinnaur,0,31.6509576,78.4751945,0,0,False,False
Shree Balaji Hospital,Himachal Pradesh,Kangra,0,32.1135971,76.2807758,0,0,False,False
Zonal Hospital,Himachal Pradesh,Kinnaur,0,31.6509576,78.4751945,0,0,False,False
Community Health Centre,Himachal Pradesh,Kinnaur,0,31.4254859,78.2649956,0,0,False,False
Community Health Centre,Himachal Pradesh,Kinnaur,0,31.7640211,78.5902143,0,0,False,False
DistrictAyurvedic,Himachal Pradesh,Kinnaur,0,31.5390437,78.2675478,0,0,False,False
Primary Health Centre,Himachal Pradesh,Kinnaur,0,31.5581415,77.9467371,0,0,False,False
Project Hospital,Himachal Pradesh,Kinnaur,0,31.6509576,78.4751945,0,0,False,False
Regional Hospital,Himachal Pradesh,Kinnaur,0,31.5390437,78.2675478,0,0,False,False
Mahatama Gandhi Medical College,Himachal Pradesh,Shimla,0,31.4613721,77.6734765,0,0,False,False
Civel Hospital Niramd,Himachal Pradesh,Kullu,0,31.4225306,77.5762703,0,0,False,False
Beas Hospital,Himachal Pradesh,Kullu,0,31.9544689,77.1118326,0,0,False,False
Civel Hospital Kullu,Himachal Pradesh,Kullu,0,31.957851,77.1094597,0,0,False,False
Sri Harihar Hospital,Himachal Pradesh,Kullu,0,31.8965223,77.1492354,0,0,False,False
Aruya Aspatal,Himachal Pradesh,Kullu,0,31.9476769,77.1129677,0,0,False,False
Civil Hospital,Himachal Pradesh,Kullu,0,32.2396325,77.1887145,0,0,False,False
Lady Willingdon Hospital,Himachal Pradesh,Kullu,0,32.2396325,77.1887145,0,0,False,False
Rawat Clinic,Himachal Pradesh,Kullu,0,30.3804385,76.7811848,0,0,False,False
Sri Harihar Hospital and Research Centre,Himachal Pradesh,Kullu,0,23.7250083,90.4053026,0,0,False,False
Lady Willngdon Hospital,Himachal Pradesh,Kullu,0,32.2396325,77.1887145,0,0,False,False
"Ayurvedic Hospital, Katrai",Himachal Pradesh,Kullu,0,31.957851,77.1094597,0,0,False,False
Civil Hospital,Himachal Pradesh,Kullu,0,31.9995469,77.2476997,0,0,False,False
Civil Hospital,Himachal Pradesh,Kullu,0,31.957851,77.1094597,0,0,False,False
Civil Hospital,Himachal Pradesh,Kullu,0,32.2396325,77.1887145,0,0,False,False
Civil Hospital,Himachal Pradesh,Kullu,0,31.4225306,77.5762703,0,0,False,False
Community Health Centre,Himachal Pradesh,Kullu,0,31.3859048,77.4329048,0,0,False,False
"P H C, Tabo",Himachal Pradesh,Lahaul and Spiti,0,32.091517,78.3833783,0,0,False,False
C H C Kaza,Himachal Pradesh,Lahaul and Spiti,0,32.2296829,78.0685777,0,0,False,False
District Ayurvedic Hospital,Himachal Pradesh,Lahaul and Spiti,0,32.5709987,77.0319784,0,0,False,False
"Regional Hospital, Keylong",Himachal Pradesh,Lahaul and Spiti,0,32.5709987,77.0319784,0,0,False,False
C H C Shansha,Himachal Pradesh,Lahaul and Spiti,0,32.6161802,76.9034408,0,0,False,False
"Chc, Udaipur",Himachal Pradesh,Lahaul and Spiti,0,32.7242695,76.6650946,0,0,False,False
Community Health Centre,Himachal Pradesh,Lahaul and Spiti,0,32.2275991,78.0709903,0,0,False,False
Community Health Centre,Himachal Pradesh,Lahaul and Spiti,0,32.6192107,77.3783789,0,0,False,False
Community Health Centre,Himachal Pradesh,Lahaul and Spiti,0,32.6161802,76.9034408,0,0,False,False
DistrictAyurvedic Hospital,Himachal Pradesh,Lahaul and Spiti,0,32.5709987,77.0319784,0,0,False,False
Primary Health Centre,Himachal Pradesh,Lahaul and Spiti,0,32.0932586,78.3856447,0,0,False,False
Regional Hospital,Himachal Pradesh,Lahaul and Spiti,0,32.5709987,77.0319784,0,0,False,False
Bbmb Hospital,Himachal Pradesh,Mandi,0,31.5332397,76.8922729,0,0,False,False
Civil Hospital,Himachal Pradesh,Mandi,0,31.6989558,76.7324084,0,0,False,False
"PHC, Gopalpur",Himachal Pradesh,Mandi,0,31.6458317,76.7495233,0,0,False,False
Aastha Maternity Home and Taruma Centre,Himachal Pradesh,Mandi,0,25.3077585,82.9960144,0,0,False,False
Sri Harihar Hospital and Research Centre,Himachal Pradesh,Mandi,0,31.6507399,76.944141,0,0,False,False
Referal Hospital Sarkaghat,Himachal Pradesh,Mandi,0,31.6989558,76.7324084,0,0,False,False
Niramay Clinic,Himachal Pradesh,Mandi,0,17.3475489,78.506413,0,0,False,False
Ayurvedic Hospital,Himachal Pradesh,Mandi,0,31.9912388,76.7899135,0,0,False,False
Civil Hospital,Himachal Pradesh,Mandi,0,31.9912388,76.7899135,0,0,False,False
Civil Hospital,Himachal Pradesh,Mandi,0,31.3813366,77.2045867,0,0,False,False
DistrictAyurvedic Hospital,Himachal Pradesh,Mandi,0,31.7081655,76.9313675,0,0,False,False
Neta Ji Subhash Chander Bose Zonal Hospital,Himachal Pradesh,Mandi,0,31.7081655,76.9313675,0,0,False,False
Primary Health Centre,Himachal Pradesh,Mandi,0,31.8029903,76.7603434,0,0,False,False
Primary Health Centre,Himachal Pradesh,Mandi,0,31.7574335,76.8728167,0,0,False,False
Primary Health Centre,Himachal Pradesh,Mandi,0,31.6007676,76.9081238,0,0,False,False
Primary Health Centre,Himachal Pradesh,Mandi,0,31.6321926,76.8331743,0,0,False,False
Referal Hospital,Himachal Pradesh,Mandi,0,31.6989558,76.7324084,0,0,False,False
Bhartiya Chikitsa And Homeopethic Department,Himachal Pradesh,Shimla,0,31.1048145,77.1734033,0,0,False,False
Ddu Hospital / Deen Dyal Upadhyay Zonal Hospital,Himachal Pradesh,Shimla,0,31.1048145,77.1734033,0,0,False,False
Goel Eye and Goel Dental Clinic and X- Rays,Himachal Pradesh,Shimla,0,31.1058233,77.1787114,0,0,False,False
Government Dental College and Hospital,Himachal Pradesh,Shimla,0,31.1048145,77.1734033,0,0,False,False
Igmc (Only H P Critical Care Policy),Himachal Pradesh,Shimla,0,31.1063761,77.1769144,0,0,False,False
Indira Gandhi Medical College and Hospital,Himachal Pradesh,Shimla,0,31.1048145,77.1734033,0,0,False,False
Kamla Nehru State Hospital,Himachal Pradesh,Shimla,0,31.1048145,77.1734033,0,0,False,False
Mount Jakhoo (Indus Drive),Himachal Pradesh,Shimla,0,31.1048145,77.1734033,0,0,False,False
P H C,Himachal Pradesh,Shimla,0,31.1296226,77.2283453,0,0,False,False
C H C Suni,Himachal Pradesh,Shimla,0,31.2398278,77.1218803,0,0,False,False
C H C Kothkhai,Himachal Pradesh,Shimla,0,31.1167553,77.5358739,0,0,False,False
Civil Hospital,Himachal Pradesh,Shimla,0,31.1116916,77.6664976,0,0,False,False
"Ayurvedic Hospital, Rohru",Himachal Pradesh,Shimla,0,31.2045526,77.7523608,0,0,False,False
Civil Hospital,Himachal Pradesh,Shimla,0,31.2045526,77.7523608,0,0,False,False
C H C Chirgaon,Himachal Pradesh,Shimla,0,31.2370821,77.8776813,0,0,False,False
Civil Hospital,Himachal Pradesh,Shimla,0,30.9190232,77.6424486,0,0,False,False
Civil Hospital,Himachal Pradesh,Shimla,0,30.9478979,77.5901243,0,0,False,False
C H C Nankhari,Himachal Pradesh,Shimla,0,31.3092877,77.5834339,0,0,False,False
C H C Kumarsain,Himachal Pradesh,Shimla,0,31.3182709,77.4458151,0,0,False,False
Civil Hospital,Himachal Pradesh,Shimla,0,31.3113704,77.4744889,0,0,False,False
District Ayurvedic Hospital,Himachal Pradesh,Shimla,0,31.1048145,77.1734033,0,0,False,False
Civil Hospital,Himachal Pradesh,Shimla,0,31.1048145,77.1734033,0,0,False,False
Indira Gandhi Medical College and Hospital,Himachal Pradesh,Shimla,0,11.9472547,79.7896601,0,0,True,False
Goel Eye Clinic,Himachal Pradesh,Shimla,0,31.1058233,77.1787114,0,0,False,False
Dr.Lakhanpaul Nursing Home Dental Speciality Centre,Himachal Pradesh,Shimla,0,23.311436,85.317204,0,0,False,False
Inder Dental Clinic,Himachal Pradesh,Shimla,0,31.1048145,77.1734033,0,0,False,False
Goel Dental Clinic,Himachal Pradesh,Shimla,0,31.1058233,77.1787114,0,0,False,False
Abhinav Dental Clinic,Himachal Pradesh,Shimla,0,31.1048145,77.1734033,0,0,False,False
Patient Care Clinic,Himachal Pradesh,Shimla,0,31.1048145,77.1734033,0,0,False,False
Nirmal Clinical,Himachal Pradesh,Shimla,0,31.1038132,77.1929875,0,0,False,False
Vidya Clinic,Himachal Pradesh,Shimla,0,31.103468,77.1757122,0,0,False,False
Vijay Clinic,Himachal Pradesh,Shimla,0,31.1048145,77.1734033,0,0,False,False
Shimla Gyane Centre,Himachal Pradesh,Shimla,0,31.1048145,77.1734033,0,0,False,False
Lions Grewal Eye Institute,Himachal Pradesh,Shimla,0,31.1048145,77.1734033,0,0,False,False
Dr.Jitender Eye Hospital,Himachal Pradesh,Shimla,0,31.1071394,77.1708039,0,0,False,False
Medicare Lab and Ultrasound Centre,Himachal Pradesh,Shimla,0,31.1048145,77.1734033,0,0,False,False
Grover Dental Clinic,Himachal Pradesh,Shimla,0,31.1071394,77.1708039,0,0,False,False
Aastha Hospital,Himachal Pradesh,Shimla,0,31.0679382,77.180149,0,0,False,False
Maria Clinic,Himachal Pradesh,Shimla,0,31.1071394,77.1708039,0,0,False,False
Shri Ram Medical Centre,Himachal Pradesh,Shimla,0,31.1071394,77.1708039,0,0,False,False
Regional Ayurvedic Hospital,Himachal Pradesh,Shimla,0,31.0869735,77.1801916,0,0,False,False
Gastroentrology Endoscopy Centre,Himachal Pradesh,Shimla,0,31.1065156,77.1816614,0,0,False,False
Desouza Nursing Home / Dsouza Nursing Home,Himachal Pradesh,Sirmaur,0,30.5595434,77.2931614,0,0,False,False
District Ayurvedic Hospital,Himachal Pradesh,Sirmaur,0,30.5599327,77.295483,0,0,False,False
"Refferal Hospital, Dadahu / Referral Hospital",Himachal Pradesh,Sirmaur,0,30.6006721,77.4372084,0,0,False,False
C H C Sangrah,Himachal Pradesh,Sirmaur,0,30.693975,77.4331855,0,0,False,False
Civil Hospital,Himachal Pradesh,Sirmaur,0,30.7258579,77.1854543,0,0,False,False
Puran Hospital,Himachal Pradesh,Sirmaur,0,30.4488307,77.6525335,0,0,False,False
Vohra Hospital,Himachal Pradesh,Sirmaur,0,30.4342658,77.6666683,0,0,False,False
C H C Shillai,Himachal Pradesh,Sirmaur,0,30.6674887,77.7256697,0,0,False,False
Civil Hospital,Himachal Pradesh,Sirmaur,0,30.849989,77.2994144,0,0,False,False
P.H.C.,Himachal Pradesh,Sirmaur,0,30.8784866,77.2008209,0,0,False,False
Shimla Sanitorium Hospital,Himachal Pradesh,Shimla,0,31.1048145,77.1734033,0,0,False,False
Sri Ram Hospital,Himachal Pradesh,Shimla,0,31.1048145,77.1734033,0,0,False,False
Civil Hospital,Himachal Pradesh,Sirmaur,0,30.7258579,77.1854543,0,0,False,False
Civil Hospital,Himachal Pradesh,Sirmaur,0,30.849989,77.2994144,0,0,False,False
Community Health Centre,Himachal Pradesh,Sirmaur,0,30.6748131,77.7065754,0,0,False,False
Community Health Centre,Himachal Pradesh,Sirmaur,0,30.6957312,77.4257319,0,0,False,False
DistrictAyurvedic Hospital,Himachal Pradesh,Sirmaur,0,30.5599327,77.295483,0,0,False,False
Primary Health Centre,Himachal Pradesh,Sirmaur,0,30.8784866,77.2008209,0,0,False,False
Referral Hospital,Himachal Pradesh,Sirmaur,0,30.6010337,77.4381946,0,0,False,False
Referral Hospital,Himachal Pradesh,Sirmaur,0,30.5599327,77.295483,0,0,False,False
Puran Hospital,Himachal Pradesh,Sirmaur,0,30.4441645,77.6349041,0,0,False,False
Pawar Nursing Home,Himachal Pradesh,Sirmaur,0,30.445283,77.6020569,0,0,False,False
Himachal Institute of Dental Sciences,Himachal Pradesh,Sirmaur,0,30.445283,77.6020569,0,0,False,False
Sneh Hospital,Himachal Pradesh,Sirmaur,0,30.4992306,77.2070259,0,0,False,False
"P H C, Chandi",Himachal Pradesh,Solan,0,31.2600801,76.9812887,0,0,False,False
"P H C, Darlaghat",Himachal Pradesh,Solan,0,31.2338347,76.9376743,0,0,False,False
Life Care Hospital,Himachal Pradesh,Solan,0,30.9578258,76.7913558,0,0,False,False
N P S Hospital,Himachal Pradesh,Solan,0,30.9478551,76.8067641,0,0,False,False
Civil Hospital,Himachal Pradesh,Solan,0,31.1562331,76.9686717,0,0,False,False
C H C Dharampur,Himachal Pradesh,Solan,0,30.9044814,77.0291904,0,0,False,False
Bhardwaj Dnsd Medical Center,Himachal Pradesh,Solan,0,28.963888,80.1850654,0,0,False,False
Prashar Nursing Home,Himachal Pradesh,Solan,0,30.892449,77.1056296,0,0,False,False
Civil Hospital,Himachal Pradesh,Solan,0,30.9702143,77.1053673,0,0,False,False
E.S.I. Hospital,Himachal Pradesh,Solan,0,30.9067042,77.1075578,0,0,False,False
Ayurvedic Hospital Nalagarh,Himachal Pradesh,Solan,0,31.0445587,76.7047904,0,0,False,False
C H C,Himachal Pradesh,Solan,0,31.0445587,76.7047904,0,0,False,False
Govt Ayurvedic Hospital,Himachal Pradesh,Solan,0,31.0445587,76.7047904,0,0,False,False
Ravi Medical Centre,Himachal Pradesh,Solan,0,31.0356057,76.7098511,0,0,False,False
Malan Nursing Home,Himachal Pradesh,Solan,0,30.9081066,77.1093549,0,0,False,False
Aggarwal Eye Hospital,Himachal Pradesh,Solan,0,30.892449,77.1056296,0,0,False,False
Bhojia General Hospital,Himachal Pradesh,Solan,0,30.9578258,76.7913558,0,0,False,False
City Hospital,Himachal Pradesh,Solan,0,30.892449,77.1056296,0,0,False,False
JP Hospital and Paediatric Centre,Himachal Pradesh,Solan,0,30.9067042,77.1075578,0,0,False,False
Aakash Hospital,Himachal Pradesh,Solan,0,31.0445587,76.7047904,0,0,False,False
Ayurvedic Hospital,Himachal Pradesh,Solan,0,31.0445587,76.7047904,0,0,False,False
Civil Hospital,Himachal Pradesh,Solan,0,30.9676214,77.1916497,0,0,False,False
Civil Hospital,Himachal Pradesh,Solan,0,31.1562331,76.9686717,0,0,False,False
Civil Hospital,Himachal Pradesh,Solan,0,30.9702143,77.1053673,0,0,False,False
Community Health Centre,Himachal Pradesh,Solan,0,30.8994362,77.0190228,0,0,False,False
Community Health Centre,Himachal Pradesh,Solan,0,31.0445587,76.7047904,0,0,False,False
E.S.I.Hospital,Himachal Pradesh,Solan,0,30.8371639,76.9614255,0,0,False,False
Primary Health Centre,Himachal Pradesh,Solan,0,31.2372527,76.9354979,0,0,False,False
Primary Health Centre,Himachal Pradesh,Solan,0,31.0795387,76.9614255,0,0,False,False
Regional Hospital,Himachal Pradesh,Solan,0,30.9044857,77.0967357,0,0,False,False
Regional Hospital Una,Himachal Pradesh,Una,0,31.468445,76.2707745,0,0,False,False
Chawala Medical Centre And Nursing Home,Himachal Pradesh,Una,0,31.0344474,75.4673654,0,0,False,False
Choudhary Nursing and Maternity Home,Himachal Pradesh,Una,0,31.4078164,76.3434679,0,0,False,False
Chc Chintpurni,Himachal Pradesh,Una,0,31.8054391,76.1044506,0,0,False,False
Anandraj Malik Hospital and Diagnostic Centre\n,Himachal Pradesh,Una,0,31.4078164,76.3434679,0,0,False,False
"Ayurvedic Hospital, Ispur",Himachal Pradesh,Una,0,31.468445,76.2707745,0,0,False,False
Civil Hospital,Himachal Pradesh,Una,0,31.8054391,76.1044506,0,0,False,False
Community Health Centre,Himachal Pradesh,Una,0,31.6798005,76.1174988,0,0,False,False
Community Health Centre,Himachal Pradesh,Una,0,31.613824,76.3579401,0,0,False,False
Community Health Centre,Himachal Pradesh,Una,0,31.7747487,75.9985446,0,0,False,False
Community Health Centre,Himachal Pradesh,Una,0,31.6622025,76.0594972,0,0,False,False
Community Health Centre,Himachal Pradesh,Una,0,31.422338,76.2319793,0,0,False,False
Community Health Centre,Himachal Pradesh,Una,0,31.6798005,76.1174988,0,0,False,False
District Ayurvedic Hospital,Himachal Pradesh,Una,0,31.468445,76.2707745,0,0,False,False
Primary Health Centre,Himachal Pradesh,Una,0,31.7504338,76.0769825,0,0,False,False
Regional Hospital,Himachal Pradesh,Una,0,31.468445,76.2707745,0,0,False,False
"Kullu Valley Hospital, Kullu",Himachal Pradesh,Kullu,0,31.9560442,77.1112605,0,0,False,False
"Oasis Medical Centre, Dawara",Himachal Pradesh,Kullu,0,32.0966394,77.1280388,0,0,False,False
SDKL Memorial Gloda Hospital,Himachal Pradesh,Hamirpur,0,32.7733349,74.8397332,0,0,False,False
Parvati Charitable Hospital,Himachal Pradesh,Hamirpur,0,31.6807826,76.6205621,0,0,False,False
Sai Mahima Shukla Hospital,Himachal Pradesh,Kangra,0,32.0998031,76.2691006,0,0,False,False
Mela Mal Sood Rotary Eye Hospital,Himachal Pradesh,Kangra,0,32.0998031,76.2691006,0,0,False,False
"Sood Nursing Home, Chahri",Himachal Pradesh,Kangra,0,32.1053971,76.3789037,0,0,False,False
Aastha Dental Care and Cure Clinic,Himachal Pradesh,Kangra,0,32.0998031,76.2691006,0,0,False,False
Dr.V.K.Mahajan Clinic Diagnostic and Treatment Centre,Himachal Pradesh,Kangra,0,32.0998031,76.2691006,0,0,False,False
Dr.Vijay Chaudhary Hospital,Himachal Pradesh,Kangra,0,12.9246632,80.1144076,0,0,False,False
Guleria ENT Hospital,Himachal Pradesh,Kangra,0,32.0998031,76.2691006,0,0,False,False
Jeewan Hospital,Himachal Pradesh,Kangra,0,32.0998031,76.2691006,0,0,False,False
Kapila Nursing Home,Himachal Pradesh,Kangra,0,32.0998031,76.2691006,0,0,False,False
Karan Hospital,Himachal Pradesh,Kangra,0,32.0946489,76.5300365,0,0,False,False
Kashmiris Dental Clinic,Himachal Pradesh,Kangra,0,17.4274818,78.4998505,0,0,False,False
Khanna Clinic,Himachal Pradesh,Kangra,0,32.0998031,76.2691006,0,0,False,False
Panchsheel Nursing Home Private Limited,Himachal Pradesh,Kangra,0,32.0998031,76.2691006,0,0,False,False
Pathania Dental Clinic,Himachal Pradesh,Kangra,0,31.301887,75.57624,0,0,False,False
R.K.Nursing Home,Himachal Pradesh,Kangra,0,32.115883,76.2899071,0,0,False,False
S.M.Eye Hospital,Himachal Pradesh,Kangra,0,32.1075096,76.2744999,0,0,False,False
Mahajan Medical and Health Care Centre,Himachal Pradesh,Kangra,0,32.0998031,76.2691006,0,0,False,False
Verma Dental Clinic,Himachal Pradesh,Kangra,0,32.0998031,76.2691006,0,0,False,False
Banga Associated Hospital (Eye Hospital),Himachal Pradesh,Mandi,0,31.6085219,76.9153281,0,0,False,False
Banga Diagnostic,Himachal Pradesh,Mandi,0,31.7037018,76.9259812,0,0,False,False
Mandav Hospital,Himachal Pradesh,Mandi,0,31.7037018,76.9259812,0,0,False,False
Sanjeevan Hospital,Himachal Pradesh,Mandi,0,31.7086338,76.9275225,0,0,False,False
Kailash Clinic  Mandi,Himachal Pradesh,Mandi,0,31.7101213,76.9325094,0,0,False,False
"H.S.Malhotra Clinic, Mandi",Himachal Pradesh,Mandi,0,31.7104853,76.9320314,0,0,False,False
Jagriti Medical Centre,Himachal Pradesh,Mandi,0,31.0157458,73.8521521,0,0,False,False
Vinayak Eye Hospital,Himachal Pradesh,Mandi,0,31.4655589,76.2658077,0,0,False,False
"Dr.Suman Heart Centre, The Ridge Shimla",Himachal Pradesh,Shimla,0,31.1047025,77.1739595,0,0,False,False
"Indus Hospital, Shimla",Himachal Pradesh,Shimla,0,31.1048145,77.1734033,0,0,False,False
"Neuro Centre, Shimla",Himachal Pradesh,Shimla,0,31.0902089,77.1709387,0,0,False,False
Navjeevan Nursing Home,Himachal Pradesh,Solan,0,30.892449,77.1056296,0,0,False,False
Nanda Hospital,Himachal Pradesh,Una,0,31.4809485,76.2731142,0,0,False,False
Jammu and Kashmir Government Health Deptt.,Jammu and Kashmir,Anantnag,0,33.778175,76.5761714,0,0,False,False
Jhon Bishop Memorial Hospital,Jammu and Kashmir,Anantnag,0,33.7343969,75.1656649,0,0,False,False
Rahat Dedi Nursing Home,Jammu and Kashmir,Anantnag,0,33.7049708,75.2479061,0,0,False,False
Hakim Sana Ullah Specialist Hospital and Cancer Center,Jammu and Kashmir,Baramulla,0,34.5033161,74.2720345,0,0,False,False
Bone and Joint Hospital,Jammu and Kashmir,Budgam,0,34.1255413,74.9442585,0,0,False,False
Government Hospital For Bone and Joint Surgery,Jammu and Kashmir,Budgam,0,34.1255413,74.9442585,0,0,False,False
Imam Hussain (A S) Hospital,Jammu and Kashmir,Budgam,0,34.0670462,74.7600404,0,0,False,False
District Hospital,Jammu and Kashmir,Doda,0,33.778175,76.5761714,0,0,False,False
Ankur Clinic,Jammu and Kashmir,Jammu,0,32.7034322,74.8609472,0,0,False,False
Chand Eye Clinic,Jammu and Kashmir,Jammu,0,32.7378396,74.849251,0,0,False,False
Col. Sir. R.N. Chopra Nursing Home,Jammu and Kashmir,Jammu,0,19.8930198,75.3185466,0,0,False,False
Sudan Heart Care Centre,Jammu and Kashmir,Jammu,0,32.6691117,74.8387384,0,0,False,False
Suvidha Mother and Child Nursing Home,Jammu and Kashmir,Jammu,0,12.9477453,77.5626566,0,0,False,False
Medicare Nursing Home,Jammu and Kashmir,Jammu,0,32.7217819,74.8576539,0,0,False,False
Aastha Nursing Home,Jammu and Kashmir,Jammu,0,32.7453819,74.8632772,0,0,False,False
District Hospital Gandhi Nagar,Jammu and Kashmir,Jammu,0,32.7217819,74.8576539,0,0,False,False
"Govt Medical College Hospital ,Jammu",Jammu and Kashmir,Jammu,0,19.8930198,75.3185466,0,0,False,False
Jammu Medicla College,Jammu and Kashmir,Jammu,0,32.7217819,74.8576539,0,0,False,False
Life Scan Nursing Home,Jammu and Kashmir,Jammu,0,32.7034322,74.8609472,0,0,False,False
Madaan Hospital And Research Centre,Jammu and Kashmir,Jammu,0,32.7217819,74.8576539,0,0,False,False
"Smgs Hospital Medical College, Jammu.",Jammu and Kashmir,Jammu,0,28.6292425,77.0993301,0,0,False,False
Sood Eye Centre,Jammu and Kashmir,Jammu,0,32.7217819,74.8576539,0,0,False,False
Trikuta E N T Nursing Clinic,Jammu and Kashmir,Jammu,0,32.7217819,74.8576539,0,0,False,False
Kalindi Hospital And Diagnostic Centre,Jammu and Kashmir,Jammu,0,26.8983972,80.9629496,0,0,False,False
Shs Memorial Nursingh Home,Jammu and Kashmir,Jammu,0,32.7217819,74.8576539,0,0,False,False
"Ankur Clinic and Nursing Home, Jammu",Jammu and Kashmir,Jammu,0,32.6957555,74.8770282,0,0,False,False
Langer Nursing Home,Jammu and Kashmir,Jammu,0,32.6952492,74.8782794,0,0,False,False
Lochan Nursing Home,Jammu and Kashmir,Jammu,0,32.6957555,74.8770282,0,0,False,False
Medi-Aids(Diagnostic and Treatment Centre),Jammu and Kashmir,Jammu,0,32.6852676,74.8971602,0,0,False,False
Ascoms Hospital,Jammu and Kashmir,Jammu,0,32.7217819,74.8576539,0,0,False,False
Chc R S Pura,Jammu and Kashmir,Jammu,0,32.7217819,74.8576539,0,0,False,False
"Sub-District Hospital, Bishnah",Jammu and Kashmir,Jammu,0,32.7217819,74.8576539,0,0,False,False
St Josephs Community Hospital,Jammu and Kashmir,Jammu,0,32.7217819,74.8576539,0,0,False,False
Chc Akhnoor,Jammu and Kashmir,Jammu,0,32.7217819,74.8576539,0,0,False,False
Shree Aum Hospital,Jammu and Kashmir,Jammu,0,32.5772702,75.0143824,0,0,False,False
"Government Medical College, Jammu",Jammu and Kashmir,Jammu,0,32.7378396,74.849251,0,0,True,False
Dr. K.D's Eye Hospital,Jammu and Kashmir,Jammu,0,29.8635857,77.8824892,0,0,True,False
Santosh Eye Care Centre,Jammu and Kashmir,Jammu,0,32.7217819,74.8576539,0,0,True,False
Sri Maharaja Gulab Singh ( SMGS) Hospital,Jammu and Kashmir,Jammu,0,32.7304089,74.8616782,0,0,True,False
"Centre For Sight, Trikuta Nagar",Jammu and Kashmir,Jammu,0,32.6883714,74.9011466,0,0,True,False
Manoj Clinic,Jammu and Kashmir,Kathua,0,32.7217819,74.8576539,0,0,False,False
Altaf Nursing Home,Jammu and Kashmir,Srinagar,0,34.0855588,74.5050373,0,0,False,False
Cd Hospital,Jammu and Kashmir,Srinagar,0,34.1255413,74.9442585,0,0,False,False
Kidney Hospital / Kidneyline Healthcare,Jammu and Kashmir,Srinagar,0,34.1255413,74.9442585,0,0,False,False
Ramzan Hospital,Jammu and Kashmir,Srinagar,0,34.061707,74.8080613,0,0,False,False
Tahira Khanams Hospital and Nursing Home,Jammu and Kashmir,Srinagar,0,34.1255413,74.9442585,0,0,False,False
Jlnm Government Hospital,Jammu and Kashmir,Srinagar,0,34.1255413,74.9442585,0,0,False,False
Khanam`S Hospital And Nursing Home,Jammu and Kashmir,Srinagar,0,34.0679765,74.8133136,0,0,False,False
Ahmed Hospital and Nursing Homes,Jammu and Kashmir,Srinagar,0,34.0237107,74.8221627,0,0,False,False
Lord`S Favour Nursing Home,Jammu and Kashmir,Srinagar,0,34.1255413,74.9442585,0,0,False,False
Modern Hospital,Jammu and Kashmir,Srinagar,0,34.0699881,74.8300393,0,0,False,False
Sheikh Ul Alam Hospital,Jammu and Kashmir,Srinagar,0,34.1255413,74.9442585,0,0,False,False
The New City,Jammu and Kashmir,Srinagar,0,34.1255413,74.9442585,0,0,False,False
Welcome Hospital,Jammu and Kashmir,Srinagar,0,34.1255413,74.9442585,0,0,False,False
Florence Hospital,Jammu and Kashmir,Srinagar,0,34.1255413,74.9442585,0,0,False,False
Sher-i-Kashmir Institute of Medical Sciences,Jammu and Kashmir,Srinagar,0,34.1375809,74.803372,0,0,True,False
"Government Medical College, Srinagar",Jammu and Kashmir,Srinagar,0,34.1255413,74.9442585,0,0,True,False
Klsm Rotary Eye and Ent Hospital,Jammu and Kashmir,Udhampur,0,32.8262839,75.2479061,0,0,False,False
Aargyam Multi Speciality Clinical Care,Jharkhand,Bokaro,0,18.4988374,73.9508249,0,0,False,False
Om Sri Sai Hospital and Research Centre,Jharkhand,Bokaro,0,23.6692956,86.151112,0,0,False,False
Prudence Hospital,Jharkhand,Bokaro,0,23.6454162,86.1357423,0,0,False,False
Shanti Health Care Hospital,Jharkhand,Bokaro,0,23.6437787,86.1314871,0,0,False,False
Surgery Center,Jharkhand,Bokaro,0,23.6454162,86.1357423,0,0,False,False
Surgy Centre Maternity Cum Nursing Home,Jharkhand,Bokaro,0,23.6437787,86.1314871,0,0,False,False
Muskan Hospital And Research Centre,Jharkhand,Bokaro,0,23.6356963,86.1675137,0,0,False,False
PHC Chas,Jharkhand,Bokaro,0,23.6388375,86.1700894,0,0,False,False
PHC Chandankiyari,Jharkhand,Bokaro,0,23.5735425,86.359219,0,0,False,False
Shaheed Tilka Manjhi Memorial Hospital Dvc,Jharkhand,Bokaro,0,23.7475498,86.1217424,0,0,False,False
PHC Gomia,Jharkhand,Bokaro,0,23.808091,85.8230251,0,0,False,False
Chc Peterwar,Jharkhand,Bokaro,0,23.6692956,86.151112,0,0,False,False
Fahad Hospital,Jharkhand,Bokaro,0,23.6692956,86.151112,0,0,False,False
"Referal, Simariya",Jharkhand,Chatra,0,24.0506712,84.9329741,0,0,False,False
Jivan Jyoti,Jharkhand,Chatra,0,23.8562744,85.0306242,0,0,False,False
"PHC, Tandwa",Jharkhand,Chatra,0,23.8562744,85.0306242,0,0,False,False
Raj Nandini Hospital,Jharkhand,Chatra,0,23.8562744,85.0306242,0,0,False,False
Adhikary Nursing Home,Jharkhand,Chatra,0,24.2210641,84.8646113,0,0,False,False
Apollo Nursing Home And Research Centre,Jharkhand,Chatra,0,26.7687273,82.1438468,0,0,False,False
"PHC, Hanterganj",Jharkhand,Chatra,0,24.4341431,84.813774,0,0,False,False
"PHC, Pratappur",Jharkhand,Chatra,0,24.2084411,84.6535984,0,0,False,False
Shri Ram Sevasadan,Jharkhand,Chatra,0,24.2084411,84.6535984,0,0,False,False
"PHC, Itkhori",Jharkhand,Chatra,0,24.2974766,85.1621946,0,0,False,False
Baidyanath Shankar Eye Hospital,Jharkhand,Deoghar,0,24.2666863,86.643929,0,0,False,False
Dr Manju Banker,Jharkhand,Deoghar,0,24.4763201,86.6913222,0,0,False,False
PHC Kairan,Jharkhand,Deoghar,0,24.4763201,86.6913222,0,0,False,False
PHC Jasidih,Jharkhand,Deoghar,0,24.5168566,86.6459944,0,0,False,False
PHC Sarath,Jharkhand,Deoghar,0,24.2345989,86.8383485,0,0,False,False
PHC Polojori,Jharkhand,Deoghar,0,24.4763201,86.6913222,0,0,False,False
PHC Sarwan,Jharkhand,Deoghar,0,24.4763201,86.6913222,0,0,False,False
PHC Devipur,Jharkhand,Deoghar,0,24.446304,86.50943,0,0,False,False
PHC Mohanpur,Jharkhand,Deoghar,0,24.4889158,86.7859894,0,0,False,False
Anumandal Hospital,Jharkhand,Deoghar,0,24.2653802,86.6480173,0,0,False,False
PHC Madhupur,Jharkhand,Deoghar,0,24.2669594,86.6504031,0,0,False,False
Ashirvad Nursing Home,Jharkhand,Dhanbad,0,23.7986312,86.4399031,0,0,False,False
Laxmi-Prayag Nursing Home,Jharkhand,Dhanbad,0,23.7956531,86.4303859,0,0,False,False
Namdhari Hospital and Research Center,Jharkhand,Dhanbad,0,27.7032289,85.3112169,0,0,False,False
Park Clinic,Jharkhand,Dhanbad,0,23.8005591,86.4434011,0,0,False,False
Pragati Medical and Research Centre,Jharkhand,Dhanbad,0,23.8176161,86.4685118,0,0,False,False
R.C. Hazra Memeorial Hospital,Jharkhand,Dhanbad,0,12.3081978,76.6608517,0,0,False,False
Ray Chaudhary Clinic,Jharkhand,Dhanbad,0,23.797091,86.4402463,0,0,False,False
Sanjeevani Nursing Home,Jharkhand,Dhanbad,0,23.7956531,86.4303859,0,0,False,False
Shankar Diagnostic Center and Nursing Home,Jharkhand,Dhanbad,0,23.8089855,86.4188244,0,0,False,False
Suyash Clinic and Nursing Home,Jharkhand,Dhanbad,0,23.7956531,86.4303859,0,0,False,False
"Bharat Coking Coal Ltd, Central Hospital",Jharkhand,Dhanbad,0,23.8053048,86.4560479,0,0,False,False
Dr Jyotir Bhushan Healthcare And Research Pvt Ltd,Jharkhand,Dhanbad,0,23.8148581,86.4516219,0,0,False,False
Sunjeevani Nursing Home,Jharkhand,Dhanbad,0,19.1247154,73.0699597,0,0,False,False
PHC Goindpur,Jharkhand,Dhanbad,0,23.7956531,86.4303859,0,0,False,False
Yaslok Hospital,Jharkhand,Dhanbad,0,23.7956531,86.4303859,0,0,False,False
Choudhary Nursing Home,Jharkhand,Dhanbad,0,23.7987842,86.3040762,0,0,False,False
Dwarka Das Jalan Memorial Hospital,Jharkhand,Dhanbad,0,23.7956531,86.4303859,0,0,False,False
Shakti Nursing Home and Research Center,Jharkhand,Dhanbad,0,23.7956531,86.4303859,0,0,False,False
Lions Club Raghunath Kharkia Memorial Eye Hospital,Jharkhand,Dhanbad,0,23.747887,86.7868768,0,0,False,False
Prasad Nursing Home,Jharkhand,Dhanbad,0,23.745887,86.7930087,0,0,False,False
Puja Poly Clinic,Jharkhand,Dhanbad,0,23.7956531,86.4303859,0,0,False,False
Nav Jeevan Clinic,Jharkhand,Dhanbad,0,23.8005886,86.4285371,0,0,False,False
PHC Nirsa,Jharkhand,Dhanbad,0,23.7956531,86.4303859,0,0,False,False
Panchet Hill Hospital,Jharkhand,Dhanbad,0,23.6849038,86.7592355,0,0,False,False
B.P. Neogi,Jharkhand,Dhanbad,0,23.7720751,86.8069698,0,0,False,False
St. Ursula Health Centre,Jharkhand,Dumka,0,24.2720898,87.2427772,0,0,False,False
PHC Ramgarh,Jharkhand,Dumka,0,24.5631083,87.2481505,0,0,False,False
PHC Kathikund,Jharkhand,Dumka,0,24.357638,87.422662,0,0,False,False
PHC Masalia,Jharkhand,Dumka,0,24.1551305,87.1784334,0,0,False,False
PHC Jarmundi,Jharkhand,Dumka,0,24.3946328,87.0474368,0,0,False,False
PHC Ranishwar,Jharkhand,Dumka,0,24.0345621,87.4170333,0,0,False,False
Chaudhary Medicare Hospital Pvt Ltd,Jharkhand,East Singhbhum,0,22.8089964,86.2145791,0,0,False,False
Gangotri Homes Pvt Ltdmedical Center,Jharkhand,East Singhbhum,0,22.8034158,86.167546,0,0,False,False
Jamshedpur Eye Hospital,Jharkhand,East Singhbhum,0,22.80989,86.2076092,0,0,False,False
Mahatma Gandhi Memorial Hospital,Jharkhand,East Singhbhum,0,22.8045665,86.2028754,0,0,False,False
Navjeevan Nursing Home,Jharkhand,East Singhbhum,0,24.1972055,86.2828018,0,0,False,False
Steel City Clinic And Research Centre,Jharkhand,East Singhbhum,0,22.79296,86.1790513,0,0,False,False
Tata Main Hospital,Jharkhand,East Singhbhum,0,22.7685113,86.2560149,0,0,False,False
B.R.Seva Sadan and K.K Skin Institute and Research Cen,Jharkhand,East Singhbhum,0,22.8045665,86.2028754,0,0,False,False
Rajasthan Seva Sadan,Jharkhand,East Singhbhum,0,22.7745038,86.1825493,0,0,False,False
Arogyam Hospital and Diagnostic Research Center,Jharkhand,East Singhbhum,0,22.8034668,86.2323641,0,0,False,False
Saheli Nursing Home and Research Centre,Jharkhand,East Singhbhum,0,22.8213838,86.1726327,0,0,False,False
Brahmananda Narayana Hrudayalaya,Jharkhand,East Singhbhum,0,22.8045665,86.2028754,0,0,False,False
Purnima Netralaya,Jharkhand,East Singhbhum,0,22.8045665,86.2028754,0,0,False,False
Tinplate Hospital,Jharkhand,East Singhbhum,0,22.7936562,86.2174759,0,0,False,False
Vardaan Maternity Home and Research Centra,Jharkhand,East Singhbhum,0,22.8045665,86.2028754,0,0,False,False
Ganga Memorial Hospital and Research Centre,Jharkhand,East Singhbhum,0,22.8273056,86.2237127,0,0,False,False
Dr P K Ghosh Memorial Hospital and Research Center,Jharkhand,East Singhbhum,0,22.8147026,86.2652668,0,0,False,False
PHC Musabani,Jharkhand,East Singhbhum,0,22.5035411,86.4541511,0,0,False,False
PHC Patamda,Jharkhand,East Singhbhum,0,22.9060964,86.3868332,0,0,False,False
Singh Nursing Home and Research Centre,Jharkhand,East Singhbhum,0,22.5892014,86.47596,0,0,False,False
Garhwa Nursing Home,Jharkhand,Garhwa,0,24.1548982,83.7995617,0,0,False,False
Gulab Hospital,Jharkhand,Garhwa,0,24.1548982,83.7995617,0,0,False,False
Azad Nursing Home,Jharkhand,Giridih,0,24.1953406,86.2806064,0,0,False,False
District Hospital,Jharkhand,Giridih,0,24.1821391,86.2869507,0,0,False,False
G D Bagaria Sewa Sadan,Jharkhand,Giridih,0,24.2069646,86.270454,0,0,False,False
Navdeep Clinic,Jharkhand,Giridih,0,24.1972055,86.2828018,0,0,False,False
Rotary Eye Hospital,Jharkhand,Giridih,0,24.1821391,86.2869507,0,0,False,False
Sahyog Hospital,Jharkhand,Giridih,0,24.1821391,86.2869507,0,0,False,False
Shivam Clinic,Jharkhand,Giridih,0,24.1821391,86.2869507,0,0,False,False
"PHC, Bengabad",Jharkhand,Giridih,0,24.2996453,86.3604859,0,0,False,False
"PHC, Gandey",Jharkhand,Giridih,0,24.1795306,86.4389904,0,0,False,False
"PHC, Ganwa",Jharkhand,Giridih,0,24.1821391,86.2869507,0,0,False,False
"PHC, Deori",Jharkhand,Giridih,0,24.5091213,86.1929747,0,0,False,False
"PHC , Tisri",Jharkhand,Giridih,0,23.9827741,86.0300126,0,0,False,False
"PHC, Jamua",Jharkhand,Giridih,0,24.3671212,86.1484661,0,0,False,False
"PHC, Pirtand",Jharkhand,Giridih,0,24.1821391,86.2869507,0,0,False,False
"PHC, Bagodar",Jharkhand,Giridih,0,24.0784129,85.8307059,0,0,False,False
Chc Jainagar,Jharkhand,Giridih,0,24.0048238,86.1382873,0,0,False,False
Jiwan Jyoti Nursing Home,Jharkhand,Godda,0,25.0560582,87.2879425,0,0,False,False
Life Care Nursing Home,Jharkhand,Godda,0,24.8255215,87.2135177,0,0,False,False
Namrata Hospital,Jharkhand,Gumla,0,23.0425582,84.5500769,0,0,False,False
Nirala Medical College Hospital and Research Centre,Jharkhand,Gumla,0,23.5643742,84.7157371,0,0,False,False
St Joseph S Hospital,Jharkhand,Gumla,0,23.0277077,84.5893548,0,0,False,False
PHC Ghaghra,Jharkhand,Gumla,0,23.2671996,84.5510477,0,0,False,False
PHC Palkot,Jharkhand,Gumla,0,22.8727059,84.6453489,0,0,False,False
PHC Dumri,Jharkhand,Gumla,0,23.1648068,84.1369175,0,0,False,False
PHC Raidih,Jharkhand,Gumla,0,22.9536914,84.4553335,0,0,False,False
Agrawal Nursing Home,Jharkhand,Hazaribag,0,24.303789,85.414341,0,0,False,False
Ayusmaan Hospital,Jharkhand,Hazaribag,0,23.83008,85.8407535,0,0,False,False
Hindustan Nursing Home,Jharkhand,Hazaribag,0,24.4676805,85.5933645,0,0,False,False
Malti Nursing Home,Jharkhand,Hazaribag,0,24.4423975,85.5295316,0,0,False,False
Shankar Nurshing Home,Jharkhand,Hazaribag,0,28.6583694,77.1824971,0,0,False,False
P.H.C.Barkagaown,Jharkhand,Hazaribag,0,23.8535687,85.2163768,0,0,False,False
C.H.C. Katkamsandi,Jharkhand,Hazaribag,0,24.1081999,85.2066964,0,0,False,False
Akash Nursing Home,Jharkhand,Hazaribag,0,24.3090249,85.4104301,0,0,False,False
P.H.C.Barhi,Jharkhand,Hazaribag,0,24.3014389,85.4255474,0,0,False,False
C.H.C. Chouparan,Jharkhand,Hazaribag,0,24.3861403,85.2631115,0,0,False,False
Patliputra Medical College and Hospital,Jharkhand,Hazaribag,0,19.1503529,72.8373754,0,0,True,False
Gurudeo Astha Seva Sadan,Jharkhand,Jamtara,0,23.9505496,86.8170132,0,0,False,False
Popular Nursing Home,Jharkhand,Jamtara,0,28.6488324,77.162813,0,0,False,False
Vatsalya Hospital and Research Centre,Jharkhand,Jamtara,0,23.9644165,86.8000306,0,0,False,False
PHC Nala,Jharkhand,Jamtara,0,23.9505496,86.8170132,0,0,False,False
PHC Narayanpur,Jharkhand,Jamtara,0,23.9505496,86.8170132,0,0,False,False
Bhagwat Clinic and Research Centre,Jharkhand,Koderma,0,24.434101,85.5283473,0,0,False,False
Raj Nandni Seva Sadan,Jharkhand,Koderma,0,24.1488914,84.6609898,0,0,False,False
Shubh Labh,Jharkhand,Koderma,0,24.4378807,85.5333434,0,0,False,False
C.H.C Barwadih,Jharkhand,Latehar,0,23.8522833,84.1173685,0,0,False,False
Carmel Hospital,Jharkhand,Latehar,0,23.3965158,84.1065662,0,0,False,False
C.H.C Balumath,Jharkhand,Latehar,0,23.8297322,84.7893637,0,0,False,False
C.H.C Mahudhar,Jharkhand,Latehar,0,23.7463215,84.5091102,0,0,False,False
C.H.C Manika,Jharkhand,Latehar,0,23.868418,84.3594626,0,0,False,False
Primary Health Centre,Jharkhand,Latehar,0,23.8299602,84.7837717,0,0,False,False
Sanjeevani Hospital and Research Centre,Jharkhand,Latehar,0,23.7463215,84.5091102,0,0,False,False
Bhagwati Sewa Sadan,Jharkhand,Latehar,0,23.6771865,84.7393916,0,0,False,False
C.H.C Chandwa,Jharkhand,Latehar,0,23.6692937,84.7378707,0,0,False,False
C.H.C Garu,Jharkhand,Latehar,0,23.6711757,84.2357828,0,0,False,False
Raj Hospital Chipadohar,Jharkhand,Latehar,0,23.7463215,84.5091102,0,0,False,False
Sadar Hospital Latehar,Jharkhand,Latehar,0,23.7463215,84.5091102,0,0,False,False
Sidharth Nursing Home,Jharkhand,Lohardaga,0,23.3088353,85.2894456,0,0,False,False
Alam Hospital And Research Centre Pvt Ltd,Jharkhand,Lohardaga,0,23.3993638,85.3563072,0,0,False,False
Hill View Hospital And Research Centre,Jharkhand,Lohardaga,0,23.400569,85.352727,0,0,False,False
Ivf and Infertility Research Hospital,Jharkhand,Lohardaga,0,23.4002834,85.3378238,0,0,False,False
Jharkhand Eye Bank Hospital and Reserch Centre,Jharkhand,Lohardaga,0,23.391997,85.352257,0,0,False,False
Netradham,Jharkhand,Lohardaga,0,23.3440997,85.309562,0,0,False,False
Pankhuri Health Care,Jharkhand,Lohardaga,0,23.427094,85.4120565,0,0,False,False
Rahat Nursing Home,Jharkhand,Lohardaga,0,23.391997,85.352257,0,0,False,False
Ranchi Urology Centre,Jharkhand,Lohardaga,0,23.3922139,85.3385284,0,0,False,False
S D A Mission Hospital,Jharkhand,Lohardaga,0,23.3440997,85.309562,0,0,False,False
Sanjeevani Nursing Home,Jharkhand,Lohardaga,0,23.3980889,85.3549568,0,0,False,False
Shirdi Sai Hospital and Research Centre,Jharkhand,Lohardaga,0,23.6598999,84.5392558,0,0,False,False
Surya Hospital and Research Centre,Jharkhand,Lohardaga,0,23.3980889,85.3549568,0,0,False,False
Vivekanand Hospital,Jharkhand,Lohardaga,0,23.3801966,85.3064219,0,0,False,False
Madhur Seva Sadan,Jharkhand,Lohardaga,0,23.5418911,84.8189902,0,0,False,False
St. Luke Hospital,Jharkhand,Pakur,0,24.6292405,87.8504676,0,0,False,False
Bhagwati Hospital,Jharkhand,Palamu,0,24.0420432,84.0907246,0,0,False,False
Gauri Kissan Health Care,Jharkhand,Palamu,0,24.0420432,84.0907246,0,0,False,False
Long Life Care,Jharkhand,Palamu,0,24.0420432,84.0907246,0,0,False,False
Prakash Chand Jain Hospital,Jharkhand,Palamu,0,24.0420432,84.0907246,0,0,False,False
S D Health Centre,Jharkhand,Palamu,0,24.0420432,84.0907246,0,0,False,False
Vanja Arogaya Kendra,Jharkhand,Palamu,0,24.0451704,84.0695157,0,0,False,False
PHC Meral,Jharkhand,Palamu,0,24.0924968,84.0933652,0,0,False,False
PHC Harihar Ganj,Jharkhand,Palamu,0,24.5421988,84.2792317,0,0,False,False
Chc Mandu,Jharkhand,Ramgarh,0,23.6332243,85.5148735,0,0,False,False
Chc Gola,Jharkhand,Ramgarh,0,23.5320922,85.7205065,0,0,False,False
Brindavan Hospital And Research Centre Pvt Ltd,Jharkhand,Ramgarh,0,23.6715992,85.5071469,0,0,False,False
C.H.C. Churchu,Jharkhand,Ramgarh,0,23.9091095,85.5162695,0,0,False,False
Chc Patratu,Jharkhand,Ramgarh,0,23.6329221,85.3032811,0,0,False,False
Aman Pathological Lab,Jharkhand,Ramgarh,0,23.6271925,85.521097,0,0,False,False
Life Care Hospital,Jharkhand,Ramgarh,0,23.6194846,85.5198442,0,0,False,False
Narayan Seva Sadan,Jharkhand,Ramgarh,0,23.6271925,85.521097,0,0,False,False
National Nursing Home,Jharkhand,Ramgarh,0,22.1910688,84.5884677,0,0,False,False
Aayushman Nursing Home,Jharkhand,Ranchi,0,23.3440997,85.309562,0,0,False,False
Anjuman Islamic Hospital Ranchi,Jharkhand,Ranchi,0,23.3606834,85.3278226,0,0,False,False
Bharati Hospital,Jharkhand,Ranchi,0,23.3771545,85.3598951,0,0,False,False
Capital Hospitaland Reserch Centre,Jharkhand,Ranchi,0,23.3644346,85.3497794,0,0,False,False
Chootanagpur Nursing Home,Jharkhand,Ranchi,0,23.3440997,85.309562,0,0,False,False
Cosy Care,Jharkhand,Ranchi,0,23.3759982,85.3334847,0,0,False,False
Debuka Nursing Home,Jharkhand,Ranchi,0,23.373434,85.338819,0,0,False,False
Dwarika Hospital and Research Centre,Jharkhand,Ranchi,0,23.3554359,85.381919,0,0,False,False
Eye Care Centre,Jharkhand,Ranchi,0,23.3440997,85.309562,0,0,False,False
Gandhi Nursing Home,Jharkhand,Ranchi,0,23.5734821,85.1317295,0,0,False,False
Golmohar Hospital,Jharkhand,Ranchi,0,23.3958025,85.3818146,0,0,False,False
Guru Nanak Hospital and Research Centre,Jharkhand,Ranchi,0,23.3485363,85.3283465,0,0,False,False
Jagannath Life Care Pvt Ltd,Jharkhand,Ranchi,0,23.3725753,85.3314058,0,0,False,False
Jinwani Hospital,Jharkhand,Ranchi,0,23.3698654,85.3336167,0,0,False,False
Jonha Hospital,Jharkhand,Ranchi,0,23.372806,85.631288,0,0,False,False
K. C. Roy Memorial Hospital,Jharkhand,Ranchi,0,23.373572,85.3371531,0,0,False,False
Kamal Eye Clinic,Jharkhand,Ranchi,0,23.373434,85.338819,0,0,False,False
Kashyap Memorial Eye Hospital - Ranchi,Jharkhand,Ranchi,0,23.3320779,86.365208,0,0,False,False
Krishna Nursing Home,Jharkhand,Ranchi,0,23.373572,85.3371531,0,0,False,False
Kumar Nursing Home,Jharkhand,Khunti,0,23.3440997,85.309562,0,0,False,False
Mandar Referral Hospital,Jharkhand,Ranchi,0,23.4586973,85.0921648,0,0,False,False
Matri Prerna Eye Hospital,Jharkhand,Ranchi,0,23.3440997,85.309562,0,0,False,False
Mundu Nursing Home,Jharkhand,Ranchi,0,23.3539057,85.3285727,0,0,False,False
Nagarmal Modi Seve Sadan,Jharkhand,Ranchi,0,23.3440997,85.309562,0,0,False,False
Prabhawathi Hospital,Jharkhand,Ranchi,0,23.3725753,85.3314058,0,0,False,False
Radium Cancer Hospital,Jharkhand,Ranchi,0,23.4068927,85.3154361,0,0,False,False
Raj Hospital And Research Centre,Jharkhand,Ranchi,0,23.3440997,85.309562,0,0,False,False
Rama Nursing Home,Jharkhand,Ranchi,0,23.3440997,85.309562,0,0,False,False
Ranchi Surgicare Centre,Jharkhand,Ranchi,0,23.3644346,85.3497794,0,0,False,False
Rjsior Hospital,Jharkhand,Ranchi,0,29.1610183,75.757729,0,0,False,False
Sadar Hospital,Jharkhand,Ranchi,0,24.4763201,86.6913222,0,0,False,False
Sahu Nursing Home,Jharkhand,Ranchi,0,23.3815535,85.3246757,0,0,False,False
Santevita Hospital - Ranchi,Jharkhand,Ranchi,0,23.9966213,85.3691068,0,0,False,False
Sevalaya,Jharkhand,Ranchi,0,23.3573231,85.321376,0,0,False,False
Silli Nursing Home,Jharkhand,Ranchi,0,23.3484396,85.8511827,0,0,False,False
Sisir Seva Sadn,Jharkhand,Ranchi,0,29.1321415,75.7475416,0,0,False,False
Sisir Sewa Kendra,Jharkhand,Ranchi,0,23.3725753,85.3314058,0,0,False,False
St. Joseph Nursing Home,Jharkhand,Ranchi,0,23.3705802,85.3413187,0,0,False,False
Steel City Clinic and Research Center,Jharkhand,Ranchi,0,22.8047994,86.2050072,0,0,False,False
Vikash Sewa Niketan Hospital and Research Center,Jharkhand,Ranchi,0,23.3440997,85.309562,0,0,False,False
Balaji Clinic and R C,Jharkhand,Ranchi,0,23.3552463,85.307311,0,0,False,False
Lakshmi Nursing Home,Jharkhand,Ranchi,0,23.3276229,85.321376,0,0,False,False
Om Nursing Home and Research Centre,Jharkhand,Ranchi,0,23.350385,85.301778,0,0,False,False
Rinchi Hospital,Jharkhand,Ranchi,0,23.3731438,85.3241367,0,0,False,False
Singh Eye Care,Jharkhand,Ranchi,0,23.3492255,85.3094188,0,0,False,False
Smt. Rampatidevi Smriti Netralaya,Jharkhand,Ranchi,0,23.3440997,85.309562,0,0,False,False
St Barnabas Hospital,Jharkhand,Ranchi,0,23.3440997,85.309562,0,0,False,False
Choudhary Nursing Home,Jharkhand,Ranchi,0,23.3843326,85.299224,0,0,False,False
Jeevan Jyoti Health Centre,Jharkhand,Ranchi,0,23.4042222,85.3006956,0,0,False,False
Kanke General Hospital And Research Centre Pvt Ltd,Jharkhand,Ranchi,0,23.4345371,85.321376,0,0,False,False
PHC Kanke,Jharkhand,Ranchi,0,23.4345371,85.321376,0,0,False,False
Mungraj Gulraj Sarawgi Seva Niketan,Jharkhand,Ranchi,0,23.4136433,85.3162079,0,0,False,False
Rani Childern Hospital and Reserch Centre,Jharkhand,Ranchi,0,23.388335,85.331726,0,0,False,False
PHC Namkum,Jharkhand,Ranchi,0,23.3272824,85.3696205,0,0,False,False
PHC Silli,Jharkhand,Ranchi,0,23.3484396,85.8511827,0,0,False,False
Mahadevi Birla Hospital and Research Center,Jharkhand,Ranchi,0,23.3597729,85.4237694,0,0,False,False
PHC Angara,Jharkhand,Ranchi,0,23.4051886,85.4852488,0,0,False,False
Rupsona Hospital and Research Centre,Jharkhand,Ranchi,0,23.4051886,85.4852488,0,0,False,False
Singhpur Nursing Home,Jharkhand,Ranchi,0,23.3440997,85.309562,0,0,False,False
PHC Bero,Jharkhand,Ranchi,0,23.3004095,85.0155499,0,0,False,False
PHC Bundu,Jharkhand,Ranchi,0,23.1599999,85.5869352,0,0,False,False
PHC Sonahatu,Jharkhand,Ranchi,0,23.3440997,85.309562,0,0,False,False
Daya Sagar,Jharkhand,Khunti,0,23.0759915,85.2838929,0,0,False,False
Life Line Health Care Centre,Jharkhand,Khunti,0,23.0710655,85.2802348,0,0,False,False
Parau Memorial Medical Centre,Jharkhand,khunti,0,23.3440997,85.309562,0,0,False,False
PHC Khunti,Jharkhand,khunti,0,23.3440997,85.309562,0,0,False,False
Sarvangin Gramin Vikas Sanstha,Jharkhand,khunti,0,23.3440997,85.309562,0,0,False,False
Holly Family Hospital,Jharkhand,Ranchi,0,23.4586973,85.0921648,0,0,False,False
PHC Burmu,Jharkhand,Ranchi,0,23.5734821,85.1317295,0,0,False,False
PHC Chanho,Jharkhand,Ranchi,0,23.504769,84.977203,0,0,False,False
PHC Ormanjhi,Jharkhand,Ranchi,0,23.4839689,85.4790703,0,0,False,False
PHC Ratu,Jharkhand,Ranchi,0,23.4189785,85.2209249,0,0,False,False
PHC Tamar,Jharkhand,Ranchi,0,23.0504367,85.6550471,0,0,False,False
PHC Lapung,Jharkhand,Ranchi,0,23.1080433,84.9427335,0,0,False,False
Rajendra Institute of Medical Sciences,Jharkhand,Ranchi,0,23.4004584,85.3555111,0,0,True,False
"Primary Health Centre, Barharwa",Jharkhand,Sahibganj,0,24.8566197,87.7775631,0,0,False,False
Prem Jyoti Community Hospital,Jharkhand,Sahibganj,0,24.8710755,87.6556468,0,0,False,False
Surya Nursing Home,Jharkhand,Sahibganj,0,25.2455839,87.6304586,0,0,False,False
Chc Saraikela,Jharkhand,Seraikella-Kharsawan,0,22.7023346,85.9278993,0,0,False,False
PHC Bano,Jharkhand,Simdega,0,22.6499173,84.9219115,0,0,False,False
PHC Jaldega,Jharkhand,Simdega,0,22.5676514,84.8111658,0,0,False,False
PHC Kolebira,Jharkhand,Simdega,0,22.7004696,84.6936702,0,0,False,False
PHC Kurdeg,Jharkhand,Simdega,0,22.5454031,84.1197643,0,0,False,False
PHC Bolba,Jharkhand,Simdega,0,22.4302233,84.3450028,0,0,False,False
Nu-Life Nursing Home,Jharkhand,West Singhbhum,0,22.7907697,86.1661178,0,0,False,False
Shiva Nursing Home,Jharkhand,West Singhbhum,0,22.7907697,86.1661178,0,0,False,False
Siddhesh Swastaya Sevashlya Pvt Ltd,Jharkhand,West Singhbhum,0,22.8045665,86.2028754,0,0,False,False
Dr Pradhans Health Center,Jharkhand,West Singhbhum,0,22.6803063,85.6120255,0,0,False,False
Allamaprabhu Hi-Tech Hospital,Karnataka,Bagalkot,0,13.0386153,77.5923759,0,0,False,False
Baragi Hospital,Karnataka,Bagalkot,0,17.4644611,78.5031095,0,0,False,False
Bhadra Nursing Home,Karnataka,Bagalkot,0,16.1725355,75.6557206,0,0,False,False
Dr. V.N.Joshi Memorial Hospital,Karnataka,Bagalkot,0,16.1725355,75.6557206,0,0,False,False
Mane Hospital and Research Centre,Karnataka,Bagalkot,0,16.1725355,75.6557206,0,0,False,False
S N Mc and H S K Hospital,Karnataka,Bagalkot,0,16.1725355,75.6557206,0,0,False,False
Shanthi Hospital,Karnataka,Bagalkot,0,23.7446955,90.3679297,0,0,False,False
Shri Venkateswara Hospital,Karnataka,Bagalkot,0,16.1725355,75.6557206,0,0,False,False
Tulasigirish Diabetes Hospital,Karnataka,Bagalkot,0,28.5962004,77.0731176,0,0,False,False
Dist Hospital,Karnataka,Bagalkot,0,16.1659578,75.6615946,0,0,False,False
Hanagal Shri Kumareshwar Hospital,Karnataka,Bagalkot,0,16.1575876,75.6469934,0,0,False,False
S Nijalingappa Medical College and Hsk Hospital and Research Center,Karnataka,Bagalkot,0,16.1575876,75.6469934,0,0,False,False
Dr. Gururaj K. Kakhandki Maternity and Nursing Home,Karnataka,Bagalkot,0,15.9563219,76.1145993,0,0,False,False
Kathare Nursing Home,Karnataka,Bagalkot,0,16.8301708,75.710031,0,0,False,False
R P K Ayurvedic Hospital,Karnataka,Bagalkot,0,15.9563219,76.1145993,0,0,False,False
Shri S S Kadapatti Memorial Hospital,Karnataka,Bagalkot,0,15.9563219,76.1145993,0,0,False,False
Srinivas Netralaya,Karnataka,Bagalkot,0,15.9563219,76.1145993,0,0,False,False
R.G. Karudaga Matt Memorial Nursing Home,Karnataka,Bagalkot,0,15.918622,75.676082,0,0,False,False
Gurukrupa Nursing Home,Karnataka,Bagalkot,0,16.5066077,75.2923992,0,0,False,False
Kadlewad Hospital,Karnataka,Bagalkot,0,16.5089868,75.2836109,0,0,False,False
Baddur Clinic,Karnataka,Bagalkot,0,18.5240566,73.8646945,0,0,False,False
Dr Ar Belagalis Hospital,Karnataka,Bagalkot,0,16.3896542,75.1107527,0,0,False,False
Sharan Hospital - Mahalingpur,Karnataka,Bagalkot,0,16.1725355,75.6557206,0,0,False,False
Shrinivas Nursing Home,Karnataka,Bagalkot,0,16.3896542,75.1107527,0,0,False,False
Chetana Hospital,Karnataka,Bagalkot,0,16.3331873,75.2851599,0,0,False,False
Hosur Hospital,Karnataka,Bagalkot,0,16.3333105,75.2858208,0,0,False,False
Sanjivini Children Hospital,Karnataka,Bagalkot,0,16.3331873,75.2851599,0,0,False,False
Sri Sai Orthopaedic Trauma Center,Karnataka,Bagalkot,0,16.3333105,75.2858208,0,0,False,False
V.K.Patil Memorial Orthopadic Hospital,Karnataka,Bagalkot,0,16.3333105,75.2858208,0,0,False,False
Padma Ayurvedic Hospital and Research Centre,Karnataka,Bagalkot,0,16.494439,75.0523534,0,0,False,False
Shri Clinic And Meternity Home,Karnataka,Bagalkot,0,16.5043199,75.2917512,0,0,False,False
Abhishek Nethradhama,Karnataka,Bengaluru Rural,0,13.1042445,77.5713193,0,0,False,False
Adishesha Netralaya,Karnataka,Bengaluru Rural,0,12.9179181,77.482727,0,0,False,False
Gautham Nursing Home,Karnataka,Bengaluru Rural,0,12.9571634,77.5311738,0,0,False,False
S.L.N.S.Hospital,Karnataka,Bengaluru Rural,0,13.2846993,77.6077865,0,0,False,False
Sahana Hospital,Karnataka,Bengaluru Rural,0,12.9121521,77.537726,0,0,False,False
Shreya Hospital,Karnataka,Bengaluru Rural,0,12.924789,77.5473131,0,0,False,False
Smt.Shantha and Sri J.A.Narayanarao Foundation For Medical Sciences,Karnataka,Bengaluru Rural,0,13.0069012,77.5603496,0,0,False,False
Sri Annapoorneshwari Hospital,Karnataka,Bengaluru Rural,0,13.2846993,77.6077865,0,0,False,False
Bhagwan Mahaveer Jain Hospital,Karnataka,Bengaluru Rural,0,12.9911307,77.5937662,0,0,False,False
Metro Hospital,Karnataka,Bengaluru Rural,0,12.8991292,77.5563057,0,0,False,False
Rajnandani Hospital - Bangalore,Karnataka,Bengaluru Rural,0,12.8845351,77.5700356,0,0,False,False
Recoup Neuromusculoskeletal Rehabilitation Centre,Karnataka,Bengaluru Rural,0,12.8629705,77.5750517,0,0,False,False
Bhaanu Nursing Home,Karnataka,Bengaluru Rural,0,12.9510077,77.591831,0,0,False,False
Blossom Hospital,Karnataka,Bengaluru Rural,0,12.9067146,77.6290895,0,0,False,False
City Clinic,Karnataka,Bengaluru Rural,0,12.9267539,77.6162491,0,0,False,False
Dr Pramod Singhs Clinic and Day Care Centre,Karnataka,Bengaluru Rural,0,12.9335748,77.607332,0,0,False,False
Karanth Speciality Hospital,Karnataka,Bengaluru Rural,0,12.9165757,77.6101163,0,0,False,False
Kaveri Nursing Home Pvt. Ltd.,Karnataka,Bengaluru Rural,0,12.9238494,77.6173141,0,0,False,False
Kavya Hospital,Karnataka,Bengaluru Rural,0,12.872581,77.620843,0,0,False,False
Kranthi Speciality Hospital,Karnataka,Bengaluru Rural,0,13.0135067,77.6441557,0,0,False,False
Live Hundred Hospital,Karnataka,Bengaluru Rural,0,12.9267346,77.616772,0,0,False,False
Mahanth Hospital,Karnataka,Bengaluru Rural,0,12.9086378,77.6045368,0,0,False,False
Prashanth Hospital-,Karnataka,Bengaluru Rural,0,12.9544164,77.585561,0,0,False,False
Shri Vinayaka Netralaya,Karnataka,Bengaluru Rural,0,12.9236246,77.6184528,0,0,False,False
Sree Tirumala Hospital,Karnataka,Bengaluru Rural,0,12.9067292,77.6332912,0,0,False,False
Uma Nursing Home,Karnataka,Bengaluru Rural,0,12.9063872,77.6296627,0,0,False,False
Varalakshmi Hospital,Karnataka,Bengaluru Rural,0,12.9157963,77.598176,0,0,False,False
Vinayaka Health Care andMaternity Home,Karnataka,Bengaluru Rural,0,12.8918999,77.6258402,0,0,False,False
Ashwini Surgical Nursing Home,Karnataka,Bengaluru Rural,0,12.9350703,77.5741292,0,0,False,False
Deepak Nursing Home,Karnataka,Bengaluru Rural,0,12.9262771,77.5773302,0,0,False,False
J B S Nursing Home,Karnataka,Bengaluru Rural,0,12.920812,77.587344,0,0,False,False
Mayo Hospital,Karnataka,Bengaluru Rural,0,12.8908649,77.5961959,0,0,False,False
Nethradhama Hospitals Pvt. Ltd,Karnataka,Bengaluru Rural,0,12.925255,77.577359,0,0,False,False
Srushti Hospital,Karnataka,Bengaluru Rural,0,12.8908649,77.5961959,0,0,False,False
Yediyur Meternity Hospital,Karnataka,Bengaluru Rural,0,12.8905223,77.6033668,0,0,False,False
Sapthagiri Hospital,Karnataka,Bengaluru Rural,0,13.0730767,77.5030755,0,0,False,False
Ashraya Medinova Pvt Ltd,Karnataka,Bengaluru Rural,0,12.989393,77.506555,0,0,False,False
Jai Maruthi Hospital,Karnataka,Bengaluru Rural,0,13.0077333,77.5055679,0,0,False,False
Mamta Hospital,Karnataka,Bengaluru Rural,0,13.0364641,77.5767631,0,0,False,False
Vijaya Nethralaya,Karnataka,Bengaluru Rural,0,12.9745975,77.5129877,0,0,False,False
Manasa Hospital,Karnataka,Bengaluru Rural,0,13.680328,77.6690529,0,0,False,False
S.H.Medical Center,Karnataka,Bengaluru Rural,0,13.680328,77.6690529,0,0,False,False
Doddaballapur Govt Hospital,Karnataka,Bengaluru Rural,0,13.193522,77.501753,0,0,False,False
Sri Shirdi Sai Hospital,Karnataka,Bengaluru Rural,0,14.6168636,74.657792,0,0,False,False
Ashwini Hospital,Karnataka,Bengaluru Rural,0,13.0730023,77.7966975,0,0,False,False
Hoskote Mission and Medical Centre,Karnataka,Bengaluru Rural,0,13.2846993,77.6077865,0,0,False,False
Kempanna Nursing Home,Karnataka,Bengaluru Rural,0,13.0730023,77.7966975,0,0,False,False
Shreyas Maternity Home,Karnataka,Bengaluru Rural,0,13.0730023,77.7966975,0,0,False,False
J.P.Hospital,Karnataka,Bengaluru Rural,0,13.0256462,77.3846124,0,0,False,False
Keerthana Netralaya,Karnataka,Bengaluru Rural,0,13.0313407,77.5132474,0,0,False,False
Kumar Nursing Home,Karnataka,Bengaluru Rural,0,12.9000208,76.3898637,0,0,False,False
Bagawadi Eye and Dental Care,Karnataka,Belagavi,0,15.8496953,74.4976741,0,0,False,False
Bims Hospital,Karnataka,Belagavi,0,15.867293,74.5115695,0,0,False,False
Dr. Bagewadis Eye and Dental Care Centre,Karnataka,Belagavi,0,15.8496953,74.4976741,0,0,False,False
Dr.T.S.Tejaswi,Karnataka,Belagavi,0,15.8376978,74.5009168,0,0,False,False
Jina Gouda Hospital,Karnataka,Belagavi,0,15.839043,74.5265108,0,0,False,False
Natu Hospital,Karnataka,Belagavi,0,15.8496953,74.4976741,0,0,False,False
Rainbow Hospital,Karnataka,Belagavi,0,15.835354,74.503952,0,0,False,False
Shahid Polyclinc,Karnataka,Belagavi,0,15.8576121,74.5294834,0,0,False,False
Shri Siddhi Vinayak Hospital Critical Care Centre,Karnataka,Belagavi,0,15.8445593,74.5197343,0,0,False,False
Susheeldath Orthopedic Center,Karnataka,Belagavi,0,15.8496953,74.4976741,0,0,False,False
Vijaya Hospital,Karnataka,Belagavi,0,9.6707394,76.533547,0,0,False,False
Yash Hospital Critical Care Center,Karnataka,Belagavi,0,15.8496953,74.4976741,0,0,False,False
Gopal Jinagouda Bharatesh Hospital.(Bits),Karnataka,Belagavi,0,15.8193373,74.5624391,0,0,False,False
Shri Daneshwari Surgical and General Hospital,Karnataka,Belagavi,0,15.8419855,74.518946,0,0,False,False
Shri Sai Multi Speciality Hospital,Karnataka,Belagavi,0,18.622621,73.859354,0,0,False,False
Bapuji Ortho Pedic Centre,Karnataka,Belagavi,0,15.8496953,74.4976741,0,0,False,False
Dr.Hanjis Maternity And Nursing Hom,Karnataka,Belagavi,0,15.8376978,74.5009168,0,0,False,False
Sankalp Nursing Home,Karnataka,Belagavi,0,15.8496953,74.4976741,0,0,False,False
Belgaum Cancer Hospital Pvt Ltd,Karnataka,Belagavi,0,15.8721444,74.5255992,0,0,False,False
K.L.E.S Hospital and Medical Research Centre,Karnataka,Belagavi,0,15.8833193,74.5199618,0,0,False,False
Dr. Kotwal Maternity Hospital,Karnataka,Belagavi,0,19.135931,72.849588,0,0,False,False
Sharada Maternity and Nursing Home,Karnataka,Belagavi,0,15.873002,74.529237,0,0,False,False
General Hospital,Karnataka,Belagavi,0,15.8496953,74.4976741,0,0,False,False
Shivakrupa Hospital,Karnataka,Belagavi,0,15.7739795,74.6432376,0,0,False,False
Savashram Chikitsalaya,Karnataka,Belagavi,0,13.0373414,80.2159027,0,0,False,False
Shri Kamakshi Clinic,Karnataka,Belagavi,0,15.8468981,74.509707,0,0,False,False
Suiddhi Nursing Home,Karnataka,Belagavi,0,28.1037911,78.3545378,0,0,False,False
Kambi Nursing Home,Karnataka,Belagavi,0,15.9500493,75.297485,0,0,False,False
Dr M M Hooli Hospital,Karnataka,Belagavi,0,15.7658355,75.1165915,0,0,False,False
Kamal Hospital,Karnataka,Belagavi,0,16.4256293,74.5819603,0,0,False,False
Sanmeet Hospital,Karnataka,Belagavi,0,16.4291905,74.5878546,0,0,False,False
Sharada Hospital,Karnataka,Belagavi,0,15.8496953,74.4976741,0,0,False,False
Shiva Krupa Hospital,Karnataka,Belagavi,0,16.4291905,74.5878546,0,0,False,False
Ashirwad Nursing Home,Karnataka,Belagavi,0,16.5177012,74.9497472,0,0,False,False
Shri S.B.Odeyar Memorial Hospital,Karnataka,Belagavi,0,16.5177012,74.9497472,0,0,False,False
Jangu Hospital and Polyclinic,Karnataka,Belagavi,0,10.3624871,77.9674234,0,0,False,False
Geeta Nursing Home,Karnataka,Belagavi,0,16.4291905,74.5878546,0,0,False,False
Vishwas Hospital,Karnataka,Belagavi,0,16.4291905,74.5878546,0,0,False,False
"Community Health Centre, Sadalga",Karnataka,Belagavi,0,16.5533172,74.5316807,0,0,False,False
Shree Dhanwantari Clinic,Karnataka,Belagavi,0,16.6748975,74.8916458,0,0,False,False
Annapurna Clinic,Karnataka,Belagavi,0,16.4948397,74.7754222,0,0,False,False
Kattimani Hospital and Nursing Home,Karnataka,Belagavi,0,16.2328467,74.7791465,0,0,False,False
Chiranjivi Nursing Home,Karnataka,Belagavi,0,16.1648076,74.8205459,0,0,False,False
Dr Umarani Ganga Surgical and Fracture Clinic,Karnataka,Belagavi,0,16.1591849,74.8156199,0,0,False,False
Jayaratna Maternity and Laparoscopic Surgical Hospital,Karnataka,Belagavi,0,16.1660016,74.8209661,0,0,False,False
Kles Hospital And Mrc,Karnataka,Belagavi,0,16.1689319,74.8397048,0,0,False,False
Masurkar Multi-Speciality Medical Centre,Karnataka,Belagavi,0,16.1591849,74.8156199,0,0,False,False
Shanta Clinic,Karnataka,Belagavi,0,16.1676514,74.8266619,0,0,False,False
Shrinivas Eye Hospital,Karnataka,Belagavi,0,23.2642046,77.4012237,0,0,False,False
Soubhagya Nursing Home,Karnataka,Belagavi,0,16.1591849,74.8156199,0,0,False,False
The Karnataka Health Institute,Karnataka,Belagavi,0,16.2394587,74.7585775,0,0,False,False
Vishwajyoti Nursing Home and Laproscopic Surgical Centre,Karnataka,Belagavi,0,16.1692435,74.83038,0,0,False,False
Annapurna Hospital,Karnataka,Belagavi,0,16.2560909,74.4830326,0,0,False,False
Isaac Eye Foundation,Karnataka,Belagavi,0,16.2564111,74.4719326,0,0,False,False
Devaganga Maternity and Nursing Home,Karnataka,Belagavi,0,15.8496953,74.4976741,0,0,False,False
Arunodaya Hospital,Karnataka,Ballari,Bellary,34.1255413,74.9442585,0,0,False,False
Bharath Health Center,Karnataka,Ballari,Bellary,15.1578523,76.9333417,0,0,False,False
L V Nursing Home,Karnataka,Ballari,Bellary,15.1526904,76.9291839,0,0,False,False
M S R Hospital,Karnataka,Ballari,Bellary,12.9726995,77.5789771,0,0,False,False
Panduranga Rao Hospital,Karnataka,Ballari,Bellary,15.141667,76.9238984,0,0,False,False
R K Hospital,Karnataka,Ballari,Bellary,15.4281142,76.5185107,0,0,False,False
S R Multi Speciality Hospital,Karnataka,Ballari,Bellary,15.1526367,76.8922729,0,0,False,False
Sanjeevini Hospital,Karnataka,Ballari,Bellary,15.1672043,76.9420451,0,0,False,False
Cs Multispeciality Hospital,Karnataka,Ballari,Bellary,12.9628521,80.1862917,0,0,False,False
Madhuri Nursing Home,Karnataka,Ballari,Bellary,15.1579964,76.9438409,0,0,False,False
Vims,Karnataka,Ballari,Bellary,8.5206817,76.9254134,0,0,False,False
Adarsh Nursing Home,Karnataka,Ballari,Bellary,23.2156354,72.6369415,0,0,False,False
Basaveswara Medical Centre,Karnataka,Ballari,Bellary,12.9952046,77.5402772,0,0,False,False
Bks Hospital,Karnataka,Ballari,Bellary,15.1521674,76.9319698,0,0,False,False
Dr. Kulkarni Eye Hospital,Karnataka,Ballari,Bellary,15.1522836,76.9357162,0,0,False,False
Murthy Nursing Home,Karnataka,Ballari,Bellary,12.976253,77.5796279,0,0,False,False
Shri Dwaraka Nursing Home,Karnataka,Ballari,Bellary,17.5917436,78.9446423,0,0,False,False
Sukrutha Nursing Home,Karnataka,Ballari,Bellary,15.1539698,76.9341171,0,0,False,False
St Mary S Hospital,Karnataka,Ballari,Bellary,14.8857277,76.8960474,0,0,False,False
Balaji Maternity Home,Karnataka,Ballari,Bellary,15.6326461,76.8944345,0,0,False,False
Tho Siruguppa,Karnataka,Ballari,Bellary,15.6175163,76.9005817,0,0,False,False
Tho Kudligi,Karnataka,Ballari,Bellary,14.9028855,76.3932093,0,0,False,False
Abhishek Hospital - Hospet,Karnataka,Ballari,Bellary,15.2754128,76.3863872,0,0,False,False
Chiranjeeve Hospital,Karnataka,Ballari,Bellary,15.2739739,76.3787207,0,0,False,False
Dr B. R. Achar Clinic Materinity Iccu and Nursing H,Karnataka,Ballari,Bellary,15.1413115,76.9166884,0,0,False,False
K.L.S Hospital - Hospet,Karnataka,Ballari,Bellary,15.2688542,76.3909241,0,0,False,False
Tho Hospet,Karnataka,Ballari,Bellary,15.2688542,76.3909241,0,0,False,False
Sushruta Hospital - Hospet,Karnataka,Ballari,Bellary,15.2606156,76.3768426,0,0,False,False
Accident Relife Care,Karnataka,Bengaluru Urban,0,12.9922015,77.5821803,0,0,False,False
Al-Ameen Hospital,Karnataka,Bengaluru Urban,0,12.991414,77.5925026,0,0,False,False
Avian Medicare and Research Centre,Karnataka,Bengaluru Urban,0,13.0377347,77.6288279,0,0,False,False
Bangalore Assisted Conception Center Pvt Ltd,Karnataka,Bengaluru Urban,0,12.9404645,77.5450365,0,0,False,False
Bowring and Lady Curzon Hospitals,Karnataka,Bengaluru Urban,0,12.9813349,77.6062649,0,0,False,False
Cloudnine Hospital Pvt. Ltd.,Karnataka,Bengaluru Urban,0,12.9612248,77.6373439,0,0,False,False
Deepika Health Care,Karnataka,Bengaluru Urban,0,12.9648804,77.6568339,0,0,False,False
Dr. Arvind Shenoi,Karnataka,Bengaluru Urban,0,12.9912435,77.5791338,0,0,False,False
Little Flower Hospital Pvt. Ltd,Karnataka,Bengaluru Urban,0,11.4610891,78.1928228,0,0,False,False
Popular Nur,Karnataka,Bengaluru Urban,0,19.1645467,72.944227,0,0,False,False
Suprabha Medical Center,Karnataka,Bengaluru Urban,0,12.9508982,77.5994652,0,0,False,False
Syamala Hospital,Karnataka,Bengaluru Urban,0,12.9713407,77.6277165,0,0,False,False
Timmaya Road Meternity Hospital,Karnataka,Bengaluru Urban,0,12.9897155,77.6107786,0,0,False,False
V.M. Laxmi,Karnataka,Bengaluru Urban,0,12.9255128,77.564405,0,0,False,False
Vagh Eye Centre,Karnataka,Bengaluru Urban,0,12.9852083,77.6022212,0,0,False,False
Vijaya Nursing Home,Karnataka,Bengaluru Urban,0,12.7188069,77.7018795,0,0,False,False
Bangalore West Lions Eye Hospital and Cornea Grafting,Karnataka,Bengaluru Urban,0,23.7509604,90.4400338,0,0,False,False
Dasappa Meternity Hospital,Karnataka,Bengaluru Urban,0,12.96361,77.5850308,0,0,False,False
Institute Of Nephro Urology,Karnataka,Bengaluru Urban,0,18.961019,72.8359607,0,0,False,False
Nu Hospital,Karnataka,Bengaluru Urban,0,12.917938,77.555796,0,0,False,False
Parvati Eye Care Center,Karnataka,Bengaluru Urban,0,16.4291905,74.5878546,0,0,False,False
Sri Rama Nursing Home,Karnataka,Bengaluru Urban,0,12.9709924,77.5807246,0,0,False,False
Vani Vilas Hospital,Karnataka,Bengaluru Urban,0,23.8131377,90.3985468,0,0,False,False
Avhieta Hospital and Health Care,Karnataka,Bengaluru Urban,0,13.0444016,77.6374893,0,0,False,False
Bilva Hospital,Karnataka,Bengaluru Urban,0,12.998271,77.5786083,0,0,False,False
Columbia Asia Referral Hospital,Karnataka,Bengaluru Urban,0,12.9890161,77.5591649,0,0,False,False
Dr. B. Venkatasubbarao Memorial Hospital,Karnataka,Bengaluru Urban,0,13.0222313,77.5458444,0,0,False,False
Gift Fertility Centre,Karnataka,Bengaluru Urban,0,12.9672543,77.6402949,0,0,False,False
Indira Eye Clinic,Karnataka,Bengaluru Urban,0,13.0000884,77.5670569,0,0,False,False
Jupiter Hospital And Institute Of Vascular Surgery,Karnataka,Bengaluru Urban,0,12.9996981,77.5662847,0,0,False,False
K C General Hospital,Karnataka,Bengaluru Urban,0,12.9270695,77.5923719,0,0,False,False
Leela Hospital and Diagnostic Center,Karnataka,Bengaluru Urban,0,13.0009978,77.5715523,0,0,False,False
Malleswaram Eye Day Care Hospital - Bengalore,Karnataka,Bengaluru Urban,0,13.0013627,77.5742402,0,0,False,False
Manipal Northside Hospital,Karnataka,Bengaluru Urban,0,13.0030624,77.5642928,0,0,False,False
Narayana Super Speciality Hospital,Karnataka,Bengaluru Urban,0,13.0009245,77.5756987,0,0,False,False
Shaker Nursing Home,Karnataka,Bengaluru Urban,0,13.0071731,77.5707558,0,0,False,False
Sri Ram Netralaya and Surgical Entre,Karnataka,Bengaluru Urban,0,13.0040167,77.6877765,0,0,False,False
Sukruthi Eye Care Microsurgical Centre,Karnataka,Bengaluru Urban,0,13.0030624,77.5642928,0,0,False,False
Vijaya Ent Care Centre,Karnataka,Bengaluru Urban,0,12.9999879,77.5680956,0,0,False,False
B.M.S. Nursing Home,Karnataka,Bengaluru Urban,0,12.9324008,77.5735369,0,0,False,False
Bharathi Nursing Home,Karnataka,Bengaluru Urban,0,12.9368894,77.5742909,0,0,False,False
Geetha Nursing Home,Karnataka,Bengaluru Urban,0,12.9486453,77.5743261,0,0,False,False
Gunasheela Surgical and Maternity Hospital,Karnataka,Bengaluru Urban,0,12.940241,77.576438,0,0,False,False
Kims Hospital and Research Centre,Karnataka,Bengaluru Urban,0,13.0733021,77.7867803,0,0,False,False
Medikeri's Super Speciality Ent Centre,Karnataka,Bengaluru Urban,0,12.9466558,77.5752895,0,0,False,False
Popular Hospital,Karnataka,Bengaluru Urban,0,13.063199,80.2235291,0,0,False,False
"R.R,OrthopedicandSurgical Centre",Karnataka,Bengaluru Urban,0,13.0001603,77.5411082,0,0,False,False
Rama Krishna Nursing Home,Karnataka,Bengaluru Urban,0,12.9227076,77.5749764,0,0,False,False
Rangadore Memorial Hospital,Karnataka,Bengaluru Urban,0,12.9421166,77.5753609,0,0,False,False
Sharada Dhanvantari Haemodialysis Centre,Karnataka,Bengaluru Urban,0,13.0632319,80.221594,0,0,False,False
The Bangalore Hospital,Karnataka,Bengaluru Urban,0,12.937683,77.580401,0,0,False,False
Trinity Hospital And Heart Foundation,Karnataka,Bengaluru Urban,0,12.9421166,77.5753609,0,0,False,False
Vijaya Eye Clinic and Research Center,Karnataka,Bengaluru Urban,0,12.948411,77.5720259,0,0,False,False
Cantonment Poly Clinic And Nursing Home,Karnataka,Bengaluru Urban,0,12.9959689,77.6124149,0,0,False,False
Chitra Clinic And Nursing Home,Karnataka,Bengaluru Urban,0,12.9950808,77.6250965,0,0,False,False
Coxtown Meternity Hospital,Karnataka,Bengaluru Urban,0,12.9994421,77.6197371,0,0,False,False
Dr. Thomas`S Cantoment Poly Clinic andNursing Home,Karnataka,Bengaluru Urban,0,12.9959689,77.6124149,0,0,False,False
"Dr.Agarwal Eye Hospital, Frazer Town, Bangalore",Karnataka,Bengaluru Urban,0,12.9950476,77.6147422,0,0,False,False
Eye Care Centre,Karnataka,Bengaluru Urban,0,12.9925861,77.6098673,0,0,False,False
Seventh Day Adventist Medical Centre,Karnataka,Bengaluru Urban,0,12.9962315,77.6099173,0,0,False,False
Punya Hosptal,Karnataka,Bengaluru Urban,0,13.000459,77.5369296,0,0,False,False
Belle Vues Cambridge Hospital,Karnataka,Bengaluru Urban,0,12.9712602,77.6275877,0,0,False,False
G. G. Hospital,Karnataka,Bengaluru Urban,0,12.973007,77.641386,0,0,False,False
Joseph Clinic,Karnataka,Bengaluru Urban,0,12.9955442,80.2514885,0,0,False,False
Sadhana Eye Hospital,Karnataka,Bengaluru Urban,0,12.9817147,77.6285585,0,0,False,False
Sakthi Nursing Home,Karnataka,Bengaluru Urban,0,12.9751602,77.6797392,0,0,False,False
Ulsoor Referal Hospital,Karnataka,Bengaluru Urban,0,13.0386513,77.5918245,0,0,False,False
"Vagus Super Speciality Hospital Pvt. Ltd.,",Karnataka,Bengaluru Urban,0,13.008767,77.5657871,0,0,False,False
Bangalore Medical Centre,Karnataka,Bengaluru Urban,0,12.9752996,77.5789317,0,0,False,False
Kavitha Hospital,Karnataka,Bengaluru Urban,0,12.9786112,77.5471409,0,0,False,False
Citi Hospital,Karnataka,Bengaluru Urban,0,12.974333,77.542641,0,0,False,False
Curls and Curves Hair Transplantation and Cosmetic Sur,Karnataka,Bengaluru Urban,0,12.991497,77.5508432,0,0,False,False
Jinka Nursing Home,Karnataka,Bengaluru Urban,0,12.98471,77.5508027,0,0,False,False
Karnataka Medical Centre,Karnataka,Bengaluru Urban,0,12.9656111,77.5663488,0,0,False,False
Kumar Nethralaya,Karnataka,Bengaluru Urban,0,12.9678728,77.5234315,0,0,False,False
Narayana Nethralaya,Karnataka,Bengaluru Urban,0,13.011531,77.552046,0,0,False,False
Rajajinagar Meternity Home,Karnataka,Bengaluru Urban,0,12.9837854,77.554113,0,0,False,False
Ratkal Speciality Clinic,Karnataka,Bengaluru Urban,0,13.0066193,77.5491304,0,0,False,False
Sidvin Hospital Pvt Ltd,Karnataka,Bengaluru Urban,0,12.9391366,77.6192738,0,0,False,False
Spandana Nursing Home,Karnataka,Bengaluru Urban,0,12.986458,77.5581473,0,0,False,False
Sreerampura Referal Hospital,Karnataka,Bengaluru Urban,0,12.9843,77.554258,0,0,False,False
Sri Dhavantari Ayurveda Hoapital,Karnataka,Bengaluru Urban,0,12.98622,77.559833,0,0,False,False
St. Theresa's Hospital,Karnataka,Bengaluru Urban,0,13.0091495,77.5550075,0,0,False,False
Suguna Hospital,Karnataka,Bengaluru Urban,0,12.988003,77.5596952,0,0,False,False
Suresh Hospital - Bangalore,Karnataka,Bengaluru Urban,0,12.9900215,77.5532345,0,0,False,False
Varalakshmi Nursing and Maternity Home,Karnataka,Bengaluru Urban,0,12.9981905,77.5533462,0,0,False,False
Cdr Medical Center,Karnataka,Bengaluru Urban,0,12.9203433,77.5513148,0,0,False,False
Cloud Nine Kida Clinic Pvt (Bangalore) Ltd,Karnataka,Bengaluru Urban,0,12.933863,77.584263,0,0,False,False
Drs 7 Maiya Multispeciality Hospital,Karnataka,Bengaluru Urban,0,12.9396233,77.5866713,0,0,False,False
Fracture Of Tibial Spine Orthopaedic Clinic,Karnataka,Bengaluru Urban,0,12.9329463,77.5838692,0,0,False,False
Garden City Hospital,Karnataka,Bengaluru Urban,0,12.933219,77.5815604,0,0,False,False
Lalbagh Ivf Centre,Karnataka,Bengaluru Urban,0,12.9454597,77.5863846,0,0,False,False
Mahabodhi Mallige Hospital,Karnataka,Bengaluru Urban,0,12.9401097,77.5851331,0,0,False,False
Maiya Multispecialty Hospital,Karnataka,Bengaluru Urban,0,12.9396233,77.5866713,0,0,False,False
Manasa Medical Centre (P) Ltd,Karnataka,Bengaluru Urban,0,12.939789,77.58545,0,0,False,False
N.R.Amar Nursing Home,Karnataka,Bengaluru Urban,0,12.9313475,77.5932269,0,0,False,False
Prabha Eye Clinic and Research Center,Karnataka,Bengaluru Urban,0,12.9200121,77.5748334,0,0,False,False
Ragavs Diagnostic and Research Centre Pvt Ltd,Karnataka,Bengaluru Urban,0,12.9250074,77.5938028,0,0,False,False
"Rajlakshmi Polyclinic and Nursing Home,",Karnataka,Bengaluru Urban,0,12.916439,77.5824518,0,0,False,False
Ramkrishna Nursing Home,Karnataka,Bengaluru Urban,0,12.9227076,77.5749764,0,0,False,False
Shanthi Nursing Home,Karnataka,Bengaluru Urban,0,12.9230149,77.5867675,0,0,False,False
The Cradle,Karnataka,Bengaluru Urban,0,12.933863,77.584263,0,0,False,False
Vasan Eye Care Hospital,Karnataka,Bengaluru Urban,0,12.9290883,77.5819886,0,0,False,False
Venkatagiri Nursing Home,Karnataka,Bengaluru Urban,0,12.9346537,77.5875584,0,0,False,False
Venkateshwara Eye Clinic,Karnataka,Bengaluru Urban,0,12.9786865,77.558801,0,0,False,False
Siddartha Hospital and Diagostics,Karnataka,Bengaluru Urban,0,13.0459145,77.5221593,0,0,False,False
Ashwini Nursing Home,Karnataka,Bengaluru Urban,0,13.0184435,77.6781215,0,0,False,False
Sri Balaji Polyclinic and Diagnostic Centr,Karnataka,Bengaluru Urban,0,13.017604,77.6836792,0,0,False,False
Sri Sai Eye Hospital,Karnataka,Bengaluru Urban,0,13.0153803,77.677642,0,0,False,False
Vijai Hospital - Bangalore,Karnataka,Bengaluru Urban,0,12.9709184,77.6318371,0,0,False,False
Hal Hospital,Karnataka,Bengaluru Urban,0,12.9643314,77.6716809,0,0,False,False
Nova Medical Centres Pvt Ltd,Karnataka,Bengaluru Urban,0,13.0365214,77.591099,0,0,False,False
Shree Anugraha Hospital,Karnataka,Bengaluru Urban,0,12.9621596,77.6723254,0,0,False,False
Amar Nursing Home,Karnataka,Bengaluru Urban,0,12.9561171,77.5558117,0,0,False,False
Brindavan Nursing Home,Karnataka,Bengaluru Urban,0,12.9578825,77.5690132,0,0,False,False
Jubilee Nursing Home,Karnataka,Bengaluru Urban,0,12.9581124,77.5712995,0,0,False,False
Nethrakashi Eye Hospital And Micro Surgical Centre,Karnataka,Bengaluru Urban,0,12.9323546,77.5642029,0,0,False,False
Retina Institute Of Karnataka,Karnataka,Bengaluru Urban,0,12.9567051,77.5626974,0,0,False,False
Shree Nandi Hospital,Karnataka,Bengaluru Urban,0,12.9594417,77.5678213,0,0,False,False
Sirasi Road Meternity Home,Karnataka,Bengaluru Urban,0,12.952309,77.5779576,0,0,False,False
The Venlakh Hospital,Karnataka,Bengaluru Urban,0,12.9571328,77.5643107,0,0,False,False
B.S. Narayan Memorial Hospital,Karnataka,Bengaluru Urban,0,12.9701331,77.5785466,0,0,False,False
Balaji Hospital and Gastroenterology Center,Karnataka,Bengaluru Urban,0,12.9360846,77.5668069,0,0,False,False
Kalasa Maternity Home,Karnataka,Bengaluru Urban,0,12.9548697,77.567273,0,0,False,False
Kamala Nursing Home,Karnataka,Bengaluru Urban,0,12.9420409,77.5579577,0,0,False,False
Shekhar Hospital,Karnataka,Bengaluru Urban,0,12.945843,77.5674499,0,0,False,False
Vishwabharathi Hospital Pvt. Ltd,Karnataka,Bengaluru Urban,0,12.9425877,77.564264,0,0,False,False
Apollo Rm Hospital,Karnataka,Bengaluru Urban,0,12.9785849,80.2320987,0,0,False,False
Fortis Hospital,Karnataka,Bengaluru Urban,0,12.9920891,77.5794397,0,0,False,False
Jayashree Nursing Home,Karnataka,Bengaluru Urban,0,12.991069,77.5777401,0,0,False,False
Lakshmi Nursing Home,Karnataka,Bengaluru Urban,0,12.9982021,77.580725,0,0,False,False
Sri Maruthi Nursing Home,Karnataka,Bengaluru Urban,0,12.9961984,77.5734176,0,0,False,False
Nayak Hospital,Karnataka,Bengaluru Urban,0,12.9995007,77.5599848,0,0,False,False
"Nethradhama Superspeciality Eye Hospital - Rajajinagar, Bangalore",Karnataka,Bengaluru Urban,0,13.0103758,77.5590452,0,0,False,False
Supriya Hospital,Karnataka,Bengaluru Urban,0,17.4738037,78.5641765,0,0,False,False
Acharya Tulsi Jain Hospital,Karnataka,Bengaluru Urban,0,13.026508,77.5581871,0,0,False,False
Kala Hospital,Karnataka,Bengaluru Urban,0,13.0222723,77.5589993,0,0,False,False
Mysore Hospital,Karnataka,Bengaluru Urban,0,13.01781,77.544225,0,0,False,False
Yeshvanthpura Meternity Home,Karnataka,Bengaluru Urban,0,13.0229714,77.5526778,0,0,False,False
L.R Hospital,Karnataka,Bengaluru Urban,0,12.9865934,77.3746046,0,0,False,False
Supriya Nursing Home,Karnataka,Bengaluru Urban,0,12.9865934,77.3746046,0,0,False,False
Bangalore Baptist Hospital,Karnataka,Bengaluru Urban,0,12.9715987,77.5945627,0,0,False,False
Columbia Asia,Karnataka,Bengaluru Urban,0,13.0353782,77.5887614,0,0,False,False
Dr Agarwal's Eye Hospital,Karnataka,Bengaluru Urban,0,12.956869,77.604755,0,0,False,False
Hosmat Hospital,Karnataka,Bengaluru Urban,0,12.9687069,77.6145906,0,0,False,False
Nephrolife Care India Pvt.Ltd,Karnataka,Bengaluru Urban,0,12.9582183,77.6044998,0,0,False,False
Republic Hospital,Karnataka,Bengaluru Urban,0,12.9663958,77.5945236,0,0,False,False
Sankarambal Nursing Home,Karnataka,Bengaluru Urban,0,12.9668015,77.6000686,0,0,False,False
Azad Nagar Meternity Home,Karnataka,Bengaluru Urban,0,12.9013459,77.4679494,0,0,False,False
Balaji Nursing Home,Karnataka,Bengaluru Urban,0,12.9550299,77.5446814,0,0,False,False
Soubhagya Medical Centre and Hospital,Karnataka,Bengaluru Urban,0,12.957204,77.5522639,0,0,False,False
Sri Ram Nursing Home,Karnataka,Bengaluru Urban,0,12.9444846,77.5483282,0,0,False,False
Venkateshwara Maternity and Surgical Center,Karnataka,Bengaluru Urban,0,12.9426735,77.5470011,0,0,False,False
Agadi Hospital,Karnataka,Bengaluru Urban,0,12.949509,77.598059,0,0,False,False
"Bangalore Heart Hospital,",Karnataka,Bengaluru Urban,0,12.9715987,77.5945627,0,0,False,False
Bangalore Institute Of Oncology,Karnataka,Bengaluru Urban,0,13.0001603,77.5411082,0,0,False,False
Bangalore Kidney Stones Hospial,Karnataka,Bengaluru Urban,0,12.9671048,77.5893263,0,0,False,False
H.C.G Bangalore Institute Of Oncology Speciality C,Karnataka,Bengaluru Urban,0,12.9628608,77.5917086,0,0,False,False
Karthik Hospital,Karnataka,Bengaluru Urban,0,12.9489069,77.5949809,0,0,False,False
Manjunath Hospital,Karnataka,Bengaluru Urban,0,12.948484,77.593987,0,0,False,False
Raheja Diagnostics,Karnataka,Bengaluru Urban,0,12.9634179,77.5938311,0,0,False,False
Shantinagar Meternity Hospital,Karnataka,Bengaluru Urban,0,12.9570335,77.5968356,0,0,False,False
V.S. Specialist Medical Centre and Neurological Research Institute Pvt. Ltd.,Karnataka,Bengaluru Urban,0,12.9472971,77.5965842,0,0,False,False
Yellamma Dassappa Hospital - Bangalore,Karnataka,Bengaluru Urban,0,12.9607569,77.594633,0,0,False,False
Kareem E.N.T and Multispeciality Centre,Karnataka,Bengaluru Urban,0,12.962606,77.6812236,0,0,False,False
Kidwai Memorial Institute Of Oncology,Karnataka,Bengaluru Urban,0,12.9372107,77.6018794,0,0,False,False
Prasad Eye Hospital,Karnataka,Bengaluru Urban,0,12.7409127,77.8252923,0,0,False,False
Spurthy Hospital,Karnataka,Bengaluru Urban,0,12.9233712,77.6123492,0,0,False,False
Deepti Nursing Home,Karnataka,Bengaluru Urban,0,12.9237111,77.5874615,0,0,False,False
Sankalpa Nursing Home,Karnataka,Bengaluru Urban,0,12.9418628,77.6081249,0,0,False,False
Shiva Nursing Home,Karnataka,Bengaluru Urban,0,12.9426465,77.599995,0,0,False,False
Sree Venkateshwara Speciality Hospital,Karnataka,Bengaluru Urban,0,12.9430799,77.6013678,0,0,False,False
The Apollo Clinic and Surgical Centre,Karnataka,Bengaluru Urban,0,12.7409127,77.8252923,0,0,False,False
Amazon Hospital,Karnataka,Bengaluru Urban,0,13.0252889,77.5859294,0,0,False,False
Asha Kiran Children Health Care Centre,Karnataka,Bengaluru Urban,0,13.0263835,77.5931572,0,0,False,False
Chaitanya Hospital,Karnataka,Bengaluru Urban,0,13.0225809,77.5931039,0,0,False,False
Dr Chaitanyas Hospital,Karnataka,Bengaluru Urban,0,12.9683434,77.6508082,0,0,False,False
Dr.T.V.Ramesh Piles Hospital,Karnataka,Bengaluru Urban,0,13.025502,77.5576219,0,0,False,False
Ganga Hospital and Clinical Laboratory,Karnataka,Bengaluru Urban,0,12.9589564,77.568118,0,0,False,False
Geeta Nursing Home,Karnataka,Bengaluru Urban,0,13.0248077,77.593845,0,0,False,False
Lakshmi Hospital,Karnataka,Bengaluru Urban,0,13.0345251,77.5745848,0,0,False,False
Medicare Hospital,Karnataka,Bengaluru Urban,0,12.9670443,80.2091237,0,0,False,False
North Side Health Centre,Karnataka,Bengaluru Urban,0,29.9038399,73.8771901,0,0,False,False
Petal Hospital,Karnataka,Bengaluru Urban,0,12.9530908,77.6535137,0,0,False,False
Premier Hospital,Karnataka,Bengaluru Urban,0,13.0241721,77.5960331,0,0,False,False
Sarojini Hospital,Karnataka,Bengaluru Urban,0,13.029083,77.5904031,0,0,False,False
Sm Hospital,Karnataka,Bengaluru Urban,0,13.0297169,77.6047757,0,0,False,False
V-Care Hoapitals and Diagnostic Center,Karnataka,Bengaluru Urban,0,13.0166308,77.5967556,0,0,False,False
Kamath Nursing Home,Karnataka,Bengaluru Urban,0,13.0017513,77.6312199,0,0,False,False
Piles Clinic and Hospital,Karnataka,Bengaluru Urban,0,13.0156412,77.6512586,0,0,False,False
Pratham Ent and Child Care Centre,Karnataka,Bengaluru Urban,0,26.881779,75.7797559,0,0,False,False
Annayya Healthcare Pvt Ltd,Karnataka,Bengaluru Urban,0,12.9182699,77.6380713,0,0,False,False
Beams Hospitals Private Limited,Karnataka,Bengaluru Urban,0,12.9683482,77.6487167,0,0,False,False
Curie Centre Of Oncology,Karnataka,Bengaluru Urban,0,12.9279232,77.6271078,0,0,False,False
Gold Star Hospital and Research Center,Karnataka,Bengaluru Urban,0,12.9159823,77.6294511,0,0,False,False
Green View Medical Centre,Karnataka,Bengaluru Urban,0,12.9200633,77.6428859,0,0,False,False
Health Care Global Enterprises Ltd,Karnataka,Bengaluru Urban,0,12.9342661,77.6204698,0,0,False,False
Hgc Curie Centre Of Oncology,Karnataka,Bengaluru Urban,0,12.9273529,77.6391039,0,0,False,False
Kamala Nethralaya,Karnataka,Bengaluru Urban,0,12.9248121,77.6337109,0,0,False,False
Lake View Hospital,Karnataka,Bengaluru Urban,0,12.922031,77.645399,0,0,False,False
Marvel Hospital and Fertility Center,Karnataka,Bengaluru Urban,0,12.9266059,77.6377755,0,0,False,False
Murthy Health and Research Centre,Karnataka,Bengaluru Urban,0,12.924756,77.6382941,0,0,False,False
Novamed Centers India Pvt Ltd,Karnataka,Bengaluru Urban,0,12.9337039,77.6214323,0,0,False,False
Sharadha Nursing Home,Karnataka,Bengaluru Urban,0,12.9279232,77.6271078,0,0,False,False
Spatica Super Speciality Hospital,Karnataka,Bengaluru Urban,0,12.9159823,77.6294511,0,0,False,False
St John's Medical College Hospital,Karnataka,Bengaluru Urban,0,12.9309785,77.6199608,0,0,False,False
Starr Hospital,Karnataka,Bengaluru Urban,0,12.9137705,77.6292697,0,0,False,False
Dr. Mohan Nursing Home,Karnataka,Bengaluru Urban,0,12.9139452,77.6779284,0,0,False,False
Punarjani Ayurvedic Speciality Hospital,Karnataka,Bengaluru Urban,0,12.8984402,77.6903954,0,0,False,False
Suresh Hospital,Karnataka,Bengaluru Urban,0,13.0076532,77.6980626,0,0,False,False
Deepa Hospital,Karnataka,Bengaluru Urban,0,17.4399866,78.4070375,0,0,False,False
Maithri Nursing Homeand Diagnostic,Karnataka,Bengaluru Urban,0,13.0050221,77.7036163,0,0,False,False
Patil Hospital,Karnataka,Bengaluru Urban,0,13.0040167,77.6877765,0,0,False,False
Aayug's Health Care,Karnataka,Bengaluru Urban,0,12.9600915,77.7129903,0,0,False,False
Akshay Mallya Hospital,Karnataka,Bengaluru Urban,0,12.9600915,77.7129903,0,0,False,False
I-Aim Healthcare Centre,Karnataka,Bengaluru Urban,0,13.1004849,77.5940134,0,0,False,False
Lions Airport City Hospital,Karnataka,Bengaluru Urban,0,12.9566252,77.7073206,0,0,False,False
M.G.A.Hospital,Karnataka,Bengaluru Urban,0,12.9562059,77.6943243,0,0,False,False
Nirmala Nursing Home,Karnataka,Bengaluru Urban,0,12.9789998,77.6953347,0,0,False,False
Sankara Eye Care Hospital,Karnataka,Bengaluru Urban,0,12.9583404,77.7155779,0,0,False,False
Sbf Health,Karnataka,Bengaluru Urban,0,12.9712265,77.6979487,0,0,False,False
Shankar Eye Hospital,Karnataka,Bengaluru Urban,0,12.9583404,77.7155779,0,0,False,False
Sri Kanchi Kamakoti Medical Trust Sankara Eye Hosp,Karnataka,Bengaluru Urban,0,12.9559093,77.7156859,0,0,False,False
"The Apollo Clinic (Only For Sahara), Bangalore",Karnataka,Bengaluru Urban,0,12.956496,77.6960739,0,0,False,False
Vasan Eye Care Hospital,Karnataka,Bengaluru Urban,0,12.9786942,77.6945322,0,0,False,False
Vims Heart Centre And Hospitals,Karnataka,Bengaluru Urban,0,12.948263,77.699518,0,0,False,False
Yashomati Hospitals Pvt Ltd,Karnataka,Bengaluru Urban,0,12.9600447,77.7083461,0,0,False,False
Apoorva Diagnostic Centre,Karnataka,Bengaluru Urban,0,18.4713653,73.8661598,0,0,False,False
Axon Speciality Hospital,Karnataka,Bengaluru Urban,0,12.9738195,77.6461409,0,0,False,False
Cambridge Hospital,Karnataka,Bengaluru Urban,0,12.971684,77.6274826,0,0,False,False
Columbia Asian Medical Center-Hebbal,Karnataka,Bengaluru Urban,0,12.9644774,77.6416471,0,0,False,False
Laser Vision Netralaya,Karnataka,Bengaluru Urban,0,12.9737668,77.6382716,0,0,False,False
Maruthi Hospital,Karnataka,Bengaluru Urban,0,12.9703034,77.6402636,0,0,False,False
Narayana Hrudayalaya Cmh Hospital,Karnataka,Bengaluru Urban,0,12.9782859,77.6387567,0,0,False,False
Navashakthi Nethralaya,Karnataka,Bengaluru Urban,0,12.9750457,77.6362898,0,0,False,False
Nethradhama Super Speciality Eye Hospital-Indiranagar,Karnataka,Bengaluru Urban,0,12.97344,77.635628,0,0,False,False
Rashmi Nursing Home,Karnataka,Bengaluru Urban,0,12.9808112,77.6389895,0,0,False,False
Sapthagiri Digitial Imaging Center Pvt Ltd,Karnataka,Bengaluru Urban,0,12.9780176,77.6372673,0,0,False,False
Siddhi Eye Care,Karnataka,Bengaluru Urban,0,12.9805678,77.6397077,0,0,False,False
Sri Vinayaka Nursing Home,Karnataka,Bengaluru Urban,0,12.9724611,77.652951,0,0,False,False
Mysore Road Hi Tech Hospital,Karnataka,Bengaluru Urban,0,12.9420288,77.525297,0,0,False,False
Shekhar Hospital,Karnataka,Bengaluru Urban,0,12.9174394,77.5949199,0,0,False,False
A.M. Hospital,Karnataka,Bengaluru Urban,0,12.9601053,77.5311229,0,0,False,False
Bhagavathi Multi Speciality Hospital,Karnataka,Bengaluru Urban,0,12.9159823,77.6294511,0,0,False,False
Gayathari Hospital Pvt Ltd,Karnataka,Bengaluru Urban,0,12.974333,77.542641,0,0,False,False
Hosahalli Referal Hospital,Karnataka,Bengaluru Urban,0,12.9385484,77.5667188,0,0,False,False
Kids Care Clinic,Karnataka,Bengaluru Urban,0,12.973229,77.5414193,0,0,False,False
Manasa Hospital,Karnataka,Bengaluru Urban,0,12.9639945,77.5224481,0,0,False,False
Moodalapallya Meternity Home,Karnataka,Bengaluru Urban,0,13.0576513,77.5967615,0,0,False,False
Padmashree Nursing Home and Maternity Home,Karnataka,Bengaluru Urban,0,12.9416561,77.5830294,0,0,False,False
Sharavathi Hospitals (P) Ltd.,Karnataka,Bengaluru Urban,0,12.9587229,77.533835,0,0,False,False
Sri Vinayaka Hospital,Karnataka,Bengaluru Urban,0,12.9591598,77.5237398,0,0,False,False
Susheel Hospital,Karnataka,Bengaluru Urban,0,12.9756589,77.539975,0,0,False,False
Tanmay Hospital,Karnataka,Bengaluru Urban,0,13.0336074,77.5388209,0,0,False,False
Vaidyam Hospital,Karnataka,Bengaluru Urban,0,12.98471,77.5508027,0,0,False,False
Vidhya Eye Hospital,Karnataka,Bengaluru Urban,0,12.9713363,77.5355137,0,0,False,False
Vijayanagar Global Hospital,Karnataka,Bengaluru Urban,0,12.983828,77.6781997,0,0,False,False
Bacc Healthcare Pvt Ltd.,Karnataka,Bengaluru Urban,0,12.9208296,77.5836785,0,0,False,False
Dr Kamini Rao Hospital(A Unit Of Bacc Health Care Pvt Ltd),Karnataka,Bengaluru Urban,0,12.9250074,77.5938028,0,0,False,False
Jayanagar Orthopaedic Centre,Karnataka,Bengaluru Urban,0,12.9204241,77.587104,0,0,False,False
Pulse Diagnostics and Specialist Care Centre,Karnataka,Bengaluru Urban,0,12.9188999,77.6053065,0,0,False,False
Reddy Orthopaedic and General Nursing Home,Karnataka,Bengaluru Urban,0,12.9250074,77.5938028,0,0,False,False
Sagar Apollo Hospital,Karnataka,Bengaluru Urban,0,12.927865,77.599591,0,0,False,False
Sri Jayadeva Institute Of Cardiology,Karnataka,Bengaluru Urban,0,12.9204609,77.5920295,0,0,False,False
Sri Krishna Sevashrama Hospital,Karnataka,Bengaluru Urban,0,12.9172801,77.5850057,0,0,False,False
Sunayana Eye Clinic,Karnataka,Bengaluru Urban,0,12.9255982,77.593679,0,0,False,False
Tirumalai Eye Clinic And Surgical Centre,Karnataka,Bengaluru Urban,0,12.9206537,77.5837995,0,0,False,False
Lakeside Medical Center And Hospital,Karnataka,Bengaluru Urban,0,12.9864397,77.6197261,0,0,False,False
Nikad Ortho Centre,Karnataka,Bengaluru Urban,0,12.9761636,77.618759,0,0,False,False
Sagar Hospital,Karnataka,Bengaluru Urban,0,12.9254199,77.591849,0,0,False,False
Sai Jyothi Netra Seva,Karnataka,Bengaluru Urban,0,12.9848386,77.6184733,0,0,False,False
Asha Nursing Home,Karnataka,Bengaluru Urban,0,13.0136121,77.650656,0,0,False,False
Dr. Sailaja's Super Speciality Eye Hospital,Karnataka,Bengaluru Urban,0,12.9950154,77.5979189,0,0,False,False
Good Shepherd Hospital,Karnataka,Bengaluru Urban,0,13.0252077,77.6345703,0,0,False,False
Lokhande S Hospital,Karnataka,Bengaluru Urban,0,13.0189917,77.6478568,0,0,False,False
Nmpc Hospital,Karnataka,Bengaluru Urban,0,13.0237678,77.6550583,0,0,False,False
Parimala Health Care Services,Karnataka,Bengaluru Urban,0,12.8960835,77.5997424,0,0,False,False
Pranav Hospital,Karnataka,Bengaluru Urban,0,13.0174438,77.6478042,0,0,False,False
Sakaria Healthcare Pvt. Ltd.,Karnataka,Bengaluru Urban,0,13.0377347,77.6288279,0,0,False,False
Shivam Vishwa Specality Hospital,Karnataka,Bengaluru Urban,0,13.026291,77.6313857,0,0,False,False
Sri Sai Hospital,Karnataka,Bengaluru Urban,0,12.9055988,77.5596236,0,0,False,False
Srinivasa Eye Hospital,Karnataka,Bengaluru Urban,0,13.0150502,77.6511606,0,0,False,False
Al- Habeeb Hospital,Karnataka,Bengaluru Urban,0,13.012684,77.616496,0,0,False,False
J M J Hospital,Karnataka,Bengaluru Urban,0,12.9921542,77.6001477,0,0,False,False
Mediscon Nursing Home,Karnataka,Bengaluru Urban,0,13.0100273,77.6185286,0,0,False,False
Mediscope Hospital,Karnataka,Bengaluru Urban,0,13.0055118,77.612314,0,0,False,False
Get Well Hospital,Karnataka,Bengaluru Urban,0,12.9550291,77.6142102,0,0,False,False
St. Philomenas Hospital - Bangalore,Karnataka,Bengaluru Urban,0,12.9644017,77.6069122,0,0,False,False
Geetha Hospital,Karnataka,Bengaluru Urban,0,13.0260188,77.720429,0,0,False,False
S.N. Hospital,Karnataka,Bengaluru Urban,0,13.036048,77.735852,0,0,False,False
Cosmo Multispeciality Hospital,Karnataka,Bengaluru Urban,0,25.9384228,87.4033964,0,0,False,False
Dr. Natesh E.N.T and Surgical Care Centre,Karnataka,Bengaluru Urban,0,12.9390172,77.5528742,0,0,False,False
Karthik Netralaya Institute Of Opthalmology Pvt Ltd,Karnataka,Bengaluru Urban,0,12.9813958,77.5264159,0,0,False,False
Sannidhi Speciality Center,Karnataka,Bengaluru Urban,0,12.9440808,77.5547283,0,0,False,False
Sunetra Eye Hospital,Karnataka,Bengaluru Urban,0,12.93921,77.5626634,0,0,False,False
Trinetraalaya Eye Care and Surgical Centre,Karnataka,Bengaluru Urban,0,12.9444533,77.5537803,0,0,False,False
Vinayaka Hospital,Karnataka,Bengaluru Urban,0,13.0296311,77.5911303,0,0,False,False
Narayana Hrudayalaya Csi Hospital,Karnataka,Bengaluru Urban,0,19.7865252,74.0678281,0,0,False,False
Amar Hospital,Karnataka,Bengaluru Urban,0,12.9617715,77.5632619,0,0,False,False
Atreya Charitable Trust,Karnataka,Bengaluru Urban,0,13.0018523,77.5745652,0,0,False,False
Babu Clinic and Piles Proctology Hospital,Karnataka,Bengaluru Urban,0,12.9688855,77.5698292,0,0,False,False
Cottonpet Meternity Home,Karnataka,Bengaluru Urban,0,12.9644418,77.5705436,0,0,False,False
Mahesh Clinic,Karnataka,Bengaluru Urban,0,19.2105512,72.8748702,0,0,False,False
Radha Maternity and Surgical Hospital,Karnataka,Bengaluru Urban,0,12.9936758,77.5733436,0,0,False,False
Aradhana Netra Mandira,Karnataka,Bengaluru Urban,0,13.0280231,77.5614553,0,0,False,False
Narayana Hrudayalaya Superspecialty Clinic and Diagnostic Center,Karnataka,Bengaluru Urban,0,12.9137428,77.6374282,0,0,False,False
Subbiah Hospital ( A Unit Of Shirdi Sai Hospital Pvt. Ltd. ),Karnataka,Bengaluru Urban,0,13.030329,77.5604111,0,0,False,False
Sumathi Nursing and Maternity Home,Karnataka,Bengaluru Urban,0,13.0636862,77.5833342,0,0,False,False
Chhaya Nursing Home,Karnataka,Bengaluru Urban,0,13.0073411,77.5687973,0,0,False,False
Lakshmi Maternity Home,Karnataka,Bengaluru Urban,0,13.0018482,77.5697162,0,0,False,False
Manjunatha Maternity Home and Surgical Centre,Karnataka,Bengaluru Urban,0,13.008767,77.5657871,0,0,False,False
Si Chhaya Multi Speciality Hospital,Karnataka,Bengaluru Urban,0,13.0073411,77.5687973,0,0,False,False
Krishna Loka Hospital,Karnataka,Bengaluru Urban,0,12.9590613,77.5238151,0,0,False,False
Nathrushree Nethralaya,Karnataka,Bengaluru Urban,0,13.0412034,77.5579956,0,0,False,False
Sri Rajeshwari Hospital,Karnataka,Bengaluru Urban,0,12.9453066,77.4971113,0,0,False,False
Aasha Hospital,Karnataka,Bengaluru Urban,0,12.98061,77.538619,0,0,False,False
Deepak Nursing Home,Karnataka,Bengaluru Urban,0,13.0542174,77.5096278,0,0,False,False
Dr Ramachandra Hospital,Karnataka,Bengaluru Urban,0,13.0965073,77.5420588,0,0,False,False
Krishna Hospital,Karnataka,Bengaluru Urban,0,13.039944,77.518339,0,0,False,False
Shree Matha Speciality Clinic For Piles and Proctolo,Karnataka,Bengaluru Urban,0,13.0460754,77.5209231,0,0,False,False
Sri Raghavendra Hospital,Karnataka,Bengaluru Urban,0,13.0430279,77.5125327,0,0,False,False
Sri Venkateshwara Eye Hospital,Karnataka,Bengaluru Urban,0,13.0506057,77.5118463,0,0,False,False
Vijaya Nursing Home,Karnataka,Bengaluru Urban,0,13.0506057,77.5118463,0,0,False,False
Amruth Biological and Clinical Services Pvt Ltd.,Karnataka,Bengaluru Urban,0,12.9594745,77.560953,0,0,False,False
Panchamukhi Hospital,Karnataka,Bengaluru Urban,0,13.0314031,77.5291865,0,0,False,False
Ravi Kirlosker Memorial Hospital,Karnataka,Bengaluru Urban,0,13.0087538,77.5263961,0,0,False,False
Sai Baba Hospital,Karnataka,Bengaluru Urban,0,13.0152952,77.5203623,0,0,False,False
Sri Venkateshwara Hospital,Karnataka,Bengaluru Urban,0,13.0576513,77.5967615,0,0,False,False
Chinmayi Hospital,Karnataka,Bengaluru Urban,0,12.9120093,77.5583998,0,0,False,False
Mallige Medical Centre,Karnataka,Bengaluru Urban,0,12.9890609,77.5820957,0,0,False,False
Nagarathna Hospital,Karnataka,Bengaluru Urban,0,12.9057641,77.5428665,0,0,False,False
Saranalaya Hospital,Karnataka,Bengaluru Urban,0,13.1004849,77.5940134,0,0,False,False
Akshaya Nursing Home,Karnataka,Bengaluru Urban,0,13.1026716,77.5668889,0,0,False,False
Chaitanya Medical Centre Maternity and Surgical Care,Karnataka,Bengaluru Urban,0,13.0931058,77.5861201,0,0,False,False
Girish Eye and Children Clinic,Karnataka,Bengaluru Urban,0,13.1002784,77.580947,0,0,False,False
Govt Hospital,Karnataka,Bengaluru Urban,0,13.1004849,77.5940134,0,0,False,False
Kamal Maternity and Surgical Nursing Home,Karnataka,Bengaluru Urban,0,13.0948638,77.5772344,0,0,False,False
Kk Hospital,Karnataka,Bengaluru Urban,0,13.1004849,77.5940134,0,0,False,False
Neha Prakash Hospital,Karnataka,Bengaluru Urban,0,13.1077823,77.5716915,0,0,False,False
New City Hospital,Karnataka,Bengaluru Urban,0,13.0992667,77.5817948,0,0,False,False
Prasad Hospital,Karnataka,Bengaluru Urban,0,13.1042445,77.5713193,0,0,False,False
Railways Hospital,Karnataka,Bengaluru Urban,0,13.1008405,77.5945732,0,0,False,False
Rajankunte Hospital,Karnataka,Bengaluru Urban,0,13.6781837,79.352188,0,0,False,False
Rangalakshmi Netralaya,Karnataka,Bengaluru Urban,0,13.1042445,77.5713193,0,0,False,False
"S B Medical Centre,",Karnataka,Bengaluru Urban,0,13.0997431,77.57463,0,0,False,False
Sankalpa E.N.T Care Centre,Karnataka,Bengaluru Urban,0,13.0964406,77.5792259,0,0,False,False
Saraswathi Poly Clinic,Karnataka,Bengaluru Urban,0,13.1001803,77.5958446,0,0,False,False
Shushrusha Nursing Home,Karnataka,Bengaluru Urban,0,13.047854,77.636016,0,0,False,False
Sri Maruthi Hospital,Karnataka,Bengaluru Urban,0,13.1040221,77.6073011,0,0,False,False
Anyuta Hospital,Karnataka,Bengaluru Urban,0,12.9254533,77.546757,0,0,False,False
Banashankari Referal Hospital,Karnataka,Bengaluru Urban,0,12.907814,77.6413392,0,0,False,False
Bangalore Nethralaya,Karnataka,Bengaluru Urban,0,12.9251789,77.564693,0,0,False,False
Bkf Chande Nephro Urology Centre Nurtrust,Karnataka,Bengaluru Urban,0,12.917938,77.555796,0,0,False,False
D.G. Hospital,Karnataka,Bengaluru Urban,0,12.917936,77.5578222,0,0,False,False
Dr. Vidyananda's Surgery and Dia Centre,Karnataka,Bengaluru Urban,0,12.9241963,77.5731766,0,0,False,False
Excel Care Hospital,Karnataka,Bengaluru Urban,0,12.9309404,77.5837177,0,0,False,False
Hillside Hospital,Karnataka,Bengaluru Urban,0,12.9199035,77.5604755,0,0,False,False
Maharaja Agrasen Hospital,Karnataka,Bengaluru Urban,0,12.9161312,77.5548261,0,0,False,False
Netra Enterprises Prabhu Eye Clinic and Research Center,Karnataka,Bengaluru Urban,0,12.919731,77.575085,0,0,False,False
Prema Nursing Home,Karnataka,Bengaluru Urban,0,12.9161929,77.5774844,0,0,False,False
Saraswathi Hospital,Karnataka,Bengaluru Urban,0,12.9248711,77.5662406,0,0,False,False
Sevakshetra Hospital,Karnataka,Bengaluru Urban,0,12.9217594,77.5706784,0,0,False,False
Sri Vivekananda Sevashrama,Karnataka,Bengaluru Urban,0,12.9291952,77.5684901,0,0,False,False
Sridevi Nursing Home,Karnataka,Bengaluru Urban,0,12.9235397,77.5730617,0,0,False,False
Yogananda Medical and Research Centre,Karnataka,Bengaluru Urban,0,12.920373,77.559733,0,0,False,False
Ayurvaid Hospital,Karnataka,Bengaluru Urban,0,12.9552245,77.6428066,0,0,False,False
Vital Medi Health Care Pvt Ltd,Karnataka,Bengaluru Urban,0,12.9263368,77.5840064,0,0,False,False
Bharghavi Reddy Women and Children Hospital,Karnataka,Bengaluru Urban,0,12.9726365,77.6485734,0,0,False,False
Brinda Hospital,Karnataka,Bengaluru Urban,0,12.978512,77.5108822,0,0,False,False
Deepashri Hospital,Karnataka,Bengaluru Urban,0,12.9745975,77.5129877,0,0,False,False
Dhanush Hospital,Karnataka,Bengaluru Urban,0,12.980664,77.5306031,0,0,False,False
Panacea Hospital Nagarbhavi ( A Unit Of Pan Nagarbhavi Hospital Pvt.Ltd.) - Bangalore,Karnataka,Bengaluru Urban,0,12.9650486,77.5168536,0,0,False,False
Scan Point Diagnostics,Karnataka,Bengaluru Urban,0,23.223396,77.4334193,0,0,False,False
Shridevi Hospital,Karnataka,Bengaluru Urban,0,12.9590918,77.5192061,0,0,False,False
Sri Maruthi Hospital,Karnataka,Bengaluru Urban,0,12.9590918,77.5192061,0,0,False,False
Sumati Hospital,Karnataka,Bengaluru Urban,0,12.9226602,77.6036491,0,0,False,False
Unity Lifline Hospital Pvt Ltd,Karnataka,Bengaluru Urban,0,12.8388552,77.6587124,0,0,False,False
Sri Maruthi Nursing Home,Karnataka,Bengaluru Urban,0,13.051161,77.5073215,0,0,False,False
Kakde Nursing Home,Karnataka,Bengaluru Urban,0,12.9738235,77.6522191,0,0,False,False
Aditi Maternity and Genral Nursing Home,Karnataka,Bengaluru Urban,0,12.8904239,77.5972383,0,0,False,False
Anand Clinic,Karnataka,Bengaluru Urban,0,12.8982878,77.6002863,0,0,False,False
Divakar's Global Hospital,Karnataka,Bengaluru Urban,0,12.8886431,77.5972884,0,0,False,False
Gangothri Hospital,Karnataka,Bengaluru Urban,0,12.9163093,77.6137701,0,0,False,False
North Star Maternity and Nursing Home,Karnataka,Bengaluru Urban,0,12.9146677,77.5998379,0,0,False,False
Sagar Hospital,Karnataka,Bengaluru Urban,0,12.9254533,77.546757,0,0,False,False
Sakhi Hospital (A Unit Of Prasad Healthcare Services),Karnataka,Bengaluru Urban,0,12.9054958,77.6035809,0,0,False,False
Sri Sai Ram Hospital - Bangalore,Karnataka,Bengaluru Urban,0,12.91509,77.6238253,0,0,False,False
Vinayaka Nethralaya,Karnataka,Bengaluru Urban,0,12.9864565,77.5395269,0,0,False,False
Sri Sai Nursing Home and Diagnostic Laboratory,Karnataka,Bengaluru Urban,0,13.0660282,77.6419478,0,0,False,False
Bharath Nursing Home,Karnataka,Bengaluru Urban,0,12.9128912,77.5787769,0,0,False,False
Divakars Global Hospitals,Karnataka,Bengaluru Urban,0,12.9099647,77.5925166,0,0,False,False
Green City Hospital,Karnataka,Bengaluru Urban,0,12.9055516,77.578558,0,0,False,False
Oxford Hospital,Karnataka,Bengaluru Urban,0,12.9073191,77.5730864,0,0,False,False
Rag HospitalandMaternity Centre,Karnataka,Bengaluru Urban,0,12.9126861,77.5913539,0,0,False,False
Rajalakshmi Multispeciality Hospital,Karnataka,Bengaluru Urban,0,12.8978624,77.5845084,0,0,False,False
Rajshekhar Hospital,Karnataka,Bengaluru Urban,0,12.9109937,77.5787234,0,0,False,False
Ravindranath Ge Medical Associates Pvt Ltd,Karnataka,Bengaluru Urban,0,12.9099647,77.5925166,0,0,False,False
Shekar Nethralaya,Karnataka,Bengaluru Urban,0,12.906406,77.5958928,0,0,False,False
Swathi Galaxy Hospital,Karnataka,Bengaluru Urban,0,12.9057693,77.562969,0,0,False,False
T.R.Hospital,Karnataka,Bengaluru Urban,0,12.8769547,77.5827175,0,0,False,False
Ananya Hospital Pvt.Ltd.,Karnataka,Bengaluru Urban,0,12.999754,77.550445,0,0,False,False
Anugraha Hospital,Karnataka,Bengaluru Urban,0,12.9671984,77.523846,0,0,False,False
Aruna Netralaya,Karnataka,Bengaluru Urban,0,12.9916919,77.5384217,0,0,False,False
Chord Road Hospital Pvt. Ltd.,Karnataka,Bengaluru Urban,0,13.0304978,77.5522692,0,0,False,False
Dr Raos Maternity Hospital,Karnataka,Bengaluru Urban,0,12.9941257,77.5508542,0,0,False,False
Jeevani Health And Medicare Pvt Ltd,Karnataka,Bengaluru Urban,0,12.98061,77.538619,0,0,False,False
Matru Nursing Home And Trauma Care Centre,Karnataka,Bengaluru Urban,0,12.9918208,77.5331332,0,0,False,False
Panacea Hospital Pvt Ltd,Karnataka,Bengaluru Urban,0,12.9911107,77.5419514,0,0,False,False
Sneha Ent Hospital,Karnataka,Bengaluru Urban,0,12.9907346,77.5319638,0,0,False,False
Trupti Nursing Home,Karnataka,Bengaluru Urban,0,12.9946105,77.5396558,0,0,False,False
Vathsalya Speciality Hospital,Karnataka,Bengaluru Urban,0,12.9304325,77.5497613,0,0,False,False
Vijaya Hospital,Karnataka,Bengaluru Urban,0,12.9958829,77.5335329,0,0,False,False
Vivus West Multi Speciality Hospital,Karnataka,Bengaluru Urban,0,12.98061,77.538619,0,0,False,False
Banashankari Hospital,Karnataka,Bengaluru Urban,0,12.8453374,77.5881445,0,0,False,False
Vijayashree Hospitals,Karnataka,Bengaluru Urban,0,12.856699,77.5888559,0,0,False,False
Ashwini Hospital,Karnataka,Bengaluru Urban,0,13.1004849,77.5940134,0,0,False,False
R K Hospital,Karnataka,Bengaluru Urban,0,13.0127953,77.6374848,0,0,False,False
Sathya Hospital,Karnataka,Bengaluru Urban,0,13.0173829,77.6335474,0,0,False,False
Abhaya Eye Hospital,Karnataka,Bengaluru Urban,0,12.9272547,77.5469082,0,0,False,False
Abhilash Hospital And Sara Rehabilitation Centre,Karnataka,Bengaluru Urban,0,12.9367161,77.6263761,0,0,False,False
Aditya Netralaya - Bangalore,Karnataka,Bengaluru Urban,0,12.9254533,77.546757,0,0,False,False
Ashwini Hospital,Karnataka,Bengaluru Urban,0,12.9289462,77.5519962,0,0,False,False
Gururaja Nursing Home,Karnataka,Bengaluru Urban,0,12.9400567,77.5529916,0,0,False,False
K.S. Hospital,Karnataka,Bengaluru Urban,0,12.9063,77.5739063,0,0,False,False
Prabha Eye Clinic and Research Center,Karnataka,Bengaluru Urban,0,12.9234955,77.5548886,0,0,False,False
Ring Road Hospital,Karnataka,Bengaluru Urban,0,12.9244526,77.5510029,0,0,False,False
Sg Hospital,Karnataka,Bengaluru Urban,0,12.8908145,77.6142499,0,0,False,False
Shalini Nursing Home,Karnataka,Bengaluru Urban,0,12.9553664,77.5390317,0,0,False,False
The Pulse Multi Speciality Hospital,Karnataka,Bengaluru Urban,0,12.9419237,77.5469674,0,0,False,False
Udhbhava Hospital,Karnataka,Bengaluru Urban,0,12.9236831,77.5539892,0,0,False,False
Vittala International Institute Of Ophthalmology,Karnataka,Bengaluru Urban,0,12.9347488,77.5728361,0,0,False,False
Dr Satturs Hospital,Karnataka,Bengaluru Urban,0,12.941633,77.5923327,0,0,False,False
Fortis Hospitals Limited,Karnataka,Bengaluru Urban,0,13.0118126,77.5518994,0,0,False,False
Namratha Nursing And Maternity Home,Karnataka,Bengaluru Urban,0,12.9407598,77.5515289,0,0,False,False
Padmabhushan Dr Mc Modi Charitable Eye Hospital,Karnataka,Bengaluru Urban,0,12.9978747,77.546252,0,0,False,False
Pragathi Nursing Home,Karnataka,Bengaluru Urban,0,13.0070025,77.5556028,0,0,False,False
Sangolli Nursing Home,Karnataka,Bengaluru Urban,0,13.008245,77.546926,0,0,False,False
Sneha Nursing Home,Karnataka,Bengaluru Urban,0,12.9999003,77.5448589,0,0,False,False
Sri Venkateshwara Hospital,Karnataka,Bengaluru Urban,0,12.9325662,77.6125214,0,0,False,False
Cauvery Medical Center Limited,Karnataka,Bengaluru Urban,0,13.0576551,77.5932891,0,0,False,False
Goldfinch Hospital,Karnataka,Bengaluru Urban,0,13.0575359,77.5897606,0,0,False,False
North Side Hospital And Diagnostic Centre,Karnataka,Bengaluru Urban,0,13.0628571,77.5922138,0,0,False,False
Sankara Nethralaya,Karnataka,Bengaluru Urban,0,13.0282801,77.5861075,0,0,False,False
Shakthikrupa Nursing Home,Karnataka,Bengaluru Urban,0,12.9832113,77.6751206,0,0,False,False
Sree Lakshmi Hospital,Karnataka,Bengaluru Urban,0,12.982531,77.6799123,0,0,False,False
Nethra Eye Hospital,Karnataka,Bengaluru Urban,0,13.0262299,77.5768601,0,0,False,False
Raj Mahal Vilas Hospital,Karnataka,Bengaluru Urban,0,12.994369,77.5298954,0,0,False,False
S. J. Hospital,Karnataka,Bengaluru Urban,0,13.0352063,77.5752036,0,0,False,False
Acura Speciality Hospital,Karnataka,Bengaluru Urban,0,12.9369154,77.6407258,0,0,False,False
Apollo Koramangla Cradle Limited,Karnataka,Bengaluru Urban,0,12.9279232,77.6271078,0,0,False,False
J P Dental Clinic,Karnataka,Bengaluru Urban,0,12.9427798,77.6162023,0,0,False,False
The Apollo Clinic,Karnataka,Bengaluru Urban,0,12.9336702,77.615816,0,0,False,False
Vaatsalaya Hospital,Karnataka,Bengaluru Urban,0,12.9361155,77.61584,0,0,False,False
Dr Varmas Jyothi Prasad Nursing Home Pvt Ltd,Karnataka,Bengaluru Urban,0,13.0103904,77.538296,0,0,False,False
J.P.Nursing Home,Karnataka,Bengaluru Urban,0,13.0159906,77.5338233,0,0,False,False
Nandini Layout Meternity Home,Karnataka,Bengaluru Urban,0,13.0145722,77.5307965,0,0,False,False
Shankara Nethralaya Eye Hospital,Karnataka,Bengaluru Urban,0,13.008932,77.540603,0,0,False,False
Ketham`S Hospital Pvt. Ltd,Karnataka,Bengaluru Urban,0,13.0241842,77.6497088,0,0,False,False
Kruthika Hospital,Karnataka,Bengaluru Urban,0,13.0688367,77.5580402,0,0,False,False
Naggapa Hadli Hospital,Karnataka,Bengaluru Urban,0,13.0735607,77.5569874,0,0,False,False
Rajalakshmi Hospital,Karnataka,Bengaluru Urban,0,13.0965073,77.5420588,0,0,False,False
Soukya Hospital,Karnataka,Bengaluru Urban,0,13.0777239,77.5569265,0,0,False,False
Rc Hospital,Karnataka,Bengaluru Urban,0,12.9294443,77.5173072,0,0,False,False
Sudhanva Health Care,Karnataka,Bengaluru Urban,0,12.9094624,77.5335675,0,0,False,False
Vasan Eye Care Hospital,Karnataka,Bengaluru Urban,0,12.9015198,77.5596242,0,0,False,False
Asian Speciality Hospital(A Unit Of Orch Hospital and Healthcare Services Ltd),Karnataka,Bengaluru Urban,0,12.9108829,77.604587,0,0,False,False
Bmax Hospital India Pvt Ltd,Karnataka,Bengaluru Urban,0,12.9114126,77.6643146,0,0,False,False
Orch Hospital and Healthcare Services,Karnataka,Bengaluru Urban,0,12.9153707,77.5621065,0,0,False,False
Sri Kalabyraveshwara Swamy Ayurvedic Medical Colle,Karnataka,Bengaluru Urban,0,12.967283,77.5447472,0,0,False,False
Aditi Hospital,Karnataka,Bengaluru Urban,0,12.7105259,77.6911295,0,0,False,False
Bhavana Nursing Home,Karnataka,Bengaluru Urban,0,12.708095,77.6976763,0,0,False,False
N.R. Hospital,Karnataka,Bengaluru Urban,0,12.7409127,77.8252923,0,0,False,False
Taluk Hospital Magadi,Karnataka,Bengaluru Urban,0,12.9576756,77.2261452,0,0,False,False
Krishnadevaraya Hospital And Research Centre,Karnataka,Bengaluru Urban,0,13.151907,77.612743,0,0,False,False
St.John's Medical College Hospital,Karnataka,Bengaluru Urban,0,12.9309785,77.6199608,0,0,True,False
CGHS Dispensary No.7,Karnataka,Bengaluru Urban,0,12.9279232,77.6271078,0,0,False,False
CGHS Dispensary No.8,Karnataka,Bengaluru Urban,0,12.9609857,77.6387316,0,0,False,False
"Abhaya Eye Hospital, Super Speciality Eye Care Centre",Karnataka,Bengaluru Urban,0,12.9247325,77.6186378,0,0,False,False
Abhishek Netradhama,Karnataka,Bengaluru Urban,0,13.1042445,77.5713193,0,0,False,False
Acura Speciality Hospital,Karnataka,Bengaluru Urban,0,12.9279232,77.6271078,0,0,False,False
Apollo Bengaluru Cradle Limited,Karnataka,Bengaluru Urban,0,12.9167863,77.5851803,0,0,False,False
Apollo Speciality Hospital,Karnataka,Bengaluru Urban,0,12.9587626,77.5235076,250,0,False,False
Athreya Hospital,Karnataka,Bengaluru Urban,0,12.7943073,77.7064163,0,0,False,False
"Bengaluru Hospital, Susruta Medical Aid And\nResearch Home Limited",Karnataka,Bengaluru Urban,0,12.9715987,77.5945627,0,0,False,False
Bengaluru Kidney Stone Hospital,Karnataka,Bengaluru Urban,0,12.9715987,77.5945627,0,0,False,False
Bengaluru West Lions Hospital,Karnataka,Bengaluru Urban,0,12.9715987,77.5945627,0,0,False,False
Bhagawan Mahaveer Jain Heart Centre,Karnataka,Bengaluru Urban,0,12.9911307,77.5937662,0,0,False,False
Bharath Nursing Home,Karnataka,Bengaluru Urban,0,12.911103,77.57314,0,0,False,False
Bharathy Hospital,Karnataka,Bengaluru Urban,Nagarbhavi,12.9761414,77.5326436,0,0,False,False
Chinmaya Mission Hospital,Karnataka,Bengaluru Urban,0,12.9782591,77.6448425,0,0,False,False
Chinmaya Narayana Super Specialty Centre,Karnataka,Bengaluru Urban,Indiranagar,12.9783012,77.6379484,0,0,False,False
Chord Road Hospital Pvt Ltd,Karnataka,Bengaluru Urban,0,12.9956355,77.5504955,0,0,False,False
"Cloud Nine, Jayanagar",Karnataka,Bengaluru Urban,Jayanagar,12.933863,77.584263,0,0,False,False
D.G.Hospital,Karnataka,Bengaluru Urban,0,12.9714646,77.5815375,0,0,False,False
Devi Eye Hospital,Karnataka,Bengaluru Urban,0,12.9279232,77.6271078,0,0,False,False
Divya Drishti Eye Hospital,Karnataka,Bengaluru Urban,0,12.958047,77.5341765,0,0,False,False
Dr.Zamindar Microsurgical Eye Centre,Karnataka,Bengaluru Urban,0,13.0256425,77.6366197,0,0,False,False
Dr. T.V.Ramesh Piles Hospital,Karnataka,Bengaluru Urban,Ganganagar,13.025502,77.5576219,0,0,False,False
"Fortis Hospital, Nagarbhavi",Karnataka,Bengaluru Urban,Nagarbhavi,12.920683,77.556885,0,0,False,False
Garden City Hospital,Karnataka,Bengaluru Urban,Jayanagar,12.933219,77.5815604,0,0,False,False
Gayathri Hospital,Karnataka,Bengaluru Urban,0,12.974333,77.542641,0,0,False,False
HCG Bengaluru Institute Of Oncology,Karnataka,Bengaluru Urban,Shanthinagar,12.953321,77.531756,0,0,False,False
"HCG, Koramangala",Karnataka,Bengaluru Urban,0,12.9350101,77.6312173,0,0,False,False
Hi Tech Kidney Stone Hospital,Karnataka,Bengaluru Urban,Jayanagar,12.927046,77.579154,0,0,False,False
Hitech Kidney Stone Hospital,Karnataka,Bengaluru Urban,0,12.9917169,77.5664805,0,0,False,False
I-Aim Healthcare Centre,Karnataka,Bengaluru Urban,0,13.1004849,77.5940134,0,0,False,False
Jayashree Multispeciality Hospital,Karnataka,Bengaluru Urban,0,12.9993935,77.540421,23,0,False,False
Jeevani Health And Medicare Private Limited,Karnataka,Bengaluru Urban,0,12.98061,77.538619,0,0,False,False
Karthik Nethralaya,Karnataka,Bengaluru Urban,0,12.9656578,77.5652661,0,0,False,False
Kids Clinic India Pvt.Ltd.- Cloudnine,Karnataka,Bengaluru Urban,0,13.0082512,77.5632061,0,0,False,False
Kusuma Hospital,Karnataka,Bengaluru Urban,0,12.9204899,77.5515107,0,0,False,False
Lalitha Healthcare Pvt.Ltd.(A Fortis Network Hospital),Karnataka,Bengaluru Urban,0,12.9785849,80.2320987,0,0,False,False
M.S. Ramaiah Memorial Hospitals(Only For Corporate),Karnataka,Bengaluru Urban,0,13.0344064,77.5682976,0,0,False,False
M.G. Speciality Health Care (A Unit Of Mgmi Hospitals(India) Pvt Ltd),Karnataka,Bengaluru Urban,0,12.945783,77.59732,0,0,False,False
M.S. Ramaiah Harsha Hospital,Karnataka,Bengaluru Urban,0,13.0410322,77.3914939,0,0,False,False
M.S.R.Narayana Hrudayalaya,Karnataka,Bengaluru Urban,Msrit Post,17.3337789,77.9034879,0,0,False,False
Mahaveer Eye Hospital Private Limited,Karnataka,Bengaluru Urban,0,12.9931308,77.5728546,0,0,False,False
Mallige Medical Centre,Karnataka,Bengaluru Urban,0,12.9851615,77.5803852,0,0,False,False
Medikeris Superspecaility Ent Centre,Karnataka,Bengaluru Urban,0,12.946587,77.5722657,0,0,False,False
Narayana Nethralaya\n,Karnataka,Bengaluru Urban,0,13.011531,77.552046,0,0,False,False
Nature Cure Hospital,Karnataka,Bengaluru Urban,0,12.933267,77.584489,0,0,False,False
Neha Prakash Hospital,Karnataka,Bengaluru Urban,Yelahanka,28.4689118,77.1411003,0,0,False,False
Nethradhama Super Speciality Eye Hospital,Karnataka,Bengaluru Urban,Rajajinagar,12.925255,77.577359,0,0,False,False
Nethradhama Superspeciality Eye Hospital,Karnataka,Bengaluru Urban,Indiranagar,12.97344,77.635628,0,0,False,False
"Nova Medical Center, Sadashiv Nagar",Karnataka,Bengaluru Urban,0,13.0067174,77.5814238,0,0,False,False
Nu Hospitals,Karnataka,Bengaluru Urban,Padmanabha Nagar,12.9091748,77.597458,0,0,False,False
Padmabhushan Dr.M.C.Modi Charitable Eye Hospital,Karnataka,Bengaluru Urban,0,13.0122294,77.6050075,0,0,False,False
"Panacea Hospital, Nagarabhavi",Karnataka,Bengaluru Urban,Nagarbhavi,12.9617571,77.5216056,0,0,False,False
Panacea Hospitals Private Limited,Karnataka,Bengaluru Urban,0,12.9935833,77.5342741,0,0,False,False
Parimala Speciality Hospital,Karnataka,Bengaluru Urban,0,12.8594543,77.5917489,0,0,False,False
People Tree Hospitals,Karnataka,Bengaluru Urban,0,13.1582339,77.32569,0,0,False,False
Prabha Eye Clinic and Research Centre,Karnataka,Bengaluru Urban,Jayanagar,12.919731,77.575085,0,0,False,False
Prashanth Hospital,Karnataka,Bengaluru Urban,0,12.9216826,77.6200305,0,0,False,False
Pristine Hospital,Karnataka,Bengaluru Urban,0,12.9978747,77.546252,0,0,False,False
Punya Hospital,Karnataka,Bengaluru Urban,0,12.9862578,77.5374814,0,0,False,False
Raksha Multispeciality Hospital,Karnataka,Bengaluru Urban,Nandini Layout,12.9861693,77.5348568,0,0,False,False
Ravi Kirloskar Memorial Hospital,Karnataka,Bengaluru Urban,0,12.9594745,77.560953,0,0,False,False
Retina Institute Of Karnatakaa,Karnataka,Bengaluru Urban,0,12.9567051,77.5626974,0,0,False,False
Sagar Hospitals,Karnataka,Bengaluru Urban,0,12.9254533,77.546757,0,0,False,False
Samprathi Eye Hospital And Squint Centre,Karnataka,Bengaluru Urban,Kumara Park (W),13.0073714,77.5601893,0,0,False,False
Sankalp Netralaya and Polyclinic,Karnataka,Bengaluru Urban,0,12.9187631,77.6449186,0,0,False,False
Sankara Eye Hospital,Karnataka,Bengaluru Urban,0,12.9583404,77.7155779,0,0,False,False
Sapthagiri Hospital,Karnataka,Bengaluru Urban,Chikkasandra,13.0730767,77.5030755,0,0,False,False
Sarojini Hospital,Karnataka,Bengaluru Urban,0,13.0506057,77.5118463,0,0,False,False
Sevakshetra Hospital,Karnataka,Bengaluru Urban,0,12.9714646,77.5815375,0,0,False,False
Shanbhag Nursing Home,Karnataka,Bengaluru Urban,Basaveshwaranagar,12.9236955,77.5513525,0,0,False,False
Shree Kalabyraveswara Swamy Ayurveda Medical College And Hospital,Karnataka,Bengaluru Urban,0,12.967283,77.5447472,0,0,False,False
Shri Krishna Sevashrama Hospital,Karnataka,Bengaluru Urban,0,12.9172801,77.5850057,0,0,False,False
Sri Sai North Side Hospital,Karnataka,Bengaluru Urban,Sahakarnagar,12.9723418,77.5147716,0,0,False,False
Sri Venkateshwara Hospitals,Karnataka,Bengaluru Urban,0,12.9325662,77.6125214,0,0,False,False
St. Johns Hospital,Karnataka,Bengaluru Urban,Jayanagar,12.9288874,77.6131577,0,0,False,False
St. Martha'S Heart Center (Managed By Narayana Health),Karnataka,Bengaluru Urban,0,12.9713221,77.5869159,0,0,False,False
St. JohnS Medical College Hospital\n,Karnataka,Bengaluru Urban,0,12.9309785,77.6199608,0,0,False,False
St. Marthas Hospital,Karnataka,Bengaluru Urban,0,12.969805,77.587251,0,0,False,False
St. PhilominaS Hospital,Karnataka,Bengaluru Urban,0,12.9624895,77.611882,0,0,False,False
St. Theresa'S Hospital,Karnataka,Bengaluru Urban,0,13.0061399,77.5537558,0,0,False,False
Suguna Hospital,Karnataka,Bengaluru Urban,0,12.988145,77.560033,0,0,False,False
Sun Orthopaedic Hospital,Karnataka,Bengaluru Urban,0,13.0267169,77.6312652,0,0,False,False
The Bengaluru Hospital,Karnataka,Bengaluru Urban,0,12.937683,77.580401,0,0,False,False
The Eye Foundation,Karnataka,Bengaluru Urban,0,12.9233078,77.672381,0,0,False,False
Trinity Hospital And  Heart Foundation,Karnataka,Bengaluru Urban,Basavanagudi,12.9436431,77.5799234,0,0,False,False
"Vasan Eye Care Hospital, Banaswadi",Karnataka,Bengaluru Urban,Banaswadi,12.9174767,77.5460289,0,0,False,False
"Vasan Eye Care Hospital, Hsr Layout",Karnataka,Bengaluru Urban,0,12.9618305,77.6378198,0,0,False,False
"Vasan Eye Care Hospital, Jayanagar",Karnataka,Bengaluru Urban,Jayanagar,12.9290883,77.5819886,0,0,False,False
"Vasan Eye Care Hospital, Koramangala",Karnataka,Bengaluru Urban,Koramangala,12.9387563,77.6260423,0,0,False,False
"Vasan Eye Care Hospital, Marathalli",Karnataka,Bengaluru Urban,Marathahalli,12.9167541,77.6111065,0,0,False,False
"Vasan Eye Care Hospital, Nagarabhavi",Karnataka,Bengaluru Urban,Nagarbhavi,12.9746047,77.514911,0,0,False,False
"Vasan Eye Care Hospital, R.T.Nagar",Karnataka,Bengaluru Urban,R.T.Nagar,13.0150223,77.6511543,0,0,False,False
"Vasan Eye Care Hospital, Rajarajeswari Nagar",Karnataka,Bengaluru Urban,Rajarajeswarinagar,12.9451479,77.5977548,0,0,False,False
Vijaya Ent Care Centre,Karnataka,Bengaluru Urban,0,13.0000884,77.5670569,0,0,False,False
Vijayashree Hospitals,Karnataka,Bengaluru Urban,0,12.8561618,77.5889291,9686825522,0,False,False
Vinayaka Hospital,Karnataka,Bengaluru Urban,0,13.0296311,77.5911303,0,0,False,False
Vishwabharathi Hospital Private Limited,Karnataka,Bengaluru Urban,0,12.9247108,77.5438845,0,0,False,False
Vydehi Institute Of Medical Sciencs And  Research Center,Karnataka,Bengaluru Urban,0,12.9722607,77.7175003,0,0,False,False
Yashomati Hospitals Pvt.Ltd.,Karnataka,Bengaluru Urban,Marathahalli,12.9556983,77.7112837,0,0,False,False
Yellamma Dasappa Hospital,Karnataka,Bengaluru Urban,0,12.9607569,77.594633,0,0,False,False
Zion Hospital And Research Centre Pvt.Ltd.,Karnataka,Bengaluru Urban,0,13.014682,77.6702166,0,0,False,False
Ananya Hospital,Karnataka,Bengaluru Urban,0,12.999754,77.550445,0,0,True,False
Columbia Asia Referral Hospital,Karnataka,Bengaluru Urban,0,13.0123801,77.5570553,0,0,True,False
"Kidwai Cancer Institute, Bangalore",Karnataka,Bengaluru Urban,0,12.9372107,77.6018794,0,0,True,False
BGS Global Hospitals,Karnataka,Bengaluru Urban,0,12.9026124,77.519571,0,0,True,False
Vagus Super Speciality Hospital,Karnataka,Bengaluru Urban,0,13.008767,77.5657871,0,0,True,True
Mallya Hospital,Karnataka,Bengaluru Urban,0,12.9679749,77.595018,0,0,True,False
"Nova Specialty Surgery Center, Koramangala",Karnataka,Bengaluru Urban,0,12.9337039,77.6214323,0,0,True,False
Sri Jayadeva Institute of Cardiovascular Sciences and Research,Karnataka,Bengaluru Urban,0,12.9168029,77.6001668,0,0,True,True
Bangalore Baptist Hospital,Karnataka,Bengaluru Urban,0,12.9715987,77.5945627,0,0,True,False
Bangalore Institute of Oncology,Karnataka,Bengaluru Urban,0,12.9647552,77.5908972,0,0,True,False
Bowring and Lady Curzon Hospital,Karnataka,Bengaluru Urban,0,12.9832684,77.60342,0,0,True,False
Shekar Nethralaya,Karnataka,Bengaluru Urban,0,12.906406,77.5958928,0,0,True,False
Nethradhama Superspeciality Eye Hospital,Karnataka,Bengaluru Urban,0,12.925255,77.577359,0,0,True,False
Hosmat Hospital,Karnataka,Bengaluru Urban,0,12.9687069,77.6145906,0,0,True,False
Marvel hospitals and Fertility centre,Karnataka,Bengaluru Urban,0,12.9266059,77.6377755,0,0,True,False
"Atreya Ayurvedic Medical College, Hospital and Research Centre",Karnataka,Bengaluru Rural,0,13.2846993,77.6077865,0,0,False,False
Talwade Hospital Bhalki,Karnataka,Bidar,0,18.0503666,77.2183652,0,0,False,False
Bidar Institute Of Medical Sceince-Teaching Hospital,Karnataka,Bidar,0,17.9205166,77.5101835,0,0,False,False
Government District Hospital,Karnataka,Bidar,0,17.9148799,77.5046101,0,0,False,False
Kamtikar Hospital,Karnataka,Bidar,0,17.9155612,77.514822,0,0,False,False
Pande Nursing Home,Karnataka,Bidar,0,17.915585,77.5102644,0,0,False,False
Sachin Nursing Home,Karnataka,Bidar,0,17.9153068,77.5129632,0,0,False,False
Sri Siddaruda Surgical and Maternity Nursing Home,Karnataka,Bidar,0,17.9148799,77.5046101,0,0,False,False
Vivek Nursing Home,Karnataka,Bidar,0,25.3937109,68.2549869,0,0,False,False
Sri Sidharoad Charitable Hospital,Karnataka,Bidar,0,17.9148799,77.5046101,0,0,False,False
Anugraha Eye Hospital,Karnataka,Vijayapura,0,13.2955371,77.8009872,0,0,False,False
Bina Eye Hospital,Karnataka,Vijayapura,0,13.2955371,77.8009872,0,0,False,False
Chiranjeevi Maternity Home,Karnataka,Vijayapura,0,13.2955371,77.8009872,0,0,False,False
Kembhavi Eye and Dental Hospital,Karnataka,Vijayapura,0,16.831771,75.7112068,0,0,False,False
Shri Sai Hospital,Karnataka,Vijayapura,0,13.2955371,77.8009872,0,0,False,False
Vaatsalya Hospital - Bijapur,Karnataka,Vijayapura,0,16.8451764,75.7094116,0,0,False,False
Vasi Hospital,Karnataka,Vijayapura,0,13.2955371,77.8009872,0,0,False,False
Alamin Mc and Hospital,Karnataka,Vijayapura,0,16.8283219,75.6859428,0,0,False,False
Blde Associations Shri B.M. Patil Medical College,Karnataka,Vijayapura,0,16.8301708,75.710031,0,0,False,False
Chetana Orthopaedic And Maternity Centre,Karnataka,Vijayapura,0,13.2955371,77.8009872,0,0,False,False
Dhanvantri Surgical Nursing Home,Karnataka,Vijayapura,0,16.8301708,75.710031,0,0,False,False
M/S.Mudanur Multispeciality Hospital,Karnataka,Vijayapura,0,16.8403052,75.7160637,0,0,False,False
Dhanvantari Nursing Home,Karnataka,Vijayapura,0,11.9498781,79.8002558,0,0,False,False
Dr. Munir Bangi Hospital,Karnataka,Vijayapura,0,18.931092,72.826454,0,0,False,False
Dr.M.Managuli Hospital,Karnataka,Vijayapura,0,13.2955371,77.8009872,0,0,False,False
Dr.Wali Orthopeadic Hospital,Karnataka,Vijayapura,0,13.2955371,77.8009872,0,0,False,False
Girija Hospital,Karnataka,Vijayapura,0,13.2955371,77.8009872,0,0,False,False
Assissi Hospital,Karnataka,Chamarajanagar,0,10.9614397,78.0757876,0,0,False,False
V.A.M.Hospital,Karnataka,Chamarajanagar,0,11.4113932,76.7095323,0,0,False,False
District Hopital Chamarajnagar,Karnataka,Chamarajanagar,0,11.9276633,76.9532337,0,0,False,False
St Joseph Hospital,Karnataka,Chamarajanagar,0,12.2964787,76.6177137,0,0,False,False
Vijayalakshmi Medical Nursing Home,Karnataka,Chamarajanagar,0,12.1559428,77.1071655,0,0,False,False
Ashwini Hospital,Karnataka,Chamarajanagar,0,12.0491263,77.030539,0,0,False,False
Ashraya Hospital,Karnataka,Chikkamagaluru,0,13.0343948,80.1713919,0,0,False,False
Holy Cross Hospital,Karnataka,Chikkamagaluru,0,17.5040161,78.3108789,0,0,False,False
K P Manjunatha Prabhu Memorial Hospital,Karnataka,Chikkamagaluru,0,13.2343586,75.3557927,0,0,False,False
Adarsh Hospital,Karnataka,Chikkamagaluru,0,13.5288647,75.3630796,0,0,False,False
Prashamani Hospital,Karnataka,Chikkamagaluru,0,13.5288647,75.3630796,0,0,False,False
Shama Childrens Hospital,Karnataka,Chikkamagaluru,0,13.5288647,75.3630796,0,0,False,False
General Hospital,Karnataka,Chikkamagaluru,0,13.6079744,75.508744,0,0,False,False
Primary Health Centre,Karnataka,Chikkamagaluru,0,13.4197675,75.2566564,0,0,False,False
Sharada Dhanvantari Charitable Hospital,Karnataka,Chikkamagaluru,0,13.4197675,75.2566564,0,0,False,False
Ashirwad Nursing Homes - Tarikere,Karnataka,Chikkamagaluru,0,13.7086667,75.815859,0,0,False,False
Vasuda Hospital,Karnataka,Chikkamagaluru,0,13.7086667,75.815859,0,0,False,False
Arekal Nursing Home,Karnataka,Chikkamagaluru,0,13.5968033,75.9724491,0,0,False,False
Balaji Nursing Home,Karnataka,Chikkamagaluru,0,13.5511609,76.0230343,0,0,False,False
Sri Satya Sai Hospital,Karnataka,Chikkamagaluru,0,13.5533476,76.0111179,0,0,False,False
Vishvamanava Hospital,Karnataka,Chikkamagaluru,0,13.5968033,75.9724491,0,0,False,False
Mansa Hospital - Gowribidanur,Karnataka,Chikkaballapur,0,13.9985538,77.6308055,0,0,False,False
Prasad Hospital,Karnataka,Chikkaballapur,0,13.680328,77.6690529,0,0,False,False
Csi Hospital,Karnataka,Chikkaballapur,0,13.4378453,77.7282602,0,0,False,False
Indira Hospital,Karnataka,Chikkaballapur,0,10.8238097,78.687498,0,0,False,False
Rk Nursing Home,Karnataka,Chikkaballapur,0,13.3995651,78.0507499,0,0,False,False
Basappa Multi Speciality Hospital,Karnataka,Chitradurga,0,14.23005,76.4092496,0,0,False,False
Basaveshwara Hospital and Research Center Pvt Ltd,Karnataka,Chitradurga,0,16.1916584,81.1250985,0,0,False,False
Krishna Nursing Home,Karnataka,Chitradurga,0,14.5974542,76.7122106,0,0,False,False
Pampa Shree Surgigal Centre,Karnataka,Chitradurga,0,14.2305594,76.3984537,0,0,False,False
Ravi Nursing Home,Karnataka,Chitradurga,0,14.2305594,76.3984537,0,0,False,False
Lakshmi Sreenivasa Nursing Home,Karnataka,Chitradurga,0,14.313395,76.6528225,0,0,False,False
Sr. Thirumala Hospital,Karnataka,Chitradurga,0,14.313395,76.6528225,0,0,False,False
Sajjan Hospital,Karnataka,Chitradurga,0,14.0504576,76.181272,0,0,False,False
Concetta Hospital,Karnataka,Dakshina Kannada,0,13.0631528,74.8469195,0,0,False,False
Panchami Hithaayurdhama,Karnataka,Dakshina Kannada,0,12.8596418,75.4038798,0,0,False,False
Adarsha Hospital,Karnataka,Dakshina Kannada,0,12.7655103,75.2077356,0,0,False,False
"Chetana Hospital, Puttur",Karnataka,Dakshina Kannada,0,12.7589534,75.2036909,0,0,False,False
Community Medical Centre,Karnataka,Dakshina Kannada,0,12.763441,75.0978428,0,0,False,False
Mahaveer Medical Center,Karnataka,Dakshina Kannada,0,12.7686756,75.2070644,0,0,False,False
Puttur City Hospital,Karnataka,Dakshina Kannada,0,12.7655103,75.2077356,0,0,False,False
Sathya Sai Annapurna Nursing Home,Karnataka,Dakshina Kannada,0,12.7686756,75.2070644,0,0,False,False
Sushrutha Ayurveda Hospital,Karnataka,Dakshina Kannada,0,12.7693269,75.1939345,0,0,False,False
Bonanthya Hospital,Karnataka,Dakshina Kannada,0,12.7613446,75.1985246,0,0,False,False
Dhanvanthari Hospital,Karnataka,Dakshina Kannada,0,12.7542568,75.2127038,0,0,False,False
Father Patrao Hospital,Karnataka,Dakshina Kannada,0,12.7686756,75.2070644,0,0,False,False
Girija Clinic Maternity and General Nursing Home,Karnataka,Dakshina Kannada,0,12.7542568,75.2127038,0,0,False,False
Srinivas Nursing Home,Karnataka,Dakshina Kannada,0,12.7537022,75.2143584,0,0,False,False
Ba Hospital,Karnataka,Dakshina Kannada,0,12.886995,75.0260667,0,0,False,False
"Somayaji Hospital,",Karnataka,Dakshina Kannada,0,12.886995,75.0260667,0,0,False,False
Sri Navadurga Clinic,Karnataka,Dakshina Kannada,0,12.8997037,75.0414308,0,0,False,False
Community Health Centre,Karnataka,Dakshina Kannada,0,12.9886641,75.2725454,0,0,False,False
Jyothi Hospital,Karnataka,Dakshina Kannada,0,12.9922045,75.2881258,0,0,False,False
Raghavendra Clinic and Nursing Home,Karnataka,Dakshina Kannada,0,12.9886641,75.2725454,0,0,False,False
Sri Damodar Hospital,Karnataka,Dakshina Kannada,0,13.0142847,75.3060544,0,0,False,False
Community Health Centre,Karnataka,Dakshina Kannada,0,12.9891427,75.2787425,0,0,False,False
Anupam Nursing,Karnataka,Dakshina Kannada,0,12.886995,75.0260667,0,0,False,False
Prathvi Nursing Home,Karnataka,Dakshina Kannada,0,12.8787679,75.0289877,0,0,False,False
Pushparaj Hospital,Karnataka,Dakshina Kannada,0,12.8817139,75.0302321,0,0,False,False
Dr.Geetha V.Shenoy Clinic,Karnataka,Dakshina Kannada,0,12.8947685,74.8243939,0,0,False,False
Sri Krishna Hospital,Karnataka,Dakshina Kannada,0,13.0392917,75.4067937,0,0,False,False
Bhats Clinic and Day Care Centre,Karnataka,Dakshina Kannada,0,12.9141417,74.8559568,0,0,False,False
Jyothi Hospital,Karnataka,Dakshina Kannada,0,13.7414154,76.8992584,0,0,False,False
"Kvg Hospial,Sullia",Karnataka,Dakshina Kannada,0,12.5580735,75.3907667,0,0,False,False
Community Health Centre,Karnataka,Dakshina Kannada,0,12.7686756,75.2070644,0,0,False,False
Benaka Clinic,Karnataka,Dakshina Kannada,0,12.7653033,75.0990746,0,0,False,False
K.V.G. Medical College Hospital,Karnataka,Dakshina Kannada,0,12.552162,75.3849382,0,0,False,False
Earth Ayurveda Hospital,Karnataka,Dakshina Kannada,0,12.8566206,74.8397201,0,0,False,False
Government Wenlock District Hospital,Karnataka,Dakshina Kannada,0,12.9141417,74.8559568,0,0,False,False
Government Ladygoschen Hospital,Karnataka,Dakshina Kannada,0,12.8630031,74.8396368,0,0,False,False
Jayashree Nursing Home,Karnataka,Dakshina Kannada,0,12.9141417,74.8559568,0,0,False,False
Mangalore Health Care Centre,Karnataka,Dakshina Kannada,0,12.8676785,74.8374788,0,0,False,False
Pragathi Speciality Hospital,Karnataka,Dakshina Kannada,0,12.7676565,75.1960773,0,0,False,False
Sahara Hospital,Karnataka,Dakshina Kannada,0,12.9141417,74.8559568,0,0,False,False
Tara Clinic,Karnataka,Dakshina Kannada,0,12.8682551,74.8403161,0,0,False,False
Ullal Gen Hospital andKariram Memeoral Hospital,Karnataka,Dakshina Kannada,0,12.9141417,74.8559568,0,0,False,False
Wenlock District Hospital,Karnataka,Dakshina Kannada,0,12.9141417,74.8559568,0,0,False,False
Colaco Hospital,Karnataka,Dakshina Kannada,0,12.8728021,74.8550992,0,0,False,False
Father Muller Hospital,Karnataka,Dakshina Kannada,0,12.8669148,74.85821,0,0,False,False
Highland Hospital,Karnataka,Dakshina Kannada,0,12.8667515,74.8559817,0,0,False,False
Karnakaka Ayurveda Medical College Hospital,Karnataka,Dakshina Kannada,0,12.8734259,74.854562,0,0,False,False
Mangalore Nursing Home,Karnataka,Dakshina Kannada,0,12.8728021,74.8550992,0,0,False,False
Minsa Hospital,Karnataka,Dakshina Kannada,0,12.9141417,74.8559568,0,0,False,False
Omega Hospital,Karnataka,Dakshina Kannada,0,12.8697174,74.8599277,0,0,False,False
Padmavathi Hospital,Karnataka,Dakshina Kannada,0,12.9807123,74.8031446,0,0,False,False
Pragathi Speciality Hospital,Karnataka,Dakshina Kannada,0,12.7686756,75.2070644,0,0,False,False
Sanjeevani Ayurveda Chikithsalaya,Karnataka,Dakshina Kannada,0,12.885647,74.8594853,0,0,False,False
Sanjeevini Day Care,Karnataka,Dakshina Kannada,0,12.9141417,74.8559568,0,0,False,False
Scs Hospital,Karnataka,Dakshina Kannada,0,12.9141417,74.8559568,0,0,False,False
Tejaswini Hospital,Karnataka,Dakshina Kannada,0,12.879008,74.8646665,0,0,False,False
Unity Health Complex,Karnataka,Dakshina Kannada,0,12.8685236,74.8574227,0,0,False,False
Urology Research Centre and Stone Clinic,Karnataka,Dakshina Kannada,0,12.8675719,74.852187,0,0,False,False
Vasan Eye Care Hospital,Karnataka,Dakshina Kannada,0,12.9141417,74.8559568,0,0,False,False
Bhats Nurshing Home,Karnataka,Dakshina Kannada,0,13.078944,80.2119443,0,0,False,False
Hari Ram Memorial Medical Centre,Karnataka,Dakshina Kannada,0,12.9141417,74.8559568,0,0,False,False
Mangala Hospital and Mangala Kidney Foundation,Karnataka,Dakshina Kannada,0,12.8785516,74.8514668,0,0,False,False
Manjunatheshwara Eye Hospital,Karnataka,Dakshina Kannada,0,12.9141417,74.8559568,0,0,False,False
Nayana Nethralaya Eye Hospital,Karnataka,Dakshina Kannada,0,12.8770257,74.8442813,0,0,False,False
Prathiba Eye Hospital,Karnataka,Dakshina Kannada,0,12.8785516,74.8514668,0,0,False,False
Sir Dharamasthala Manjunatheshwara Eye Hospital,Karnataka,Dakshina Kannada,0,12.8828343,74.8395391,0,0,False,False
Spandana Hospital And Institute Of Neuro Sciences,Karnataka,Dakshina Kannada,0,12.9141417,74.8559568,0,0,False,False
Sri Sathya Sai Nursing Home,Karnataka,Dakshina Kannada,0,12.8742818,74.8386506,0,0,False,False
Vijaya Clinic General Hospital,Karnataka,Dakshina Kannada,0,12.8746476,74.8486416,0,0,False,False
Vishal Children and Maternity Hospital,Karnataka,Dakshina Kannada,0,12.9141417,74.8559568,0,0,False,False
Yenepoya Hospital,Karnataka,Dakshina Kannada,0,12.9141417,74.8559568,0,0,False,False
Vijaya Clinicandmaternity Surgical Nursing Home,Karnataka,Dakshina Kannada,0,12.8811523,74.8524774,0,0,False,False
Saroj Multispeciality Hospital,Karnataka,Dakshina Kannada,0,12.8770257,74.8442813,0,0,False,False
Saroj Panchakarma Chikitsalaya,Karnataka,Dakshina Kannada,0,12.9141417,74.8559568,0,0,False,False
Dr Murthys Eye Care Centre,Karnataka,Dakshina Kannada,0,12.9889186,74.8054361,0,0,False,False
Misquith and Rao`S Hospital,Karnataka,Dakshina Kannada,0,12.9814337,74.8233274,0,0,False,False
Venus Hospital,Karnataka,Dakshina Kannada,0,12.9807123,74.8031446,0,0,False,False
K S Hegde Hospital,Karnataka,Dakshina Kannada,0,12.9141417,74.8559568,0,0,False,False
Prakash Nursing Surgical and Maternity Hospital,Karnataka,Davangere,0,14.4663438,75.9238397,0,0,False,False
Ravi Nursing Home,Karnataka,Davangere,0,14.4663438,75.9238397,0,0,False,False
Sri Gurunath Hospital,Karnataka,Davangere,0,14.4663438,75.9238397,0,0,False,False
Apoorva Hospital,Karnataka,Davangere,0,12.9104347,77.5981624,0,0,False,False
Ashwini Nursing Home,Karnataka,Davangere,0,31.4388107,74.2919165,0,0,False,False
Drishti Speciality Eye Clinic,Karnataka,Davangere,0,12.5197894,76.8916829,0,0,False,False
Kadli Ningamma Memorial,Karnataka,Davangere,0,14.4663438,75.9238397,0,0,False,False
Latha Nursing Home,Karnataka,Davangere,0,13.0001221,77.5688241,0,0,False,False
Nandi Hospital,Karnataka,Davangere,0,14.4663438,75.9238397,0,0,False,False
Sri Ramakrishna Nursing Home,Karnataka,Davangere,0,14.4627258,75.9143298,0,0,False,False
Suchetana Hospital,Karnataka,Davangere,0,13.0232487,77.5585217,0,0,False,False
Susruta Eye Clinic And Laser Centre,Karnataka,Davangere,0,14.4626068,75.917186,0,0,False,False
Anugraha Hospital,Karnataka,Davangere,0,14.4643043,75.9239923,0,0,False,False
Ashraya Hospital,Karnataka,Davangere,0,14.4626132,75.9172125,0,0,False,False
Davanagere Heart Hospital,Karnataka,Davangere,0,14.4527455,75.9110652,0,0,False,False
Madhavi Hospital,Karnataka,Davangere,0,14.4606,75.8994314,0,0,False,False
Purantar Hospital,Karnataka,Davangere,0,14.4599414,75.9102903,0,0,False,False
Sukshema Hospital,Karnataka,Davangere,0,14.4569701,75.9110782,0,0,False,False
Suraj Hospital Pvt. Ltd.,Karnataka,Davangere,0,13.0151965,80.2089209,0,0,False,False
Vinayaka Hospital,Karnataka,Davangere,0,14.4663438,75.9238397,0,0,False,False
District Level Hospital,Karnataka,Davangere,0,14.4663438,75.9238397,0,0,False,False
Mudavally Halamma Venkappa Hegde Memorial Hospital,Karnataka,Davangere,0,14.4663438,75.9238397,0,0,False,False
Dr B.H. Kamalapur Nursing Home,Karnataka,Dharwad,0,15.4589236,75.007808,0,0,False,False
Dr Ramanagoudar Hospital,Karnataka,Dharwad,0,15.4589236,75.007808,0,0,False,False
Indumati Diabetic And Heart Care Centre,Karnataka,Dharwad,0,18.493572,73.85172,0,0,False,False
Mayur Nursing Home,Karnataka,Dharwad,0,15.4589236,75.007808,0,0,False,False
Prashant Nursing Home,Karnataka,Dharwad,0,15.4589236,75.007808,0,0,False,False
District Government Hospital Dharwad,Karnataka,Dharwad,0,15.4589236,75.007808,0,0,False,False
Dr Sr Ramanagoudar Nursing Home,Karnataka,Dharwad,0,15.3647083,75.1239547,0,0,False,False
Medical Hospital and Reserch Institute Pvt Ltd,Karnataka,Dharwad,0,15.4589236,75.007808,0,0,False,False
Our Lady Of Lourdes Charitable Hospital,Karnataka,Dharwad,0,15.4570602,74.9877184,0,0,False,False
Shreya Hospital Dharwad,Karnataka,Dharwad,0,15.386008,75.1067431,0,0,False,False
Cranio Facial Surgeryand Research Centre,Karnataka,Dharwad,0,15.4153155,75.0435916,0,0,False,False
Sdm College Of Medical Science And Hospital,Karnataka,Dharwad,0,15.4153155,75.0435916,0,0,False,False
Sdm Narayana Hrudayalaya Heart Center,Karnataka,Dharwad,0,15.4153155,75.0435916,0,0,False,False
Sri Dharma Shala Manjunathewhwara College Of Medic,Karnataka,Dharwad,0,15.4589236,75.007808,0,0,False,False
Anjuman Hospital and Research Centre,Karnataka,Dharwad,0,15.3486065,75.1455572,0,0,False,False
Bilagi Hospital And Research Center,Karnataka,Dharwad,0,15.3471361,75.1311874,0,0,False,False
Chaitanya Multispeciality Hospital,Karnataka,Dharwad,0,15.3544383,75.1352105,0,0,False,False
Chandan Nagar Ocular Clinic,Karnataka,Dharwad,0,22.8611273,88.368633,0,0,False,False
Chandannagore (S D ) Hospital,Karnataka,Dharwad,0,15.4589236,75.007808,0,0,False,False
Chitguppi Hospital,Karnataka,Dharwad,0,15.3647083,75.1239547,0,0,False,False
City Clinic,Karnataka,Dharwad,0,15.4589236,75.007808,0,0,False,False
Dr Sd Sajjanar Hospital,Karnataka,Dharwad,0,15.3524177,75.1455241,0,0,False,False
Dr. Bijapur Hospital,Karnataka,Dharwad,0,15.3362709,75.1258202,0,0,False,False
Hubli Co-Operative Hospital Society Hubli,Karnataka,Dharwad,0,15.3477431,75.1437833,0,0,False,False
Rishra Seva Sadan,Karnataka,Dharwad,0,22.7156108,88.3336032,0,0,False,False
Sneh Childrens Hospital and Research Center,Karnataka,Dharwad,0,15.3647083,75.1239547,0,0,False,False
Ayurvaid Hospital,Karnataka,Dharwad,0,17.4066338,78.5115901,0,0,False,False
Dr Kh Jithuri Hospital,Karnataka,Dharwad,0,15.4589236,75.007808,0,0,False,False
Dr R B Patil Nursing Home,Karnataka,Dharwad,0,15.3626823,75.12574,0,0,False,False
Dr.Ghanti Hospital,Karnataka,Dharwad,0,15.3541984,75.1281027,0,0,False,False
Dr.J.K.Jituri Hospital,Karnataka,Dharwad,0,15.4589236,75.007808,0,0,False,False
Dr.K.H.Jituri Hospital,Karnataka,Dharwad,0,15.3647083,75.1239547,0,0,False,False
Dr.Mudaraddis Eye Maternity and Surgical Hospital,Karnataka,Dharwad,0,15.3639291,75.1145061,0,0,False,False
M.M. Joshi Eye Institute,Karnataka,Dharwad,0,15.3512497,75.12516,0,0,False,False
Maathoshree Hospital,Karnataka,Dharwad,0,15.3640336,75.1227949,0,0,False,False
Maternity Hospital,Karnataka,Dharwad,0,15.3501187,75.1240228,0,0,False,False
Mirajkar Nursing Hoeme,Karnataka,Dharwad,0,12.7212395,77.8079576,0,0,False,False
Nalwad Multispeciality Hospital and Research Centre,Karnataka,Dharwad,0,15.3541984,75.1281027,0,0,False,False
Shri Balaji Institute Of Neuro Science and Trauma,Karnataka,Dharwad,0,15.3617713,75.1224916,0,0,False,False
"Sushruta Multispeciality Hospital and Research Center Pvt. Ltd.,",Karnataka,Dharwad,0,15.3639291,75.1145061,0,0,False,False
Vithoba Netralaya and Vithoba Memorial Hospital,Karnataka,Dharwad,0,15.3482651,75.1268087,0,0,False,False
Diwakar Orthopaedic Hospital and Trauma Centre,Karnataka,Dharwad,0,15.3537083,75.1423243,0,0,False,False
"Kamat General Hospital Hubli,Dr Jaylakshme Kamat,",Karnataka,Dharwad,0,15.3597857,75.1467993,0,0,False,False
Dr Joshi Nursing Home,Karnataka,Dharwad,0,15.3340079,75.1268087,0,0,False,False
Naregal Nursing Home,Karnataka,Dharwad,0,15.3383838,75.1282683,0,0,False,False
Vision Hospital,Karnataka,Dharwad,0,15.3482083,75.1333493,0,0,False,False
Dr Kalsoor Hospital,Karnataka,Dharwad,0,15.3935685,75.0800957,0,0,False,False
The Karnatak Cancer Therapy And Research Institute,Karnataka,Dharwad,0,15.3935685,75.0800957,0,0,False,False
Chaitanya Mulispeciality Hospital,Karnataka,Dharwad,0,15.3647083,75.1239547,0,0,False,False
Hcg Nmr Cancer Centre,Karnataka,Dharwad,0,15.3647083,75.1239547,0,0,False,False
Hebsur Hospital,Karnataka,Dharwad,0,15.3559818,75.1388401,0,0,False,False
Hubli Children Hospital and Research Centre (P) Ltd,Karnataka,Dharwad,0,15.3647083,75.1239547,0,0,False,False
Hubli Heart Care Hospital,Karnataka,Dharwad,0,9.9556669,78.1289565,0,0,False,False
Jaykripa Hospital,Karnataka,Dharwad,0,15.3620728,75.1359308,0,0,False,False
K L E S Hospital,Karnataka,Dharwad,0,15.351753,75.1379294,0,0,False,False
Kims,Karnataka,Dharwad,0,15.3637212,75.1343212,0,0,False,False
Shiv Krupa Hospital And Icu,Karnataka,Dharwad,0,15.3647083,75.1239547,0,0,False,False
Siddharth Hospital,Karnataka,Dharwad,0,22.9884468,72.4949156,0,0,False,False
United Nursing Home,Karnataka,Dharwad,0,22.8603296,88.3688527,0,0,False,False
Vasan Eye Care Hospital,Karnataka,Dharwad,0,15.3564531,75.1198836,0,0,False,False
Vivekanand General Hospital,Karnataka,Dharwad,0,15.3547598,75.1384848,0,0,False,False
Hi Tech Intensive Care Unit And Hospital,Karnataka,Dharwad,0,15.3507544,75.1086459,0,0,False,False
Kshema Orthopaedic Hospitals Pvt. Ltd.,Karnataka,Dharwad,0,19.0399378,73.0194861,0,0,False,False
Vaatsalaya Hospital,Karnataka,Dharwad,0,15.3647083,75.1239547,0,0,False,False
Annapurna Eye Clinic,Karnataka,Gadag,0,15.4324651,75.6380337,0,0,False,False
Hosmath Hospital,Karnataka,Gadag,0,15.4316894,75.6388297,0,0,False,False
Kh Patil Hospital Research Centre,Karnataka,Gadag,0,15.4324651,75.6380337,0,0,False,False
Maruthi Netralaya,Karnataka,Gadag,0,15.3639399,75.12255,0,0,False,False
Prasad Nursing Home,Karnataka,Gadag,0,15.4324651,75.6380337,0,0,False,False
Renuka Hospital,Karnataka,Gadag,0,15.4316894,75.6388297,0,0,False,False
Shirol Hospital,Karnataka,Gadag,0,15.4324651,75.6380337,0,0,False,False
V S Hosmath,Karnataka,Gadag,0,15.4314641,75.6403113,0,0,False,False
Basel Mission ( C.S.I ) Hospital,Karnataka,Gadag,0,15.4324651,75.6380337,0,0,False,False
R.T. Kulkarni Nursing Home,Karnataka,Gadag,0,15.4324651,75.6380337,0,0,False,False
Kasturba Hospital,Karnataka,Gadag,0,15.4324651,75.6380337,0,0,False,False
Shobha Hospital,Karnataka,Gadag,0,15.4324651,75.6380337,0,0,False,False
Sonia Nursing Home,Karnataka,Gadag,0,15.4102603,75.6161761,0,0,False,False
Dr. Mallappa Meternity Nursing Home,Karnataka,Gadag,0,15.6995608,75.7329592,0,0,False,False
Rajiv Ghandhi Education Societys Hospital,Karnataka,Gadag,0,15.6995608,75.7329592,0,0,False,False
Anand Nursing Home,Karnataka,Gadag,0,15.4324651,75.6380337,0,0,False,False
Annapurna Multispeciality Hospital,Karnataka,Gadag,0,15.4290801,76.5352105,0,0,False,False
Dr G Chandrappa Multi Speciality Hospital,Karnataka,Gadag,0,15.4290801,76.5352105,0,0,False,False
Government General Hospital Gangavathi,Karnataka,Gadag,0,15.431874,76.5314817,0,0,False,False
Maruthi Eye and Dental Hospital,Karnataka,Gadag,0,15.4333746,76.5283973,0,0,False,False
Patil Nursing Home,Karnataka,Gadag,0,16.2120031,77.3439283,0,0,False,False
Shusrusha Nursing Home,Karnataka,Gadag,0,13.3082141,76.9428465,0,0,False,False
Sri Siddheswara Nursing Home,Karnataka,Gadag,0,15.4077747,75.6386028,0,0,False,False
Sri Vinayaka Nursing Hom,Karnataka,Gadag,0,15.4324651,75.6380337,0,0,False,False
Banale Hospital,Karnataka,Gulbarga,0,17.329731,76.8342957,0,0,False,False
Siddaganga Hospital,Karnataka,Gulbarga,0,17.3229328,76.821894,0,0,False,False
Devika Maternity Home and Ivf Centre,Karnataka,Gulbarga,0,17.3275734,76.8565879,0,0,False,False
Dhanvantari Hospital,Karnataka,Gulbarga,0,17.3005036,76.8173075,0,0,False,False
Government Gen. Hospital,Karnataka,Gulbarga,0,17.329731,76.8342957,0,0,False,False
Matoshri Medical Centre,Karnataka,Gulbarga,0,17.329731,76.8342957,0,0,False,False
Noola Nursing Home,Karnataka,Gulbarga,0,12.9085507,77.6491195,0,0,False,False
Shree Basavalingappa Nisty Memorial Nursing Home,Karnataka,Gulbarga,0,17.329731,76.8342957,0,0,False,False
Sidrameshwar Eye Clinic,Karnataka,Gulbarga,0,17.329731,76.8342957,0,0,False,False
Bhurukha Netralaya,Karnataka,Gulbarga,0,17.329731,76.8342957,0,0,False,False
Avinash Shah Memorial Multispeciality Hospital and Research Centre,Karnataka,Gulbarga,0,17.3242617,76.86484,0,0,False,False
Basaveshwar Teaching and General Hospital,Karnataka,Gulbarga,0,17.3242617,76.86484,0,0,False,False
L M Care Maternity and General Hospital,Karnataka,Gulbarga,0,17.3330633,76.8591211,0,0,False,False
Ashwini Hospital,Karnataka,Hassan,0,13.3104549,76.2537052,0,0,False,False
Naghabushan Hospital,Karnataka,Hassan,0,13.3104549,76.2537052,0,0,False,False
Smt Savitramma Sri Shanasappa Hospital,Karnataka,Hassan,0,13.1389848,76.2238172,0,0,False,False
Bharathi Hospital,Karnataka,Hassan,0,12.9111583,76.3825553,0,0,False,False
Nagesh Hospital - Channarayapatna,Karnataka,Hassan,0,13.2507007,76.4895423,0,0,False,False
Kamaldev Day Care Clinic,Karnataka,Hassan,0,12.9441511,75.7865653,0,0,False,False
Chamarajendra Hospital,Karnataka,Hassan,0,13.0068142,76.0995519,0,0,False,False
Janatha Hospital and Research Center,Karnataka,Hassan,0,13.0097539,76.102906,0,0,False,False
Jayashree Nursing Home,Karnataka,Hassan,0,13.0079751,76.1102303,0,0,False,False
Lakshmi Nursing Home,Karnataka,Hassan,0,10.9978567,76.9715147,0,0,False,False
Mahalakshmi Nursing Home,Karnataka,Hassan,0,10.9978567,76.9715147,0,0,False,False
Malnad Nursing Home,Karnataka,Hassan,0,13.0079751,76.1102303,0,0,False,False
Mangala Hospital,Karnataka,Hassan,0,13.0068048,76.1072863,0,0,False,False
Nagabhushana Hospital.,Karnataka,Hassan,0,13.3145423,76.2551195,0,0,False,False
"Rajeev Hospital, Hassan",Karnataka,Hassan,0,16.5147537,80.6200619,0,0,False,False
Sampige Nursing Home,Karnataka,Hassan,0,13.0068048,76.1072863,0,0,False,False
Sanjivani Govt Hospital and Research Centre,Karnataka,Hassan,0,12.972602,77.6328805,0,0,False,False
Dr Handral Nursing Home,Karnataka,Haveri,0,15.3647083,75.1239547,0,0,False,False
Dr.Dange Nursing Home,Karnataka,Haveri,0,13.0263892,80.2566037,0,0,False,False
Dr.Lodaya Hospital,Karnataka,Haveri,0,14.7933682,75.3922237,0,0,False,False
Renuka Eye Hospital,Karnataka,Haveri,0,15.351753,75.1379294,0,0,False,False
Someshwar Nursing Home,Karnataka,Haveri,0,14.4554926,75.3951378,0,0,False,False
Challegeri Hospital,Karnataka,Haveri,0,14.6200989,75.6320515,0,0,False,False
Om Hospital,Karnataka,Haveri,0,14.6158501,75.6464347,0,0,False,False
Vidya Hospital,Karnataka,Haveri,0,14.6120742,75.6258097,0,0,False,False
Prabhu Nursing Home,Karnataka,Haveri,0,14.9913752,75.221652,0,0,False,False
Ashwini Hospital,Karnataka,Kodagu,0,12.4244205,75.7381856,0,0,False,False
Shri Akhila Ravi Ayurshala,Karnataka,Kodagu,0,12.3056249,75.6909218,0,0,False,False
Sri Rajarajeshwari Hospital,Karnataka,Kodagu,0,12.4244205,75.7381856,0,0,False,False
Virajpet Nursing Home,Karnataka,Kodagu,0,12.1949851,75.8040022,0,0,False,False
Akshaya Nursing Home,Karnataka,Kolar,0,13.1337126,78.134156,0,0,False,False
Ganesh Health Care,Karnataka,Kolar,0,13.1340086,78.1359924,0,0,False,False
Hope Health Care,Karnataka,Kolar,0,13.680328,77.6690529,0,0,False,False
Mathru Chaya Maternity And Surgical Home,Karnataka,Kolar,0,12.9574125,78.2742403,0,0,False,False
Narayana Hrudayalaya Pvt Ltd,Karnataka,Kolar,0,13.0046163,77.5870535,0,0,False,False
Sri Nava Ratna Surgical And Maternity Nursing Home,Karnataka,Kolar,0,13.129853,78.1293626,0,0,False,False
Oswal Hospital,Karnataka,Kolar,0,12.9887508,78.1808705,0,0,False,False
Sahara Nursing and Maternity Home,Karnataka,Kolar,0,12.9914907,78.1787597,0,0,False,False
Sushruta Hospital and Maternity Home,Karnataka,Kolar,0,12.9872315,78.1789163,0,0,False,False
Chetana Hospital and Maternity Home,Karnataka,Kolar,0,12.9574125,78.2742403,0,0,False,False
Santhosh Nursing Home,Karnataka,Kolar,0,12.9626823,78.2717878,0,0,False,False
Shyam Hospital,Karnataka,Kolar,0,12.9574125,78.2742403,0,0,False,False
Bharani Hospital,Karnataka,Kolar,0,13.0034948,77.9424531,0,0,False,False
Rathana Hospital,Karnataka,Kolar,0,13.0034948,77.9424531,0,0,False,False
Sanjana Hospital,Karnataka,Kolar,0,13.0044971,77.9372339,0,0,False,False
Sri Krishna Maternity and Health Centre,Karnataka,Kolar,0,13.0034948,77.9424531,0,0,False,False
Vaatsalya Hospital,Karnataka,Kolar,0,13.0034948,77.9424531,0,0,False,False
Poornima Hospital and Maternity Center,Karnataka,Kolar,0,13.1660432,78.3939545,0,0,False,False
Doddappa Nursing Home,Karnataka,Kolar,0,12.989896,77.6547039,0,0,False,False
Sri Venkateshwara Nursing Home,Karnataka,Kolar,0,13.3305066,78.2077368,0,0,False,False
Venkateshwara Nursing Home,Karnataka,Kolar,0,13.3876269,78.2257937,0,0,False,False
Distric Hospital Koppal,Karnataka,Koppal,0,15.3516259,76.1270308,0,0,False,False
Shree Nursing Home,Karnataka,Koppal,0,15.2695648,76.3922326,0,0,False,False
Archana Hospital,Karnataka,Mandya,0,12.522718,76.8978911,0,0,False,False
B G S Vivus Heart Center,Karnataka,Mandya,0,12.9103665,77.4840291,0,0,False,False
Chethana Maternity Nursing Home,Karnataka,Mandya,0,12.9771672,77.5647668,0,0,False,False
"Dr Uttam Nandini Nursing Home,",Karnataka,Mandya,0,12.5221567,76.9009191,0,0,False,False
Kasturiba Nursing Home,Karnataka,Mandya,0,12.5267656,76.8967184,0,0,False,False
Kaveri Nursing Home,Karnataka,Mandya,0,13.3333862,77.1174186,0,0,False,False
Krupa Nursing Home,Karnataka,Mandya,0,12.9626568,77.6577566,0,0,False,False
"Mandya Medical Institute Of Science, Mandya",Karnataka,Mandya,0,28.0277448,79.1274036,0,0,False,False
New Pragathi Nursing Home,Karnataka,Mandya,0,24.5897924,73.7002436,0,0,False,False
Niveditha Nursing Home,Karnataka,Mandya,0,12.5228382,76.8937823,0,0,False,False
Prashant Medical Services,Karnataka,Mandya,0,12.5232554,76.9016865,0,0,False,False
Ramakrishna Nursing Home,Karnataka,Mandya,0,13.4026463,76.623779,0,0,False,False
Ravi Nursing Home,Karnataka,Mandya,0,26.9069413,75.8122758,0,0,False,False
Roopa Nursing Home,Karnataka,Mandya,0,12.9646079,77.5492789,0,0,False,False
S D Jayaram Hospital and Research Center,Karnataka,Mandya,0,12.5221567,76.9009191,0,0,False,False
Sanjo Hospital,Karnataka,Mandya,0,13.3378225,78.2134077,0,0,False,False
Santhathi Infertility and Maternity Center,Karnataka,Mandya,0,24.5897924,73.7002436,0,0,False,False
Shilpasri Nursing Home,Karnataka,Mandya,0,12.5221094,76.9004458,0,0,False,False
Sri Nidhi Hospital,Karnataka,Mandya,0,13.0393451,80.2122528,0,0,False,False
Sudha Nursing Home,Karnataka,Mandya,0,17.4065284,78.5139136,0,0,False,False
Surabhii Hospital And Intensive Care Centre,Karnataka,Mandya,0,11.7115112,78.1701998,0,0,False,False
Suraksha Nursing Home,Karnataka,Mandya,0,12.5206222,76.901071,0,0,False,False
Vinayaka Nursing Home,Karnataka,Mandya,0,12.5221567,76.9009191,0,0,False,False
Adarsha Nursung Home,Karnataka,Mandya,0,12.5839436,77.0434934,0,0,False,False
Sri Dayananda Nursing Home,Karnataka,Mandya,0,12.3810423,77.046262,0,0,False,False
Taluk Govt Hospital Malavali,Karnataka,Mandya,0,12.5221567,76.9009191,0,0,False,False
Babu Nursing Home,Karnataka,Mandya,0,12.4928616,76.6642853,0,0,False,False
Dr.T P Satish,Karnataka,Mandya,0,12.4215561,76.6931273,0,0,False,False
Kalpataru Dignostic Centre,Karnataka,Mandya,0,12.4215561,76.6931273,0,0,False,False
Seetha Chikitsalaya,Karnataka,Mandya,0,15.7744588,76.7546582,0,0,False,False
Sri Lakshmi Venkatesh Nursing Home,Karnataka,Mandya,0,12.9715987,77.5945627,0,0,False,False
KMC Hospital,Karnataka,Dakshina Kannada,0,12.874305,74.8550998,0,0,True,False
"KMC Hospital, Ambedkar Circle",Karnataka,Dakshina Kannada,0,12.9643509,80.1411433,0,0,True,False
Chaitra Hospital,Karnataka,Mysuru,0,12.4400123,76.3810922,0,0,False,False
General Hospital K.R Nagar,Karnataka,Mysuru,0,12.9270695,77.5923719,0,0,False,False
Harsha Hospital K.R.Nagar,Karnataka,Mysuru,0,12.4404774,76.3862238,0,0,False,False
Mamatha Ganga Maternity Centre,Karnataka,Mysuru,0,12.9126916,77.5955673,0,0,False,False
Dr Rajshekhar Hospital,Karnataka,Mysuru,0,12.2958104,76.6393805,0,0,False,False
Priyadarshini General Hospital,Karnataka,Mysuru,0,12.8938277,77.585192,0,0,False,False
Annapoorna Orthopaedic and Speciality Hospital,Karnataka,Mysuru,0,12.2963166,76.6335833,0,0,False,False
Jss Hospital (Jagadguru Sri Shivarathreeshwara Hospital),Karnataka,Mysuru,0,12.2958104,76.6393805,0,0,False,False
Karuna Nursing Home,Karnataka,Mysuru,0,12.2840665,76.6288059,0,0,False,False
New Adarsha Hospital,Karnataka,Mysuru,0,12.337776,76.6240623,0,0,False,False
Vikram Hospital Pvt Ltd,Karnataka,Mysuru,0,12.3251339,76.631163,0,0,False,False
Ashwini Nursing Home,Karnataka,Mysuru,0,12.292565,76.637127,0,0,False,False
J.S.S. Institute Of Neprology And Urology,Karnataka,Mysuru,0,12.294136,76.6532873,0,0,False,False
Mythri Hospital,Karnataka,Mysuru,0,12.290347,76.6491441,0,0,False,False
Preethi Centre For Oncology,Karnataka,Mysuru,0,12.9732998,77.6161791,0,0,False,False
Sita Ranga Nursing Home /Hospital,Karnataka,Mysuru,0,12.3116496,76.6481549,0,0,False,False
Sri Annapoorna Nursing Home,Karnataka,Mysuru,0,12.3007176,76.6350077,0,0,False,False
Sri Chamundeshwari Maternity and Nursing Home,Karnataka,Mysuru,0,12.2958104,76.6393805,0,0,False,False
Usha Kiran Eye Hospital and Usha Kiran Charitable Trust,Karnataka,Mysuru,0,12.2988066,76.6445802,0,0,False,False
Vasan Eye Care Hospital,Karnataka,Mysuru,0,12.300954,76.642734,0,0,False,False
Vatsalya Health Solutions,Karnataka,Mysuru,0,12.3116496,76.6481549,0,0,False,False
Mysore Kidney Stone Clinic,Karnataka,Mysuru,0,12.2991967,76.6414419,0,0,False,False
Mahadeshwara Nursing Home,Karnataka,Mysuru,0,12.3075405,76.6826872,0,0,False,False
Ramesh Hospital For Piles and Proctology,Karnataka,Mysuru,0,12.331777,76.625334,0,0,False,False
Relife Hospital,Karnataka,Mysuru,0,22.7211712,75.8615124,0,0,False,False
Riverview Healthcare Pvt Ltd - Mysore,Karnataka,Mysuru,0,12.3539788,76.6150156,0,0,False,False
Thulasi Janardhan Memorial Hospital,Karnataka,Mysuru,0,12.3361472,76.6784666,0,0,False,False
Rama Krishna Hospital,Karnataka,Mysuru,0,12.2833282,76.6517995,0,0,False,False
Vinayaka Nursing Home,Karnataka,Mysuru,0,12.2927656,76.6419932,0,0,False,False
Csi Holdsworth Memorial Hospital,Karnataka,Mysuru,0,12.2958104,76.6393805,0,0,False,False
Harsha Hospital,Karnataka,Mysuru,0,12.2938391,76.6253122,0,0,False,False
Kamakshi Hospital,Karnataka,Mysuru,0,12.2828457,76.6253865,0,0,False,False
Surya Hospital,Karnataka,Mysuru,0,12.296301,76.626485,0,0,False,False
Prajna Kuteera,Karnataka,Mysuru,0,13.0298798,80.2342283,0,0,False,False
A V Hospital,Karnataka,Mysuru,0,12.3049012,76.6885902,0,0,False,False
Fortis Cauvery Heart Hospital,Karnataka,Mysuru,0,12.3052618,76.6930569,0,0,False,False
Shree Mahadeshwara Nursing Home,Karnataka,Mysuru,0,12.2958104,76.6393805,0,0,False,False
Chandrakala Hospital and Institute Of Medical Research,Karnataka,Mysuru,0,12.3243188,76.6250227,0,0,False,False
N J Hospital,Karnataka,Mysuru,0,13.0372403,77.5910634,0,0,False,False
Nanjamma Javaregowda Hospital,Karnataka,Mysuru,0,12.9858898,77.523158,0,0,False,False
Bibi Ayesha Milli Hospital,Karnataka,Mysuru,0,12.9851507,77.6104336,0,0,False,False
Bharath Hospital and Institute Of Oncology,Karnataka,Mysuru,0,12.9992734,77.6738935,0,0,False,False
Vidisha Nursing Home,Karnataka,Mysuru,0,12.3451707,76.6398272,0,0,False,False
Rathnashree Dental Care,Karnataka,Mysuru,0,12.9909811,77.5420477,0,0,False,False
Sankalpa Hospital,Karnataka,Mysuru,0,12.3201047,76.6427152,0,0,False,False
Vikram Jeshta,Karnataka,Mysuru,0,12.326267,76.6405199,0,0,False,False
Apollo Bgs Hospital,Karnataka,Mysuru,0,12.2869812,76.6308328,0,0,False,False
Arvind Nursing Home,Karnataka,Mysuru,0,13.0319843,77.6282025,0,0,False,False
Sarthy General Hospital,Karnataka,Mysuru,0,13.0363247,77.5558518,0,0,False,False
Sindhu Eye Care,Karnataka,Mysuru,0,12.2759132,76.6249984,0,0,False,False
Chitra's Hospital,Karnataka,Mysuru,0,12.3149702,76.646594,0,0,False,False
Punarjyoti Eye Hospital,Karnataka,Mysuru,0,12.3038725,76.6542664,0,0,False,False
Amrita Kripa Hospital,Karnataka,Mysuru,0,12.2974967,76.5820544,0,0,False,False
Bahusar Nursing Home,Karnataka,Mysuru,0,12.3009419,76.2884592,0,0,False,False
"Devaraj Government Hopital, Hunsur",Karnataka,Mysuru,0,12.7185381,77.8229543,0,0,False,False
"Vidyaranya Hospital , Mysore",Karnataka,Mysuru,0,12.2958104,76.6393805,0,0,False,False
Government Hopital H.D. Kote,Karnataka,Mysuru,0,32.8513987,74.301692,0,0,False,False
Chamundeshwari Hospital,Karnataka,Mysuru,0,12.2126025,76.9042142,0,0,False,False
"Karunalaya Hospital, Nanajanagud",Karnataka,Mysuru,0,12.2958104,76.6393805,0,0,False,False
Mamatha Health Care,Karnataka,Mysuru,0,12.1199769,76.680093,0,0,False,False
Nanjangud Clinic,Karnataka,Mysuru,0,12.1199769,76.680093,0,0,False,False
Sushrutha Ortho Care,Karnataka,Mysuru,0,12.2958104,76.6393805,0,0,False,False
City Poly Clinic,Karnataka,Raichur,0,16.2120031,77.3439283,0,0,False,False
Nandini Diagnostic Centre and Hospital,Karnataka,Raichur,0,16.199217,77.3439831,0,0,False,False
Navodaya Medical College Hospital and Research Centr,Karnataka,Raichur,0,16.2120031,77.3439283,0,0,False,False
Nutan Hospital,Karnataka,Raichur,0,16.2120031,77.3439283,0,0,False,False
Rajiv Gandhi Super Speciality Hospital,Karnataka,Raichur,0,16.2296944,77.3554973,0,0,False,False
Sanjeevini Maternity and Fertility Centre,Karnataka,Raichur,0,15.1512638,76.9484989,0,0,False,False
Gpv Neuro Superspeciality Hospital,Karnataka,Raichur,0,16.2143954,77.3604356,0,0,False,False
Navodaya Hospital,Karnataka,Raichur,0,16.2143954,77.3604356,0,0,False,False
Gokul Maternity and Nursing Home,Karnataka,Raichur,0,17.395257,78.4965928,0,0,False,False
Naveen Multispeciality Hospital,Karnataka,Raichur,0,16.2120031,77.3439283,0,0,False,False
Aasare Fertility Centre,Karnataka,Raichur,0,17.329731,76.8342957,0,0,False,False
Govt Hospital,Karnataka,Raichur,0,16.1550404,76.5199195,0,0,False,False
Guru Basava,Karnataka,Raichur,0,12.8235629,77.4634274,0,0,False,False
Totad Nursing Home,Karnataka,Raichur,0,15.7702099,76.7560495,0,0,False,False
Sri Padma Nursing Home,Karnataka,Raichur,0,16.2120031,77.3439283,0,0,False,False
Sri Vijayachandrashekara Eye Hospital,Karnataka,Raichur,0,15.7683943,76.7524087,0,0,False,False
Govt Hospital Bidadi,Karnataka,Ramanagara,0,12.8078104,77.3782657,0,0,False,False
Prashanthi Hospital,Karnataka,Ramanagara,0,12.7984219,77.3872174,0,0,False,False
Subash Medical Center,Karnataka,Ramanagara,0,12.6800488,77.4690033,0,0,False,False
Ganesh Nursing and Maternity Home,Karnataka,Ramanagara,0,12.9679334,77.5930431,0,0,False,False
Balu Nursing Home,Karnataka,Ramanagara,0,12.4281028,77.2287875,0,0,False,False
Mathrushree Orthopaedic And Trauma Centre,Karnataka,Ramanagara,0,12.6521967,77.2000566,0,0,False,False
Basaveshwar Hospital,Karnataka,Shivamogga,0,13.9373848,75.573519,0,0,False,False
"City Hospital,Shimoga",Karnataka,Shivamogga,0,13.9378586,75.5713994,0,0,False,False
Dr Mallesh Shashikala Nursing Home (City Hospital),Karnataka,Shivamogga,0,13.9357301,75.5718266,0,0,False,False
J.P. Hospital,Karnataka,Shivamogga,0,14.1007889,75.5262142,0,0,False,False
Kgp Hospital,Karnataka,Shivamogga,0,13.9488047,75.5617937,0,0,False,False
Mallikarjuna Nursing Home,Karnataka,Shivamogga,0,13.9345562,75.573519,0,0,False,False
Mc Gann Hospital,Karnataka,Shivamogga,0,13.6923106,75.2390616,0,0,False,False
Nanjappa Hospital,Karnataka,Shivamogga,0,13.9391233,75.5715394,0,0,False,False
Onkar Hospital,Karnataka,Shivamogga,0,13.9368371,75.5692542,0,0,False,False
Pushya Hospital,Karnataka,Shivamogga,0,13.9414527,75.5706084,0,0,False,False
Ravi Polyclinic Maternity And Nursing Home,Karnataka,Shivamogga,0,15.3350132,76.460024,0,0,False,False
Sadhana Eye Hospital,Karnataka,Shivamogga,0,13.9345562,75.573519,0,0,False,False
Shanta Nursing Home,Karnataka,Shivamogga,0,13.9320504,75.5709952,0,0,False,False
Sharavathi Nursing Home,Karnataka,Shivamogga,0,13.9299299,75.568101,0,0,False,False
Shimoga Institute Of Medical Sciences District,Karnataka,Shivamogga,0,13.9299299,75.568101,0,0,False,False
Shree Dutta Hospital,Karnataka,Shivamogga,0,13.9299299,75.568101,0,0,False,False
Sindhu Urology Hospital,Karnataka,Shivamogga,0,13.9345562,75.573519,0,0,False,False
Sri Ragavendra Nursing Home,Karnataka,Shivamogga,0,13.9371242,75.5562438,0,0,False,False
Tadikela Subbiah Trust,Karnataka,Shivamogga,0,13.9412001,75.5682456,0,0,False,False
Usha Nursing Home,Karnataka,Shivamogga,0,13.9299299,75.568101,0,0,False,False
Ideal Nuring Home,Karnataka,Shivamogga,0,13.9255247,75.5729235,0,0,False,False
Sahyadri Hospital,Karnataka,Shivamogga,0,13.9299299,75.568101,0,0,False,False
Sankara Eye Hospital,Karnataka,Shivamogga,0,13.9234955,75.5707085,0,0,False,False
Swathi Ent Hospital,Karnataka,Shivamogga,0,13.9299299,75.568101,0,0,False,False
Subbaiah Medical College Hospital And Research Centre,Karnataka,Shivamogga,0,13.9299299,75.568101,0,0,False,False
Durga Hospital,Karnataka,Shivamogga,0,13.8437239,75.7049175,0,0,False,False
Nayana Hospital,Karnataka,Shivamogga,0,13.8447807,75.7097504,0,0,False,False
Chandini Hospital,Karnataka,Shivamogga,0,14.1670402,75.0403,0,0,False,False
Padmamba Hospital,Karnataka,Shivamogga,0,14.1670402,75.0403,0,0,False,False
Sanjeevani Hospital,Karnataka,Shivamogga,0,27.0710253,68.6130146,0,0,False,False
Sri Vighneshwara Hospital,Karnataka,Shivamogga,0,20.0358592,73.8039261,0,0,False,False
Sub Division Hospital,Karnataka,Shivamogga,0,13.9299299,75.568101,0,0,False,False
Yamali Nursing Home,Karnataka,Shivamogga,0,14.1675034,75.0266144,0,0,False,False
Anuradha Nursing Home,Karnataka,Shivamogga,0,13.6958855,75.2457184,0,0,False,False
Manasa Nursing Home,Karnataka,Shivamogga,0,13.6894963,75.2449892,0,0,False,False
Melige Hospital,Karnataka,Shivamogga,0,13.6894963,75.2449892,0,0,False,False
Sri Jayachamarajendra Government Hospital,Karnataka,Shivamogga,0,13.6894963,75.2449892,0,0,False,False
Sri Krishna Orthopedic Centre and Nursing Home,Karnataka,Shivamogga,0,13.6906892,75.2464986,0,0,False,False
Sree Sharada Devi Eye Hospital,Karnataka,Tumakuru,0,25.1244669,75.8098141,0,0,False,False
Sree Venkateswara Nursing Home,Karnataka,Tumakuru,0,14.1030998,77.2807423,0,0,False,False
Aditya Orthopaedic and Trauma Center,Karnataka,Tumakuru,0,13.4037986,76.6246,0,0,False,False
Dr.K. Narasimhaiah Hospital,Karnataka,Tumakuru,0,13.0386513,77.5918245,0,0,False,False
Goutham Hospital,Karnataka,Tumakuru,0,13.3391677,77.1139984,0,0,False,False
Kasturba Hospital,Karnataka,Tumakuru,0,13.3321468,77.113153,0,0,False,False
Seva Hospital,Karnataka,Tumakuru,0,13.3391677,77.1139984,0,0,False,False
Shivanna Memorial Hospital,Karnataka,Tumakuru,0,13.0348331,77.5895322,0,0,False,False
Shridevi Hospital,Karnataka,Tumakuru,0,12.9808209,80.2066073,0,0,False,False
Adarsha Nursing Home,Karnataka,Tumakuru,0,13.3391677,77.1139984,0,0,False,False
Akshay Hospital,Karnataka,Tumakuru,0,15.3474564,75.1253824,0,0,False,False
Aruna Hospital,Karnataka,Tumakuru,0,13.3332997,77.1086457,0,0,False,False
Chaitanya Hospital - Tumkur,Karnataka,Tumakuru,0,13.3336563,77.1100147,0,0,False,False
Distric Hospital,Karnataka,Tumakuru,0,13.3391677,77.1139984,0,0,False,False
Pragathi Hospital,Karnataka,Tumakuru,0,13.3357112,77.1174985,0,0,False,False
Vasan Eye Care Hospital,Karnataka,Tumakuru,0,13.3334651,77.1107155,0,0,False,False
Vijaya Hospital,Karnataka,Tumakuru,0,12.9254533,77.546757,0,0,False,False
Srinivasa Nursing Home,Karnataka,Tumakuru,0,13.4037986,76.6246,0,0,False,False
Suraksha Hospital,Karnataka,Tumakuru,0,13.3294695,77.1163069,0,0,False,False
Ashwini Hospital,Karnataka,Tumakuru,0,13.3391677,77.1139984,0,0,False,False
Sree Siddhartha Hospital,Karnataka,Tumakuru,0,13.3348651,77.0578855,0,0,False,False
Renukaa Hospital,Karnataka,Tumakuru,0,13.5175803,77.2321629,0,0,False,False
J.S. Hospital,Karnataka,Tumakuru,0,13.6643166,77.2088987,0,0,False,False
Sri Raghavendra Hospital,Karnataka,Tumakuru,0,13.6643166,77.2088987,0,0,False,False
Raghu Hospital,Karnataka,Tumakuru,0,13.7398259,76.9023925,0,0,False,False
B Siddaramanna Hospital,Karnataka,Tumakuru,0,13.3391677,77.1139984,0,0,False,False
Balaji Hospital,Karnataka,Tumakuru,0,13.3391677,77.1139984,0,0,False,False
Bidare Lingappa Smaraka Hospital,Karnataka,Tumakuru,0,13.2637814,76.4702946,0,0,False,False
Chethana Hospital,Karnataka,Tumakuru,0,13.2637814,76.4702946,0,0,False,False
Chiranjeevi Nursing Home,Karnataka,Tumakuru,0,13.2637814,76.4702946,0,0,False,False
Hemavathi Hospital,Karnataka,Tumakuru,0,16.2025117,77.3465522,0,0,False,False
Jenukal Nursing Home,Karnataka,Tumakuru,0,13.2566814,76.4762299,0,0,False,False
Aroors Clinic and Nursing Home,Karnataka,Udupi,0,13.3371151,74.746596,0,0,False,False
Amar Jyothi Clinic,Karnataka,Udupi,0,13.2150997,74.9961799,0,0,False,False
City Nursing Home,Karnataka,Udupi,0,13.2130447,74.9985889,0,0,False,False
Dr T M A Pai Rotary Hospital,Karnataka,Udupi,0,13.2150997,74.9961799,0,0,False,False
Karkala Nursing Home,Karnataka,Udupi,0,13.3371151,74.746596,0,0,False,False
Spandana Maternity and General Hospital,Karnataka,Udupi,0,13.1965603,75.004302,0,0,False,False
Prashanth Hospital,Karnataka,Udupi,0,13.2187521,74.74884,0,0,False,False
S. D. M. Ayurveda Hospital,Karnataka,Udupi,0,13.3258641,74.7249281,0,0,False,False
Gandhi Hospital,Karnataka,Udupi,0,13.3439917,74.7489005,0,0,False,False
Lalith Hospital,Karnataka,Udupi,0,13.3371151,74.746596,0,0,False,False
Sarojini Nursing Home,Karnataka,Udupi,0,13.6315963,74.6899917,0,0,False,False
Hitech Medicare Hospital,Karnataka,Udupi,0,13.3371151,74.746596,0,0,False,False
Sonia Clinic,Karnataka,Udupi,0,13.3449705,74.7849072,0,0,False,False
Goretti Hospital,Karnataka,Udupi,0,13.3823632,74.7307807,0,0,False,False
Sri Raghavendra Maternity and General Hospital,Karnataka,Udupi,0,13.4587597,74.992472,0,0,False,False
Kamath`S Nursing Home,Karnataka,Udupi,0,13.3512744,74.8653331,0,0,False,False
Adarsha Hospital,Karnataka,Udupi,0,13.6315963,74.6899917,0,0,False,False
Chinmayi Hospital,Karnataka,Udupi,0,13.3371151,74.746596,0,0,False,False
General Hospital,Karnataka,Udupi,0,13.6315963,74.6899917,0,0,False,False
Manish Hospital,Karnataka,Udupi,0,12.9141417,74.8559568,0,0,False,False
Sri Devi Nursing Home,Karnataka,Udupi,0,13.6315963,74.6899917,0,0,False,False
Sri Manjunatha Hospital - Kundapur,Karnataka,Udupi,0,13.6315963,74.6899917,0,0,False,False
Chandra Nursing Home,Karnataka,Udupi,0,13.3371151,74.746596,0,0,False,False
Charmakki Narayana Setty Memorial Lions Eye Hsp,Karnataka,Udupi,0,13.5240018,74.7044425,0,0,False,False
Dr N Bhaskara Acharya Memorial Hospital,Karnataka,Udupi,0,13.8342723,74.8041701,0,0,False,False
J M J Diagnova Hospital,Karnataka,Udupi,0,13.3371151,74.746596,0,0,False,False
Guru Krupa Nursing Home,Karnataka,Uttara Kannada,0,14.8184812,74.1416127,0,0,False,False
Konkan Medical Centre,Karnataka,Uttara Kannada,0,14.8184812,74.1416127,0,0,False,False
Dr Pikles New Nursing Home,Karnataka,Uttara Kannada,0,14.8184812,74.1416127,0,0,False,False
Dr. Shettys Eye Hospital,Karnataka,Uttara Kannada,0,14.8087308,74.1287673,0,0,False,False
Arya Medical And Research Centre,Karnataka,Uttara Kannada,0,14.6653087,74.3000878,0,0,False,False
Dr Kamal Hospital and Medical Research Centre,Karnataka,Uttara Kannada,0,14.6653087,74.3000878,0,0,False,False
K.L.E. Society Kamal Hospital and Mrc,Karnataka,Uttara Kannada,0,14.6653087,74.3000878,0,0,False,False
Bhatkal Health Care Ltd,Karnataka,Uttara Kannada,0,13.9861894,74.554655,0,0,False,False
Dr.G.V.Bhat Hospital,Karnataka,Uttara Kannada,0,15.2496775,74.6173738,0,0,False,False
General Hospital-- Dandeli,Karnataka,Uttara Kannada,0,15.2496775,74.6173738,0,0,False,False
Navachetan Charitable Hospital,Karnataka,Uttara Kannada,0,15.3306252,74.7658918,0,0,False,False
Sri Devi Multispeciality Hospital,Karnataka,Uttara Kannada,0,14.275295,74.4420143,0,0,False,False
St Ignatius Hospital,Karnataka,Uttara Kannada,0,14.2797502,74.4439252,0,0,False,False
Vivekananda Agogyadhama,Karnataka,Uttara Kannada,0,14.2797502,74.4439252,0,0,False,False
Achyut Pandit Hospital,Karnataka,Uttara Kannada,0,14.4275482,74.4190929,0,0,False,False
Dr Halkar Nursing Home,Karnataka,Uttara Kannada,0,14.4275482,74.4190929,0,0,False,False
Kumt Nursing Home,Karnataka,Uttara Kannada,0,14.4275482,74.4190929,0,0,False,False
Mankikars Clinic Maternity and Nursing Home,Karnataka,Uttara Kannada,0,14.4249432,74.4086917,0,0,False,False
"Nishant Eye Hospital,Retina Care And Lazer Center",Karnataka,Uttara Kannada,0,14.4275482,74.4190929,0,0,False,False
Ramleela Hospital,Karnataka,Uttara Kannada,0,14.4275482,74.4190929,0,0,False,False
Rns Hospital,Karnataka,Uttara Kannada,0,14.093993,74.4898633,0,0,False,False
Omkar Clinic and Nursing Home,Karnataka,Uttara Kannada,0,14.3410006,74.8899841,0,0,False,False
S S Memorial Sheryas Hospital,Karnataka,Uttara Kannada,0,14.627805,74.844577,0,0,False,False
Ganesh Netralaya Mahalaxmi Memorial Hospital,Karnataka,Uttara Kannada,0,14.6197189,74.8309741,0,0,False,False
Kripa Nursing Home,Karnataka,Uttara Kannada,0,14.8167561,74.1372087,0,0,False,False
Drishti Eye Hospital,Karnataka,Yadgir,0,16.6956754,76.8431564,0,0,False,False
Taluk Health Office,Karnataka,Yadgir,0,19.4559236,73.3296037,0,0,False,False
Mammen Memmorial Hospital,Kerala,Alappuzha,0,10.1111911,76.4807109,0,0,False,False
Sahrudaya Hospital,Kerala,Alappuzha,0,9.5064885,76.3478097,0,0,False,False
St Michaels Hospital Tsunami Project Only),Kerala,Alappuzha,0,9.5653007,76.3246517,0,0,False,False
S H General Hospital,Kerala,Alappuzha,0,9.6792828,76.3515861,0,0,False,False
K V M Mutispeciality Hospital,Kerala,Alappuzha,0,18.5691128,73.7701993,0,0,False,False
"Primary Health Centre, Vrvm",Kerala,Alappuzha,0,9.6836368,76.3365377,0,0,False,False
Sree Narayana Medical Mission General Hospital,Kerala,Alappuzha,0,9.6836368,76.3365377,0,0,False,False
Sree Venkateswara Hospital,Kerala,Alappuzha,0,9.6874282,76.3398962,0,0,False,False
T.D. Medical College Hospital Alappuzha,Kerala,Alappuzha,0,9.5078547,76.3237932,0,0,False,False
Taluk Head Quartes Hospital,Kerala,Alappuzha,0,9.7501932,76.3896828,0,0,False,False
St Sebastians Visitation Hospital (Tsunami Project Only),Kerala,Alappuzha,0,9.7037087,76.3168932,0,0,False,False
Primary Health Centre,Kerala,Alappuzha,0,9.7728068,76.3116235,0,0,False,False
Shanthi Hospital,Kerala,Alappuzha,0,9.9382611,76.3500378,0,0,False,False
Lakshmi Hospital,Kerala,Alappuzha,0,9.0933391,76.6869226,0,0,False,False
Moham Hospital Tsunami Project Only),Kerala,Alappuzha,0,9.9312328,76.2673041,0,0,False,False
St Thomas,Kerala,Alappuzha,0,10.4676986,76.1819605,0,0,False,False
"R.B.M. Hospital,",Kerala,Alappuzha,0,9.4081987,76.3466401,0,0,False,False
Century Hospital,Kerala,Alappuzha,0,9.3182301,76.6084988,0,0,False,False
Pamlatheeram Ayurvedic Riverside Village,Kerala,Alappuzha,0,9.3183275,76.6110845,0,0,False,False
Maha Jublee Memorial Hospital,Kerala,Alappuzha,0,9.3695022,76.4603406,0,0,False,False
Gems Hospital,Kerala,Alappuzha,0,9.3303263,76.5318695,0,0,False,False
"P.M. Hospital, Mavelikara",Kerala,Alappuzha,0,9.2505757,76.5400806,0,0,False,False
Philip Memorial Hospital,Kerala,Alappuzha,0,9.1973566,76.5163691,0,0,False,False
Sovereign Gems Hospital,Kerala,Alappuzha,0,9.3303263,76.5318695,0,0,False,False
Vrindavan Ayurveda Nursing Home,Kerala,Alappuzha,0,9.2505757,76.5400806,0,0,False,False
V.S.M.Hospital,Kerala,Alappuzha,0,9.2529917,76.5213648,0,0,False,False
Christos Hospital,Kerala,Alappuzha,0,9.1562928,76.5130539,0,0,False,False
Ebenezer Hospital,Kerala,Alappuzha,0,9.1736831,76.4991566,0,0,False,False
J J Hospital,Kerala,Alappuzha,0,9.1774559,76.5306566,0,0,False,False
Sanjivani Multi-Speciality Hospital,Kerala,Alappuzha,0,9.3183275,76.6110845,0,0,False,False
Hi -Care Medical Center,Kerala,Alappuzha,0,9.2632089,76.4794329,0,0,False,False
Chaithanya Eye Hospital,Kerala,Alappuzha,0,9.2835033,76.4542486,0,0,False,False
Deepa Hospital,Kerala,Alappuzha,0,9.2815315,76.4534165,0,0,False,False
Huda Trust,Kerala,Alappuzha,0,9.283214,76.457574,0,0,False,False
Sree Ramakrishna Pharmacy-Karthikappally-Kerala,Kerala,Alappuzha,0,9.2515842,76.4451337,0,0,False,False
"T.D Medical College, Alappuzha",Kerala,Alappuzha,0,9.4178085,76.3512483,0,0,True,False
V.G.Saraf Memorial Hospital\n,Kerala,Ernakulam,0,9.9613612,76.2885246,0,0,True,False
Arya Vaidya Sala Kottakkal,Kerala,Ernakulam,0,9.9312328,76.2673041,0,0,False,False
Bishop Alappatt Mission Hospital,Kerala,Ernakulam,0,10.3903715,76.1643006,0,0,False,False
Goutham Hospital,Kerala,Ernakulam,0,9.9463846,76.2580499,0,0,False,False
West Side Hospital Pvt Ltd,Kerala,Ernakulam,0,9.9312328,76.2673041,0,0,False,False
Jesus Hospital,Kerala,Ernakulam,0,9.9390337,76.2616704,0,0,False,False
K P M Eye Hospital,Kerala,Ernakulam,0,9.9816358,76.2998842,0,0,False,False
Our Lady Hospital,Kerala,Ernakulam,0,9.9087118,76.2730412,0,0,False,False
Gautham Hospital,Kerala,Ernakulam,0,9.9463846,76.2580499,0,0,False,False
Chaitanya Eye Hospital and Research Instt,Kerala,Ernakulam,0,9.9816358,76.2998842,0,0,False,False
Dhanya Mission Hospital Potta,Kerala,Ernakulam,0,9.9816358,76.2998842,0,0,False,False
Dr Kunhalus Nursing Home,Kerala,Ernakulam,0,9.9816358,76.2998842,0,0,False,False
General Hospital,Kerala,Ernakulam,0,9.9717776,76.2822336,0,0,False,False
Krishna Hospital,Kerala,Ernakulam,0,9.9780179,76.2836547,0,0,False,False
Susrusha Nursing Home-Cochin,Kerala,Ernakulam,0,9.9418718,76.3467375,0,0,False,False
Lourdes Hospital,Kerala,Ernakulam,0,10.0065589,76.2782693,0,0,False,False
Vasan Eye Care Hospital,Kerala,Ernakulam,0,9.9515134,76.2976712,0,0,False,False
Aiswarya Clinic,Kerala,Ernakulam,0,10.1340201,76.4013471,0,0,False,False
Chaithanya Ent Hospital,Kerala,Ernakulam,0,9.9687585,76.3163513,0,0,False,False
City Hospital,Kerala,Ernakulam,0,9.9312328,76.2673041,0,0,False,False
Cochin Hospital,Kerala,Ernakulam,0,9.9193393,76.3130403,0,0,False,False
Medical Trust Hospital,Kerala,Ernakulam,0,9.9312328,76.2673041,0,0,False,False
Paul`S Hospital,Kerala,Ernakulam,0,9.9970903,76.302815,0,0,False,False
Sree Sankara Ayurveda Hospital,Kerala,Ernakulam,0,9.9561103,76.2443858,0,0,False,False
Dr. D Souza Ent Clinic and Nursing Home,Kerala,Ernakulam,0,9.9816358,76.2998842,0,0,False,False
Lisia Medical Institutions,Kerala,Ernakulam,0,9.9816358,76.2998842,0,0,False,False
Lisie Hospital,Kerala,Ernakulam,0,9.9899455,76.2882759,0,0,False,False
P.N.V.M. Hospital and Research Centre,Kerala,Ernakulam,0,9.9858464,76.2814796,0,0,False,False
Specialists Hospital,Kerala,Ernakulam,0,10.004164,76.3096866,0,0,False,False
Sree Sudheendra Medical Mission,Kerala,Ernakulam,0,9.9988477,76.2799097,0,0,False,False
Vijaya Hospital,Kerala,Ernakulam,0,9.9901897,76.2810132,0,0,False,False
Westend Eye Hospitals,Kerala,Ernakulam,0,9.9874893,76.2838322,0,0,False,False
Dr. Joys Hospital For Women And Children,Kerala,Ernakulam,0,9.958075,76.3219491,0,0,False,False
Lakeshore Hospital City Centre,Kerala,Ernakulam,0,9.9666543,76.3168134,0,0,False,False
Naivedya Ayurvedic Hospital and Research Centre,Kerala,Ernakulam,0,9.9768291,76.3099648,0,0,False,False
Ranjini Eye Care,Kerala,Ernakulam,0,9.963008,76.3715772,0,0,False,False
Welcare Hospital,Kerala,Ernakulam,0,9.9681532,76.3135216,0,0,False,False
Giridhar Eye Institute,Kerala,Ernakulam,0,9.9640099,76.3048506,0,0,False,False
Indira Gandhi Co-Operative Hospital,Kerala,Ernakulam,0,9.9752364,76.2956985,0,0,False,False
Komaranchath Urology Centre,Kerala,Ernakulam,0,9.9816358,76.2998842,0,0,False,False
Silverline Hospital,Kerala,Ernakulam,0,9.9312328,76.2673041,0,0,False,False
Vallakkalil Hospital,Kerala,Ernakulam,0,9.9894229,76.5789749,0,0,False,False
Vijaya Institute Of Medical Sciences,Kerala,Ernakulam,0,9.9690388,76.2992953,0,0,False,False
Aditya Eye Hospital,Kerala,Ernakulam,0,10.0335491,76.3355075,0,0,False,False
Alexander Eye Center (Unit Of Kelman Health First Hospital Network Pvt Ltd),Kerala,Ernakulam,0,10.0044908,76.31049,0,0,False,False
Amrita Institute Of Medical Sciences And Research Centre,Kerala,Ernakulam,0,10.0380878,76.2973528,0,0,False,False
Cochin Spine Hospital,Kerala,Ernakulam,0,10.0217485,76.2989994,0,0,False,False
Dr. Promodus Institute Of Sexual and Marital Health,Kerala,Ernakulam,0,10.0397131,76.3195853,0,0,False,False
Mar Augustin Jubilee Hospital,Kerala,Ernakulam,0,10.0217907,76.3075913,0,0,False,False
Punarnava Ayurveda Hospital Ltd Kerla,Kerala,Ernakulam,0,9.930897,76.2684035,0,0,False,False
Indira Gandhi Memorial Hospital,Kerala,Ernakulam,0,9.9312328,76.2673041,0,0,False,False
Kumar International Centre,Kerala,Ernakulam,0,9.9885532,76.3093555,0,0,False,False
Suburban Hospital,Kerala,Ernakulam,0,9.9927245,76.3079038,0,0,False,False
Vasan Eye Care Hospital,Kerala,Ernakulam,0,9.9984802,76.3119364,0,0,False,False
Government Ayurveda Hospital,Kerala,Ernakulam,0,10.0540229,76.2537052,0,0,False,False
Gouri Sankar Nursing Home,Kerala,Ernakulam,0,9.9816358,76.2998842,0,0,False,False
Sunrise Hospital,Kerala,Ernakulam,0,9.9312328,76.2673041,0,0,False,False
Thrikkakara Grama Panchayat Co-Operative Hospital,Kerala,Ernakulam,0,9.9312328,76.2673041,0,0,False,False
Cimar Cochin,Kerala,Ernakulam,0,10.0101013,76.3111946,0,0,False,False
Noushad Ent Hospital and Research Centre,Kerala,Ernakulam,0,10.1136767,76.3298622,0,0,False,False
Kims Hospital And Surgical Center,Kerala,Ernakulam,0,10.0410788,76.3195853,0,0,False,False
Al Shifa Super Specialty Hospital,Kerala,Ernakulam,0,9.9786744,76.2856402,0,0,False,False
Ojus Clinic And Nursing Home,Kerala,Ernakulam,0,10.5445582,76.0727236,0,0,False,False
Sarada Nursing Home,Kerala,Ernakulam,0,10.0687019,76.2131474,0,0,False,False
Devi Hospital Pvt Ltd,Kerala,Ernakulam,0,9.9470769,76.3427067,0,0,False,False
R C M Eye Hospital,Kerala,Ernakulam,0,9.9500198,76.3524095,0,0,False,False
Roshan Eye Care Hospital,Kerala,Ernakulam,0,9.9556701,76.350183,0,0,False,False
Sree Agasthya Medical Centre,Kerala,Ernakulam,0,9.9892017,76.4334968,0,0,False,False
Verma Medical Clinic,Kerala,Ernakulam,0,9.9892017,76.4334968,0,0,False,False
Vijaya Kumara Menon Hospital,Kerala,Ernakulam,0,9.9470769,76.3427067,0,0,False,False
P.S. Mission Hospital,Kerala,Ernakulam,0,9.9368112,76.3232042,0,0,False,False
Perpetual Succour Mission Hospital,Kerala,Ernakulam,0,9.9368112,76.3232042,0,0,False,False
Cochin Ariya Vaidya Sala,Kerala,Ernakulam,0,9.9486828,76.3463624,0,0,False,False
M.O.S.C. Medical College Hospital Kolenchery,Kerala,Ernakulam,0,9.9782707,76.4738971,0,0,False,False
Sir Dorabji Tata Trust Aided Hospital ( S D T T A ),Kerala,Ernakulam,0,9.9352861,76.3854328,0,0,False,False
Hail Mary Hospital,Kerala,Ernakulam,0,9.8991861,76.3729725,0,0,False,False
Varsha Nursing Home,Kerala,Ernakulam,0,9.8983966,76.383986,0,0,False,False
St.Vincent De-Paul Hospital,Kerala,Ernakulam,0,10.1199994,76.1986595,0,0,False,False
Kristu Jayanti Hospital,Kerala,Ernakulam,0,9.88891,76.3854328,0,0,False,False
Jishy Hospital,Kerala,Ernakulam,0,9.9241696,76.2560593,0,0,False,False
Anwar Memorial Hospital,Kerala,Ernakulam,0,19.183688,77.2950259,0,0,False,False
Carmel Hospital,Kerala,Ernakulam,0,10.08368,76.3609132,0,0,False,False
Dr. C. K. P Hospital,Kerala,Ernakulam,0,9.9926662,76.2839822,0,0,False,False
K M K Hospital,Kerala,Ernakulam,0,10.1146721,76.4726289,0,0,False,False
Karothukuzhi Hospital Pvt Ltd,Kerala,Ernakulam,0,10.1056361,76.3509169,0,0,False,False
Najath Hospital,Kerala,Ernakulam,0,10.1075702,76.345662,0,0,False,False
S.V. Pharmacy and Nursing Home,Kerala,Ernakulam,0,10.08368,76.3609132,0,0,False,False
Co-Operative Medical College Hospital,Kerala,Ernakulam,0,10.0579063,76.3463624,0,0,False,False
Jnm Lakshmi Hospital,Kerala,Ernakulam,0,9.9816358,76.2998842,0,0,False,False
Ayurveda Nursing Home,Kerala,Ernakulam,0,10.1075702,76.345662,0,0,False,False
Chaitanya Nursing Home,Kerala,Ernakulam,0,10.151915,76.2317114,0,0,False,False
Don Bosco Hospital,Kerala,Ernakulam,0,9.9816358,76.2998842,0,0,False,False
Santhi Clinic and Hospital,Kerala,Ernakulam,0,10.151915,76.2317114,0,0,False,False
Navabharath Medical Center,Kerala,Ernakulam,0,10.1729267,76.1796042,0,0,False,False
Shajy Hospital,Kerala,Ernakulam,0,10.151915,76.2317114,0,0,False,False
Ub Trust Hospital and Diagnostic Centre,Kerala,Ernakulam,0,10.0743385,76.2713608,0,0,False,False
Little Flower Hospital Annex,Kerala,Ernakulam,0,10.1069106,76.2626661,0,0,False,False
Parathuvayalil Hospital,Kerala,Ernakulam,0,10.1175991,76.5163489,0,0,False,False
Lakshmi Hospital,Kerala,Ernakulam,0,12.2445108,75.1451071,0,0,False,False
Luke Memorial Eye Hospital,Kerala,Ernakulam,0,10.131939,76.4821849,0,0,False,False
M.V. Joseph Memorial Hospital,Kerala,Ernakulam,0,10.1143869,76.4736441,0,0,False,False
S. N. Mission Hospital,Kerala,Ernakulam,0,10.131939,76.4821849,0,0,False,False
V.M.M Ospital,Kerala,Ernakulam,0,10.1146721,76.4726289,0,0,False,False
Vathiyayath Hospital,Kerala,Ernakulam,0,10.131939,76.4821849,0,0,False,False
Ayswarya Hospital,Kerala,Ernakulam,0,10.082247,76.3828446,0,0,False,False
Thaqdees Hospital Limited,Kerala,Ernakulam,0,10.082247,76.3828446,0,0,False,False
Attikal Devi Institute Of Medical Sciences Ltd,Kerala,Ernakulam,0,8.5241391,76.9366376,0,0,False,False
General Clinic,Kerala,Ernakulam,0,10.0252873,76.4490782,0,0,False,False
Samaritan Hospital,Kerala,Ernakulam,0,10.0451768,76.3953699,0,0,False,False
Kg Hospital,Kerala,Ernakulam,0,10.1849092,76.3753046,0,0,False,False
Little Flower Hospital And Research Centre,Kerala,Ernakulam,0,10.1849092,76.3753046,0,0,False,False
Madonna Medical Centre,Kerala,Ernakulam,0,10.1849092,76.3753046,0,0,False,False
P.M.M. Hsopital,Kerala,Ernakulam,0,10.1672856,76.439884,0,0,False,False
St.Thomas Hospital,Kerala,Ernakulam,0,10.1850163,76.4723506,0,0,False,False
Alphonsa Hospital Karukutty,Kerala,Ernakulam,0,10.2275552,76.3789758,0,0,False,False
St. Philomina`S Mission Hospital,Kerala,Ernakulam,0,10.1849092,76.3753046,0,0,False,False
Dr. Pakkai Memorial Hospital,Kerala,Ernakulam,0,9.9816358,76.2998842,0,0,False,False
Karuna Hospital,Kerala,Ernakulam,0,9.9816358,76.2998842,0,0,False,False
Medical Centre,Kerala,Ernakulam,0,10.2073598,76.4534165,0,0,False,False
Kerala Ayurveda Hospital,Kerala,Ernakulam,0,10.1089208,76.3542228,0,0,False,False
Purnagram,Kerala,Ernakulam,0,9.9816358,76.2998842,0,0,False,False
Ahalia Foundation Eye Hospital,Kerala,Ernakulam,0,10.0032141,76.5502271,0,0,False,False
Nedumchalil Trust Hospital,Kerala,Ernakulam,0,9.9894229,76.5789749,0,0,False,False
"Nirmala Medical Centre,",Kerala,Ernakulam,0,9.9797642,76.5861174,0,0,False,False
Sabine Hospital and Research Centre,Kerala,Ernakulam,0,9.9875636,76.5777355,0,0,False,False
St.George Hospital,Kerala,Ernakulam,0,9.9894229,76.5789749,0,0,False,False
Ushus Hospital - Muvattupuzha,Kerala,Ernakulam,0,9.9816358,76.2998842,0,0,False,False
Ayurvedic Eye Hospital and Rescarch Center,Kerala,Ernakulam,0,9.8679732,76.5972674,0,0,False,False
Deva Matha Hospital,Kerala,Ernakulam,0,9.8627081,76.5942178,0,0,False,False
Naynam Ayurvedic Eye Hospital,Kerala,Ernakulam,0,9.8627081,76.5942178,0,0,False,False
Chari Hospital,Kerala,Ernakulam,0,10.0046,76.5708,0,0,False,False
Muvattupuzha Medical Centre,Kerala,Ernakulam,0,9.9907272,76.5745783,0,0,False,False
Nedumchalil Hospital,Kerala,Ernakulam,0,10.0032141,76.5502271,0,0,False,False
Women and Childrens Hospital,Kerala,Ernakulam,0,9.9894229,76.5789749,0,0,False,False
Mar Baselios Medial Mission Hospital,Kerala,Ernakulam,0,10.0601903,76.6350827,0,0,False,False
Nangelil Hospital,Kerala,Ernakulam,0,10.0560287,76.5855308,0,0,False,False
St Johns Hospital,Kerala,Idukki,0,9.7473563,77.1103797,0,0,False,False
Medical Trust Hospital,Kerala,Idukki,0,9.826922,77.1628327,0,0,False,False
Vijayaraja Hospital,Kerala,Idukki,0,10.0115043,76.9527836,0,0,False,False
Archana Hospital,Kerala,Idukki,0,9.8929802,76.7221082,0,0,False,False
Chazhikattu Hospital Pvt Ltd,Kerala,Idukki,0,9.8929802,76.7221082,0,0,False,False
St.Mary Hospitals,Kerala,Idukki,0,9.8929802,76.7221082,0,0,False,False
Holy Family Hospital,Kerala,Idukki,0,9.9074887,76.730315,0,0,False,False
General Hospital,Kerala,Idukki,0,10.0885685,77.0581065,0,0,False,False
Tata Global Beverages Limited General Hospital,Kerala,Idukki,0,10.0889333,77.0595248,0,0,False,False
Sevana Hospital and Research Centre Pvt Ltd,Kerala,Kannur,0,11.8744775,75.3703662,0,0,False,False
A K G Memorial Co Operative Hospital,Kerala,Kannur,0,11.8793744,75.3687048,0,0,False,False
Ashoka Hospital,Kerala,Kannur,0,11.8797372,75.3770694,0,0,False,False
Dhanalakshimi Hospital,Kerala,Kannur,0,11.8744775,75.3703662,0,0,False,False
Fatima Hospital,Kerala,Kannur,0,11.8797372,75.3770694,0,0,False,False
Kannur Co-Operative Hospital Society Limited,Kerala,Kannur,0,11.8793744,75.3687048,0,0,False,False
Madhan Rao Scindia Hospital,Kerala,Kannur,0,11.8793744,75.3687048,0,0,False,False
Speciality Hospital,Kerala,Kannur,0,11.8736408,75.3833445,0,0,False,False
Jyothis Eye Care,Kerala,Kannur,0,11.8744775,75.3703662,0,0,False,False
Koyili Hospital,Kerala,Kannur,0,11.8744775,75.3703662,0,0,False,False
"S.M,. Hospital;",Kerala,Kannur,0,11.8736408,75.3833445,0,0,False,False
Josgiri Hospital,Kerala,Kannur,0,11.7532878,75.4928777,0,0,False,False
Santhigiri Nursing Home,Kerala,Kannur,0,11.7503241,75.5023848,0,0,False,False
Tellicherry Co Operative Hospital,Kerala,Kannur,0,11.7532878,75.4928777,0,0,False,False
Thalassery Mission Hospital,Kerala,Kannur,0,11.7532878,75.4928777,0,0,False,False
Shemi Hospital,Kerala,Kannur,0,11.7532878,75.4928777,0,0,False,False
Indira Gandhi Co Operative Hospital,Kerala,Kannur,0,11.7482027,75.4970303,0,0,False,False
Tely Medical Centre Ltd,Kerala,Kannur,0,11.7532878,75.4928777,0,0,False,False
Lourde Hospital,Kerala,Kannur,0,12.0415345,75.3552674,0,0,False,False
Rihan Child and Newborn Hospital,Kerala,Kannur,0,12.0382692,75.3674516,0,0,False,False
Santhosh Hospital,Kerala,Kannur,0,11.7532878,75.4928777,0,0,False,False
Taliparamba Co-Operative Hospital,Kerala,Kannur,0,12.0495614,75.3065532,0,0,False,False
Thaliparamba Nursing Home,Kerala,Kannur,0,12.0457106,75.3713822,0,0,False,False
Mukunda Hospital,Kerala,Kannur,0,12.1050687,75.2058336,0,0,False,False
Payyanur Co-Operative Hospital,Kerala,Kannur,0,11.8797372,75.3770694,0,0,False,False
Payyanur Medicare Center,Kerala,Kannur,0,12.1050687,75.2058336,0,0,False,False
Saba Hospital,Kerala,Kannur,0,12.662559,80.17743,0,0,False,False
Sredha Hospital,Kerala,Kannur,0,11.8744775,75.3703662,0,0,False,False
Chc Cheruthazam,Kerala,Kannur,0,11.8744775,75.3703662,0,0,False,False
Chc Karivelloor,Kerala,Kannur,0,11.8744775,75.3703662,0,0,False,False
Modern Multi Speciality Hospital,Kerala,Kannur,0,11.9428357,75.3499629,0,0,False,False
Parassinikkadavu Ayurveda Medical College,Kerala,Kannur,0,11.8744775,75.3703662,0,0,False,False
WandC Hospital,Kerala,Kannur,0,11.8744775,75.3703662,0,0,False,False
Carithas Hospital,Kerala,Kannur,0,12.190978,75.4673311,0,0,False,False
St. Josephs Hospital,Kerala,Kannur,0,11.8744775,75.3703662,0,0,False,False
Chc Irikkur,Kerala,Kannur,0,11.8744775,75.3703662,0,0,False,False
Chc Mayyil,Kerala,Kannur,0,11.8744775,75.3703662,0,0,False,False
Dhanwantare Heritage Ayurveda Centre,Kerala,Kannur,0,11.88067,75.3824954,0,0,False,False
Mercy Hospital,Kerala,Kannur,0,12.06289,75.5826371,0,0,False,False
Erattu Hospital and Geriatric Care Centre,Kerala,Kannur,0,11.8744775,75.3703662,0,0,False,False
Chc Mattannur,Kerala,Kannur,0,11.8744775,75.3703662,0,0,False,False
Amala Multispeciality Hospital,Kerala,Kannur,0,11.98128,75.6724462,0,0,False,False
Community Health Center,Kerala,Kannur,0,11.9818625,75.6702647,0,0,False,False
Cherupuzha Medical Centre,Kerala,Kasaragod,0,12.2728397,75.3672001,0,0,False,False
Carewell Hospital And Research Centre,Kerala,Kasaragod,0,12.5102239,74.9851678,0,0,False,False
Institute Of Applied Dermatology,Kerala,Kasaragod,0,12.5036701,74.9901455,0,0,False,False
K.A.H Memorial Hospital,Kerala,Kasaragod,0,12.2165159,75.1626153,0,0,False,False
Kamath Medical Center,Kerala,Kasaragod,0,12.5102239,74.9851678,0,0,False,False
Mallya City Hospital,Kerala,Kasaragod,0,12.5102239,74.9851678,0,0,False,False
Thengana Medical Mission Hospital and Research Center,Kerala,Kasaragod,0,9.4770415,76.5759495,0,0,False,False
United Hospital And Research Center,Kerala,Kasaragod,0,12.5102239,74.9851678,0,0,False,False
Malik Deenar Charitable Hospital,Kerala,Kasaragod,0,12.4827061,74.9939245,0,0,False,False
Unity Hospital,Kerala,Kasaragod,0,12.2149697,75.1575691,0,0,False,False
N.K. Balakrishanan Memorial Charietable Hospital,Kerala,Kasaragod,0,12.240731,75.1271939,0,0,False,False
Thejaswini Co-Operative Hospital And Medical Resea,Kerala,Kasaragod,0,12.257184,75.1325797,0,0,False,False
Arimala Hospital,Kerala,Kasaragod,0,12.5102239,74.9851678,0,0,False,False
Care and Cure Hospital,Kerala,Kasaragod,0,12.5102239,74.9851678,0,0,False,False
Cims Hospital,Kerala,Kasaragod,0,12.5102239,74.9851678,0,0,False,False
Kanhangad Nursing Home,Kerala,Kasaragod,0,13.7975001,76.2843163,0,0,False,False
Manzoor Hospital,Kerala,Kasaragod,0,12.5102239,74.9851678,0,0,False,False
Padma Polyclinic,Kerala,Kasaragod,0,12.5102239,74.9851678,0,0,False,False
Priyadarshini Hospital and Deepa Nursing Home,Kerala,Kasaragod,0,12.5102239,74.9851678,0,0,False,False
Satchidananda Institute Of Medical Science,Kerala,Kasaragod,0,29.3947643,79.1264997,0,0,False,False
Sims Comtrust Eye Care Hospital,Kerala,Kasaragod,0,12.5102239,74.9851678,0,0,False,False
Surgicare Centre and Hospital,Kerala,Kasaragod,0,12.5102239,74.9851678,0,0,False,False
K N H Hospital,Kerala,Kasaragod,0,12.4867432,74.9901284,0,0,False,False
Uppala Health Complex,Kerala,Kasaragod,0,12.5102239,74.9851678,0,0,False,False
"Krishna Clinic , Maternity and Nursing Home",Kerala,Kasaragod,0,12.5102239,74.9851678,0,0,False,False
Peoples Clinic and Hospital,Kerala,Kasaragod,0,12.5102239,74.9851678,0,0,False,False
Amrita  Institute Of Medical Sciences,Kerala,Ernakulam,Kochi,9.9312328,76.2673041,0,0,True,False
Sree Narayana Institute of Medical Science,Kerala,Ernakulam,Kochi,10.1715597,76.2962508,0,0,True,False
Don Bosco Hospital,Kerala,Ernakulam,Kochi,10.089171,76.2450153,0,0,True,False
Amrita Institute of Medical Sciences (AIMS),Kerala,Ernakulam,Kochi,10.0272282,76.2985941,0,0,True,False
Punarnava Ayurveda Hospital,Kerala,Ernakulam,Kochi,10.0236761,76.3116235,0,0,True,False
Lourdes Hospital,Kerala,Ernakulam,Kochi,10.0079615,76.2779032,0,0,True,False
Malankara Orthodox Syrian Church Medical College (M.O.S.C.M.C),Kerala,Ernakulam,0,9.9782707,76.4738971,0,0,True,False
A M Hospital,Kerala,Kollam,0,8.8932118,76.6141396,0,0,False,False
Pearl Hospital,Kerala,Kollam,0,9.0549496,76.5305431,0,0,False,False
Mar Theodosius Memorial Med Mission,Kerala,Kollam,0,9.0673171,76.6499322,0,0,False,False
Nava Bharath Hospital,Kerala,Kollam,0,9.0364612,76.6239423,0,0,False,False
Mariyanam Hospital,Kerala,Kollam,0,8.8932118,76.6141396,0,0,False,False
Parabrahma Speciality Hospital and Research Centre,Kerala,Kollam,0,9.1262344,76.5111212,0,0,False,False
Priyanka Eye Hospital,Kerala,Kollam,0,9.1096398,76.5213648,0,0,False,False
Arafa M M Hospital,Kerala,Kollam,0,8.8932118,76.6141396,0,0,False,False
Bishop Benziger Hospital,Kerala,Kollam,0,8.8932118,76.6141396,0,0,False,False
S.N. Trust Medical Mission Hospital,Kerala,Kollam,0,8.8932118,76.6141396,0,0,False,False
S.S.M Hospital,Kerala,Kollam,0,8.8875336,76.5845805,0,0,False,False
Sree Narayana Trusts Medical Mission,Kerala,Kollam,0,8.8932118,76.6141396,0,0,False,False
Surya Hospital,Kerala,Kollam,0,9.3183275,76.6110845,0,0,False,False
Devans Hospital,Kerala,Kollam,0,8.9405615,76.6585978,0,0,False,False
Dr.Viswanathan Memmorial Hospital,Kerala,Kollam,0,8.8932118,76.6141396,0,0,False,False
N.S. Memorial Institute Of Medical Sciences,Kerala,Kollam,0,8.8717555,76.6390251,0,0,False,False
Thayabji Hospital,Kerala,Kollam,0,8.8932118,76.6141396,0,0,False,False
Deen Hospital,Kerala,Kollam,0,9.009768,76.9297354,0,0,False,False
Poyanil Hospital,Kerala,Kollam,0,8.8932118,76.6141396,0,0,False,False
Pranavam Hospital (P) Ltd,Kerala,Kollam,0,9.7148849,76.6884259,0,0,False,False
St. Thomas Hospital,Kerala,Kollam,0,8.8932118,76.6141396,0,0,False,False
Anchal Hospital For Mother and Child,Kerala,Kollam,0,8.8932118,76.6141396,0,0,False,False
Parackattu Medical Trust,Kerala,Kollam,0,8.918169,76.9102836,0,0,False,False
Sabari Giri Hospital,Kerala,Kollam,0,8.8932118,76.6141396,0,0,False,False
Shankar's Eye Hospital,Kerala,Kollam,0,9.00201,76.92888,0,0,False,False
Assisi Atonement Hospital,Kerala,Kollam,0,8.938599,76.6788091,0,0,False,False
T.H.Q Hospital,Kerala,Kollam,0,8.8530845,76.6754581,0,0,False,False
Aroma Medical Centre,Kerala,Kollam,0,8.9828066,76.8374545,0,0,False,False
Little Flower Mission Hospital,Kerala,Kollam,0,8.8932118,76.6141396,0,0,False,False
Christu Raj Hospital,Kerala,Kollam,0,9.0055148,76.779085,0,0,False,False
K.N.S Hospital,Kerala,Kollam,0,9.0545992,76.6997784,0,0,False,False
Maithri Multi Speciality Hospital,Kerala,Kollam,0,9.006282,76.7829273,0,0,False,False
Nirmala Hospital,Kerala,Kollam,0,9.0159646,76.7615524,0,0,False,False
Sri Narayancharatable Society,Kerala,Kollam,0,8.8292826,76.9221594,0,0,False,False
Sri Sathya Sai Super Speciality Hospital,Kerala,Kollam,0,8.8932118,76.6141396,0,0,False,False
Vijaya Hospital,Kerala,Kollam,0,9.0058556,76.7828785,0,0,False,False
Mercy Hospital,Kerala,Kollam,0,8.9599518,76.8312493,0,0,False,False
Hari Sree Hospital,Kerala,Kollam,0,8.8875336,76.5845805,0,0,False,False
Chc Nilamel,Kerala,Kollam,0,8.8237556,76.88241,0,0,False,False
Azeezia Mediacal College Hospital - Kollam,Kerala,Kollam,0,8.9076174,76.7376566,0,0,False,False
Kerala Ent Research Foundation,Kerala,Kollam,0,8.8932118,76.6141396,0,0,False,False
Royal Hospital,Kerala,Kollam,0,8.8619637,76.7031014,0,0,False,False
C.Achutha Menon Co-Operative Hospital,Kerala,Kollam,0,8.8932118,76.6141396,0,0,False,False
Sivapriya Ayurvedic Hospital,Kerala,Kollam,0,8.8932118,76.6141396,0,0,False,False
Aravind Medical Centre,Kerala,Kollam,0,8.9907352,76.5404621,0,0,False,False
Kayalvarath Ayurvedha Hospital,Kerala,Kollam,0,8.8932118,76.6141396,0,0,False,False
Matha Medical Centre,Kerala,Kollam,0,8.8932118,76.6141396,0,0,False,False
Azeezia Medical College,Kerala,Kollam,0,8.9076174,76.7376566,0,0,True,False
A.A.Rahim Memorial District Hospital,Kerala,Kollam,0,8.8932118,76.6141396,0,0,True,False
CHC Neendakara,Kerala,Kollam,0,8.9443198,76.5401527,0,0,True,False
Dr. A.Shahul Hammed Superintend Taluk Hospital,Kerala,Kollam,0,9.009768,76.9297354,0,0,True,False
GovernmentRama Rao Hospital,Kerala,Kollam,0,8.8363607,76.6845832,0,0,True,False
GovernmentVictoriya Hospital,Kerala,Kollam,0,8.8932118,76.6141396,0,0,True,False
Taluk Head Quaters Hospital,Kerala,Kollam,0,8.6558696,76.7831744,0,0,True,False
Taluk Hospital Kadakal,Kerala,Kollam,0,8.8260864,76.9167664,0,0,True,False
District Hospital,Kerala,Kottayam,0,9.5899755,76.4391911,0,0,False,False
Karipal Hospital,Kerala,Kottayam,0,9.5887245,76.5528421,0,0,False,False
Mar Dionysius Hospital,Kerala,Kottayam,0,9.5864523,76.5155834,0,0,False,False
S H Medical Center,Kerala,Kottayam,0,9.5934942,76.5294135,0,0,False,False
Thaluk Head Quarters,Kerala,Kottayam,0,9.5915668,76.5221531,0,0,False,False
Women And Children,Kerala,Kottayam,0,9.5915668,76.5221531,0,0,False,False
H and W Cardiac Center,Kerala,Kottayam,0,9.5878227,76.5144244,0,0,False,False
Vasan Eye Care Hospital,Kerala,Kottayam,0,9.5878227,76.5144244,0,0,False,False
Institute Of Child Health and Children Hospital,Kerala,Kottayam,0,9.5915668,76.5221531,0,0,False,False
Medical College Hospital,Kerala,Kottayam,0,9.5915668,76.5221531,0,0,False,False
Paret Mar Ivanios Hospital,Kerala,Kottayam,0,9.5915668,76.5221531,0,0,False,False
Bharath Hospital,Kerala,Kottayam,0,9.5894263,76.5193897,0,0,False,False
Caritas Hospital,Kerala,Kottayam,0,9.6452325,76.5493712,0,0,False,False
"The Mundakapadam Mandiram Hospital,",Kerala,Kottayam,0,9.5915668,76.5221531,0,0,False,False
Sree Sankara (Ayurveda) Hospital,Kerala,Kottayam,0,9.4384123,76.5473968,0,0,False,False
Sanjeevani Nursing Home,Kerala,Kottayam,0,9.4458875,76.5409655,0,0,False,False
"St, Thomas Hospital Chethipuzha",Kerala,Kottayam,0,9.4618582,76.548161,0,0,False,False
Medicare Childrens Hospital,Kerala,Kottayam,0,9.5915668,76.5221531,0,0,False,False
"Indo American Hospital, Brain and Spine",Kerala,Kottayam,0,9.7216446,76.3926668,0,0,False,False
Edayazham,Kerala,Kottayam,0,9.6862422,76.425938,0,0,False,False
Pampady,Kerala,Kottayam,0,9.5915668,76.5221531,0,0,False,False
S. Joseph Memorial Hospital,Kerala,Kottayam,0,9.5915668,76.5221531,0,0,False,False
Pnp Memorial (Kvms) Hindu Medical Mission,Kerala,Kottayam,0,9.5915668,76.5221531,0,0,False,False
Santhinikethan,Kerala,Kottayam,0,9.5648634,76.7558304,0,0,False,False
St Josephs Eye and Ent Hospital,Kerala,Kottayam,0,9.5572705,76.7894349,0,0,False,False
Erumely,Kerala,Kottayam,0,9.5915668,76.5221531,0,0,False,False
Assisi Hospital,Kerala,Kottayam,0,9.5915668,76.5221531,0,0,False,False
Mundakayam Medical Trust Hospital,Kerala,Kottayam,0,9.5915668,76.5221531,0,0,False,False
Koottickal,Kerala,Kottayam,0,9.5915668,76.5221531,0,0,False,False
Hw Cardiac Center,Kerala,Kottayam,0,9.5878227,76.5144244,0,0,False,False
M M Medical Center,Kerala,Kottayam,0,9.5915668,76.5221531,0,0,False,False
Thottakkadu,Kerala,Kottayam,0,9.5915668,76.5221531,0,0,False,False
Karuckachal,Kerala,Kottayam,0,9.5915668,76.5221531,0,0,False,False
Sreerangom C.V.N. Kalari Chikilsakendram,Kerala,Kottayam,0,9.5133743,76.629294,0,0,False,False
Edayirikkapuzha,Kerala,Kottayam,0,9.5915668,76.5221531,0,0,False,False
St. Ritas Hospital,Kerala,Kottayam,0,9.4256932,76.5621972,0,0,False,False
Kumarakam,Kerala,Kottayam,0,9.6901849,76.4712403,0,0,False,False
Kadaplamattom,Kerala,Kottayam,0,9.5915668,76.5221531,0,0,False,False
Ramapuram,Kerala,Kottayam,0,13.0317443,80.1816719,0,0,False,False
Marian Medical Centre Pala,Kerala,Kottayam,0,9.7045312,76.6636509,0,0,False,False
General Hospital,Kerala,Kottayam,0,9.7137531,76.6829278,0,0,False,False
Upasana Hospital,Kerala,Kottayam,0,9.7137531,76.6829278,0,0,False,False
Paika,Kerala,Kottayam,0,9.5915668,76.5221531,0,0,False,False
Immaculate Heart Of Mary Hospital,Kerala,Kottayam,0,9.69945,76.7249943,0,0,False,False
St.Xaviers Hospital,Kerala,Kottayam,0,9.7216446,76.3926668,0,0,False,False
Mercy Hospital,Kerala,Kottayam,0,9.7995968,76.4671626,0,0,False,False
Pulickal Ayurveda Hospital,Kerala,Kottayam,0,9.5915668,76.5221531,0,0,False,False
Holy Ghost Mission Hospital,Kerala,Kottayam,0,9.7554405,76.5059382,0,0,False,False
Matha Hospital - Kottayam,Kerala,Kottayam,0,9.5915668,76.5221531,0,0,False,False
Vimala Hospital,Kerala,Kottayam,0,9.6703602,76.5608746,0,0,False,False
Chaithanya Trust Hospital,Kerala,Kottayam,0,9.5915668,76.5221531,0,0,False,False
St Vincents Hospital,Kerala,Kottayam,0,9.7518498,76.5624189,0,0,False,False
Uzhavoor,Kerala,Kottayam,0,9.7889067,76.6101542,0,0,False,False
M U M Hospital,Kerala,Kottayam,0,9.5915668,76.5221531,0,0,False,False
M K M Hospital,Kerala,Kottayam,0,9.752814,76.6961305,0,0,False,False
Ullanadu,Kerala,Kottayam,0,9.5915668,76.5221531,0,0,False,False
Edamaruk,Kerala,Kottayam,0,9.5915668,76.5221531,0,0,False,False
"Government Medical College, Kottayam",Kerala,Kottayam,0,9.6316054,76.5228101,0,0,True,False
Adithya Ayurvedic Hospital and Research Centre,Kerala,Kozhikode,0,11.2587531,75.78041,0,0,False,False
Asoka Hospital,Kerala,Kozhikode,0,11.2626868,75.7802499,0,0,False,False
Chest Hospital,Kerala,Kozhikode,0,11.2549673,75.7840907,0,0,False,False
City Eye Foundation,Kerala,Kozhikode,0,11.2549673,75.7840907,0,0,False,False
Fathima Hospital,Kerala,Kozhikode,0,11.2624446,75.7803494,0,0,False,False
National Hospital,Kerala,Kozhikode,0,11.2592985,75.7893777,0,0,False,False
Rajendra Nursing Home,Kerala,Kozhikode,0,11.265192,75.7833314,0,0,False,False
S.D.K. Health Complex,Kerala,Kozhikode,0,11.2958174,75.8461328,0,0,False,False
Avp Ayushman Ayurveda Hospital,Kerala,Kozhikode,0,11.2352408,75.7938309,0,0,False,False
Calicutent Centre ( Chest Hospital ),Kerala,Kozhikode,0,11.2587531,75.78041,0,0,False,False
P.V.S Hospital (P) Ltd.,Kerala,Kozhikode,0,11.2451938,75.7816488,0,0,False,False
Baby Memorial Hospital,Kerala,Kozhikode,0,11.2587531,75.78041,0,0,False,False
Comtrust Eye Hospital,Kerala,Kozhikode,0,11.2498922,75.7960249,0,0,False,False
Dr. Agarwal Vasans Eye Hospital,Kerala,Kozhikode,0,11.2871531,75.8048929,0,0,False,False
Dr Manojs Ent Super Speciality Institute and Researc,Kerala,Kozhikode,0,11.2889591,75.7618593,0,0,False,False
Kozhikode District Co-Op Hospital Limited,Kerala,Kozhikode,0,11.2587531,75.78041,0,0,False,False
Malabar Hospitals and Urology Centre,Kerala,Kozhikode,0,11.288879,75.7883228,0,0,False,False
Koyas Hospital. - Calicut,Kerala,Kozhikode,0,11.1765652,75.8314146,0,0,False,False
Malabar Diabities Foundation and Re-Search Centre,Kerala,Kozhikode,0,11.2550641,75.7856766,0,0,False,False
"Sridhar Hospital Pvt Ltd ,",Kerala,Kozhikode,0,11.2716951,75.7757105,0,0,False,False
"Cradele Calicut Maternity Care Pvt. Ltd.,",Kerala,Kozhikode,0,11.2587531,75.78041,0,0,False,False
R.M.Hospital,Kerala,Kozhikode,0,11.2550641,75.7856766,0,0,False,False
Malabar Institute Of Medical Sciences Ltd,Kerala,Kozhikode,0,11.2464059,75.7990126,0,0,False,False
Malabar Multispecialty Centre Pvt. Ltd.,Kerala,Kozhikode,0,11.288879,75.7883228,0,0,False,False
Ceeyam Hospitals (P) Ltd,Kerala,Kozhikode,0,11.608495,75.5917092,0,0,False,False
The Badagara Sahakarana Asupathri Ltd.,Kerala,Kozhikode,0,11.606995,75.5826144,0,0,False,False
Nithyananda Sidha Marmma Ayurveda Hospital,Kerala,Kozhikode,0,11.4413284,75.7016206,0,0,False,False
Sharada Health Centre,Kerala,Kozhikode,0,11.4469682,75.7909105,0,0,False,False
Aswini Hospital and Maternity Center,Kerala,Kozhikode,0,11.2587531,75.78041,0,0,False,False
Malabar Medical College Hospital,Kerala,Kozhikode,0,11.3889809,75.7602763,0,0,False,False
Vims Hospital,Kerala,Kozhikode,0,11.6863255,75.6775363,0,0,False,False
K.M.C. Hospital,Kerala,Kozhikode,0,11.596289,75.5965577,0,0,False,False
Medical College Hospital,Kerala,Kozhikode,0,11.2587531,75.78041,0,0,False,False
Santhi Hospital,Kerala,Kozhikode,0,11.3650708,75.9622899,0,0,False,False
Chavara Hospital Thamarassery,Kerala,Kozhikode,0,11.4152405,75.9405178,0,0,False,False
Mother Mary Hospital,Kerala,Kozhikode,0,11.2587531,75.78041,0,0,False,False
Sakalya Ayurveda Hospital,Kerala,Kozhikode,0,11.2377939,75.7872748,0,0,False,False
St.Joseph Hospital,Kerala,Kozhikode,0,11.3302071,75.9855098,0,0,False,False
Alph0Nsa Hospital,Kerala,Kozhikode,0,11.4057947,76.039628,0,0,False,False
M.M. Hospital,Kerala,Kozhikode,0,11.2587531,75.78041,0,0,False,False
Koya's Hospital,Kerala,Kozhikode,0,11.1765652,75.8314146,0,0,False,False
Mch Unit Cheruppa,Kerala,Kozhikode,0,11.2587531,75.78041,0,0,False,False
"Government Medical College, Kozhikode",Kerala,Kozhikode,0,11.2703204,75.8302854,0,0,True,False
City Hospital,Kerala,Malappuram,0,10.9146271,75.9220929,0,0,False,False
Tirur Mission Hospital,Kerala,Malappuram,0,11.0731819,76.0739999,0,0,False,False
Al Noor Hospital,Kerala,Ernakulam,0,9.9816358,76.2998842,0,0,False,False
Soorya Hospital,Kerala,Malappuram,0,10.8905807,75.920557,0,0,False,False
Ahalia Foundation Eye Hospital,Kerala,Malappuram,0,11.1202984,76.1199677,0,0,False,False
Prasanthi Hitech Hospital,Kerala,Malappuram,0,11.1737849,76.007791,0,0,False,False
Korambayil Hospital - Manjeri,Kerala,Malappuram,0,11.1202984,76.1199677,0,0,False,False
Maanu Memorial Hospital,Kerala,Malappuram,0,11.1261081,76.1131495,0,0,False,False
Daya Hospital,Kerala,Malappuram,0,11.0731819,76.0739999,0,0,False,False
Almas Hospital,Kerala,Malappuram,0,10.9984999,75.9963928,0,0,False,False
Arya Vaidya Sala Kottakkal,Kerala,Malappuram,0,11.000112,75.9988311,0,0,False,False
Pg Mediacal Trust Hospital,Kerala,Malappuram,0,11.279432,76.239785,0,0,False,False
M. K. Haji Orphanage Hospital,Kerala,Malappuram,0,11.0353649,75.9272401,0,0,False,False
P.M.S.A Memorial Malappuram District  Co.Op Hospital Ltd,Kerala,Malappuram,0,11.0731819,76.0739999,0,0,False,False
Orchid Kpm Hospital,Kerala,Malappuram,0,11.051046,76.069959,0,0,False,False
Nizar Hospital,Kerala,Malappuram,0,11.0731819,76.0739999,0,0,False,False
Family Polyclinic,Kerala,Malappuram,0,10.9755349,76.2305308,0,0,False,False
Ramdas Clinic and Nursing Home,Kerala,Malappuram,0,10.9755349,76.2305308,0,0,False,False
S R D Ayurvedics,Kerala,Malappuram,0,10.9062988,76.1943129,0,0,False,False
Nims Hospital,Kerala,Malappuram,0,11.1936606,76.2388682,0,0,False,False
B. M.Hospital,Kerala,Malappuram,0,11.2157004,76.1409612,0,0,False,False
Devi Nursing Home,Kerala,Malappuram,0,11.279432,76.239785,0,0,False,False
Elamkulam Hospital,Kerala,Malappuram,0,11.1925431,76.2375625,0,0,False,False
Grace Speciality Hospital,Kerala,Malappuram,0,11.0731819,76.0739999,0,0,False,False
Moulana Hospital,Kerala,Malappuram,0,10.9826402,76.225023,0,0,False,False
Sacred Heart Multi Speciality Hospital,Kerala,Malappuram,0,11.0731819,76.0739999,0,0,False,False
Mar Thoma Mission Hospital,Kerala,Malappuram,0,11.3310717,76.2728934,0,0,False,False
Sukapuram Hospital,Kerala,Malappuram,0,11.0731819,76.0739999,0,0,False,False
Edappal Hospitals (P) Ltd,Kerala,Malappuram,0,10.7838616,76.0075945,0,0,False,False
Rayhan Eye Hospital and Laser Centre,Kerala,Malappuram,0,11.2587531,75.78041,0,0,False,False
Najath Hospital,Kerala,Malappuram,0,10.7878432,75.9751408,0,0,False,False
C.K.J. Clinic,Kerala,Palakkad,0,10.7867303,76.6547932,0,0,False,False
Kerala Nursing Home,Kerala,Palakkad,0,10.7867303,76.6547932,0,0,False,False
Palat Memorial Hospital,Kerala,Palakkad,0,10.7652492,76.6549587,0,0,False,False
Sarada Nursing Home,Kerala,Palakkad,0,10.7867303,76.6547932,0,0,False,False
The Palakkad Hospital and Research Centre,Kerala,Palakkad,0,10.7867303,76.6547932,0,0,False,False
Trinity Eye Centre,Kerala,Palakkad,0,10.7867303,76.6547932,0,0,False,False
Dr Menons Hospital,Kerala,Palakkad,0,10.799477,76.6427152,0,0,False,False
Sai Nursing Home,Kerala,Palakkad,0,10.799477,76.6427152,0,0,False,False
Seventh Day Adventist Hospital,Kerala,Palakkad,0,10.7746325,76.3608343,0,0,False,False
United Hospital,Kerala,Palakkad,0,10.7673312,76.6479151,0,0,False,False
Lakshmi Hospital,Kerala,Palakkad,0,10.7867303,76.6547932,0,0,False,False
Palghat Poly Clinic,Kerala,Palakkad,0,10.7867303,76.6547932,0,0,False,False
Dr T Madhavi Amma Medical Trust,Kerala,Palakkad,0,10.7867303,76.6547932,0,0,False,False
Crescent Hospital,Kerala,Palakkad,0,10.8740477,76.1394822,0,0,False,False
Santhigiri Ayurveda Medical College and Hospital,Kerala,Palakkad,0,10.7867303,76.6547932,0,0,False,False
Mannarkad Nursing Home,Kerala,Palakkad,0,10.9913101,76.4556545,0,0,False,False
Assumption Hospital,Kerala,Palakkad,0,10.9918043,76.5285913,0,0,False,False
Ahalia Foundation Eye Hospital,Kerala,Palakkad,0,10.7521231,76.7430308,0,0,False,False
Paalana Institute Of Medical Sciences,Kerala,Palakkad,0,10.7867303,76.6547932,0,0,False,False
Narayana Ayurveda Chikithsalayam,Kerala,Palakkad,0,10.5997453,76.5473781,0,0,False,False
Aswini Hospital,Kerala,Palakkad,0,10.7867303,76.6547932,0,0,False,False
Nandavanam Ayurvedic Hospitals,Kerala,Palakkad,0,10.7722644,76.3695167,0,0,False,False
Comtrust Ottapalam Eye Care Hospital,Kerala,Palakkad,0,10.7848554,76.3738576,0,0,False,False
K.A.Samajam Hospital and Nursing Home,Kerala,Palakkad,0,10.7676064,76.2652909,0,0,False,False
Sutharia,Kerala,Palakkad,0,10.7676064,76.2652909,0,0,False,False
Sanjeevani Hospital Pvt Ltd,Kerala,Palakkad,0,10.7676064,76.2652909,0,0,False,False
Keraleeyaayurveda Samajam Hospital,Kerala,Palakkad,0,10.7676064,76.2652909,0,0,False,False
Ahalia Ayurvedic Hospital,Kerala,Palakkad,0,10.7917861,76.829238,0,0,False,False
Nila Hospital ( Pvt) Ltd,Kerala,Palakkad,0,10.8067836,76.1964852,0,0,False,False
Karunya Hospital,Kerala,Palakkad,0,10.8831068,76.0763111,0,0,False,False
Poonthottam Ayurvedasram Hospital,Kerala,Palakkad,0,10.8854118,76.3724106,0,0,False,False
Parakkottil Krishnan Memorial Ayurvediac Reaserch,Kerala,Palakkad,0,10.906673,76.4158129,0,0,False,False
P K Das Institute Of Medical Sciences,Kerala,Palakkad,0,10.7822886,76.3269586,0,0,False,False
Valluvanad Hospital,Kerala,Palakkad,0,10.7867303,76.6547932,0,0,False,False
Cns Ayurveda Chikitsalayam and Research Center,Kerala,Palakkad,0,10.8030227,76.1348944,0,0,False,False
Vaidyamadham Vaidyasala and Nursing Home,Kerala,Palakkad,0,10.8030227,76.1348944,0,0,False,False
Guru Kripa Heritage Ayurvedic Treatment,Kerala,Palakkad,0,10.7867303,76.6547932,0,0,False,False
Karuna Medical College,Kerala,Palakkad,0,10.7002756,76.7394237,0,0,True,False
I Vision Eye Hospital A Unit Of Jasm Eye Hospital Pvt Ltd,Kerala,Pathanamthitta,0,9.3834522,76.574057,0,0,False,False
Mary Queens Mission Hospital,Kerala,Pathanamthitta,0,9.3834522,76.574057,0,0,False,False
Pushpagiri Institute Of Medical Science And Research Centre,Kerala,Pathanamthitta,0,9.3915626,76.5797068,0,0,False,False
Tiruvalla Medical Mission,Kerala,Pathanamthitta,0,9.3834522,76.574057,0,0,False,False
Archana Hospital,Kerala,Pathanamthitta,0,9.2647582,76.7870414,0,0,False,False
Christian Mission Hospital,Kerala,Pathanamthitta,0,9.2215872,76.6788982,0,0,False,False
Nss Medical Mission Hospital,Kerala,Pathanamthitta,0,9.2250669,76.6784746,0,0,False,False
Changethu Ayurveda Hospital,Kerala,Pathanamthitta,0,9.2250669,76.6784746,0,0,False,False
Medical Trust Hospital,Kerala,Pathanamthitta,0,9.2465401,76.6730348,0,0,False,False
Ambolil Ayurvedic Research Centre,Kerala,Pathanamthitta,0,9.1023586,76.8360578,0,0,False,False
Fellowship Mission Hospital,Kerala,Pathanamthitta,0,9.3651416,76.6557102,0,0,False,False
S N Nursing Home,Kerala,Pathanamthitta,0,9.2647582,76.7870414,0,0,False,False
St Gregorios Vascular Centre,Kerala,Pathanamthitta,0,9.3425013,76.5343233,0,0,False,False
Mar Gregorious Memorial Muthoot Medical Center,Kerala,Pathanamthitta,0,9.3383655,76.7166444,0,0,False,False
Mgm Muthoot Medical Centre,Kerala,Pathanamthitta,0,9.3383655,76.7166444,0,0,False,False
Poyanil Hospital,Kerala,Pathanamthitta,0,9.3378888,76.7037146,0,0,False,False
Changethu Bhaskaran Nair Memorial Hospital,Kerala,Pathanamthitta,0,9.2647582,76.7870414,0,0,False,False
Geo Medical Trust Superspeciality Hospital,Kerala,Pathanamthitta,0,9.2647582,76.7870414,0,0,False,False
Holy Cross Hospital Adoor,Kerala,Pathanamthitta,0,9.2668196,76.789553,0,0,False,False
Sabitha Eye Care Hospital,Kerala,Pathanamthitta,0,9.2647582,76.7870414,0,0,False,False
Swami Saswathikananda Mission Hospital,Kerala,Pathanamthitta,0,9.2267063,76.8496779,0,0,False,False
Mulamoottil Eye Hospital,Kerala,Pathanamthitta,0,9.2647582,76.7870414,0,0,False,False
Menathottam Hospital,Kerala,Pathanamthitta,0,9.3865694,76.7855551,0,0,False,False
Believers Church Medical Centre,Kerala,Pathanamthitta,0,9.2267063,76.8496779,0,0,False,False
Chc Konni,Kerala,Pathanamthitta,0,9.2267063,76.8496779,0,0,False,False
Peniel Hospital,Kerala,Pathanamthitta,0,9.0917068,76.8568712,0,0,False,False
Maria Hospital,Kerala,Pathanamthitta,0,9.1512395,76.7307663,0,0,False,False
General Hospital Adoor,Kerala,Pathanamthitta,0,9.2647582,76.7870414,0,0,True,False
M.E.S Medical College,Kerala,Perintalmanna,0,10.9755349,76.2305308,0,0,True,False
Pushpagiri Medical College,Kerala,Pathanamthitta,0,9.3834522,76.574057,0,0,True,False
Arumana Hospital,Kerala,Thiruvananthapuram,0,8.4820384,76.9376776,0,0,False,False
Government Taliparamba Hospital,Kerala,Thiruvananthapuram,0,8.5241391,76.9366376,0,0,False,False
Gowreesha Hospital,Kerala,Thiruvananthapuram,0,8.5241391,76.9366376,0,0,False,False
India Hospital (Unit Of Manhattan Hospital Pvt. Ltd.),Kerala,Thiruvananthapuram,0,8.4900906,76.9535038,0,0,False,False
Janaki Nursing Home Tsunami Project Only),Kerala,Thiruvananthapuram,0,8.6832224,76.7710316,0,0,False,False
Regional Institute Of Ophthalmology,Kerala,Thiruvananthapuram,0,8.5241391,76.9366376,0,0,False,False
Ruckmoni Memorial Devi Hospital,Kerala,Thiruvananthapuram,0,8.4452383,77.1946172,0,0,False,False
Saravana Hospital,Kerala,Thiruvananthapuram,0,13.0501141,80.2560144,0,0,False,False
Sut Hospital,Kerala,Thiruvananthapuram,0,8.5207295,76.9422873,0,0,False,False
Chelsa Hospital and Surgical Centre,Kerala,Thiruvananthapuram,0,8.4848542,76.9772675,0,0,False,False
Government Ayurveda College Hospital Thiruvanantha,Kerala,Thiruvananthapuram,0,8.5241391,76.9366376,0,0,False,False
Chaithanya Eye Hospital and Research Institute,Kerala,Thiruvananthapuram,0,8.5292277,76.9398195,0,0,False,False
Cosmopolitan Hospital P. Ltd. - Pattom,Kerala,Thiruvananthapuram,0,8.5154788,76.9353556,0,0,False,False
Dr. Pai Heart Foundation,Kerala,Thiruvananthapuram,0,8.619466,76.8987284,0,0,False,False
Meditrina Hospital,Kerala,Thiruvananthapuram,0,8.5207295,76.9422873,0,0,False,False
Sree Uthradom Thirunal Hospital - Thiruvananthapuram,Kerala,Thiruvananthapuram,0,8.5241391,76.9366376,0,0,False,False
Blessing Hospital,Kerala,Thiruvananthapuram,0,8.5241391,76.9366376,0,0,False,False
Dr Govindans Hospital,Kerala,Thiruvananthapuram,0,8.5241391,76.9366376,0,0,False,False
Kolath Medical Center Pvt Ltd,Kerala,Thiruvananthapuram,0,8.5241391,76.9366376,0,0,False,False
Punarjani Institute Of Medical Sciences and Research Center,Kerala,Thiruvananthapuram,0,8.5429051,76.9672172,0,0,False,False
"Santhwana Hospital Pvtltd ,",Kerala,Thiruvananthapuram,0,8.5352544,76.9578167,0,0,False,False
Sut Mother and Baby Hospital,Kerala,Thiruvananthapuram,0,8.4718533,76.9517797,0,0,False,False
Ahalia Foundation Eye Hospital,Kerala,Thiruvananthapuram,0,8.5261795,76.9282623,0,0,False,False
Bhavani Arogyanikethanam,Kerala,Thiruvananthapuram,0,8.5241391,76.9366376,0,0,False,False
Chakrabarti Eye Care Centre,Kerala,Thiruvananthapuram,0,8.529724,76.9285942,0,0,False,False
Credence Hospital Private Limited,Kerala,Thiruvananthapuram,0,8.531261,76.9232363,0,0,False,False
Divya Prabha Eye Hospital,Kerala,Thiruvananthapuram,0,8.5117111,76.9274438,0,0,False,False
Medical Mission Hospital,Kerala,Thiruvananthapuram,0,8.5241391,76.9366376,0,0,False,False
Regional Cancer Centre,Kerala,Thiruvananthapuram,0,8.5241391,76.9366376,0,0,False,False
Sanjeevani Ayurveda Hospitaland Research Institute,Kerala,Thiruvananthapuram,0,8.5241391,76.9366376,0,0,False,False
Sree Chitra Tirunal Institute For Medical Science,Kerala,Thiruvananthapuram,0,8.5241391,76.9366376,0,0,False,False
Vanchinad Hospitals,Kerala,Thiruvananthapuram,0,8.5371371,76.9271385,0,0,False,False
Medical College Hospital,Kerala,Thiruvananthapuram,0,8.4915016,76.9538624,0,0,False,False
Sp Fort Hospital,Kerala,Thiruvananthapuram,0,8.4810022,76.9427006,0,0,False,False
Vasudeva Vilasam Aryavaidyasala and Nursing Home,Kerala,Thiruvananthapuram,0,8.4810022,76.9427006,0,0,False,False
Avittam Ayurvedic Centre,Kerala,Thiruvananthapuram,0,8.4939339,76.9282948,0,0,False,False
Al Arif Hospital,Kerala,Thiruvananthapuram,0,8.5241391,76.9366376,0,0,False,False
Chc Poonthura,Kerala,Thiruvananthapuram,0,8.5241391,76.9366376,0,0,False,False
Chc Pulluvila,Kerala,Thiruvananthapuram,0,8.3474119,77.037736,0,0,False,False
B.N.V. Hospital,Kerala,Thiruvananthapuram,0,8.4478996,76.9556643,0,0,False,False
S U T Medical College Hospital,Kerala,Thiruvananthapuram,0,8.5241391,76.9366376,0,0,False,False
Kerala Institute Of Medical Sciences (Kims),Kerala,Thiruvananthapuram,0,8.51387,76.9160436,0,0,False,False
Sutami,Kerala,Thiruvananthapuram,0,8.5170719,76.9772675,0,0,False,False
Jubilee Memorial Hospital,Kerala,Thiruvananthapuram,0,8.5475731,76.9205175,0,0,False,False
Anadiyil Hospital,Kerala,Thiruvananthapuram,0,8.518707,76.9421468,0,0,False,False
Samad Ivf Hospitals,Kerala,Thiruvananthapuram,0,8.4984411,76.9347827,0,0,False,False
Triveni Nursing Home,Kerala,Thiruvananthapuram,0,8.5241391,76.9366376,0,0,False,False
C.S.I. Mission Hospital,Kerala,Thiruvananthapuram,0,8.5241391,76.9366376,0,0,False,False
Ponnambalam Child Care,Kerala,Thiruvananthapuram,0,8.388904,77.0886658,0,0,False,False
Rollands Hospital,Kerala,Thiruvananthapuram,0,8.401648,77.0871199,0,0,False,False
Chc Perumkadavila,Kerala,Thiruvananthapuram,0,8.5241391,76.9366376,0,0,False,False
Mangala Medical Centre,Kerala,Thiruvananthapuram,0,28.5077961,77.2311749,0,0,False,False
Sivagiri Sreenarayana Medical Mission Hospital (Ssnmm),Kerala,Thiruvananthapuram,0,8.7378685,76.7163359,0,0,False,False
Stavyah Lifecare Services Pvt Ltd,Kerala,Thiruvananthapuram,0,8.5241391,76.9366376,0,0,False,False
R.V. Hospital,Kerala,Thiruvananthapuram,0,8.4943246,76.9398195,0,0,False,False
Swami Hospital,Kerala,Thiruvananthapuram,0,8.6196987,76.8261695,0,0,False,False
Medical Trust Hospital And Maternity Home,Kerala,Thiruvananthapuram,0,8.4230754,77.0445592,0,0,False,False
Dr Smcs I Medical College Hospital,Kerala,Thiruvananthapuram,0,8.3906043,77.1686472,0,0,False,False
Arsha Ayurveda Hospital,Kerala,Thiruvananthapuram,0,8.5241391,76.9366376,0,0,False,False
Anithara Hospital,Kerala,Thiruvananthapuram,0,8.5241391,76.9366376,0,0,False,False
Chc Poovar,Kerala,Thiruvananthapuram,0,8.5241391,76.9366376,0,0,False,False
Rural Institute Of Medical Sciences,Kerala,Thiruvananthapuram,0,8.5992904,76.9935013,0,0,False,False
Chc Vellanad,Kerala,Thiruvananthapuram,0,8.5241391,76.9366376,0,0,False,False
Pankajakasthuri Ayurveda Medical College Hospital,Kerala,Thiruvananthapuram,0,8.5241391,76.9366376,0,0,False,False
Mamal Hospital,Kerala,Thiruvananthapuram,0,8.5052393,77.0893623,0,0,False,False
Chc Vilappil,Kerala,Thiruvananthapuram,0,8.5241391,76.9366376,0,0,False,False
Aj Hospital,Kerala,Thiruvananthapuram,0,8.5680851,76.8673892,0,0,False,False
Tsc Hospital Pvt. Ltd,Kerala,Thiruvananthapuram,0,8.5335402,76.8830336,0,0,False,False
Karunya Hospital and Diabetic Centre,Kerala,Thiruvananthapuram,0,8.619466,76.8987284,0,0,False,False
Sarala Memorial Hospital,Kerala,Thiruvananthapuram,0,8.770694,76.8836261,0,0,False,False
BPHC Vamanapuram,Kerala,Thiruvananthapuram,0,8.5241391,76.9366376,0,0,False,False
Leela Ravi Medical Trust Hospital,Kerala,Thiruvananthapuram,0,8.5241391,76.9366376,0,0,False,False
Chc Kallara,Kerala,Thiruvananthapuram,0,8.5241391,76.9366376,0,0,False,False
Chc Manamboor,Kerala,Thiruvananthapuram,0,8.5241391,76.9366376,0,0,False,False
"Government Medical College, Thiruvananthapuram",Kerala,Thiruvananthapuram,0,8.5241391,76.9366376,0,0,True,False
Manasi Medical Centre,Kerala,Thrissur,0,10.746098,76.2768755,0,0,False,False
Oushadhi Panchkarma Hospital and Research Institute,Kerala,Thrissur,0,10.5123453,76.2125806,0,0,False,False
Santhi Speciality Hospital,Kerala,Thrissur,0,10.3710814,76.3087282,0,0,False,False
Sun Medical And Research Centre / Trichur Heart Hospital Ltd.,Kerala,Thrissur,0,10.5125122,76.2193541,0,0,False,False
Thrissur District  Co-Operative Hospital,Kerala,Thrissur,0,10.5578039,76.2175978,0,0,False,False
Vaidyaratnam Ayurveda College Hospital,Kerala,Thrissur,0,10.4613244,76.2392217,0,0,False,False
Vinayaka Ayurvedic Nursing Home,Kerala,Thrissur,0,10.5276416,76.2144349,0,0,False,False
Westfort Hitech Hospital Ltd,Kerala,Thrissur,0,10.5364028,76.1986595,0,0,False,False
Dr Rani Menons Eye Clinic,Kerala,Thrissur,0,11.0405513,76.0771718,0,0,False,False
Irinjalakuda Co-Operative Hospital,Kerala,Thrissur,0,10.3446664,76.2093715,0,0,False,False
Westfort Ayurveda Hospital,Kerala,Thrissur,0,8.4840677,76.9389631,0,0,False,False
"Jubilee Mission Medical College Hospital, Thrissur",Kerala,Thrissur,0,10.5276416,76.2144349,0,0,False,False
Elite Mission Hospital,Kerala,Thrissur,0,10.5276416,76.2144349,0,0,False,False
Metropolitan Hospital,Kerala,Thrissur,0,10.5276416,76.2144349,0,0,False,False
"Trichur Metropolitan Healthcare Pvt. Ltd.,",Kerala,Thrissur,0,10.5276416,76.2144349,0,0,False,False
Keerthi Ayurvedic Hospital Pvt. Ltd,Kerala,Thrissur,0,10.5437857,76.2165544,0,0,False,False
Chandramathy Amma Memorial Hospital,Kerala,Thrissur,0,10.5179032,76.1806673,0,0,False,False
Mother Hospital (P) Ltd.,Kerala,Thrissur,0,10.5276416,76.2144349,0,0,False,False
Aswini Hospital Pvt Ltd,Kerala,Thrissur,0,10.5310887,76.2150849,0,0,False,False
G.E.M. Hospital,Kerala,Thrissur,0,10.5276416,76.2144349,0,0,False,False
Raji Nursing Home,Kerala,Thrissur,0,10.5276416,76.2144349,0,0,False,False
Vijayasree Eye Hospital,Kerala,Thrissur,0,10.5276416,76.2144349,0,0,False,False
Sitaram Ayurveda Speciality Hospital,Kerala,Thrissur,0,10.5163984,76.2132374,0,0,False,False
Karthiyani,Kerala,Thrissur,0,10.5356622,76.2120156,0,0,False,False
Saroja Nursing Home,Kerala,Thrissur,0,10.5578039,76.2175978,0,0,False,False
K A Specaility Hospital,Kerala,Thrissur,0,10.3960432,76.2203908,0,0,False,False
Nethra Eye Care Center,Kerala,Thrissur,0,10.5276416,76.2144349,0,0,False,False
Ahalia Foundation Eye Hospital,Kerala,Thrissur,0,10.3672025,76.2174654,0,0,False,False
Ccmk Hospitals,Kerala,Thrissur,0,10.3080272,76.3336779,0,0,False,False
San Jos Parish Hospital,Kerala,Thrissur,0,10.5652613,76.0611602,0,0,False,False
St James Hospital,Kerala,Thrissur,0,10.3080272,76.3336779,0,0,False,False
Taluk Head Quarters Hospital,Kerala,Thrissur,0,10.3080272,76.3336779,0,0,False,False
Devamatha Hospital,Kerala,Thrissur,0,10.2632016,76.3492569,0,0,False,False
Sunethri Ayurvedashram And Research Centre,Kerala,Thrissur,0,10.4639214,76.2922812,0,0,False,False
St. Joseph Hospital,Kerala,Thrissur,0,10.6248903,76.0885011,0,0,False,False
Ittimani Hospital,Kerala,Thrissur,0,10.6455987,76.117503,0,0,False,False
Royal Hospital,Kerala,Thrissur,0,10.6178603,76.0532193,0,0,False,False
The M.O.S.C.Medical Mission Hospital,Kerala,Thrissur,0,10.6421069,76.0565539,0,0,False,False
Abdul Waheb Memorial Rajah Charitable Hospital,Kerala,Thrissur,0,10.5963838,76.0348391,0,0,False,False
Modern Hospital,Kerala,Thrissur,0,10.5276416,76.2144349,0,0,False,False
Unity Hospital (P) Limited,Kerala,Thrissur,0,10.6477085,76.0879573,0,0,False,False
Ansar Hospital,Kerala,Thrissur,0,24.879687,85.5336429,0,0,False,False
Amala Cancer Hospital And Research Centre,Kerala,Thrissur,0,10.5640202,76.1711283,0,0,False,False
Amrutha Ayurvedic Heritage Centre,Kerala,Thrissur,0,13.217176,79.1003289,0,0,False,False
Divine Medical Cetre Ltd.,Kerala,Thrissur,0,10.6617378,76.2363248,0,0,False,False
Jeevodaya Mission Hospital,Kerala,Thrissur,0,10.6941373,76.3463624,0,0,False,False
M I Mission Hospital (Tsunami Project Only),Kerala,Thrissur,0,10.5027863,76.0594972,0,0,False,False
Mary Immaculate Mission Hospital,Kerala,Thrissur,0,10.5276416,76.2144349,0,0,False,False
The Irinjalakuda Co-Operative Hospital Ltd.,Kerala,Thrissur,0,10.3326388,76.2150071,0,0,False,False
Arya Vaidya Asramam Ayurveda Hospital,Kerala,Thrissur,0,10.2103464,76.2050105,0,0,False,False
Craft Hospital,Kerala,Thrissur,0,10.2244299,76.1977737,0,0,False,False
Medicare Hospital,Kerala,Thrissur,0,10.5276416,76.2144349,0,0,False,False
Modern Hospital .,Kerala,Thrissur,0,10.2244299,76.1977737,0,0,False,False
Maria Theressa Hospital,Kerala,Thrissur,0,10.2893846,76.2777114,0,0,False,False
Sacred Heart Mission Hospital,Kerala,Thrissur,0,10.3446664,76.2093715,0,0,False,False
Mother and Child Hospital Kodakara,Kerala,Thrissur,0,10.3710814,76.3087282,0,0,False,False
Lal Memorial Hospital,Kerala,Thrissur,0,10.3446664,76.2093715,0,0,False,False
Palace Hospital,Kerala,Thrissur,0,10.3080272,76.3336779,0,0,False,False
"Matha Hospital, Caritas Road",Kerala,Thrissur,0,9.6436711,76.5493347,0,0,False,False
Ahalia Foundation and Eye Hospital,Kerala,Thrissur,0,10.5214299,76.2122872,0,0,False,False
"Government Medical College, Thrissur",Kerala,Thrissur,0,10.590648,76.2129226,0,0,True,False
Amala Institute of Medical Sciences,Kerala,Thrissur,0,10.5640202,76.1711283,0,0,True,False
"CGHS, Dispensary No.1",Kerala,Thiruvananthapuram,0,8.5292277,76.9398195,0,0,False,False
Sree Gokulam Medical College and Research Foundation,Kerala,Thiruvananthapuram,0,8.5241391,76.9366376,0,0,True,False
Jyothi Hospital,Kerala,Wayanad,0,11.8013643,76.0043731,0,0,False,False
Fatima Mata Mission Hospital,Kerala,Wayanad,0,11.6198449,76.0843341,0,0,False,False
K J Medical Trust Hospital,Kerala,Wayanad,0,11.6198449,76.0843341,0,0,False,False
Kripa Nursing Home,Kerala,Wayanad,0,11.6198449,76.0843341,0,0,False,False
Leo Hospital,Kerala,Wayanad,0,11.6198449,76.0843341,0,0,False,False
"Dm Wims (Wayanad Institute Of Medical Sciences) - Meppadi (Po),Wayanad",Kerala,Wayanad,0,11.703206,76.0833999,0,0,False,False
Shrisha Hospital,Kerala,Wayanad,0,11.7922776,76.1662866,0,0,False,False
M.O.S.C.Medical Mission Eye Hospital,Kerala,Wayanad,0,11.703206,76.0833999,0,0,False,False
P B M Hospital,Kerala,Wayanad,0,11.703206,76.0833999,0,0,False,False
M.E.S. Hospital,Kerala,Wayanad,0,11.661575,76.2602127,0,0,False,False
St Marys Mission Hospital,Kerala,Wayanad,0,11.7010978,76.1696791,0,0,False,False
Marina Hospital,Kerala,Wayanad,0,11.6197083,76.21025,0,0,False,False
Balaghat Hospital,Madhya Pradesh,Balaghat,0,21.812876,80.1838293,0,0,False,False
Kevin Hospital,Madhya Pradesh,Balaghat,0,21.812876,80.1838293,0,0,False,False
Mitali Critical Care Unit,Madhya Pradesh,Balaghat,0,21.5198814,80.2741063,0,0,False,False
Sanmati Hopital,Madhya Pradesh,Burhanpur,0,21.2170056,76.2169594,0,0,False,False
Shastri Nursing Home,Madhya Pradesh,Balaghat,0,21.8116748,80.1974646,0,0,False,False
Dinesh Opticals,Madhya Pradesh,Balaghat,0,10.9500185,76.9336219,0,0,False,False
Mahamrityujay Hospital Pvt. Ltd.,Madhya Pradesh,Barwani,0,22.0363157,74.903339,0,0,False,False
Sai Hospital,Madhya Pradesh,Barwani,0,22.0380291,74.9022428,0,0,False,False
Sarsawati Eye Hospital And Lasik Centre,Madhya Pradesh,Barwani,0,22.047939,74.8968157,0,0,False,False
Mamta Hospital and Maternity Home,Madhya Pradesh,Betul,0,21.9066922,77.8940894,0,0,False,False
Lashkare Hospital,Madhya Pradesh,Betul,0,21.9108031,77.9011842,0,0,False,False
Pooja Surgical And Fracture Hospital,Madhya Pradesh,Betul,0,21.8987564,77.9021567,0,0,False,False
Rathi Hospital,Madhya Pradesh,Betul,0,21.9066922,77.8940894,0,0,False,False
Sangeeta Hospital And Research Center,Madhya Pradesh,Betul,0,21.912789,77.9025044,0,0,False,False
Subhadra Hospital,Madhya Pradesh,Betul,0,21.9066922,77.8940894,0,0,False,False
Padhar Hospital,Madhya Pradesh,Betul,0,21.9108031,77.9011842,0,0,False,False
Niramaya Hospital - Bhind,Madhya Pradesh,Bhind,0,26.5587354,78.7872876,0,0,False,False
Adarsh Hospital,Madhya Pradesh,Bhopal,0,23.2711877,77.3970354,0,0,False,False
Ajwani Eye Hospital,Madhya Pradesh,Bhopal,0,23.2782364,77.4034124,0,0,False,False
Al - Rasheed,Madhya Pradesh,Bhopal,0,23.2637561,77.3957125,0,0,False,False
Ankur Maternity And Nursing Home,Madhya Pradesh,Bhopal,0,23.2713688,77.3812494,0,0,False,False
Apex Hospital,Madhya Pradesh,Bhopal,0,23.2782364,77.4034124,0,0,False,False
Batra Hospital,Madhya Pradesh,Bhopal,0,13.01177,77.676584,0,0,False,False
Bhopal Care Hospital,Madhya Pradesh,Bhopal,0,23.2599333,77.412615,0,0,False,False
Bhopal Neuro Psychiatric Center,Madhya Pradesh,Bhopal,0,23.2641951,77.3793779,0,0,False,False
Care Hospital,Madhya Pradesh,Bhopal,0,10.6514424,76.9795263,0,0,False,False
Chauhan Heart and Maternity Hospital,Madhya Pradesh,Bhopal,0,23.3027772,77.4026547,0,0,False,False
Chirayu Hospital,Madhya Pradesh,Bhopal,0,23.2581927,77.398022,0,0,False,False
Faiz Eye Hospital,Madhya Pradesh,Bhopal,0,23.2599333,77.412615,0,0,False,False
Gandhi Medical College and Hamidia Hospital,Madhya Pradesh,Bhopal,0,23.2599333,77.412615,0,0,False,False
Get Well Hospital and Research Centre,Madhya Pradesh,Bhopal,0,23.2197853,77.3905781,0,0,False,False
Gour Hospital And Maternity Home,Madhya Pradesh,Bhopal,0,23.253657,77.4063625,0,0,False,False
Gulati Clinic,Madhya Pradesh,Bhopal,0,23.2599333,77.412615,0,0,False,False
Jawaharlal Nehru Cancer Hospital and Research Centre,Madhya Pradesh,Bhopal,0,23.2713688,77.3812494,0,0,False,False
Jayshree Hospital,Madhya Pradesh,Bhopal,0,23.2509039,77.3972148,0,0,False,False
Jeevan Dhara Hospital,Madhya Pradesh,Bhopal,0,23.2599333,77.412615,0,0,False,False
Kid Kare,Madhya Pradesh,Bhopal,0,23.2599333,77.412615,0,0,False,False
Koh -E-Fizahospital and Research Pvt Ltd,Madhya Pradesh,Bhopal,0,23.2599333,77.412615,0,0,False,False
L.B.S Hospital`,Madhya Pradesh,Bhopal,0,23.2636437,77.3937193,0,0,False,False
Mata Mandir Netra Sewa Kendra,Madhya Pradesh,Bhopal,0,23.2599333,77.412615,0,0,False,False
Meenakshi Hospital,Madhya Pradesh,Bhopal,0,23.214548,77.4293184,0,0,False,False
Miracles Chilren Hospital,Madhya Pradesh,Bhopal,0,23.2599333,77.412615,0,0,False,False
Muskan Maternity and General Hospital,Madhya Pradesh,Bhopal,0,23.2795428,77.451335,0,0,False,False
Nawaj Urology Hospital Lithotripsy Center and Maternity Home,Madhya Pradesh,Bhopal,0,23.2599333,77.412615,0,0,False,False
Ntr Hospital and Research Centre,Madhya Pradesh,Bhopal,0,23.2603077,77.4082266,0,0,False,False
Paliwal Hospital Pvt. Ltd.,Madhya Pradesh,Bhopal,0,23.2845778,77.4032922,0,0,False,False
Peoples General Hospital,Madhya Pradesh,Bhopal,0,23.2735227,77.4022108,0,0,False,False
Pushkar General Hospital,Madhya Pradesh,Bhopal,0,27.5650088,77.6593394,0,0,False,False
"Pushkom Maternity and Nursing Home, Bhopal",Madhya Pradesh,Bhopal,0,23.2572231,77.433781,0,0,False,False
S.V Eye Care and Research Centre,Madhya Pradesh,Bhopal,0,23.2615349,77.3916696,0,0,False,False
Samarpan Kidney Institute and Research Center,Madhya Pradesh,Bhopal,0,23.1945055,77.4257319,0,0,False,False
Sanjeevani Hospital,Madhya Pradesh,Bhopal,0,23.2599333,77.412615,0,0,False,False
Sharda Hospital and Diagnostic Center,Madhya Pradesh,Bhopal,0,23.218288,77.3941654,0,0,False,False
Shubham Hospital Fracture Accident Care,Madhya Pradesh,Bhopal,0,23.2696083,77.3956004,0,0,False,False
Shukla Hospital and Maternity Home,Madhya Pradesh,Bhopal,0,23.218288,77.3941654,0,0,False,False
Vijaya Maternity and Nursing Home,Madhya Pradesh,Bhopal,0,23.2599333,77.412615,0,0,False,False
Yash Hospital And Diagnostic Centre,Madhya Pradesh,Bhopal,0,23.2075997,77.4448655,0,0,False,False
A.K. Hospital,Madhya Pradesh,Bhopal,0,23.2599333,77.412615,0,0,False,False
Anupam Hospital,Madhya Pradesh,Bhopal,0,23.1715149,77.4128193,0,0,False,False
Astha Hospital,Madhya Pradesh,Bhopal,0,23.2324644,77.3940927,0,0,False,False
Faith and Hope Hospital,Madhya Pradesh,Bhopal,0,23.2404899,77.4063625,0,0,False,False
Hafeez Maternity Home and Eye Hospital,Madhya Pradesh,Bhopal,0,23.2599333,77.412615,0,0,False,False
Hajela Hospital,Madhya Pradesh,Bhopal,0,23.2318039,77.3984704,0,0,False,False
Jashdeep Hospital,Madhya Pradesh,Bhopal,0,23.2007852,77.3543133,0,0,False,False
Kshitij Hospital,Madhya Pradesh,Bhopal,0,23.2599333,77.412615,0,0,False,False
Mishra Hospital,Madhya Pradesh,Bhopal,0,23.1715149,77.4128193,0,0,False,False
Nahar Nursing Home,Madhya Pradesh,Bhopal,0,23.2367044,77.4015309,0,0,False,False
R.A Stone and Surgical Care,Madhya Pradesh,Bhopal,0,23.2324644,77.3940927,0,0,False,False
Sachin Mamta Hospital,Madhya Pradesh,Bhopal,0,23.2400638,77.4644607,0,0,False,False
Shri Maya Maternity and General Hospital,Madhya Pradesh,Bhopal,0,23.1960677,77.4723483,0,0,False,False
"Shrinath Nursing Home,Indore",Madhya Pradesh,Bhopal,0,23.2636437,77.3937193,0,0,False,False
Siddharth Eye Hospital,Madhya Pradesh,Bhopal,0,23.2324644,77.3940927,0,0,False,False
Krishna Hospital,Madhya Pradesh,Bhopal,0,23.2508464,77.4197504,0,0,False,False
Vardaan Hospital,Madhya Pradesh,Bhopal,0,23.2599333,77.412615,0,0,False,False
R.K.Hospital and Research Centre,Madhya Pradesh,Bhopal,0,23.2501999,77.4648517,0,0,False,False
Anant Shree Hospital,Madhya Pradesh,Bhopal,0,23.2507203,77.4616355,0,0,False,False
Citi Hospital,Madhya Pradesh,Bhopal,0,23.2599333,77.412615,0,0,False,False
Jeevan Jyoti Pathak Hospital,Madhya Pradesh,Bhopal,0,23.2301226,77.4351418,0,0,False,False
Navodaya Hospital And Research Centre,Madhya Pradesh,Bhopal,0,23.2301225,77.4351409,0,0,False,False
Pathak Hospital,Madhya Pradesh,Bhopal,0,23.2301226,77.4351418,0,0,False,False
Sankalp Netralya Hospital,Madhya Pradesh,Bhopal,0,23.2301227,77.4351424,0,0,False,False
Agrawal Hospital,Madhya Pradesh,Bhopal,0,23.2769379,77.4153597,0,0,False,False
Ajwani Eye Tech Centre,Madhya Pradesh,Bhopal,0,23.214548,77.4293184,0,0,False,False
Akshaya Hospital,Madhya Pradesh,Bhopal,0,23.2599333,77.412615,0,0,False,False
Anushree Hospital,Madhya Pradesh,Bhopal,0,23.2148956,77.4336221,0,0,False,False
Arihant General Hospital,Madhya Pradesh,Bhopal,0,23.2599333,77.412615,0,0,False,False
Asha Niketan Hospital,Madhya Pradesh,Bhopal,0,23.2102955,77.4400774,0,0,False,False
Bhopal Fracture Hospital,Madhya Pradesh,Bhopal,0,23.2111798,77.4329048,0,0,False,False
Colony Hospital,Madhya Pradesh,Bhopal,0,23.2569433,77.4096807,0,0,False,False
Dewani Hospital And Research Centre,Madhya Pradesh,Bhopal,0,23.206906,77.4343394,0,0,False,False
Magnesh Stone Clinic - Bhopal,Madhya Pradesh,Bhopal,0,23.2111798,77.4329048,0,0,False,False
Malti Hospital,Madhya Pradesh,Bhopal,0,23.2111798,77.4329048,0,0,False,False
Mangesh Uro Centre,Madhya Pradesh,Bhopal,0,23.2111798,77.4329048,0,0,False,False
Narmada Advance Trauma and Criticalcare Institute,Madhya Pradesh,Bhopal,0,23.2599333,77.412615,0,0,False,False
National Hospital For Heart and Critical Care,Madhya Pradesh,Bhopal,0,23.2153589,77.4393601,0,0,False,False
Nilay Hospital,Madhya Pradesh,Bhopal,0,23.193125,77.4498377,0,0,False,False
Niramaya Hospital,Madhya Pradesh,Bhopal,0,23.25929,77.4105956,0,0,False,False
Parul Hospital Pvt Ltd,Madhya Pradesh,Bhopal,0,23.228385,77.4233549,0,0,False,False
Peoples Hospital,Madhya Pradesh,Bhopal,0,23.3025413,77.4228625,0,0,False,False
Pushpanjali Hsopital,Madhya Pradesh,Bhopal,0,23.2030023,77.4349118,0,0,False,False
Red Cross Diagnostic Centre,Madhya Pradesh,Bhopal,0,17.4391338,78.4968457,0,0,False,False
Rounak Child and Eye Health Care Centre,Madhya Pradesh,Bhopal,0,23.2599333,77.412615,0,0,False,False
Shekhar Hospital,Madhya Pradesh,Bhopal,0,23.2599333,77.412615,0,0,False,False
Suditi Hospital - Bhopal,Madhya Pradesh,Bhopal,0,23.2769379,77.4153597,0,0,False,False
Sushma Hi-Tech Intensive Care Hospital and Research,Madhya Pradesh,Bhopal,0,23.2153589,77.4393601,0,0,False,False
Suyash Mother and Child Hospital,Madhya Pradesh,Bhopal,0,23.2031893,77.4136924,0,0,False,False
Aradhana Maternity And Kidney Hospital,Madhya Pradesh,Bhopal,0,23.2562751,77.4658948,0,0,False,False
Lakecity Hospital,Madhya Pradesh,Bhopal,0,23.2337962,77.439358,0,0,False,False
Peoples General Hospital Pvt Ltd,Madhya Pradesh,Bhopal,0,23.2404899,77.4063625,0,0,False,False
Roshan Maternity Child Care And General Hospital,Madhya Pradesh,Bhopal,0,23.2530581,77.4407404,0,0,False,False
Shivam Hospital,Madhya Pradesh,Bhopal,0,23.2373067,77.4393601,0,0,False,False
Vatsalya Hospital,Madhya Pradesh,Bhopal,0,23.2338732,77.4373148,0,0,False,False
Bharat Heavy Electricals Limited,Madhya Pradesh,Bhopal,0,23.2546612,77.4303583,0,0,False,False
Marsiddhi Hospital,Madhya Pradesh,Bhopal,0,23.1715149,77.4128193,0,0,False,False
Jashdeep Hospital,Madhya Pradesh,Bhopal,0,23.2074655,77.38699,0,0,False,False
N.M.R. Hospital,Madhya Pradesh,Bhopal,0,23.2301229,77.435143,0,0,False,False
Anantshree Multispeciality Hospital,Madhya Pradesh,Bhopal,0,23.2505689,77.4626358,0,0,False,False
Chirayu Medical College and Hospital,Madhya Pradesh,Bhopal,0,23.2599333,77.412615,0,0,False,False
Dr Lal Kumar Kishnani Nursing Home,Madhya Pradesh,Bhopal,0,23.2737388,77.3512286,0,0,False,False
Sewa Sedan Eye Hospital Trust,Madhya Pradesh,Bhopal,0,23.2711134,77.3397034,0,0,False,False
Bhopal Memorial Hospital and Research Center,Madhya Pradesh,Bhopal,0,23.2505232,77.4629154,0,0,False,False
Global Liver and Gastroenterology Centre,Madhya Pradesh,Bhopal,0,23.2599333,77.412615,0,0,False,False
Venus Hospital and Medical Research Centre-Bhopal,Madhya Pradesh,Bhopal,0,23.9706611,77.2533542,0,0,False,False
Naman Hospital,Madhya Pradesh,Bhopal,0,23.1911465,77.4335639,0,0,False,False
Devmata Hospital,Madhya Pradesh,Bhopal,0,23.2705329,77.4748579,0,0,False,False
Nepa Ltd. Hospital,Madhya Pradesh,Burhanpur,0,21.4532252,76.4215988,0,0,False,False
"Agrawal Fracture,Accident And Physiotherapy Centre",Madhya Pradesh,Burhanpur,0,21.3193875,76.2224273,0,0,False,False
Devashish Hospital,Madhya Pradesh,Burhanpur,0,21.3193875,76.2224273,0,0,False,False
Garg Hospital,Madhya Pradesh,Burhanpur,0,21.3193875,76.2224273,0,0,False,False
Jain Hospital,Madhya Pradesh,Burhanpur,0,21.3193875,76.2224273,0,0,False,False
Matra Seva Sadan Hospital,Madhya Pradesh,Burhanpur,0,21.3193875,76.2224273,0,0,False,False
Mujumdar Eye Hospital,Madhya Pradesh,Burhanpur,0,21.3189136,76.2461126,0,0,False,False
Nimar Hospital and Research Centre,Madhya Pradesh,Burhanpur,0,21.529633,76.8097433,0,0,False,False
Radhe-Shyam Ashirwad Hospital,Madhya Pradesh,Burhanpur,0,21.3193875,76.2224273,0,0,False,False
Sai Siddhi Hospital,Madhya Pradesh,Burhanpur,0,21.321488,76.2130409,0,0,False,False
Samarpan Children Hospital,Madhya Pradesh,Burhanpur,0,21.3193875,76.2224273,0,0,False,False
Sewalaya Hospital And Research Centre,Madhya Pradesh,Burhanpur,0,21.3193875,76.2224273,0,0,False,False
Tapti Hospital,Madhya Pradesh,Burhanpur,0,21.3193875,76.2224273,0,0,False,False
Choubey Nursing Home,Madhya Pradesh,Chhatarpur,0,24.9094946,79.5811759,0,0,False,False
District Hospital Chhindwara,Madhya Pradesh,Chhindwara,0,22.0522525,78.9369563,0,0,False,False
Malik Nursing Home Nanhe Munne Care Center,Madhya Pradesh,Chhindwara,0,22.1908392,78.7634382,0,0,False,False
Maternity and Surgical Centre,Madhya Pradesh,Chhindwara,0,22.057437,78.9381729,0,0,False,False
Shukla Nursing Homeand Diagnostic Centre,Madhya Pradesh,Balaghat,0,21.8227408,80.1791368,0,0,False,False
Siddharth Hospital,Madhya Pradesh,,0,22.057437,78.9381729,0,0,False,False
Sthapak Heart House Pvt Ltd,Madhya Pradesh,Chhindwara,0,22.057437,78.9381729,0,0,False,False
Batra Clinic and Nursing Home,Madhya Pradesh,Chhindwara,0,27.5465804,68.2094456,0,0,False,False
Fatimi Nursing Home,Madhya Pradesh,Damoh,0,23.8224432,79.4315764,0,0,False,False
Nikhil Nursing Home,Madhya Pradesh,Damoh,0,23.8380986,79.4421731,0,0,False,False
Vidhya Hospital and Research Center,Madhya Pradesh,Damoh,0,23.8360746,79.4326114,0,0,False,False
Agrawal Medicare,Madhya Pradesh,Dewas,0,22.9622672,76.0507949,0,0,False,False
Apoorva Laser And Phaco Clinic,Madhya Pradesh,Harda,0,22.4088482,77.02766,0,0,False,False
Chandra Nursing Home,Madhya Pradesh,Dewas,0,22.9622672,76.0507949,0,0,False,False
Christian Hospital,Madhya Pradesh,Dewas,0,22.7699757,76.3014896,0,0,False,False
Civil Hospital Kannod,Madhya Pradesh,Dewas,0,22.9622672,76.0507949,0,0,False,False
Community Health Centre,Madhya Pradesh,Dewas,0,22.9622672,76.0507949,0,0,False,False
Deokar Nursing Home,Madhya Pradesh,Dewas,0,22.9680212,76.0634575,0,0,False,False
Dewas Hospital And Research Centre Pvt Ltd,Madhya Pradesh,Dewas,0,22.9622672,76.0507949,0,0,False,False
Gagrani Hospital,Madhya Pradesh,Dewas,0,22.9622672,76.0507949,0,0,False,False
"Geeta Bhawan Hospital, Sonkatch.",Madhya Pradesh,Dewas,0,22.9622672,76.0507949,0,0,False,False
Joseph Hospital,Madhya Pradesh,Dewas,0,22.9622672,76.0507949,0,0,False,False
Khare Nursing Home And Maternity Home,Madhya Pradesh,Dewas,0,22.9622672,76.0507949,0,0,False,False
Kothari Nursing Home,Madhya Pradesh,Dewas,0,22.9622672,76.0507949,0,0,False,False
Krishnayan Hospital,Madhya Pradesh,Dewas,0,22.9622672,76.0507949,0,0,False,False
Kulkarni Nursing Home,Madhya Pradesh,Dewas,0,22.9622672,76.0507949,0,0,False,False
Kusum Children Nursing Home,Madhya Pradesh,Dewas,0,22.9622672,76.0507949,0,0,False,False
Lav Kush Nursing Home,Madhya Pradesh,Dewas,0,22.9622672,76.0507949,0,0,False,False
Mahatma Gandhi District Hospital,Madhya Pradesh,Dewas,0,22.9622672,76.0507949,0,0,False,False
Navodaya Hospital and Research Center,Madhya Pradesh,Dewas,0,22.9663577,76.0539264,0,0,False,False
Prabhu Prasad Chikitasalay,Madhya Pradesh,Dewas,0,22.9690341,76.0494871,0,0,False,False
Prism Hospital And Research Centre Pvt. Ltd,Madhya Pradesh,Dewas,0,22.9622672,76.0507949,0,0,False,False
Rajbharti Nursing Home,Madhya Pradesh,Dewas,0,22.7519138,75.8912888,0,0,False,False
Rogi Kalyan Samiti Mahatma Gandhi District Hospita,Madhya Pradesh,Dewas,0,22.9622672,76.0507949,0,0,False,False
Royal Nursing Home,Madhya Pradesh,Dewas,0,22.9622672,76.0507949,0,0,False,False
Saluja Hospital,Madhya Pradesh,Dewas,0,22.9622672,76.0507949,0,0,False,False
Sanskar Hospital and Research Center,Madhya Pradesh,Dewas,0,22.959319,76.0435202,0,0,False,False
Sewalaya Hospital,Madhya Pradesh,Dewas,0,22.5918286,76.9067598,0,0,False,False
Shraddha Hospital Dewas,Madhya Pradesh,Dewas,0,22.9622672,76.0507949,0,0,False,False
Shri Ram Hospital,Madhya Pradesh,Dewas,0,22.9622672,76.0507949,0,0,False,False
Choudhary Hospital,Madhya Pradesh,Dhar,0,22.6012922,75.3024655,0,0,False,False
Chouhan Hospital and Lithotripsy Center,Madhya Pradesh,Dhar,0,32.7356474,74.8680007,0,0,False,False
Malviya Hospital,Madhya Pradesh,Dhar,0,22.2138885,75.4723411,0,0,False,False
Mittal Hospital,Madhya Pradesh,Dhar,0,22.6012922,75.3024655,0,0,False,False
Shanti Nursing Home And Trama Center,Madhya Pradesh,Dhar,0,22.6012922,75.3024655,0,0,False,False
Suraj Nursing Home,Madhya Pradesh,Dhar,0,22.6012922,75.3024655,0,0,False,False
Patidar Chiktsa Sewa Saunsthan Pvt.Ltd.,Madhya Pradesh,Dhar,0,22.6012922,75.3024655,0,0,False,False
Samraddhi Child Care and General Hospital,Madhya Pradesh,Dhar,0,22.032425,74.8986045,0,0,False,False
Sehta Hospital,Madhya Pradesh,Dhar,0,22.6012922,75.3024655,0,0,False,False
Shri Guru Rajendra Manav Seva Mandir Chikitsalaya,Madhya Pradesh,Dhar,0,22.6785008,74.9463348,0,0,False,False
Adarsh Hospital and Maternity,Madhya Pradesh,Dhar,0,22.2138885,75.4723411,0,0,False,False
Mahajan Hospital,Madhya Pradesh,Dhar,0,22.6012922,75.3024655,0,0,False,False
Shree Shankar Hospital,Madhya Pradesh,Dhar,0,22.2138885,75.4723411,0,0,False,False
Vyanktesh Nursing Home and Research Centre,Madhya Pradesh,Dhar,0,22.2138885,75.4723411,0,0,False,False
Atriwal Hospital and Research Center,Madhya Pradesh,Khandwa,0,21.8246067,76.3419316,0,0,False,False
Shubham Hospital,Madhya Pradesh,Khandwa,0,21.8434782,76.3564929,0,0,False,False
Sukhayu Hospital And Maternity Home,Madhya Pradesh,Khandwa,0,22.628199,75.80421,0,0,False,False
Ankur Bal Chikitsalaya,Madhya Pradesh,Gwalior,0,26.2182871,78.1828308,0,0,False,False
Chirayu Hospital,Madhya Pradesh,Gwalior,0,26.2079109,78.1461874,0,0,False,False
Divya Drishti Eye and Laser Centre,Madhya Pradesh,Gwalior,0,26.1995364,78.1559106,0,0,False,False
Dr. Arvind Kumar Dubey,Madhya Pradesh,Gwalior,0,26.195473,78.1622712,0,0,False,False
Dubey Orthopaedic and Maternity Nursing Home,Madhya Pradesh,Gwalior,0,26.207528,78.1614311,0,0,False,False
Gupta Hospital and Maternity Home,Madhya Pradesh,Gwalior,0,26.2271955,78.2300168,0,0,False,False
I.P. and Dr. O.S. Dewan Memorial Hospital and Research,Madhya Pradesh,Gwalior,0,26.1947626,78.1607196,0,0,False,False
J S Memorial Hospital and Research Center,Madhya Pradesh,Gwalior,0,26.2161044,78.2034633,0,0,False,False
Joshi Hospital,Madhya Pradesh,Gwalior,0,26.2182871,78.1828308,0,0,False,False
Konark Hospital,Madhya Pradesh,Gwalior,0,26.1973344,78.1684973,0,0,False,False
Manav Netra Chikitsalaya,Madhya Pradesh,Gwalior,0,26.1958415,78.1516122,0,0,False,False
Mascot Hospital and Reseaech Center,Madhya Pradesh,Gwalior,0,26.1868114,78.1479327,0,0,False,False
Saraf Hospital,Madhya Pradesh,Gwalior,0,26.201312,78.1602473,0,0,False,False
Subhash Kakkad Hospital,Madhya Pradesh,Gwalior,0,26.2182871,78.1828308,0,0,False,False
Thakur Hospital,Madhya Pradesh,Gwalior,0,27.1147181,80.1484407,0,0,False,False
Time Hospital,Madhya Pradesh,Gwalior,0,26.2354859,78.2223367,0,0,False,False
Alok Nursing Home,Madhya Pradesh,Gwalior,0,26.2182871,78.1828308,0,0,False,False
Ayushman Neuro Cardio Centre and Shubham Hospital,Madhya Pradesh,Gwalior,0,26.0761268,85.7858851,0,0,False,False
Kalra Hospital,Madhya Pradesh,Gwalior,0,26.2104654,78.1996321,0,0,False,False
Koteshwar Hospital,Madhya Pradesh,Gwalior,0,26.2286867,78.1608757,0,0,False,False
M R G Hospital,Madhya Pradesh,Gwalior,0,26.2221355,78.1808808,0,0,False,False
Maheshwari Nursing Home,Madhya Pradesh,Gwalior,0,26.2123249,78.1770914,0,0,False,False
Nidaan Heart and Maternity Hospital,Madhya Pradesh,Gwalior,0,26.2178526,78.170783,0,0,False,False
Upadhyay Hospital And Research Centre Pvt Ltd - Gwalior,Madhya Pradesh,Gwalior,0,26.192112,78.1514712,0,0,False,False
Bansal Hospital,Madhya Pradesh,Gwalior,0,26.1973344,78.1684973,0,0,False,False
Dr. Kaul Hospital and Research Centre,Madhya Pradesh,Gwalior,0,26.1953714,78.1569602,0,0,False,False
Global Speciality Hospital,Madhya Pradesh,Gwalior,0,26.2182871,78.1828308,0,0,False,False
Khushhal Simriti Hospital,Madhya Pradesh,Gwalior,0,26.219394,78.1802602,0,0,False,False
Prasad Nursing Home,Madhya Pradesh,Gwalior,0,26.2318802,78.1812679,0,0,False,False
Rathi Hospital,Madhya Pradesh,Gwalior,0,26.1973344,78.1684973,0,0,False,False
Shivji Bal Chikitsalaya,Madhya Pradesh,Gwalior,0,26.1973344,78.1684973,0,0,False,False
Gauri Hospital,Madhya Pradesh,Gwalior,0,26.2182871,78.1828308,0,0,False,False
Chaudhary Nursing Home,Madhya Pradesh,Gwalior,0,26.23357,78.2222709,0,0,False,False
Kalyan Memorial And Kdj Hospital - Gwalior,Madhya Pradesh,Gwalior,0,26.2271955,78.2300168,0,0,False,False
P.N.J. Memorial Hospital,Madhya Pradesh,Gwalior,0,26.2254206,78.2237609,0,0,False,False
Vatsalya Hoapital,Madhya Pradesh,Gwalior,0,26.2182871,78.1828308,0,0,False,False
Sahara Hospital,Madhya Pradesh,Gwalior,0,26.1973344,78.1684973,0,0,False,False
Bansal Eye Hospital and Laser Surgry Center,Madhya Pradesh,Gwalior,0,26.2182871,78.1828308,0,0,False,False
Chandak Hospital,Madhya Pradesh,Gwalior,0,26.1974177,78.160884,0,0,False,False
Dewan Memorial Hospital,Madhya Pradesh,Gwalior,0,26.1947626,78.1607196,0,0,False,False
"Garg Nursing Home,",Madhya Pradesh,Gwalior,0,26.2182871,78.1828308,0,0,False,False
Garima Hospital,Madhya Pradesh,Gwalior,0,26.192112,78.1514712,0,0,False,False
Heritage Hospital Pvt. Ltd.,Madhya Pradesh,Gwalior,0,26.2071424,78.1888425,0,0,False,False
J.A Group Of Hospital,Madhya Pradesh,Gwalior,0,26.2182871,78.1828308,0,0,False,False
Mundhra Nursing Home,Madhya Pradesh,Gwalior,0,26.1953714,78.1569602,0,0,False,False
Nulife Hospital,Madhya Pradesh,Gwalior,0,26.2182871,78.1828308,0,0,False,False
Olyai Hospital,Madhya Pradesh,Gwalior,0,26.1973227,78.1608343,0,0,False,False
Ratan Jyoti Netrayalaya,Madhya Pradesh,Gwalior,0,26.2182871,78.1828308,0,0,False,False
Arun Memorial I.C.U,Madhya Pradesh,Gwalior,0,26.2123249,78.1770914,0,0,False,False
Ashirwad Hospital and Research Centre,Madhya Pradesh,Gwalior,0,26.1973344,78.1684973,0,0,False,False
Cancer Hospital And Research Institute,Madhya Pradesh,Gwalior,0,26.2182871,78.1828308,0,0,False,False
Chandra Hospital and Nursing Home,Madhya Pradesh,Gwalior,0,26.220716,78.2063696,0,0,False,False
Govil Hospital,Madhya Pradesh,Gwalior,0,26.2069299,78.2002142,0,0,False,False
Jeevan Jyoti Netralaya And Nursing Home,Madhya Pradesh,Gwalior,0,26.2182871,78.1828308,0,0,False,False
Mehra Nursing Home,Madhya Pradesh,Gwalior,0,26.2072384,78.1974088,0,0,False,False
Pariwar Hospital Multi Speciality and Research Center,Madhya Pradesh,Gwalior,0,26.1943398,78.1619006,0,0,False,False
Royal Hospital,Madhya Pradesh,Gwalior,0,26.1973344,78.1684973,0,0,False,False
Sushruta Hospital and Research Centre,Madhya Pradesh,Gwalior,0,26.2182871,78.1828308,0,0,False,False
Apoorve Eye and Phaco Clinic,Madhya Pradesh,Harda,0,22.3355446,77.0996085,0,0,False,False
Malvi Hospital,Madhya Pradesh,Hoshangabad,0,22.7548583,77.7305435,0,0,False,False
Rewa Nursing Home,Madhya Pradesh,Hoshangabad,0,22.7509181,77.7269665,0,0,False,False
Rishi Hospital,Madhya Pradesh,Hoshangabad,0,23.0438581,72.5488977,0,0,False,False
Saurabh Nurshing Home,Madhya Pradesh,Hoshangabad,0,22.7538402,77.7256879,0,0,False,False
"Dayal Multi Speciality Hospital,Itarsi.",Madhya Pradesh,Hoshangabad,0,22.6054858,77.753544,0,0,False,False
Mata Mandir Hospital,Madhya Pradesh,Hoshangabad,0,22.6054858,77.753544,0,0,False,False
Dubey Hospital,Madhya Pradesh,Hoshangabad,0,22.620557,77.7702406,0,0,False,False
Rathi Hospital,Madhya Pradesh,Hoshangabad,0,22.6054858,77.753544,0,0,False,False
Dr Kamal Kishor Paliwal Nursing Home,Madhya Pradesh,Hoshangabad,0,22.7622132,78.3486781,0,0,False,False
Aashirwad Nursing Home,Madhya Pradesh,Indore,0,22.690303,75.843557,0,0,False,False
Aastha Hospital,Madhya Pradesh,Indore,0,22.7195687,75.8577258,0,0,False,False
Advanced Eye Care And Research Center Pvt. Ltd,Madhya Pradesh,Indore,0,22.7195687,75.8577258,0,0,False,False
Ajay Path Lab,Madhya Pradesh,Indore,0,22.7160057,75.8553095,0,0,False,False
Allied Dignostic Center and Blood Bank,Madhya Pradesh,Indore,0,22.7559912,75.8995044,0,0,False,False
Apollo Medical Invstgations and Appollo Nursing Home,Madhya Pradesh,Indore,0,22.7242863,75.8854146,0,0,False,False
"Apoorva Nursing Home,Indore",Madhya Pradesh,Indore,0,22.7195687,75.8577258,0,0,False,False
Baser Ent and Gynaecology Institute,Madhya Pradesh,Indore,0,22.7371059,75.8845788,0,0,False,False
Beams Hospitals Pvt Ltd,Madhya Pradesh,Indore,0,22.720456,75.880882,0,0,False,False
Bhagwati Nursing Home,Madhya Pradesh,Indore,0,22.7195687,75.8577258,0,0,False,False
Care Medical Investigation,Madhya Pradesh,Indore,0,22.7195687,75.8577258,0,0,False,False
Centre For Skin And Venirial Diseases,Madhya Pradesh,Indore,0,22.7011969,75.8702004,0,0,False,False
Chirag Nursing Home,Madhya Pradesh,Indore,0,22.7614665,75.8745775,0,0,False,False
Chl Apollo Hospital,Madhya Pradesh,Indore,0,22.7407591,75.8921959,0,0,False,False
Chl-Cbcc Cancer Center,Madhya Pradesh,Indore,0,22.7195687,75.8577258,0,0,False,False
Christian Hospital,Madhya Pradesh,Indore,0,22.7195687,75.8577258,0,0,False,False
City Hospital and Research Centre,Madhya Pradesh,Indore,0,22.7374822,75.8759072,0,0,False,False
City Netralaya,Madhya Pradesh,Indore,0,22.7204817,75.842463,0,0,False,False
Convenient Hospitals Ltd,Madhya Pradesh,Indore,0,22.7357816,75.8870724,0,0,False,False
Crystal Lithotripsy and Urology Centre,Madhya Pradesh,Indore,0,22.7195687,75.8577258,0,0,False,False
Curewell Hospital Pvt Ltd,Madhya Pradesh,Indore,0,22.727218,75.882678,0,0,False,False
Dashore Ortho+ Physio Clinic,Madhya Pradesh,Indore,0,22.7195687,75.8577258,0,0,False,False
Dayanand Hospital,Madhya Pradesh,Indore,0,22.7429624,75.8699892,0,0,False,False
Devi Ahilya Hospital and Research Centre,Madhya Pradesh,Indore,0,22.69311,75.881703,0,0,False,False
Diabetes-Thyroid-Hormone Research Institute Pvt. L,Madhya Pradesh,Indore,0,22.725869,75.884598,0,0,False,False
Disha Fertility and Surgical Centre,Madhya Pradesh,Indore,0,22.7235035,75.8970307,0,0,False,False
Dr Kailash Singh Nursing Home,Madhya Pradesh,Indore,0,22.71929,75.875857,0,0,False,False
Dr. Aditya Agarwal Laser Surgery Center,Madhya Pradesh,Indore,0,22.7160901,75.8530589,0,0,False,False
Dr. R. N. Jaiswal,Madhya Pradesh,Indore,0,22.7163974,75.8559145,0,0,False,False
Dr.P.S. Hardia Advanced Eye Surgery and Research Ins,Madhya Pradesh,Indore,0,22.6363845,75.8106927,0,0,False,False
Dr.Satish Gupta Hospital,Madhya Pradesh,Indore,0,22.7195687,75.8577258,0,0,False,False
Ent Hospital and Research Center,Madhya Pradesh,Indore,0,22.7180057,75.8780855,0,0,False,False
Fracture Clinic,Madhya Pradesh,Indore,0,22.5524372,75.7565273,0,0,False,False
"G.K. Max Hospital , Indore",Madhya Pradesh,Indore,0,22.731337,75.876914,0,0,False,False
Gangwal Hospital,Madhya Pradesh,Indore,0,22.7163974,75.8559145,0,0,False,False
Gill Diagnostic and Stone Clinic,Madhya Pradesh,Indore,0,22.7160901,75.8530589,0,0,False,False
Gita Bhawan Trust B.M Mittal Hospital,Madhya Pradesh,Indore,0,22.718075,75.8823475,0,0,False,False
Global Sng Hospital - Indore,Madhya Pradesh,Indore,0,22.7203646,75.8823457,0,0,False,False
Goyal Nursing Home,Madhya Pradesh,Indore,0,22.702438,75.872918,0,0,False,False
Greater Getwell Nursing Home,Madhya Pradesh,Indore,0,22.7195687,75.8577258,0,0,False,False
Greater Malwa Nursing Home,Madhya Pradesh,Indore,0,22.7279,75.878235,0,0,False,False
H.J. Memorial Hospital,Madhya Pradesh,Indore,0,22.7041954,75.8554027,0,0,False,False
Haajra Maternity And Nursing Home,Madhya Pradesh,Indore,0,22.7198527,75.8763444,0,0,False,False
Hardia Eye Hospital,Madhya Pradesh,Indore,0,22.7195687,75.8577258,0,0,False,False
Hattarki Hospital and Trauma Center,Madhya Pradesh,Indore,0,16.2008538,74.35983,0,0,False,False
Ideal Clinic,Madhya Pradesh,Indore,0,22.689156,75.837036,0,0,False,False
Indira Memorial Hospital Indore,Madhya Pradesh,Indore,0,22.662289,75.821512,0,0,False,False
Indore Cancer Foundation,Madhya Pradesh,Indore,0,22.6363845,75.8106927,0,0,False,False
Indore Hospital And Research Foundation,Madhya Pradesh,Indore,0,22.7195687,75.8577258,0,0,False,False
Indore Netra Chikitsalay,Madhya Pradesh,Indore,0,22.7125956,75.8411395,0,0,False,False
Jain Hospital and Trauma Centre,Madhya Pradesh,Indore,0,22.7111233,75.8805232,0,0,False,False
Jeevan Rekha Hospital,Madhya Pradesh,Indore,0,22.7195687,75.8577258,0,0,False,False
Karuna Meternity And Nursing Home,Madhya Pradesh,Indore,0,22.7163129,75.8618902,0,0,False,False
Khurpa Memorial Hospital,Madhya Pradesh,Indore,0,22.697076,75.85521,0,0,False,False
Laxmi Memorial Hospital,Madhya Pradesh,Indore,0,22.727646,75.8828599,0,0,False,False
M Y Hospital,Madhya Pradesh,Indore,0,22.7174911,75.8682826,0,0,False,False
"M.G. Smriti Chikitsalaya Mahavidhyalaya,",Madhya Pradesh,Indore,0,22.6199907,76.3157046,0,0,False,False
Manorama Maternity and Nursing Home,Madhya Pradesh,Indore,0,22.7152518,75.8739449,0,0,False,False
Matrum Hospital and Maternity Home,Madhya Pradesh,Indore,0,22.7014248,75.8700351,0,0,False,False
Mayank Hospital,Madhya Pradesh,Indore,0,22.7195687,75.8577258,0,0,False,False
Mayur Hospital and Research Center,Madhya Pradesh,Indore,0,22.7195687,75.8577258,0,0,False,False
Minesh Hospital,Madhya Pradesh,Indore,0,22.6941668,75.8810216,0,0,False,False
Nihar Netralaya,Madhya Pradesh,Indore,0,22.7195687,75.8577258,0,0,False,False
Pancholi Hospital,Madhya Pradesh,Indore,0,22.6716572,75.8299138,0,0,False,False
Patel Orthopedic Centre,Madhya Pradesh,Indore,0,22.704175,75.868419,0,0,False,False
Patidar Nursing Home,Madhya Pradesh,Indore,0,22.7240604,75.8604468,0,0,False,False
Phaphriya Nursing Home and Surgical Clinic,Madhya Pradesh,Indore,0,22.7001779,75.862596,0,0,False,False
Pragati Hospital,Madhya Pradesh,Indore,0,22.7195687,75.8577258,0,0,False,False
R.K.Eye And Retina Centre,Madhya Pradesh,Indore,0,22.710688,75.8796089,0,0,False,False
Rajas Eye And Retina Research Centre,Madhya Pradesh,Indore,0,22.7195687,75.8577258,0,0,False,False
Roberts Nursing Home,Madhya Pradesh,Indore,0,22.7195687,75.8577258,0,0,False,False
Rohit Eye Hospital And Child Care Centre,Madhya Pradesh,Indore,0,22.7027688,75.871585,0,0,False,False
Sanmati Hospital,Madhya Pradesh,Indore,0,22.7379477,75.8243427,0,0,False,False
Sanwer Cure Well Pvt. Ltd.,Madhya Pradesh,Indore,0,23.154471,75.7878496,0,0,False,False
Sarjubai Parmarthik Netra Chikitsalaya,Madhya Pradesh,Indore,0,22.7414345,75.8684163,0,0,False,False
Saroj Nursing Home,Madhya Pradesh,Indore,0,22.7472543,75.8805562,0,0,False,False
Sarvoday Nursing Home,Madhya Pradesh,Indore,0,22.7265657,75.8864583,0,0,False,False
Shakuntala Devi Hospital And Research Centre,Madhya Pradesh,Indore,0,22.7182251,75.9049493,0,0,False,False
Shree Immuno Diagnostics,Madhya Pradesh,Indore,0,22.7641257,75.8710616,0,0,False,False
Shree Kusha Bhau Thakre District Hospital,Madhya Pradesh,Shahdol,0,22.7195687,75.8577258,0,0,False,False
Shri Gurdev Netra Chikitsalaya,Madhya Pradesh,Indore,0,22.7030399,75.8729802,0,0,False,False
Shri Vinayaka Nursing Home,Madhya Pradesh,Indore,0,22.7195687,75.8577258,0,0,False,False
"Singhal Urology And Gynocology Center,Indore",Madhya Pradesh,Indore,0,22.7155232,75.8433895,0,0,False,False
Sng Hospital,Madhya Pradesh,Indore,0,22.7203646,75.8823457,0,0,False,False
Sundaram Hospital,Madhya Pradesh,Indore,0,22.6875909,75.8366822,0,0,False,False
Suprabhat Helthcare And Cornea Labs And Surgical C,Madhya Pradesh,Indore,0,22.7195687,75.8577258,0,0,False,False
Suraj Vision Centre,Madhya Pradesh,Indore,0,22.71929,75.875857,0,0,False,False
Suyash Hospital Pvt Ltd,Madhya Pradesh,Indore,0,22.7195687,75.8577258,0,0,False,False
Suyog Hospital,Madhya Pradesh,Indore,0,22.7195687,75.8577258,0,0,False,False
Tanish Medical Care,Madhya Pradesh,Indore,0,22.7164924,75.8568078,0,0,False,False
The Recovery Hospital,Madhya Pradesh,Indore,0,22.7195687,75.8577258,0,0,False,False
Tooth Basics Dental Care Centre,Madhya Pradesh,Indore,0,22.7257146,75.8926659,0,0,False,False
Treasure Health Hospital,Madhya Pradesh,Indore,0,22.719297,75.8704407,0,0,False,False
Triveni Hospital,Madhya Pradesh,Indore,0,19.1804788,72.951224,0,0,False,False
Unique Hospital,Madhya Pradesh,Indore,0,22.7160901,75.8530589,0,0,False,False
Vasan Eye Care Hospital,Madhya Pradesh,Indore,0,22.7195687,75.8577258,0,0,False,False
Vidhya Nursing Home,Madhya Pradesh,Indore,0,22.7341796,75.8901741,0,0,False,False
Vishesh Diagnostics Pvt Ltd,Madhya Pradesh,Indore,0,26.2817674,73.0063026,0,0,False,False
Vision Centre,Madhya Pradesh,Indore,0,22.7125132,75.8754389,0,0,False,False
Vyas Children Hospital,Madhya Pradesh,Indore,0,22.7160901,75.8530589,0,0,False,False
Waghmare Nursing Home,Madhya Pradesh,Indore,0,22.7160901,75.8530589,0,0,False,False
"Yashlok Hospital,",Madhya Pradesh,Indore,0,22.72124,75.856741,0,0,False,False
Arpit Maternity And Nursing Home,Madhya Pradesh,Indore,0,22.7173156,75.8947852,0,0,False,False
Aryan Hospital,Madhya Pradesh,Indore,0,22.6863492,75.8290714,0,0,False,False
Ashirwad Maternity and Nursing Home,Madhya Pradesh,Indore,0,22.690303,75.843557,0,0,False,False
Asian Institue Of Infertilty Menagment And Dr. Shf,Madhya Pradesh,Indore,0,22.7195687,75.8577258,0,0,False,False
Bafna Hospital and Orthopaedic Research Centre,Madhya Pradesh,Indore,0,22.7195687,75.8577258,0,0,False,False
City Nursing Home Pvt Ltd,Madhya Pradesh,Indore,0,22.7160334,75.8528429,0,0,False,False
Dr. Gada Hospital,Madhya Pradesh,Indore,0,22.7164264,75.8606499,0,0,False,False
Ekta Nursing Home,Madhya Pradesh,Indore,0,22.7195687,75.8577258,0,0,False,False
Geetanjali Hospital,Madhya Pradesh,Indore,0,22.7264301,75.8178424,0,0,False,False
Gupta Hand Surgery Centre,Madhya Pradesh,Indore,0,22.6906129,75.8819938,0,0,False,False
Harlalka Day Care,Madhya Pradesh,Indore,0,22.7204394,75.8443171,0,0,False,False
"Kalantri Nursing Home,Indore",Madhya Pradesh,Indore,0,22.7160334,75.8528429,0,0,False,False
Laxmi Ortho Medicare Centre,Madhya Pradesh,Indore,0,22.7290134,75.89312,0,0,False,False
Noble Hospital,Madhya Pradesh,Indore,0,22.721063,75.881751,0,0,False,False
Orthocare Centre,Madhya Pradesh,Indore,0,22.7195687,75.8577258,0,0,False,False
Prem Kumari Devi Hospital,Madhya Pradesh,Indore,0,22.7135032,75.8463108,0,0,False,False
Priyal Eye Care Centre,Madhya Pradesh,Indore,0,22.7195687,75.8577258,0,0,False,False
Shree Maruti Nandan Hospital,Madhya Pradesh,Indore,0,22.7195687,75.8577258,0,0,False,False
Shreepad Laproscopy and Maternity Centre,Madhya Pradesh,Indore,0,22.7039085,75.8409595,0,0,False,False
Varma Union Hospital,Madhya Pradesh,Indore,0,22.7195687,75.8577258,0,0,False,False
Arogya Nursing Home,Madhya Pradesh,Indore,0,22.7241275,75.8652103,0,0,False,False
Ayesha Nursing Home,Madhya Pradesh,Indore,0,22.7243922,75.8664774,0,0,False,False
Indore Lasik Laser Centre,Madhya Pradesh,Indore,0,22.7276452,75.8853543,0,0,False,False
Banthia Hospital,Madhya Pradesh,Indore,0,22.2972443,70.7755738,0,0,False,False
Citizen Hospital,Madhya Pradesh,Indore,0,22.7264301,75.8178424,0,0,False,False
Khandelwal Hospitals and Nursing Home,Madhya Pradesh,Indore,0,22.6798825,75.8305335,0,0,False,False
Nirmal Hospital,Madhya Pradesh,Indore,0,22.7201926,75.835659,0,0,False,False
Samarth Maternity Home,Madhya Pradesh,Indore,0,22.7436514,75.8695534,0,0,False,False
Kibs Hospital,Madhya Pradesh,Indore,0,22.7655159,75.8899707,0,0,False,False
Ansari Nursing Home,Madhya Pradesh,Indore,0,22.7155187,75.858479,0,0,False,False
K D Care Hospital,Madhya Pradesh,Indore,0,22.7235035,75.8970307,0,0,False,False
Shrinath Nirsing Home,Madhya Pradesh,Indore,0,22.691302,75.879046,0,0,False,False
Akanksha Nursing Home,Madhya Pradesh,Indore,0,22.6891947,75.8330591,0,0,False,False
Mehul Nursing Home,Madhya Pradesh,Indore,0,22.7195687,75.8577258,0,0,False,False
Samadhan Medical Investigation,Madhya Pradesh,Indore,0,22.7195687,75.8577258,0,0,False,False
Sanjeevni Nursing Home,Madhya Pradesh,Indore,0,22.7195687,75.8577258,0,0,False,False
Ashadeep Hospital,Madhya Pradesh,Indore,0,22.763497,75.889034,0,0,False,False
Ashish Nursing Home,Madhya Pradesh,Indore,0,22.7559912,75.8995044,0,0,False,False
Bapat Hospital,Madhya Pradesh,Indore,0,22.7630844,75.8731748,0,0,False,False
Centre For Sight,Madhya Pradesh,Indore,0,22.7558702,75.8872583,0,0,False,False
Chaurasia Hospital And Research Centre,Madhya Pradesh,Indore,0,22.7240823,75.8621478,0,0,False,False
Dr. Aditya Agarwal Eye Site,Madhya Pradesh,Indore,0,22.7177355,75.8780457,0,0,False,False
Kabir Nursing Home,Madhya Pradesh,Indore,0,22.7195687,75.8577258,0,0,False,False
Life Care Hospital - Indore,Madhya Pradesh,Indore,0,22.7195687,75.8577258,0,0,False,False
Mohak Hi Tech Speciality Centre,Madhya Pradesh,Indore,0,22.7195687,75.8577258,0,0,False,False
Mother Care Nursing Home,Madhya Pradesh,Indore,0,22.7195687,75.8577258,0,0,False,False
Rajshree Hospital And Research Centre,Madhya Pradesh,Indore,0,22.7195687,75.8577258,0,0,False,False
Synergy Hospital - Indore,Madhya Pradesh,Indore,0,22.7579819,75.889208,0,0,False,False
Totall Hospital,Madhya Pradesh,Indore,0,22.7195687,75.8577258,0,0,False,False
Universal Hospital And Care Centre,Madhya Pradesh,Indore,0,22.7600454,75.9066668,0,0,False,False
Vinayaka Nursing Home,Madhya Pradesh,Indore,0,22.716696,75.89821,0,0,False,False
Yash Diagnostic Solutions,Madhya Pradesh,Indore,0,22.7507104,75.8955229,0,0,False,False
P.C. Nursing Home,Madhya Pradesh,Indore,0,22.744629,75.874243,0,0,False,False
Vatsalya Nursing Home,Madhya Pradesh,Indore,0,22.7195687,75.8577258,0,0,False,False
Choithram Hospital and Research Centre,Madhya Pradesh,Indore,0,22.6957659,75.8547941,0,0,False,False
Shashi Nursing Home,Madhya Pradesh,Indore,0,28.6100931,77.3456487,0,0,False,False
Deep Nursing Home (P) Ltd,Madhya Pradesh,Indore,0,22.7195687,75.8577258,0,0,False,False
Lekhi Hospital,Madhya Pradesh,Indore,0,22.6008535,75.6868608,0,0,False,False
Al- Hayat Prasuti Grah and Surgical Centre,Madhya Pradesh,Indore,0,22.7314564,75.9143867,0,0,False,False
"Lahoti Medicare Pvt Ltd.,",Madhya Pradesh,Indore,0,22.721423,75.893038,0,0,False,False
Nahar Nursing Home,Madhya Pradesh,Indore,0,22.7209529,75.8997767,0,0,False,False
Rajshree Nursing Home,Madhya Pradesh,Indore,0,22.7240004,75.8555741,0,0,False,False
Royal Care Hospital,Madhya Pradesh,Indore,0,22.7291491,75.8963902,0,0,False,False
S. K. Hospital,Madhya Pradesh,Indore,0,22.7166063,75.8381435,0,0,False,False
Shri Aurobindo Institute Of Medical Sciences,Madhya Pradesh,Indore,0,22.7195687,75.8577258,0,0,False,False
Getwell Hospital,Madhya Pradesh,Indore,0,22.5524372,75.7565273,0,0,False,False
Malwa Nursing Home,Madhya Pradesh,Indore,0,22.5524372,75.7565273,0,0,False,False
O.P. Memorial Trauma and Naternity Clinic,Madhya Pradesh,Indore,0,22.5524372,75.7565273,0,0,False,False
Prashanti Hospital,Madhya Pradesh,Indore,0,22.5551726,75.7613356,0,0,False,False
Red Cross Hospital,Madhya Pradesh,Indore,0,22.7195687,75.8577258,0,0,False,False
Pyari Bai Memorial Hospital,Madhya Pradesh,Indore,0,22.7195687,75.8577258,0,0,False,False
Prem Nursing Home,Madhya Pradesh,Indore,0,22.8119715,75.9347113,0,0,False,False
Bombay Hospital,Madhya Pradesh,Indore,0,22.6941587,75.8279695,0,0,True,False
CHL Hospitals,Madhya Pradesh,Indore,0,22.6919422,75.8665303,0,0,True,False
Vishesh Hospital,Madhya Pradesh,Indore,0,22.7195687,75.8577258,0,0,True,False
Gokuldas Hospital,Madhya Pradesh,Indore,0,22.7195687,75.8577258,0,0,True,False
Choithram Hospital and Research Centre,Madhya Pradesh,Indore,0,22.6957659,75.8547941,0,0,True,False
Sahaj Hospital,Madhya Pradesh,Indore,0,22.7166872,75.8739793,0,0,True,False
Beams Hospitals,Madhya Pradesh,Indore,0,22.7195687,75.8577258,0,0,True,False
Arihant Hospital and Research Center,Madhya Pradesh,Indore,0,22.700988,75.829832,0,0,True,False
Suyash Hospital,Madhya Pradesh,Indore,0,22.7989708,75.9349835,0,0,True,False
Rajshree Hospitals,Madhya Pradesh,Indore,0,22.764179,75.8862749,0,0,True,False
Dr.Hardia Eye Hospital,Madhya Pradesh,Indore,0,22.7195687,75.8577258,0,0,True,False
Varma Union Hospital,Madhya Pradesh,Indore,0,22.7195687,75.8577258,0,0,True,False
Mohak Hitech Speciality Hospital,Madhya Pradesh,Indore,0,22.7195687,75.8577258,0,0,True,False
Gurjar Hospital and Endoscopy Centre,Madhya Pradesh,Indore,0,22.7195687,75.8577258,0,0,True,False
Gurjar Hospital and Endoscopy Centre,Madhya Pradesh,Indore,0,22.7125132,75.8754389,0,0,True,False
Greater Kailash Hospital,Madhya Pradesh,Indore,0,22.731337,75.876914,0,0,True,False
Sri Auriboindo Institute of Medical Sciences,Madhya Pradesh,Indore,0,22.7898854,75.8472972,0,0,True,False
Indore Eye Hospital,Madhya Pradesh,Indore,0,22.7125956,75.8411395,0,0,True,False
Aadya Hospital,Madhya Pradesh,Indore,0,22.7195687,75.8577258,0,0,True,False
Synergy Hospital,Madhya Pradesh,Indore,0,22.7684301,75.8957024,0,0,True,False
Life Line Hospital,Madhya Pradesh,Indore,0,22.7341758,75.890173,0,0,True,False
Life Care Hospital,Madhya Pradesh,Indore,0,22.7644564,75.8858062,0,0,True,False
Medicare Hospital and Research Centre,Madhya Pradesh,Indore,0,22.721423,75.893038,0,0,True,False
CHL CBCC Cancer Center,Madhya Pradesh,Indore,0,22.7322344,75.8897847,0,0,True,False
Unique Hospital,Madhya Pradesh,Indore,0,22.7195687,75.8577258,0,0,True,False
Medisquare Hospital,Madhya Pradesh,Indore,0,22.7195687,75.8577258,0,0,True,False
Charak Hospital,Madhya Pradesh,Indore,0,22.7195687,75.8577258,0,0,True,False
"Centre for Sight, Indore",Madhya Pradesh,Indore,0,22.7030399,75.8729802,0,0,True,False
Mayur Hospital and Research Centre,Madhya Pradesh,Indore,0,22.7195687,75.8577258,0,0,True,False
Aashish Hospital,Madhya Pradesh,Jabalpur,0,23.1598957,79.9237865,0,0,False,False
Aditya Superspeciality Hospital and Trauma Centre,Madhya Pradesh,Jabalpur,0,23.1598957,79.9237865,0,0,False,False
Akshay Maternity And Nursing Home,Madhya Pradesh,Jabalpur,0,23.181467,79.9864071,0,0,False,False
Ayushman Childrens Hospital,Madhya Pradesh,Jabalpur,0,23.1632475,79.9369993,0,0,False,False
Chhavi Eye Hospital Ice Phoco And Navex Laser Cent,Madhya Pradesh,Jabalpur,0,23.181467,79.9864071,0,0,False,False
Dashmesh Hospital and Research Center,Madhya Pradesh,Jabalpur,0,23.1602717,79.9207966,0,0,False,False
Dube Surgical And Dental Hospital - Jabalpur,Madhya Pradesh,Jabalpur,0,23.181467,79.9864071,0,0,False,False
Golcha Hospital And Urological Research Centre,Madhya Pradesh,Jabalpur,0,23.1588306,79.9318623,0,0,False,False
Hussain Eye Hospital and Lesar and Pacho Surgery Cente,Madhya Pradesh,Jabalpur,0,23.181467,79.9864071,0,0,False,False
Johri Hospital,Madhya Pradesh,Jabalpur,0,23.181467,79.9864071,0,0,False,False
Madan Mahal Hospital,Madhya Pradesh,Jabalpur,0,21.1489395,79.1165623,0,0,False,False
Manglam Hospital,Madhya Pradesh,Jabalpur,0,23.1668193,79.9264725,0,0,False,False
Marble City Hospital And Research Centre,Madhya Pradesh,Jabalpur,0,23.1622205,79.9455893,0,0,False,False
Narmada Hospital,Madhya Pradesh,Jabalpur,0,23.181467,79.9864071,0,0,False,False
P.G. Hospital,Madhya Pradesh,Jabalpur,0,23.181467,79.9864071,0,0,False,False
Pandey Hospital Pvt Ltd,Madhya Pradesh,Jabalpur,0,23.168561,79.9471771,0,0,False,False
Rama Chatterjee Nuring Maternity Home Frature and Ac,Madhya Pradesh,Jabalpur,0,23.1724758,79.9150724,0,0,False,False
Saket Nursing Home,Madhya Pradesh,Jabalpur,0,23.1724758,79.9150724,0,0,False,False
Seth Govonddas Hospital,Madhya Pradesh,Jabalpur,0,23.181467,79.9864071,0,0,False,False
Seth Mannulal Jagannathdas Trust,Madhya Pradesh,Jabalpur,0,23.181467,79.9864071,0,0,False,False
Shubh Labh Hospital,Madhya Pradesh,Jabalpur,0,23.181467,79.9864071,0,0,False,False
Sule Nursing Home,Madhya Pradesh,Jabalpur,0,26.3143711,84.0295707,0,0,False,False
Triveni Heart Institute and Cardiac Surgery Centre,Madhya Pradesh,Jabalpur,0,23.181467,79.9864071,0,0,False,False
Vimal Nursing And Maternity Home,Madhya Pradesh,Jabalpur,0,23.188232,79.9278662,0,0,False,False
Agrawal Surgical and Maternity Home,Madhya Pradesh,Jabalpur,0,23.181467,79.9864071,0,0,False,False
Anant Nursing Home Pvt Ltd,Madhya Pradesh,Jabalpur,0,23.1654784,79.9222821,0,0,False,False
Ashish Hospital,Madhya Pradesh,Jabalpur,0,23.1601684,79.9212752,0,0,False,False
Central Hospital and Research Center,Madhya Pradesh,Jabalpur,0,23.1689153,79.9112243,0,0,False,False
Central India Kidney Hospital,Madhya Pradesh,Jabalpur,0,23.1668193,79.9264725,0,0,False,False
Chiranjeev Children Hospital,Madhya Pradesh,Jabalpur,0,23.181467,79.9864071,0,0,False,False
Chirayu Intensive Care Hospital and Research Centre,Madhya Pradesh,Jabalpur,0,23.1668193,79.9264725,0,0,False,False
Dev Chhaya Centre For Child Development,Madhya Pradesh,Jabalpur,0,23.1668193,79.9264725,0,0,False,False
Dr. Gupats Uday Nursing Home and Resesarch Centre,Madhya Pradesh,Jabalpur,0,23.1668193,79.9264725,0,0,False,False
Dr. Ravi Agrawal Eye Hospital and Phako Centre,Madhya Pradesh,Jabalpur,0,23.1598957,79.9237865,0,0,False,False
Harshey Hospital,Madhya Pradesh,Jabalpur,0,23.1692089,79.9176727,0,0,False,False
Hindustan Hospital,Madhya Pradesh,Jabalpur,0,23.1689057,79.9335596,0,0,False,False
Jabalpur Hospital Research Centre,Madhya Pradesh,Jabalpur,0,23.1632475,79.9369993,0,0,False,False
Jamdar Hospital Pvt Ltd,Madhya Pradesh,Jabalpur,0,23.1708138,79.9304742,0,0,False,False
Jan Jyoti Eye Hospital and Zyoptix Laser Centre,Madhya Pradesh,Jabalpur,0,23.1708138,79.9304742,0,0,False,False
Jk Hospital,Madhya Pradesh,Jabalpur,0,23.181467,79.9864071,0,0,False,False
Mahakoshal Hospital,Madhya Pradesh,Jabalpur,0,23.181467,79.9864071,0,0,False,False
Mohanlal Hargovind Das Cheritable Trust Hospital,Madhya Pradesh,Jabalpur,0,23.1673774,79.9255883,0,0,False,False
Naik Nursing Home,Madhya Pradesh,Jabalpur,0,23.1708138,79.9304742,0,0,False,False
National Hospital,Madhya Pradesh,Jabalpur,0,23.1702093,79.927053,0,0,False,False
Omega Childrens Hospital,Madhya Pradesh,Jabalpur,0,23.181467,79.9864071,0,0,False,False
Sahni Hospital,Madhya Pradesh,Jabalpur,0,23.1358956,79.9282314,0,0,False,False
Saptarishi Hospital,Madhya Pradesh,Jabalpur,0,23.1668193,79.9264725,0,0,False,False
Shri Narmada Hospital,Madhya Pradesh,Jabalpur,0,23.181467,79.9864071,0,0,False,False
Silver Oak Hospital,Madhya Pradesh,Jabalpur,0,23.1588306,79.9318623,0,0,False,False
Sutika Gruha and Shishu Kalyan Kendra,Madhya Pradesh,Jabalpur,0,23.1668193,79.9264725,0,0,False,False
Suvidha Poly Clinic And Research Centre,Madhya Pradesh,Jabalpur,0,23.181467,79.9864071,0,0,False,False
Kajal Maternity And Children Hospital,Madhya Pradesh,Jabalpur,0,23.181467,79.9864071,0,0,False,False
Kothari Surigcal And Trauma Centre,Madhya Pradesh,Jabalpur,0,23.181467,79.9864071,0,0,False,False
Abhinandan Hospital and Research Centre,Madhya Pradesh,Jabalpur,0,23.181467,79.9864071,0,0,False,False
Bhandari Memorial Hospital,Madhya Pradesh,Jabalpur,0,23.1588306,79.9318623,0,0,False,False
Bombay Hospital and Research Center,Madhya Pradesh,Jabalpur,0,23.1708138,79.9304742,0,0,False,False
Gupta Surgical Hospital and Maternity Home,Madhya Pradesh,Jabalpur,0,23.1302617,79.9283992,0,0,False,False
Mannulal Jagannathdas Hospital and R.C,Madhya Pradesh,Jabalpur,0,23.181467,79.9864071,0,0,False,False
Sanjeevan Hospital and Research Centre,Madhya Pradesh,Jabalpur,0,29.3947643,79.1264997,0,0,False,False
Rogi Kalyn Samiti Govt Hospital,Madhya Pradesh,Jhabua,0,22.769666,74.5920921,0,0,False,False
Baba Madhavshah Chikitsalaya,Madhya Pradesh,Katni,0,23.8049017,80.3909164,0,0,False,False
Chandak Hospital,Madhya Pradesh,Katni,0,23.8384513,80.3874439,0,0,False,False
District Hospital,Madhya Pradesh,Katni,0,23.8308453,80.4072255,0,0,False,False
Eye Surgeon and X Ray Specailist,Madhya Pradesh,Katni,0,23.8402804,80.3935033,0,0,False,False
G.K Hospital and Endosurgery Centre,Madhya Pradesh,Katni,0,23.8325328,80.3971781,0,0,False,False
Gauri Hospital and Maternity Home,Madhya Pradesh,Katni,0,23.8308453,80.4072255,0,0,False,False
"Gupta Nursing Home,Katni",Madhya Pradesh,Katni,0,23.8308453,80.4072255,0,0,False,False
Gurukripa Hospital and Endosurgery Centre,Madhya Pradesh,Katni,0,23.8325328,80.3971781,0,0,False,False
Jagmohan Hospital,Madhya Pradesh,Katni,0,23.8308453,80.4072255,0,0,False,False
Katni Nursing Home,Madhya Pradesh,Katni,0,23.8308453,80.4072255,0,0,False,False
Mohanlal Gupta Memorial Hospital and Research Centre,Madhya Pradesh,Katni,0,23.8308453,80.4072255,0,0,False,False
Om Shanti Hospital,Madhya Pradesh,Katni,0,23.8308453,80.4072255,0,0,False,False
Agrawal Nursing Home-Khandwa,Madhya Pradesh,Khandwa,0,21.8257334,76.352571,0,0,False,False
Hinduja Hospital,Madhya Pradesh,Khandwa,0,21.8323693,76.3408136,0,0,False,False
Shubam Hospital,Madhya Pradesh,Khandwa,0,21.8434782,76.3564929,0,0,False,False
Alok Hospital,Madhya Pradesh,Mandsaur,0,24.4763852,74.8624092,0,0,False,False
Pamecha Hospitaland Cardiac Centre,Madhya Pradesh,Mandsaur,0,22.5524372,75.7565273,0,0,False,False
Perfect Eye Hospital,Madhya Pradesh,Mandsaur,0,24.0698848,75.0706955,0,0,False,False
R.K Hospital,Madhya Pradesh,Mandsaur,0,24.0676144,75.0670813,0,0,False,False
District Hospital,Madhya Pradesh,Morena,0,25.6299127,85.0455609,0,0,False,False
Parwati Nursing Home,Madhya Pradesh,Morena,0,26.4939884,77.9989212,0,0,False,False
Rathi Maternity Home,Madhya Pradesh,Morena,0,26.49754,77.9985776,0,0,False,False
Utkarsh Hospital and Research Centre,Madhya Pradesh,Morena,0,22.5524372,75.7565273,0,0,False,False
Majeji Nursing Home,Madhya Pradesh,Neemuch,0,24.4748048,75.140385,0,0,False,False
Choudhary Nursing Home,Madhya Pradesh,Neemuch,0,24.4763852,74.8624092,0,0,False,False
Dr. Narula Eye Hospital,Madhya Pradesh,Neemuch,0,24.4672894,74.8726426,0,0,False,False
Dr. S N Mandloi Memorial Hospital,Madhya Pradesh,Neemuch,0,24.4763852,74.8624092,0,0,False,False
Garg Nursing Home,Madhya Pradesh,Neemuch,0,24.4763852,74.8624092,0,0,False,False
Gomabai NethralayaandResearch Centre,Madhya Pradesh,Neemuch,0,24.4763852,74.8624092,0,0,False,False
Gupta Surgical and Maternity Nursing Home,Madhya Pradesh,Neemuch,0,24.4763852,74.8624092,0,0,False,False
Nirog Dham Nursing Home,Madhya Pradesh,Neemuch,0,24.4672894,74.8726426,0,0,False,False
Pawan Clinic and Nursing Home,Madhya Pradesh,Neemuch,0,24.4672894,74.8726426,0,0,False,False
Pukhratan Hospital,Madhya Pradesh,Neemuch,0,24.4672894,74.8726426,0,0,False,False
Ramniwas Hospital,Madhya Pradesh,Neemuch,0,24.4599732,74.8779232,0,0,False,False
Vikram Jana Seva Trust,Madhya Pradesh,Neemuch,0,24.5858514,74.8565613,0,0,False,False
Vimal Clinc and Nur Home,Madhya Pradesh,Neemuch,0,24.4763852,74.8624092,0,0,False,False
Wadhwa Hospital,Madhya Pradesh,Neemuch,0,24.467966,74.8686224,0,0,False,False
Maa Padmawati Nursing Home,Madhya Pradesh,Panna,0,24.7180311,80.1819268,0,0,False,False
Arogya Hospital,Madhya Pradesh,Raisen,0,25.5474246,85.1411006,0,0,False,False
Punjabi Nursing Home,Madhya Pradesh,Rajgarh,0,23.9185649,76.9113222,0,0,False,False
Ankoor Hospital Neo Ankoor Criti Care Center,Madhya Pradesh,Ratlam,0,23.3341696,75.0376325,0,0,False,False
Ashirwad Nursing Home,Madhya Pradesh,Ratlam,0,23.3341696,75.0376325,0,0,False,False
Chahar Trma Centre,Madhya Pradesh,Ratlam,0,23.3301488,75.0447506,0,0,False,False
Chl Jain Diwakar Hospital,Madhya Pradesh,Ratlam,0,23.3288909,75.0127985,0,0,False,False
Dr.H.C. Khandelwal Clinic,Madhya Pradesh,Ratlam,0,23.3341696,75.0376325,0,0,False,False
Gayatri Hospital,Madhya Pradesh,Ratlam,0,23.344413,75.0271621,0,0,False,False
Kamla Eye Hospital,Madhya Pradesh,Ratlam,0,23.3255512,75.0378345,0,0,False,False
Maa Falaudi Hospital,Madhya Pradesh,Ratlam,0,23.3341696,75.0376325,0,0,False,False
Maa Gayatri Hospital,Madhya Pradesh,Ratlam,0,23.3341696,75.0376325,0,0,False,False
Maheshwari Hospital,Madhya Pradesh,Ratlam,0,23.3292158,75.0370617,0,0,False,False
Mehra Nursing Home,Madhya Pradesh,Ratlam,0,23.3292158,75.0370617,0,0,False,False
Mission Hospital,Madhya Pradesh,Ratlam,0,23.6153994,75.446297,0,0,False,False
Rathore Nursing Home And Maternity Home,Madhya Pradesh,Ratlam,0,23.3341696,75.0376325,0,0,False,False
Ratlam Hospital and Research Center,Madhya Pradesh,Ratlam,0,23.3312754,75.0439614,0,0,False,False
Samarpan Hospital And Research Centre,Madhya Pradesh,Ratlam,0,23.3301488,75.0447506,0,0,False,False
Sanjeevani Orthopaedic Hospital and Physiotherapy Ce,Madhya Pradesh,Ratlam,0,23.3309061,75.0428731,0,0,False,False
Shah Multi Speciality Hospital,Madhya Pradesh,Ratlam,0,23.3292158,75.0370617,0,0,False,False
Shraddha General Hospital,Madhya Pradesh,Ratlam,0,23.3292158,75.0370617,0,0,False,False
Wadhwani Nursing Home and Pathology Lab,Madhya Pradesh,Ratlam,0,23.3354594,75.0494208,0,0,False,False
Shree Nursing Home,Madhya Pradesh,Rewa,0,24.5117645,81.3468167,0,0,False,False
Arihant Hospital,Madhya Pradesh,Sagar,0,23.8540485,78.7895295,0,0,False,False
Sewa Hospital,Madhya Pradesh,Sagar,0,23.8720055,78.8028666,0,0,False,False
Ganesh Memorial Hospital,Madhya Pradesh,Sagar,0,23.838805,78.7378068,0,0,False,False
Khemchand Jain Hospital And Research Centre,Madhya Pradesh,Sagar,0,23.838805,78.7378068,0,0,False,False
Shri Chaitanya Hospital,Madhya Pradesh,Sagar,0,23.838805,78.7378068,0,0,False,False
Janak Nursing Home,Madhya Pradesh,Sagar,0,23.8514011,78.7869335,0,0,False,False
Narayan Hospital,Madhya Pradesh,Sagar,0,23.8514011,78.7869335,0,0,False,False
Ayushman Hospital and Research Center,Madhya Pradesh,Satna,0,24.6005075,80.8322428,0,0,False,False
Berry Hospital,Madhya Pradesh,Satna,0,24.7975947,80.9751391,0,0,False,False
District Hospital,Madhya Pradesh,Satna,0,24.6005075,80.8322428,0,0,False,False
Dr Jha Hospital,Madhya Pradesh,Satna,0,24.5760876,80.8419307,0,0,False,False
Dr.Dutta's Patho Clinic and Cancer Diagnostic Center,Madhya Pradesh,Satna,0,24.569346,80.8445223,0,0,False,False
Joy Care Center,Madhya Pradesh,Satna,0,24.5760876,80.8419307,0,0,False,False
Keerti Orthopaedic Home,Madhya Pradesh,Satna,0,24.5803188,80.852989,0,0,False,False
Nahar Nursing Home,Madhya Pradesh,Satna,0,24.6005075,80.8322428,0,0,False,False
Netra Jyoti Micro Surgery Eye Hospital and Contact Lens Centre,Madhya Pradesh,Satna,0,24.5803188,80.852989,0,0,False,False
Prem Nursing Home,Madhya Pradesh,Satna,0,24.6005075,80.8322428,0,0,False,False
Pushpanjali Nursing Home,Madhya Pradesh,Satna,0,24.6005075,80.8322428,0,0,False,False
R K Medical Centre,Madhya Pradesh,Satna,0,24.5770337,80.8161116,0,0,False,False
Rasendra Memorial Nahar Ent Hospital,Madhya Pradesh,Satna,0,24.6005075,80.8322428,0,0,False,False
Sanjiwani Super Speciality Hospital,Madhya Pradesh,Satna,0,24.6005075,80.8322428,0,0,False,False
Shubham Nursing Home,Madhya Pradesh,Satna,0,24.5727139,80.8408927,0,0,False,False
M.P.Birla Hospital,Madhya Pradesh,Satna,0,24.5943748,80.8658857,0,0,False,False
Santosham Health Care,Madhya Pradesh,Satna,0,24.6005075,80.8322428,0,0,False,False
Pushpajali Nursing Home and Sankar Memorial Hospital and Research Center,Madhya Pradesh,Satna,0,24.6005075,80.8322428,0,0,False,False
Jaiswal Hospital,Madhya Pradesh,Sehore,0,23.2005571,77.08776,0,0,False,False
Pushpa Kalyan Hospital,Madhya Pradesh,Sehore,0,23.205012,77.0850781,0,0,False,False
Sewa Sadan Hospital,Madhya Pradesh,Seoni,0,15.6204361,77.2851136,0,0,False,False
Patidar Nursing Home,Madhya Pradesh,Shajapur,0,23.7136962,76.0078973,0,0,False,False
Vyas Hospital And Research Center,Madhya Pradesh,Shajapur,0,23.4277295,76.2681871,0,0,False,False
Sewadham Hospital And Research Center,Madhya Pradesh,Shajapur,0,23.7162305,76.0183573,0,0,False,False
M M Hospital,Madhya Pradesh,Shivpuri,0,25.424098,77.6479039,0,0,False,False
Vidya Devi Hospital,Madhya Pradesh,Shivpuri,0,25.4263711,77.6558847,0,0,False,False
Christian Hospital,Madhya Pradesh,Chhatarpur,0,24.7456147,78.8320779,0,0,False,False
Matritva Maternity Home,Madhya Pradesh,Tikamgarh,0,24.7456147,78.8320779,0,0,False,False
Seva Nursing Home,Madhya Pradesh,Tikamgarh,0,24.7505284,78.8311858,0,0,False,False
Shri Sai Hospital,Madhya Pradesh,Tikamgarh,0,22.3692296,77.2261452,0,0,False,False
Apollo Eye Hospital,Madhya Pradesh,Ujjain,0,23.1793593,75.7971004,0,0,False,False
"Chl-Medical Centre, Ujjain",Madhya Pradesh,Ujjain,0,23.1793013,75.7849097,0,0,False,False
District Hospital,Madhya Pradesh,Ujjain,0,23.1793013,75.7849097,0,0,False,False
G.D.Birla Memorial,Madhya Pradesh,Ujjain,0,23.1540107,75.8025492,0,0,False,False
J.K.Nursing Home,Madhya Pradesh,Ujjain,0,23.1712155,75.7916513,0,0,False,False
Pednekar Maternity and Nursing Home,Madhya Pradesh,Ujjain,0,23.1793013,75.7849097,0,0,False,False
Radiant Eye Hospital,Madhya Pradesh,Ujjain,0,23.1793593,75.7971004,0,0,False,False
Rawat Nursing Home and Helath Centre,Madhya Pradesh,Ujjain,0,23.1793013,75.7849097,0,0,False,False
Rogi Kaliyan Sameti Shreemant Madhavrav Sindhiya H,Madhya Pradesh,Ujjain,0,23.1793013,75.7849097,0,0,False,False
Saluja Nursing and Maternity Home,Madhya Pradesh,Ujjain,0,23.1618435,75.8081587,0,0,False,False
Shree G .D Bira Memorial Health Center,Madhya Pradesh,Ujjain,0,23.1540107,75.8025492,0,0,False,False
Ujjain Charitable Trust Hospital and Research Centre,Madhya Pradesh,Ujjain,0,23.1793013,75.7849097,0,0,False,False
Adinath Eye Care Centre,Madhya Pradesh,Ujjain,0,23.1793013,75.7849097,0,0,False,False
Ashok Hospital,Madhya Pradesh,Ujjain,0,23.1613245,75.7353609,0,0,False,False
Bhargava Heart Hospital and Intensive Care Unit,Madhya Pradesh,Ujjain,0,16.8922136,74.5880598,0,0,False,False
Dr. Deshmukh Mother and Child Hospital,Madhya Pradesh,Ujjain,0,23.1793593,75.7971004,0,0,False,False
Dr. Rakesh Agarwal Nursing Home,Madhya Pradesh,Ujjain,0,23.1793013,75.7849097,0,0,False,False
Mewar Orthopaedic Hospital Pvt Ltd,Madhya Pradesh,Ujjain,0,23.1793013,75.7849097,0,0,False,False
Mukhiya Hoapital And Maternity Home,Madhya Pradesh,Ujjain,0,23.1793013,75.7849097,0,0,False,False
Pushpa Mission Hospital,Madhya Pradesh,Ujjain,0,22.9622672,76.0507949,0,0,False,False
R.D. Gardi Medical College Ujjain Charitable Trust,Madhya Pradesh,Ujjain,0,23.1793013,75.7849097,0,0,False,False
Shinde Nursing And Maternity Home,Madhya Pradesh,Ujjain,0,23.0796326,75.8180367,0,0,False,False
Visual Eye Hospital,Madhya Pradesh,Ujjain,0,23.1793013,75.7849097,0,0,False,False
Indubhai Parekh Memeorial Hospital,Madhya Pradesh,Ujjain,0,23.4465681,75.407488,0,0,False,False
Sharma Nursing Home And Iccu,Madhya Pradesh,Ujjain,0,23.4560385,75.4231901,0,0,False,False
Shree Jee Hospital,Madhya Pradesh,Ujjain,0,23.4601232,75.4119263,0,0,False,False
Geeta Hospital And Research Centre,Madhya Pradesh,Ujjain,0,23.0504394,75.3773549,0,0,False,False
Amrita Hospital,Madhya Pradesh,Umaria,0,23.8004198,80.9484195,0,0,False,False
Indu Jain Maternity and Heart Hospital,Madhya Pradesh,Vidisha,0,23.5225333,77.8067934,0,0,False,False
Maa Hospital And Research Centre,Madhya Pradesh,Vidisha,0,23.5194774,77.8082392,0,0,False,False
Shreemali Children Hospital,Madhya Pradesh,Vidisha,0,21.8278303,76.3497181,0,0,False,False
District Hospital,Madhya Pradesh,Khargone,0,21.8335244,75.6149893,0,0,False,False
Maa Memorial Durgicl Clinic And Diagnostic Center,Madhya Pradesh,Khargone,0,21.8342396,75.6094491,0,0,False,False
Rogi Kalyan Samiti Distict Hospital,Madhya Pradesh,Khargone,0,21.8335244,75.6149893,0,0,False,False
Rohit Hospital,Madhya Pradesh,Khargone,0,22.2337531,76.0479393,0,0,False,False
Shada Hospital,Madhya Pradesh,Khargone,0,21.8329311,75.6333537,0,0,False,False
Subhoshi Hospital,Madhya Pradesh,Khargone,0,21.8359024,75.6171716,0,0,False,False
"Vijaylaxmi Hospital And Research Centre,",Madhya Pradesh,Khargone,0,21.8329311,75.6333537,0,0,False,False
Holy Cross Maternity Hospital,Madhya Pradesh,Khargone,0,22.1764007,76.068199,0,0,False,False
Jain Hospital,Madhya Pradesh,Khargone,0,22.1764007,76.068199,0,0,False,False
Narmada Hospital,Madhya Pradesh,Khargone,0,22.1814237,76.071462,0,0,False,False
Ritwik Hospital,Madhya Pradesh,Khargone,0,22.1765499,76.0695101,0,0,False,False
Shri Dada Darbar Hospital,Madhya Pradesh,Khargone,0,22.2532435,76.0407918,0,0,False,False
Sunderson Hospital Intensiv Care Unit,Madhya Pradesh,Khargone,0,24.4185843,78.1136794,0,0,False,False
"Centre for Sight, Indore",Madhya Pradesh,Indore,0,22.7030399,75.8729802,0,0,True,False
Anand Hospital,Maharashtra,Ahmednagar,0,18.7380109,75.312064,0,0,False,False
Comprehensive Rural Health Project,Maharashtra,Ahmednagar,0,18.4128194,75.1967746,0,0,False,False
Ghodke Hospital,Maharashtra,Ahmednagar,0,18.7380109,75.312064,0,0,False,False
Pawar Hospital,Maharashtra,Ahmednagar,0,19.09459,74.7785026,0,0,False,False
Bhandari Hospital,Maharashtra,Ahmednagar,0,20.2511789,74.4366016,0,0,False,False
Appa Saheb Dhanvate Memorial Hospital,Maharashtra,Ahmednagar,0,19.7666681,74.6195474,0,0,False,False
Mohini Hospital,Maharashtra,Ahmednagar,0,19.0952075,74.7495916,0,0,False,False
Padghau Hospital,Maharashtra,Ahmednagar,0,19.6199519,74.6758693,0,0,False,False
Sakhar Kamhgar Hospital Trust Gangadhar Ogale Hospital,Maharashtra,Ahmednagar,0,19.6222323,74.6576091,0,0,False,False
Shirsath Hospital,Maharashtra,Ahmednagar,0,19.0952075,74.7495916,0,0,False,False
Shridhar Eye Hospital Phaco Centre,Maharashtra,Ahmednagar,0,19.6226389,74.6539497,0,0,False,False
Mahaske Hospital and Maternity Home,Maharashtra,Ahmednagar,0,19.0952075,74.7495916,0,0,False,False
Accident and Superspeciality Centre,Maharashtra,Ahmednagar,0,19.0938016,74.7498845,0,0,False,False
Agrawal Hospital,Maharashtra,Ahmednagar,0,19.1136032,74.7302645,0,0,False,False
Bombay Nursing Home and Polyclinic,Maharashtra,Ahmednagar,0,18.1554758,73.2967848,0,0,False,False
Daule Hospital,Maharashtra,Ahmednagar,0,19.1136032,74.7302645,0,0,False,False
"Deepak Hospital, Ahmednagar",Maharashtra,Ahmednagar,0,19.1136032,74.7302645,0,0,False,False
Deshpande Hospital,Maharashtra,Ahmednagar,0,19.0952075,74.7495916,0,0,False,False
Dr V.N. Deshpandes Headinjury Centre Pvt.Ltd.,Maharashtra,Ahmednagar,0,19.0952075,74.7495916,0,0,False,False
Dr. Tamboli Balrugnalaya / Chiranjiv Clinic And Child Development Centre,Maharashtra,Ahmednagar,0,19.0937592,74.7365224,0,0,False,False
Hole Hospital and Maternity Home,Maharashtra,Ahmednagar,0,28.384764,77.303723,0,0,False,False
Hruday Mitra Cardiac Care Unit,Maharashtra,Ahmednagar,0,19.0937592,74.7365224,0,0,False,False
Kalyani Nursing Home,Maharashtra,Ahmednagar,0,28.6139391,77.2090212,0,0,False,False
Manas-Deep Psychitry And Neurocare Center,Maharashtra,Ahmednagar,0,19.6195601,74.6695931,0,0,False,False
Narsale Hospital and Maternity Home,Maharashtra,Ahmednagar,0,19.1051624,74.7304821,0,0,False,False
Narwade Hospital and Adv. Laparoscopy Centre,Maharashtra,Ahmednagar,0,19.0904534,74.7347189,0,0,False,False
Netradeep Eye Hospital,Maharashtra,Ahmednagar,0,19.097758,74.7325015,0,0,False,False
Om Gagangiri Hospital,Maharashtra,Ahmednagar,0,19.5771387,74.2079648,0,0,False,False
Pandit Accident Hospital and Spine Care Centre,Maharashtra,Ahmednagar,0,19.2381636,73.1294602,0,0,False,False
Patil Hospital,Maharashtra,Ahmednagar,0,25.6069818,85.1172262,0,0,False,False
Sai Surya Netra Seva Research and Training,Maharashtra,Ahmednagar,0,19.0952075,74.7495916,0,0,False,False
Sarthak Hospital,Maharashtra,Ahmednagar,0,19.0823297,74.7356872,0,0,False,False
Shraddha Hospital,Maharashtra,Ahmednagar,0,19.0952075,74.7495916,0,0,False,False
Shri Sai Endoscopy Center and Hospital,Maharashtra,Ahmednagar,0,19.0952075,74.7495916,0,0,False,False
Shri Swami Samarth Hospital,Maharashtra,Ahmednagar,0,19.1241695,74.7399301,0,0,False,False
Sinare Hospital,Maharashtra,Ahmednagar,0,19.392678,74.6488264,0,0,False,False
Supekar Hospital,Maharashtra,Ahmednagar,0,19.0863609,74.7395134,0,0,False,False
Swasthya Hospital Medical Research Center,Maharashtra,Ahmednagar,0,19.1065754,74.7357643,0,0,False,False
Vahadne Hospital,Maharashtra,Ahmednagar,0,19.0952075,74.7495916,0,0,False,False
Veer Hospital,Maharashtra,Ahmednagar,0,19.0830923,74.7403974,0,0,False,False
Wankhade Kidney Hospital,Maharashtra,Ahmednagar,0,19.1065063,74.7408393,0,0,False,False
Anand Rishiji Hospital and Medical Research Centre,Maharashtra,Ahmednagar,0,19.0952075,74.7495916,0,0,False,False
Satalkar Hospital,Maharashtra,Ahmednagar,0,28.6139391,77.2090212,0,0,False,False
Ameya Medical Foundation Garud Hospital and Research Institute,Maharashtra,Ahmednagar,0,19.9801298,74.490931,0,0,False,False
Athare Patil Memorial Hospitals And Research Center Pvt Ltd,Maharashtra,Ahmednagar,0,19.1136032,74.7302645,0,0,False,False
Chintamani Hospital and Urology Center,Maharashtra,Ahmednagar,0,19.1113327,74.7292131,0,0,False,False
Garud Hospital and Research Center,Maharashtra,Ahmednagar,0,19.1136032,74.7302645,0,0,False,False
Joshi Hospital,Maharashtra,Ahmednagar,0,19.120998,74.7425085,0,0,False,False
Kamalnayan Accident Hospital,Maharashtra,Ahmednagar,0,19.1241695,74.7399301,0,0,False,False
Nisar Hospital and Maternity Home,Maharashtra,Ahmednagar,0,19.1136032,74.7302645,0,0,False,False
Sushrut Cosmetic and Laser Center,Maharashtra,Ahmednagar,0,19.1241695,74.7399301,0,0,False,False
Tarde Hospital,Maharashtra,Ahmednagar,0,19.1136032,74.7302645,0,0,False,False
Vivek Charitable Netra Chikitsalaya,Maharashtra,Ahmednagar,0,19.1287852,74.7363513,0,0,False,False
Ambika Nursing Home,Maharashtra,Ahmednagar,0,19.0708788,74.7168823,0,0,False,False
Sumanglya Bal Arogya Mandir,Maharashtra,Ahmednagar,0,19.0812335,74.7360452,0,0,False,False
Shri Sai Balrugnalaya and Maternity Home,Maharashtra,Ahmednagar,0,19.1761399,75.1749671,0,0,False,False
Kakasaheb Mhaske Kamgar Hospital,Maharashtra,Ahmednagar,0,19.1429587,74.7137046,0,0,False,False
Vatsalya Hospital,Maharashtra,Ahmednagar,0,19.7885349,74.4730782,0,0,False,False
Dwarka Nursing Home,Maharashtra,Ahmednagar,0,19.350367,75.219372,0,0,False,False
Fairbank James Frienship Memorial Hospital,Maharashtra,Ahmednagar,0,19.5278548,74.9650339,0,0,False,False
Saraswati Hospital,Maharashtra,Ahmednagar,0,19.5511772,74.9281063,0,0,False,False
Shri Shaneshwar Gramin Rugnalaya,Maharashtra,Ahmednagar,0,19.5511772,74.9281063,0,0,False,False
Bule Hospital,Maharashtra,Ahmednagar,0,19.5406298,74.005428,0,0,False,False
Gosavi Nursing Home,Maharashtra,Ahmednagar,0,19.6231984,74.6562597,0,0,False,False
Joint and Spine Care,Maharashtra,Ahmednagar,0,19.0952075,74.7495916,0,0,False,False
Sudha Hospital,Maharashtra,Ahmednagar,0,19.712551,77.1435107,0,0,False,False
Dr Ithape Hospital,Maharashtra,Ahmednagar,0,19.5771387,74.2079648,0,0,False,False
Dr Satpute Hospital,Maharashtra,Ahmednagar,0,19.5771387,74.2079648,0,0,False,False
Pophale Hospital Pvt Ltd,Maharashtra,Ahmednagar,0,19.5734126,74.2098618,0,0,False,False
Shri Sai Clinic and Hospital,Maharashtra,Ahmednagar,0,19.8004226,74.4646954,0,0,False,False
Tambe Hospital - Sangamner,Maharashtra,Ahmednagar,0,19.5771387,74.2079648,0,0,False,False
Deshmukh General Hospital,Maharashtra,Ahmednagar,0,19.7668633,74.4772614,0,0,False,False
Shri Saibaba Hospital,Maharashtra,Ahmednagar,0,19.0952075,74.7495916,0,0,False,False
Chandak Urology Clinic And Meternity Home,Maharashtra,Akola,0,20.7059345,77.0219019,0,0,False,False
Cotton City Hospital and Critical Care Centre,Maharashtra,Akola,0,20.720588,77.0031863,0,0,False,False
Devki Nursing Home and Critical Care Centre,Maharashtra,Akola,0,20.7059345,77.0219019,0,0,False,False
Dr.Malokar Hospital,Maharashtra,Akola,0,20.7059345,77.0219019,0,0,False,False
Firke Accident Hospital,Maharashtra,Akola,0,21.0455204,75.8010962,0,0,False,False
Gajanan Hospital,Maharashtra,Akola,0,12.9855865,80.1938203,0,0,False,False
Gupta Hospital - Akola,Maharashtra,Akola,0,20.7059345,77.0219019,0,0,False,False
Jaipuria Hospital,Maharashtra,Akola,0,20.7126659,76.9977152,0,0,False,False
New Cotton City Critical Care Center,Maharashtra,Akola,0,20.7059345,77.0219019,0,0,False,False
Phadke Hospital,Maharashtra,Akola,0,20.718763,77.0175832,0,0,False,False
Rathi Children Hospital,Maharashtra,Akola,0,20.7059345,77.0219019,0,0,False,False
Shah Hospital Maternity Home and Urology Clinic,Maharashtra,Akola,0,21.0970339,77.0504034,0,0,False,False
Shri Narayan Hospital,Maharashtra,Akola,0,20.7059345,77.0219019,0,0,False,False
Shri Ram Hospital,Maharashtra,Akola,0,20.7059345,77.0219019,0,0,False,False
Shubhamkaroti Hospital and Maternity Home,Maharashtra,Akola,0,20.704527,76.9834013,0,0,False,False
Siddhivinayak Orthopedic and Maternity Hospital,Maharashtra,Akola,0,20.7059345,77.0219019,0,0,False,False
Sonawne Orthopadic and Truma Centre,Maharashtra,Akola,0,20.7059345,77.0219019,0,0,False,False
Vasudha Hospital,Maharashtra,Akola,0,20.7059345,77.0219019,0,0,False,False
Virwani Hospital,Maharashtra,Akola,0,23.1626622,79.9715505,0,0,False,False
"Zailla Stree Rugnalay, Akola",Maharashtra,Akola,0,20.7059345,77.0219019,0,0,False,False
Akola Eye Hospital,Maharashtra,Akola,0,20.7059345,77.0219019,0,0,False,False
Murarka Hospital,Maharashtra,Akola,0,20.7059345,77.0219019,0,0,False,False
Thorat Eye Hospital,Maharashtra,Akola,0,20.7059345,77.0219019,0,0,False,False
Kotak Hospital,Maharashtra,Akola,0,20.7059345,77.0219019,0,0,False,False
Sushiladevi Sharma Hospital,Maharashtra,Akola,0,20.7296406,77.3678934,0,0,False,False
Agrawal Maternity and Nursing Home,Maharashtra,Amravati,0,20.9374238,77.7795513,0,0,False,False
Ajinkya Nursing Home,Maharashtra,Amravati,0,30.3436005,78.043795,0,0,False,False
Annapurna Hospital,Maharashtra,Amravati,0,20.9374238,77.7795513,0,0,False,False
Arihant Hospital,Maharashtra,Amravati,0,20.8963066,77.7494585,0,0,False,False
Ashirwad Nursing Home,Maharashtra,Amravati,0,20.908462,77.7695066,0,0,False,False
Astha Maternity and Surgical Hospital,Maharashtra,Amravati,0,20.9374238,77.7795513,0,0,False,False
Dayasagar Hospital,Maharashtra,Amravati,0,20.9315561,77.7584403,0,0,False,False
Deshmukh Eye Hospital Retina Care Centre,Maharashtra,Amravati,0,20.9321531,77.7613832,0,0,False,False
Deshmukh Maternity and Childrens Hospital,Maharashtra,Amravati,0,20.9374238,77.7795513,0,0,False,False
Dr Murkey Aayushkam Balrugnalaya,Maharashtra,Amravati,0,20.9339963,77.7573562,0,0,False,False
Dr Vijay Agrawal Eye Clinic,Maharashtra,Amravati,0,20.9610945,77.7822296,0,0,False,False
Dr. Ashish Masankar,Maharashtra,Amravati,0,20.9207512,77.755937,0,0,False,False
Dr. Barabde Hospital and Critical Care Unit,Maharashtra,Amravati,0,20.9285946,77.7969757,0,0,False,False
Dr. Sawai Maternity and Children Hospital,Maharashtra,Amravati,0,20.9250605,77.7653968,0,0,False,False
Galaxy Hospital and Apex Critical Care,Maharashtra,Amravati,0,20.9207512,77.755937,0,0,False,False
Jamthe Hospital,Maharashtra,Amravati,0,20.9261231,77.7644591,0,0,False,False
Kusumanjali Hospital,Maharashtra,Amravati,0,20.9374238,77.7795513,0,0,False,False
Mahaveer Hospital and Medical Research Centre,Maharashtra,Amravati,0,20.9372842,77.7616587,0,0,False,False
Matrukrupa Children Hospital,Maharashtra,Amravati,0,21.4043024,78.2266094,0,0,False,False
Rathi Hospital,Maharashtra,Amravati,0,20.9255154,77.7524286,0,0,False,False
Sagane Eye Hospital,Maharashtra,Amravati,0,20.9261231,77.7644591,0,0,False,False
Samyukta Surgical and Maternity Hospital,Maharashtra,Amravati,0,20.9354989,77.7660315,0,0,False,False
Sanjeevan Hospital,Maharashtra,Amravati,0,22.3145767,73.1457496,0,0,False,False
Sankalp Chaudhari Maternity Hopsital and Dialysis Ce,Maharashtra,Amravati,0,20.9374238,77.7795513,0,0,False,False
Shiv Lahari Hospital,Maharashtra,Amravati,0,20.9374238,77.7795513,0,0,False,False
Shri Amba Maternity and Surgical Hospital,Maharashtra,Amravati,0,20.92561,77.7522363,0,0,False,False
Snehagandha Hospital,Maharashtra,Amravati,0,20.9639721,77.7659498,0,0,False,False
Suyash Hospital,Maharashtra,Amravati,0,20.9374238,77.7795513,0,0,False,False
Ultra Sound Clinic (Dr. Barabde),Maharashtra,Amravati,0,20.9285946,77.7969757,0,0,False,False
Yash Netralaya and Child Hospital,Maharashtra,Amravati,0,30.3436005,78.043795,0,0,False,False
Dr. Sudha Deshmukh Hospitgal For Women,Maharashtra,Amravati,0,20.9374238,77.7795513,0,0,False,False
Khatri Hospital,Maharashtra,Amravati,0,20.9374238,77.7795513,0,0,False,False
Navjeevan Hospital - Amravati,Maharashtra,Amravati,0,23.2456892,69.6777796,0,0,False,False
Shree Sant Achut Maharaj Heart Hosppital and Research Institute,Maharashtra,Amravati,0,20.9374238,77.7795513,0,0,False,False
Smyukta Hospital,Maharashtra,Amravati,0,20.9374238,77.7795513,0,0,False,False
Vyws Dental College And Hospital Amravati,Maharashtra,Amravati,0,20.9374238,77.7795513,0,0,False,False
Boob Nursing Home,Maharashtra,Amravati,0,20.950076,77.7780358,0,0,False,False
Chaudhary Hospital,Maharashtra,Amravati,0,20.9515106,77.7646088,0,0,False,False
Kakraniya Hospital,Maharashtra,Amravati,0,19.0759837,72.8776559,0,0,False,False
Vyawahare Netralaya - Amravati,Maharashtra,Amravati,0,11.7745244,79.3051192,0,0,False,False
Yadgire Superspecialty Hospital,Maharashtra,Amravati,0,20.9374238,77.7795513,0,0,False,False
Kiran Agrawal Children Hospital,Maharashtra,Amravati,0,20.9374238,77.7795513,0,0,False,False
Kulkarni Hospital,Maharashtra,Amravati,0,20.9374238,77.7795513,0,0,False,False
Belokar Hospital,Maharashtra,Amravati,0,20.9261231,77.7644591,0,0,False,False
Vatsalya Nursing Home,Maharashtra,Amravati,0,20.908462,77.7695066,0,0,False,False
Bardia Hospital,Maharashtra,Amravati,0,21.2870946,77.5195729,0,0,False,False
Rawat Accident Hospital,Maharashtra,Amravati,0,21.2779007,77.5242089,0,0,False,False
Sarla Maternity and Surgical Nursing Home,Maharashtra,Amravati,0,21.2779007,77.5242089,0,0,False,False
Thakare Bal Rugnalya Hospital,Maharashtra,Amravati,0,21.2872282,77.5175348,0,0,False,False
"Aastha Nursing Home And Critical Care Center,Auran",Maharashtra,Aurangabad,0,19.8635343,75.3358928,0,0,False,False
Amaan Hospital Surgical and Orthopaedics,Maharashtra,Aurangabad,0,19.8761653,75.3433139,0,0,False,False
Ashtvinayak Hospital,Maharashtra,Aurangabad,0,19.8761653,75.3433139,0,0,False,False
Aurangabad Hospital,Maharashtra,Aurangabad,0,19.8883922,75.3285803,0,0,False,False
Balaji Medical and General Store,Maharashtra,Aurangabad,0,19.8420404,75.2469317,0,0,False,False
Bharat Hospital and Nursing Home,Maharashtra,Aurangabad,0,19.8688216,75.3773741,0,0,False,False
Bhartiyua Maternity And Nursing Home,Maharashtra,Aurangabad,0,19.8761653,75.3433139,0,0,False,False
Ciigma Hospital,Maharashtra,Aurangabad,0,19.8760793,75.3477351,0,0,False,False
Citicare Superspeciality Hospital,Maharashtra,Aurangabad,0,19.8761653,75.3433139,0,0,False,False
Dr Pawar Hospital,Maharashtra,Aurangabad,0,19.5742085,75.1269885,0,0,False,False
Dr. Praful Munshi Nursing Home,Maharashtra,Aurangabad,0,19.0952075,74.7495916,0,0,False,False
Drushti Eye Institute,Maharashtra,Aurangabad,0,19.8784923,75.3202606,0,0,False,False
Dumir Maternity and Nursing Home,Maharashtra,Aurangabad,0,19.8668745,75.3114828,0,0,False,False
Dunakhe Hospital Pvt. Ltd.,Maharashtra,Aurangabad,0,19.8760793,75.3477351,0,0,False,False
Evangeline Booth Hospital,Maharashtra,Aurangabad,0,19.8761653,75.3433139,0,0,False,False
Farah Maternity and Infertility Centre,Maharashtra,Aurangabad,0,19.8761653,75.3433139,0,0,False,False
Gade Hospital,Maharashtra,Aurangabad,0,19.8638512,75.3541859,0,0,False,False
Guruprasad Eye Hospital - Aurangabad,Maharashtra,Aurangabad,0,19.8781718,75.3200819,0,0,False,False
Hazari Nursing Home,Maharashtra,Aurangabad,0,19.8771878,75.3228386,0,0,False,False
Indian Academy Of Acupuncture Science,Maharashtra,Aurangabad,0,19.8747935,75.3588641,0,0,False,False
Insha Surgical Hospital,Maharashtra,Aurangabad,0,19.887891,75.3277349,0,0,False,False
Jhunjhunwala Hospital,Maharashtra,Aurangabad,0,19.8760793,75.3477351,0,0,False,False
Jijai Maternity and Nursing Home,Maharashtra,Aurangabad,0,19.8761653,75.3433139,0,0,False,False
Joshi Hospital,Maharashtra,Aurangabad,0,19.8784805,75.3194713,0,0,False,False
Kabra Hospital - Aurangabad,Maharashtra,Aurangabad,0,19.8761653,75.3433139,0,0,False,False
Krushna Hospital and Icu,Maharashtra,Aurangabad,0,19.8760793,75.3477351,0,0,False,False
Krushnai Maternity and Nursing Home,Maharashtra,Aurangabad,0,19.8823567,75.359254,0,0,False,False
Mauli Children Hospital,Maharashtra,Aurangabad,0,19.8694896,75.3488732,0,0,False,False
Mishra Children Hospital and Critical Care Hospital,Maharashtra,Aurangabad,0,19.8761653,75.3433139,0,0,False,False
Naqshabandi Eye Hospital,Maharashtra,Aurangabad,0,19.8761653,75.3433139,0,0,False,False
Navandar Nursing Home,Maharashtra,Aurangabad,0,19.8761653,75.3433139,0,0,False,False
Om Orthopedic Hospital,Maharashtra,Aurangabad,0,19.8761653,75.3433139,0,0,False,False
Patwardhan Hospital,Maharashtra,Aurangabad,0,19.8639613,75.3108699,0,0,False,False
Prestige Hospital,Maharashtra,Aurangabad,0,19.8886014,75.3217165,0,0,False,False
Radhai Multispeciality Hospital,Maharashtra,Aurangabad,0,19.8784923,75.3202606,0,0,False,False
Rasha Maternity and Nursing Home,Maharashtra,Aurangabad,0,19.9054217,75.3514963,0,0,False,False
Sachin Hosptial.,Maharashtra,Aurangabad,0,19.884736,75.3226486,0,0,False,False
Sahyadri Multispeciality Hospital,Maharashtra,Aurangabad,0,19.8760793,75.3477351,0,0,False,False
Sakolkar Charitable Hosp and Research Centre,Maharashtra,Aurangabad,0,19.9063768,75.3465569,0,0,False,False
Sankalp Netra Ragnalaya And Refractive Surgery Cen,Maharashtra,Aurangabad,0,19.8761653,75.3433139,0,0,False,False
Shewale Hospital,Maharashtra,Aurangabad,0,19.8778328,75.3293823,0,0,False,False
"Shraddha Hospital and Critical Care Unit, Aurangabad",Maharashtra,Aurangabad,0,19.8761653,75.3433139,0,0,False,False
Shree Gajanand Ayurved Chikitsalay,Maharashtra,Aurangabad,0,19.8872157,75.3201484,0,0,False,False
Shri Sai Hospital and Research Centre,Maharashtra,Aurangabad,0,19.8761653,75.3433139,0,0,False,False
Soni Hospital,Maharashtra,Aurangabad,0,19.876453,75.3454179,0,0,False,False
Sumananjali Nursing Home,Maharashtra,Aurangabad,0,19.874953,75.362316,0,0,False,False
Suniti Nursing Home,Maharashtra,Aurangabad,0,19.8704331,75.3317435,0,0,False,False
Sushrusha Nursing Home,Maharashtra,Aurangabad,0,19.8761653,75.3433139,0,0,False,False
Wadgaonkar Eye Hospital,Maharashtra,Aurangabad,0,19.8781718,75.3200819,0,0,False,False
Dr Manju P Jilla Hospital,Maharashtra,Aurangabad,0,19.8813337,75.3534997,0,0,False,False
Dwarka Hospital,Maharashtra,Aurangabad,0,19.9007195,75.3551081,0,0,False,False
Gurde Hospital,Maharashtra,Aurangabad,0,19.9006617,75.3561924,0,0,False,False
Jilla Hospital,Maharashtra,Aurangabad,0,19.8813337,75.3534997,0,0,False,False
Mahatma Gandhi Mission Medical Centre,Maharashtra,Aurangabad,0,19.8761653,75.3433139,0,0,False,False
Medical Center,Maharashtra,Aurangabad,0,19.8834604,75.3572501,0,0,False,False
Mit Hospital and Research Centre,Maharashtra,Aurangabad,0,19.8631171,75.3636602,0,0,False,False
Ankur Maternity and Eye Hospital,Maharashtra,Aurangabad,0,19.8629648,75.342311,0,0,False,False
Apex Superspeciality Hospital,Maharashtra,Aurangabad,0,19.8761653,75.3433139,0,0,False,False
Bagdia Maternity And Nursing Home,Maharashtra,Aurangabad,0,19.8784923,75.3202606,0,0,False,False
Deshmukh Institute Of Maxillo-Facial Surgery and Res,Maharashtra,Aurangabad,0,19.8760793,75.3477351,0,0,False,False
Dr. Hedgewar Rugnalya - Aurangabad,Maharashtra,Aurangabad,0,19.8682025,75.3503969,0,0,False,False
Dr. Jilla Hospital,Maharashtra,Aurangabad,0,19.8813337,75.3534997,0,0,False,False
Dr. Totla Hospital,Maharashtra,Aurangabad,0,19.8763364,75.3442059,0,0,False,False
Janaki Hospital,Maharashtra,Aurangabad,0,19.8784923,75.3202606,0,0,False,False
Jeevanjyot Hospital,Maharashtra,Aurangabad,0,19.8399697,75.2469262,0,0,False,False
K C H Kandharkar Hospital,Maharashtra,Aurangabad,0,19.8665632,75.3375739,0,0,False,False
Kamalnayan Bajaj Rugnalay,Maharashtra,Aurangabad,0,19.8502643,75.3076904,0,0,False,False
M.M.R.I. Kamalnayan Bajaj Hospital,Maharashtra,Aurangabad,0,19.8511097,75.3492776,0,0,False,False
Manik Hospital and Research Center Pvt Ltd,Maharashtra,Aurangabad,0,19.8586438,75.3557927,0,0,False,False
Marathwada Medical and Research Institute,Maharashtra,Aurangabad,0,19.8761653,75.3433139,0,0,False,False
Neo Clinic,Maharashtra,Aurangabad,0,19.874986,75.330618,0,0,False,False
Padmawati Hospital and Critical Care Centre,Maharashtra,Aurangabad,0,19.8761653,75.3433139,0,0,False,False
Panat Hospital,Maharashtra,Aurangabad,0,19.8761653,75.3433139,0,0,False,False
Ramkrupa Maternity and Nursing Home,Maharashtra,Aurangabad,0,19.8622077,75.3472723,0,0,False,False
Ruby Heart Care Centre,Maharashtra,Aurangabad,0,19.8761653,75.3433139,0,0,False,False
Shri Tirupati Diagnostic Centre,Maharashtra,Aurangabad,0,19.87022,75.3201849,0,0,False,False
St. Anns Hospital,Maharashtra,Aurangabad,0,19.8760793,75.3477351,0,0,False,False
Sushila Netralaya,Maharashtra,Aurangabad,0,19.8624449,75.3144791,0,0,False,False
Devgiri Nurising Home,Maharashtra,Aurangabad,0,19.4776906,75.3849382,0,0,False,False
Vivekanand Polyclinic,Maharashtra,Aurangabad,0,20.5839788,75.6691074,0,0,False,False
Awanti Clinic and Nursing Home,Maharashtra,Aurangabad,0,19.8399697,75.2469262,0,0,False,False
Anand Hospital,Maharashtra,Beed,0,18.9868442,75.7526596,0,0,False,False
"Ashwini Hospital, Beed",Maharashtra,Beed,0,19.9540988,73.7741237,0,0,False,False
Chiranjeev Bal Rugnalaya,Maharashtra,Beed,0,18.9890893,75.7600785,0,0,False,False
Dr Lawande Hospital,Maharashtra,Beed,0,18.8788642,75.626628,0,0,False,False
Dr.Khedkar Hospital,Maharashtra,Beed,0,15.2326136,75.2726975,0,0,False,False
Karad Hospital Maternity and Nursing Home,Maharashtra,Beed,0,18.8453169,76.5198462,0,0,False,False
Munde Hospital,Maharashtra,Beed,0,18.8191649,76.1096608,0,0,False,False
Netradham Obsessed For Complete Eye Care,Maharashtra,Beed,0,19.0156893,75.7429636,0,0,False,False
Rutuswapn Aarogya Pratisthan / Netradham,Maharashtra,Beed,0,19.0156893,75.7429636,0,0,False,False
S.M.S. Hospital and Research Centre,Maharashtra,Beed,0,18.9932773,75.7596618,0,0,False,False
Sanjeevani Multi Speciality(Sms) Hospital,Maharashtra,Beed,0,26.7057476,88.4350699,0,0,False,False
Shree Maternity and Nursing Home,Maharashtra,Beed,0,18.9890893,75.7600785,0,0,False,False
Shri Sai Seva Health Care,Maharashtra,Beed,0,18.8043913,75.1680394,0,0,False,False
Shri Samat Hospital,Maharashtra,Beed,0,18.9941788,75.7487863,0,0,False,False
Shreya Hospital,Maharashtra,Beed,0,18.714236,76.0643777,0,0,False,False
Sparsh Maternity and Surgical Hospital,Maharashtra,Beed,0,18.8191649,76.1096608,0,0,False,False
Yashwant Hospital and Critical,Maharashtra,Beed,0,19.1630954,76.2077146,0,0,False,False
Mandakini Hospital,Maharashtra,Beed,0,18.7271743,76.385803,0,0,False,False
Nityaseva Hosptial,Maharashtra,Beed,0,18.7271743,76.385803,0,0,False,False
Yogeshwari Hospital,Maharashtra,Beed,0,19.8630368,75.3127929,0,0,False,False
Kukde Nursing Home,Maharashtra,Bhandara,0,21.1750113,79.6558242,0,0,False,False
Meghare Nursing Home,Maharashtra,Bhandara,0,21.2382943,79.6461755,0,0,False,False
Sahayog Hospital,Maharashtra,Bhandara,0,21.1639455,79.6524911,0,0,False,False
Sukhad Nursing Home,Maharashtra,Bhandara,0,21.1750113,79.6558242,0,0,False,False
Shanti Children Hospital,Maharashtra,Bhandara,0,21.1750113,79.6558242,0,0,False,False
Bhure Maternity and Children Hospital,Maharashtra,Bhandara,0,21.3810828,79.7461134,0,0,False,False
Kochar Nursing Home,Maharashtra,Bhandara,0,21.3808404,79.7455956,0,0,False,False
Abhijat Multipurpose Society Buldhana,Maharashtra,Buldhana,0,20.534505,76.1702913,0,0,False,False
"Dr. Chinchole Eye Hospital, Eye Bank and Laser Centre",Maharashtra,Buldhana,0,20.5264912,76.1794078,0,0,False,False
Vasantprabha Hi-Tech Multispeciality Hospital,Maharashtra,Buldhana,0,20.5266964,76.1722376,0,0,False,False
Sanjeevani Hospital,Maharashtra,Buldhana,0,18.6817174,73.7249842,0,0,False,False
Shree Tuljai Fracture and Accident Hospital,Maharashtra,Buldhana,0,20.5292147,76.1841701,0,0,False,False
Ajanta Hospital,Maharashtra,Buldhana,0,20.1493562,76.5686427,0,0,False,False
Ingle Hospital,Maharashtra,Buldhana,0,20.7116217,76.5661276,0,0,False,False
Life Line Hospital,Maharashtra,Buldhana,0,20.7116217,76.5661276,0,0,False,False
Muskan Multispecialty Hospital,Maharashtra,Buldhana,0,20.7116217,76.5661276,0,0,False,False
Nayandeep Netra Regunalaya,Maharashtra,Buldhana,0,20.7053115,76.5654948,0,0,False,False
Vyanktesh Children Hospital And Premature Baby Uni,Maharashtra,Buldhana,0,20.7137603,76.563408,0,0,False,False
Bukkawar Heart And Critical Care Hospital,Maharashtra,Chandrapur,0,19.9704597,79.3014845,0,0,False,False
Christ Hospital,Maharashtra,Chandrapur,0,19.9682642,79.3000373,0,0,False,False
Coal City Hospital,Maharashtra,Chandrapur,0,19.9745481,79.3222513,0,0,False,False
Gulwade Ent Maternity Hospital,Maharashtra,Chandrapur,0,24.0678159,82.6316691,0,0,False,False
Katyayini Rugnalaya,Maharashtra,Chandrapur,0,19.9456815,79.2958602,0,0,False,False
Ladukar Hospital,Maharashtra,Chandrapur,0,19.9806313,79.2785277,0,0,False,False
Shankar Netralaya,Maharashtra,Chandrapur,0,20.6086238,79.8581874,0,0,False,False
Shree Maternity And Nursing Home,Maharashtra,Chandrapur,0,19.9704597,79.3014845,0,0,False,False
Shri Mahvir Surgical Hospital,Maharashtra,Chandrapur,0,19.9677804,79.307088,0,0,False,False
Shri Sai Nursing Home,Maharashtra,Chandrapur,0,19.9704597,79.3014845,0,0,False,False
Shri Vyankatesh Hospital and Research Center,Maharashtra,Chandrapur,0,29.3947643,79.1264997,0,0,False,False
Sushrut Surgical Hospital,Maharashtra,Chandrapur,0,20.0172931,79.510891,0,0,False,False
Vyankatesh Hospital And Research Centre - Chandrapur,Maharashtra,Chandrapur,0,19.9682208,79.2888043,0,0,False,False
Wasnik Hospital,Maharashtra,Chandrapur,0,29.3947643,79.1264997,0,0,False,False
Agrawal Nursing Home,Maharashtra,Chandrapur,0,19.9519005,79.2976855,0,0,False,False
Anande Hospital,Maharashtra,Chandrapur,0,19.9579215,79.2882455,0,0,False,False
Ankur Hospital,Maharashtra,Chandrapur,0,19.9452847,79.2939916,0,0,False,False
Brindavani Hospital,Maharashtra,Chandrapur,0,19.9704597,79.3014845,0,0,False,False
Changuna Netralaya,Maharashtra,Chandrapur,0,12.9775613,77.5904455,0,0,False,False
Dr. Wasnik Hospital,Maharashtra,Chandrapur,0,19.9579215,79.2882455,0,0,False,False
Prem Sudha Netralaya,Maharashtra,Chandrapur,0,19.9740761,79.2761515,0,0,False,False
Sainani Nursing Home,Maharashtra,Chandrapur,0,21.9035155,77.9068951,0,0,False,False
Shobha Health Care and Dialysis Hospital,Maharashtra,Chandrapur,0,19.9519005,79.2976855,0,0,False,False
Shweta Hospital Multispeciality,Maharashtra,Chandrapur,0,19.9704597,79.3014845,0,0,False,False
Vasant Netralaya,Maharashtra,Chandrapur,0,20.0032604,79.282472,0,0,False,False
Aastha Intensive Care Centre,Maharashtra,Dhule,0,20.8674848,74.7744206,0,0,False,False
Akshyadeep Hospital,Maharashtra,Dhule,0,20.9042201,74.7748979,0,0,False,False
Apurva Critical Care,Maharashtra,Dhule,0,20.8955207,74.7622886,0,0,False,False
Arogya Stone Clinic,Maharashtra,Dhule,0,21.3300097,74.5604613,0,0,False,False
Bafna Hospital,Maharashtra,Dhule,0,20.9042201,74.7748979,0,0,False,False
Chirantan Hospital,Maharashtra,Dhule,0,20.9125164,74.7696402,0,0,False,False
Dr.B.D.Ahirrao Hospital,Maharashtra,Dhule,0,20.9042201,74.7748979,0,0,False,False
Jawahar Medical College,Maharashtra,Dhule,0,20.9036087,74.7559189,0,0,False,False
Jayawant Hospital and Maternity Home,Maharashtra,Dhule,0,21.0455204,75.8010962,0,0,False,False
Life Surgical and Materity Home,Maharashtra,Dhule,0,20.9042201,74.7748979,0,0,False,False
Mahale Accident Hospital,Maharashtra,Dhule,0,20.9042201,74.7748979,0,0,False,False
Matruseva Hospital,Maharashtra,Dhule,0,20.9042201,74.7748979,0,0,False,False
Mutha Accident Hospital,Maharashtra,Dhule,0,20.9042201,74.7748979,0,0,False,False
"Om Medical Foundation and Research Centre, Tirupati",Maharashtra,Dhule,0,20.8814387,74.7761311,0,0,False,False
Patil Accident Hospital,Maharashtra,Dhule,0,20.901455,74.782303,0,0,False,False
Plastic Surgery And Burns Hospital,Maharashtra,Dhule,0,20.9042201,74.7748979,0,0,False,False
Ram Surgical Hospital,Maharashtra,Dhule,0,20.9042201,74.7748979,0,0,False,False
Samarth Hospital and Cancer Clinic,Maharashtra,Dhule,0,20.9042201,74.7748979,0,0,False,False
Suyash Hospital,Maharashtra,Dhule,0,20.5547497,74.5100291,0,0,False,False
Tajnaksh Healthcare,Maharashtra,Dhule,0,20.9036087,74.7559189,0,0,False,False
Tushar Hospital,Maharashtra,Dhule,0,20.8955207,74.7622886,0,0,False,False
Vardhaman Hospital,Maharashtra,Dhule,0,20.9042201,74.7748979,0,0,False,False
Venkatesh Health Care and Research Institute,Maharashtra,Dhule,0,20.9042201,74.7748979,0,0,False,False
Niramaya Cancer Hospital,Maharashtra,Dhule,0,20.9042201,74.7748979,0,0,False,False
Sai Hospital,Maharashtra,Dhule,0,20.9172563,74.781752,0,0,False,False
Sanjeevan Hospital,Maharashtra,Dhule,0,20.9172563,74.781752,0,0,False,False
Sharda Netralay,Maharashtra,Dhule,0,20.9042201,74.7748979,0,0,False,False
Shri Siddheshwar Multispeciality Hospital,Maharashtra,Dhule,0,20.9172563,74.781752,0,0,False,False
Spandan Hospital Dhule,Maharashtra,Dhule,0,20.9172563,74.781752,0,0,False,False
Sudha Health Care Pvt. Ltd,Maharashtra,Dhule,0,20.9132534,74.7685139,0,0,False,False
Suman Hospital,Maharashtra,Dhule,0,20.9172563,74.781752,0,0,False,False
Sushrut Hospital,Maharashtra,Dhule,0,20.9172563,74.781752,0,0,False,False
Abhay Accident And Maternity Hospital,Maharashtra,Dhule,0,20.9042201,74.7748979,0,0,False,False
Maher Hospital,Maharashtra,Dhule,0,20.9245158,74.7769682,0,0,False,False
Vimal Maternity Home and Gajanan Infertility Clinic,Maharashtra,Dhule,0,20.9115249,74.7667146,0,0,False,False
Niranjan Hopital,Maharashtra,Dhule,0,20.9042201,74.7748979,0,0,False,False
Tushar Clinic and Maternity Home,Maharashtra,Dhule,0,19.3014127,73.056288,0,0,False,False
Navjeevan Hospital and E.F.G. Clinic,Maharashtra,Dhule,0,20.9042201,74.7748979,0,0,False,False
Dr. Tongaonkar Hospital,Maharashtra,Dhule,0,20.9042201,74.7748979,0,0,False,False
B J Hospital and Research Institite,Maharashtra,Gondia,0,21.4476204,80.1944807,0,0,False,False
Gondia Hospital And Medical Research Centre,Maharashtra,Gondia,0,21.4624491,80.2209773,0,0,False,False
Jaipuria Nursing Home,Maharashtra,Gondia,0,21.4537038,80.2038949,0,0,False,False
Ratnaparkhi Nursing Home,Maharashtra,Gondia,0,21.4675688,80.1951781,0,0,False,False
Somani Nursing Home,Maharashtra,Gondia,0,21.4624491,80.2209773,0,0,False,False
Central Hospital And Critical Care Centre - Gondia,Maharashtra,Gondia,0,21.4624491,80.2209773,0,0,False,False
Gondia Hospital and Medical Research Center,Maharashtra,Gondia,0,21.4483376,80.2004083,0,0,False,False
Balaji Nursing Home,Maharashtra,Gondia,0,21.4476204,80.1944807,0,0,False,False
Ahilia Netralaya and Maternity Centre,Maharashtra,Hingoli,0,19.7173703,77.1493722,0,0,False,False
Dhanwantari Critical Care I C U,Maharashtra,Hingoli,0,19.7171458,77.1423399,0,0,False,False
Om Hospital,Maharashtra,Hingoli,0,19.1596656,77.315805,0,0,False,False
Sant Tukaram Hospital And Criticare Centre,Maharashtra,Hingoli,0,19.7171458,77.1423399,0,0,False,False
Shri Vinayak Hospital and Pathology Lab,Maharashtra,Hingoli,0,19.7173703,77.1493722,0,0,False,False
Snehal Nursing Home,Maharashtra,Hingoli,0,19.7173703,77.1493722,0,0,False,False
Dirghayu Hospital and Nursing Home,Maharashtra,Hingoli,0,19.6751188,77.3079806,0,0,False,False
Asha Maternity Children S Hospital,Maharashtra,Jalgaon,0,17.047761,74.2625418,0,0,False,False
Deore Hospital Chalisgaon,Maharashtra,Jalgaon,0,21.0076578,75.5626039,0,0,False,False
Matoshri Accident Hospital,Maharashtra,Jalgaon,0,20.4636683,75.0103978,0,0,False,False
Om Netralaya And Dental Clinic,Maharashtra,Jalgaon,0,20.4542184,74.9974444,0,0,False,False
Siddhi Vinayak Medicentres Pvt. Ltd.,Maharashtra,Jalgaon,0,20.4647737,75.0091909,0,0,False,False
Stree Chaitanya Maternity and Surgical Nursing Home,Maharashtra,Jalgaon,0,20.4640778,74.9968543,0,0,False,False
Vijay Hospital,Maharashtra,Jalgaon,0,20.4640778,74.9968543,0,0,False,False
Dawalbhakta Eye Hospital,Maharashtra,Jalgaon,0,21.0535967,75.7803892,0,0,False,False
Aarogyam Advanced Surgical Centre,Maharashtra,Jalgaon,0,21.0076578,75.5626039,0,0,False,False
Arogya Deep Hospital,Maharashtra,Jalgaon,0,21.113912,79.058124,0,0,False,False
Arya Hospital,Maharashtra,Jalgaon,0,21.017608,75.567886,0,0,False,False
Atharva Hospital Criticare General and Dental Centre,Maharashtra,Jalgaon,0,20.593684,78.96288,0,0,False,False
Athavale Eye Care And Laser Centre,Maharashtra,Jalgaon,0,21.0158526,75.564787,0,0,False,False
Bhatia Hospital,Maharashtra,Jalgaon,0,21.2472081,75.3031435,0,0,False,False
Chinmay Hospital And Critcal Care Centre,Maharashtra,Jalgaon,0,21.0076578,75.5626039,0,0,False,False
Chirayu Childrens Critical Care Centre - Jalgaon,Maharashtra,Jalgaon,0,21.0042518,75.5639874,0,0,False,False
"Damani Maternity and Surgical Hospital,Jalgaon",Maharashtra,Jalgaon,0,21.0076578,75.5626039,0,0,False,False
Dipika Hospital,Maharashtra,Jalgaon,0,21.0034827,75.5634647,0,0,False,False
Disha Eye Hospital,Maharashtra,Jalgaon,0,21.0076578,75.5626039,0,0,False,False
Doshi Hospital,Maharashtra,Jalgaon,0,21.0042518,75.5639874,0,0,False,False
Dr Sunil V Chaudhari Hospital,Maharashtra,Jalgaon,0,21.0023456,75.5609943,0,0,False,False
Dr. Datar E.N.T. Hospital,Maharashtra,Jalgaon,0,21.0116488,75.5582376,0,0,False,False
Gajre Hospital Neuro Centre,Maharashtra,Jalgaon,0,20.0520829,73.7886066,0,0,False,False
Ganpati Hospital - Jalgaon,Maharashtra,Jalgaon,0,21.0140295,75.5399651,0,0,False,False
Godavari Hospital and Maternity Home,Maharashtra,Jalgaon,0,21.0377458,75.781014,0,0,False,False
Godavari Hospital And Sonography Centre,Maharashtra,Jalgaon,0,21.0076578,75.5626039,0,0,False,False
Gokul Hospital,Maharashtra,Jalgaon,0,21.0076578,75.5626039,0,0,False,False
Heramb Netralaya,Maharashtra,Jalgaon,0,21.0076578,75.5626039,0,0,False,False
Jeevan Nursing Home,Maharashtra,Jalgaon,0,21.0076578,75.5626039,0,0,False,False
K.K.Nursing Home,Maharashtra,Jalgaon,0,21.0076578,75.5626039,0,0,False,False
Kamal Hospital and Maternity Home,Maharashtra,Jalgaon,0,20.8108512,75.7662705,0,0,False,False
Khadke Hospital,Maharashtra,Jalgaon,0,21.0076578,75.5626039,0,0,False,False
Kusumshri Nursing Home,Maharashtra,Jalgaon,0,21.0118138,75.5479487,0,0,False,False
Lilawati Accident Hospital,Maharashtra,Jalgaon,0,21.2387773,75.293689,0,0,False,False
Manshanti Hospital,Maharashtra,Jalgaon,0,21.0116488,75.5582376,0,0,False,False
Mauli Hospital,Maharashtra,Jalgaon,0,21.0076578,75.5626039,0,0,False,False
Mulik Netra Chikitsalaya,Maharashtra,Jalgaon,0,21.0076578,75.5626039,0,0,False,False
Muthe Hospital,Maharashtra,Jalgaon,0,21.0076578,75.5626039,0,0,False,False
Nemade Hospital and Nemade Institute Of Psychiatry,Maharashtra,Jalgaon,0,21.0067779,75.5668294,0,0,False,False
Nirmaldeep Eye Hospital and Phaco Centre,Maharashtra,Jalgaon,0,21.0076578,75.5626039,0,0,False,False
Nityaseva Nursing Home,Maharashtra,Jalgaon,0,21.010216,75.557656,0,0,False,False
Om Critical Care And Trauma Centre,Maharashtra,Jalgaon,0,21.0076578,75.5626039,0,0,False,False
Padmavati Hospital,Maharashtra,Jalgaon,0,21.0133406,75.5661144,0,0,False,False
Parshwa Netralaya,Maharashtra,Jalgaon,0,21.0076578,75.5626039,0,0,False,False
Prabha Clinic,Maharashtra,Jalgaon,0,21.0076578,75.5626039,0,0,False,False
Raisoni Hospital,Maharashtra,Jalgaon,0,21.0076578,75.5626039,0,0,False,False
Rote Hospital,Maharashtra,Jalgaon,0,21.0042518,75.5639874,0,0,False,False
Sahara Accident and Orthopedic Super Speciality Hosp,Maharashtra,Jalgaon,0,21.0076578,75.5626039,0,0,False,False
"Sanjivani Hospital, Jalgaon",Maharashtra,Jalgaon,0,21.0094897,75.56697,0,0,False,False
"Saraswati Hospital, Jalgoan",Maharashtra,Jalgaon,0,20.4542184,74.9974444,0,0,False,False
Shanti Orthopaedics Hospital and Reseaech Centre,Maharashtra,Jalgaon,0,20.9849488,75.5339602,0,0,False,False
Sheetal Hospital,Maharashtra,Jalgaon,0,21.008807,75.5550445,0,0,False,False
"Shraddha Hospital, Jalgaon",Maharashtra,Jalgaon,0,20.5714077,75.1443226,0,0,False,False
Shree Gajanan Heart and Eye Hospitals Pvt. Ltd,Maharashtra,Jalgaon,0,21.0076578,75.5626039,0,0,False,False
Shree Samarth Mansopchar Hospital,Maharashtra,Jalgaon,0,21.0093726,75.5550165,0,0,False,False
Shri Naval Hospital And Ivf Center,Maharashtra,Jalgaon,0,20.9984587,75.5570776,0,0,False,False
Siddhivinayak Hospital,Maharashtra,Jalgaon,0,21.0076578,75.5626039,0,0,False,False
Sidhesh Hospital,Maharashtra,Jalgaon,0,21.0076578,75.5626039,0,0,False,False
Srushti Hospital,Maharashtra,Jalgaon,0,21.0112063,75.5483828,0,0,False,False
Sudatta Orthopaedic Hospital,Maharashtra,Jalgaon,0,21.0076578,75.5626039,0,0,False,False
Sudeep Hospital,Maharashtra,Jalgaon,0,20.9077291,75.0569201,0,0,False,False
Sukhanjali Hospital,Maharashtra,Jalgaon,0,18.9485435,75.3353875,0,0,False,False
Vardan Maternity Hospital,Maharashtra,Jalgaon,0,20.9947279,75.548853,0,0,False,False
Vatshalya Maternity Hospital and Infertility Clinic,Maharashtra,Jalgaon,0,20.9984587,75.5570776,0,0,False,False
Vimal Nursing Home,Maharashtra,Jalgaon,0,21.0076578,75.5626039,0,0,False,False
Kolhe Hospital,Maharashtra,Jalgaon,0,21.000695,75.5666551,0,0,False,False
Sahyog Critical Care Centre,Maharashtra,Jalgaon,0,21.0076578,75.5626039,0,0,False,False
Shree Surgical And Maternity Home,Maharashtra,Jalgaon,0,20.9984587,75.5570776,0,0,False,False
Astha Plastic and Cosmetic Surgery Centre,Maharashtra,Jalgaon,0,21.2472081,75.3031435,0,0,False,False
"Shree Anagha Dutt Hospital,Chopda",Maharashtra,Jalgaon,0,21.2472081,75.3031435,0,0,False,False
Shri Nrusinha Hospital,Maharashtra,Jalgaon,0,21.0076578,75.5626039,0,0,False,False
"Vivekanand Hospital - Chopda,Jalgaon",Maharashtra,Jalgaon,0,21.2472081,75.3031435,0,0,False,False
Dr. Gupta E.N.T. Hospital,Maharashtra,Jalgaon,0,21.0076578,75.5626039,0,0,False,False
Radhika Hospital,Maharashtra,Jalgaon,0,21.0455204,75.8010962,0,0,False,False
Arpan Hospital,Maharashtra,Jalgaon,0,21.0455204,75.8010962,0,0,False,False
Bhirud Hospital,Maharashtra,Jalgaon,0,21.0386774,75.7793045,0,0,False,False
Dr Manwatkar Hospital,Maharashtra,Jalgaon,0,21.0455204,75.8010962,0,0,False,False
E.N.T. And Eye Hospital,Maharashtra,Jalgaon,0,21.0386774,75.7793045,0,0,False,False
Kelkar Hospital,Maharashtra,Jalgaon,0,21.0455204,75.8010962,0,0,False,False
Khanapurkar Maternity Hospital and Sonography,Maharashtra,Jalgaon,0,21.0386774,75.7793045,0,0,False,False
Lokhande Hospital,Maharashtra,Jalgaon,0,21.0386774,75.7793045,0,0,False,False
Manvatkar Hos.,Maharashtra,Jalgaon,0,21.0386774,75.7793045,0,0,False,False
Nehete Hospital and Sonography Centre,Maharashtra,Jalgaon,0,21.0455204,75.8010962,0,0,False,False
Pushpa Surgical Hospital - Bhusawal,Maharashtra,Jalgaon,0,21.0386774,75.7793045,0,0,False,False
Sai Pushpa Hospital,Maharashtra,Jalgaon,0,20.0520829,73.7886066,0,0,False,False
Soniccha Accident Hospital,Maharashtra,Jalgaon,0,21.0386774,75.7793045,0,0,False,False
Spandan Hospital,Maharashtra,Jalgaon,0,21.0455204,75.8010962,0,0,False,False
Vishwanath Hospital,Maharashtra,Jalgaon,0,21.0455204,75.8010962,0,0,False,False
Yashshree Hospital,Maharashtra,Jalgaon,0,21.0076578,75.5626039,0,0,False,False
Amar Hospital,Maharashtra,Jalgaon,0,21.0370122,75.0638298,0,0,False,False
Durga Hospital,Maharashtra,Jalgaon,0,18.9485435,75.3353875,0,0,False,False
Ganesh Hospital,Maharashtra,Jalgaon,0,21.0370122,75.0638298,0,0,False,False
Madhu-Prabhab Childrens Hospital,Maharashtra,Jalgaon,0,21.1506344,75.8859349,0,0,False,False
Samruddhi Hospital,Maharashtra,Jalgaon,0,21.2361556,76.0398734,0,0,False,False
Varth Dental Clinic,Maharashtra,Jalgaon,0,21.0076578,75.5626039,0,0,False,False
Aai Maternity Hospital and Nursing Home,Maharashtra,Jalna,0,19.8236021,75.8813128,0,0,False,False
Despande Home and Maternity Home,Maharashtra,Jalna,0,19.8296893,75.8800305,0,0,False,False
Dhankani Hospital,Maharashtra,Jalna,0,19.8451639,75.910757,0,0,False,False
Gopal Hospital,Maharashtra,Jalna,0,19.8537359,75.9048416,0,0,False,False
Jai Shree Hospital,Maharashtra,Jalna,0,19.8458703,75.9070488,0,0,False,False
Jalna Mission Hospital - Jalna,Maharashtra,Jalna,0,19.8296893,75.8800305,0,0,False,False
Mantri Surgical And Maternity Hospital - Jalna,Maharashtra,Jalna,0,19.8434828,75.9271494,0,0,False,False
Mathruchaya Hospital,Maharashtra,Jalna,0,19.8383246,75.9071272,0,0,False,False
Matruseva Hospital,Maharashtra,Jalna,0,19.8750392,75.3523681,0,0,False,False
Sahyadri -Jalna Mission Hospital,Maharashtra,Jalna,0,19.8489257,75.9054938,0,0,False,False
Shri Ganapati Neralaya. (Division Of Mahyco Trust),Maharashtra,Jalna,0,19.8296893,75.8800305,0,0,False,False
Shri Gurunanak Critical Care and Hospital,Maharashtra,Jalna,0,19.8296893,75.8800305,0,0,False,False
Joshi Hospital,Maharashtra,Jalna,0,23.8262383,79.4401512,0,0,False,False
Shyamdip Critical Care,Maharashtra,Jalna,0,20.7059345,77.0219019,0,0,False,False
Sri Ganapathi Nethralaya,Maharashtra,Jalna,0,19.8429404,75.9156623,0,0,False,False
Child Hospital and Premature Care Centre / Niramay Bal Rugnalay,Maharashtra,Kolhapur,0,16.7008778,74.2352029,0,0,False,False
Chougule Hospital,Maharashtra,Kolhapur,0,16.699983,74.2365526,0,0,False,False
Jaya Urology Hospital,Maharashtra,Kolhapur,0,16.7066456,74.2340731,0,0,False,False
Maher Hospital,Maharashtra,Kolhapur,0,16.2324861,74.3441498,0,0,False,False
Meera Nursing Home,Maharashtra,Kolhapur,0,16.7058707,74.2551595,0,0,False,False
Om Clinic,Maharashtra,Kolhapur,0,16.6954279,74.2217583,0,0,False,False
Patki Hospital,Maharashtra,Kolhapur,0,16.7049873,74.2432527,0,0,False,False
Rama Clinic,Maharashtra,Kolhapur,0,16.7012492,74.2352637,0,0,False,False
Ramkrishna Hospital,Maharashtra,Kolhapur,0,16.7049873,74.2432527,0,0,False,False
Shree Kamakshi Hospital,Maharashtra,Kolhapur,0,16.7012492,74.2352637,0,0,False,False
Shri Siddhivinayak Heart Hospital,Maharashtra,Kolhapur,0,16.6958909,74.2422116,0,0,False,False
Shubham Karoti Hospital,Maharashtra,Kolhapur,0,16.7049873,74.2432527,0,0,False,False
Apple Saraswati Multispeciality Hospital,Maharashtra,Kolhapur,0,16.7161027,74.2523614,0,0,False,False
Bargale Eye Care,Maharashtra,Kolhapur,0,16.7090008,74.4560807,0,0,False,False
Drishtideep Netraseva (Phaco and Eye Care Centre) - Kolhapur,Maharashtra,Kolhapur,0,16.6977493,74.2234298,0,0,False,False
Guru Prasad Hospital,Maharashtra,Kolhapur,0,16.699001,74.2171949,0,0,False,False
Lokmanya Hospital,Maharashtra,Kolhapur,0,16.7066456,74.2340731,0,0,False,False
Lotus Hospital and Research Centre,Maharashtra,Kolhapur,0,16.7109565,74.2310706,0,0,False,False
Nirmal Nursing Home,Maharashtra,Kolhapur,0,16.6904996,74.2221575,0,0,False,False
Pishawikar Hospital,Maharashtra,Kolhapur,0,16.6977453,74.219703,0,0,False,False
Sanjeevan Hospital and Critical Care Unit,Maharashtra,Kolhapur,0,16.7049873,74.2432527,0,0,False,False
Saraswati Hospital and Advanced Medical Care Center - Kolhapur,Maharashtra,Kolhapur,0,16.6983718,74.2289376,0,0,False,False
Shree Mahalaxmi Nursing Home,Maharashtra,Kolhapur,0,16.7049873,74.2432527,0,0,False,False
Sushrusha Nursing Home and Premature Baby Care Unit,Maharashtra,Kolhapur,0,16.6983718,74.2289376,0,0,False,False
Yasho Dip Orthopadic Centre and Genral Hospital,Maharashtra,Kolhapur,0,16.7049873,74.2432527,0,0,False,False
Children Surgical Hospital,Maharashtra,Kolhapur,0,16.695489,74.2447801,0,0,False,False
Gayatri Hospital,Maharashtra,Kolhapur,0,16.7049873,74.2432527,0,0,False,False
Joshi Hospital And Dialysis Centre,Maharashtra,Kolhapur,0,16.7049873,74.2432527,0,0,False,False
Kelavkar Medical Centre And Critical Care Unit,Maharashtra,Kolhapur,0,16.7101611,74.2434081,0,0,False,False
Kolhapur Institute Of Orthopaedics And Trauma - Kolhapur,Maharashtra,Kolhapur,0,16.7066456,74.2340731,0,0,False,False
Padmashree Dr D Y Patil Hospital and Research Insti,Maharashtra,Kolhapur,0,16.7101043,74.2509458,0,0,False,False
Parimal Hospital,Maharashtra,Kolhapur,0,16.7010307,74.2297322,0,0,False,False
Pragati Netra Hospital,Maharashtra,Kolhapur,0,16.7049873,74.2432527,0,0,False,False
Saideep Fracture and Accident Hospital,Maharashtra,Kolhapur,0,16.7049873,74.2432527,0,0,False,False
Shree Ram Hospital and Premature Baby Care Unit,Maharashtra,Kolhapur,0,16.7049873,74.2432527,0,0,False,False
Tagare Eye Hospital,Maharashtra,Kolhapur,0,16.7049873,74.2432527,0,0,False,False
Takle Accident and Fracture Hospital,Maharashtra,Kolhapur,0,16.7049873,74.2432527,0,0,False,False
Vasan Eye Care Hospital,Maharashtra,Kolhapur,0,16.7027172,74.2480115,0,0,False,False
Vijay Hospital,Maharashtra,Kolhapur,0,16.7008778,74.2352029,0,0,False,False
Ganesh Hospital,Maharashtra,Kolhapur,0,16.7708626,74.5539519,0,0,False,False
Konark Hospital,Maharashtra,Kolhapur,0,16.7049873,74.2432527,0,0,False,False
Kulkarni Heart Hospital,Maharashtra,Kolhapur,0,16.837951,74.5682354,0,0,False,False
Shri Mahalaxmi Hospital,Maharashtra,Kolhapur,0,16.700565,74.227722,0,0,False,False
Tejomay Netra Ruganalaya - Kolhapur,Maharashtra,Kolhapur,0,16.7049873,74.2432527,0,0,False,False
Vairat Hospital,Maharashtra,Kolhapur,0,16.7049873,74.2432527,0,0,False,False
Chatrapati Shahu Cancer Research Foundations,Maharashtra,Kolhapur,0,16.7049873,74.2432527,0,0,False,False
Chirayu Hospital,Maharashtra,Kolhapur,0,16.6851944,74.24361,0,0,False,False
City Hospital,Maharashtra,Kolhapur,0,16.6943622,74.2450361,0,0,False,False
"Dhanwantri Fracture, Orthopaedic And Arthroscopy Centre",Maharashtra,Kolhapur,0,16.6948193,74.2444699,0,0,False,False
Gargoti Maternity Home,Maharashtra,Kolhapur,0,16.3174346,74.1386767,0,0,False,False
Hirani Hospital and Intensive Care Unit,Maharashtra,Kolhapur,0,16.7049873,74.2432527,0,0,False,False
Janaki Nursing Home - Kolhapur,Maharashtra,Kolhapur,0,16.7049873,74.2432527,0,0,False,False
Janani Hospital,Maharashtra,Kolhapur,0,16.7049873,74.2432527,0,0,False,False
Kolhapur Cancer Centre,Maharashtra,Kolhapur,0,16.7049873,74.2432527,0,0,False,False
"Masai Medical Foundation, Shri Swami Samarath Hosp",Maharashtra,Kolhapur,0,16.1113174,74.2084372,0,0,False,False
Prachi Hospital,Maharashtra,Kolhapur,0,16.7496196,74.4229895,0,0,False,False
Pragati Netra Rugnalaya,Maharashtra,Kolhapur,0,16.6938093,74.2451615,0,0,False,False
Sakhadeo Hospital,Maharashtra,Kolhapur,0,16.6938093,74.2451615,0,0,False,False
Samarth Clinic,Maharashtra,Kolhapur,0,16.6948193,74.2444699,0,0,False,False
Shikalgar Hospital,Maharashtra,Kolhapur,0,16.3174346,74.1386767,0,0,False,False
Shraddha Clinic and Hospital,Maharashtra,Kolhapur,0,16.6935559,74.2471072,0,0,False,False
Shri Sai Cardiac Center (Unit Of Mahalaxmi Hrudayalaya) - Kolhapur,Maharashtra,Kolhapur,0,16.6965014,74.2441815,0,0,False,False
Siddhivinayak Nursing Home,Maharashtra,Kolhapur,0,16.7049873,74.2432527,0,0,False,False
Vardhan Children Hospital,Maharashtra,Kolhapur,0,16.6999552,74.2447104,0,0,False,False
Aadhar Nursing Home,Maharashtra,Kolhapur,0,16.7049873,74.2432527,0,0,False,False
Abhinav Nursing Home,Maharashtra,Kolhapur,0,16.7049873,74.2432527,0,0,False,False
Anand Nursing Home,Maharashtra,Kolhapur,0,20.7540125,79.8841831,0,0,False,False
Apex Hospital,Maharashtra,Kolhapur,0,16.7049873,74.2432527,0,0,False,False
Ashwini Hospital,Maharashtra,Kolhapur,0,16.6904996,74.2221575,0,0,False,False
Deshpande Orthopaedic Hospital - Kolhapur,Maharashtra,Kolhapur,0,16.6899295,74.2224289,0,0,False,False
Dr.Chandrashekar Shaligram Eye and Contact Lens Clin,Maharashtra,Kolhapur,0,16.6961937,74.2427534,0,0,False,False
Gangotri Hospital,Maharashtra,Kolhapur,0,16.6904996,74.2221575,0,0,False,False
Kapileshwar Nursing Home and Dental Clinic,Maharashtra,Kolhapur,0,16.7049873,74.2432527,0,0,False,False
Kotkar Hospital,Maharashtra,Kolhapur,0,16.6926103,74.2261864,0,0,False,False
Lotus Hospital and Reserach Centre,Maharashtra,Kolhapur,0,16.7049873,74.2432527,0,0,False,False
Omkar Hospital,Maharashtra,Kolhapur,0,16.6866793,74.2067778,0,0,False,False
Orthopaedic Centre and Nursing Home,Maharashtra,Kolhapur,0,23.2551197,87.8533437,0,0,False,False
Raghunathrao Nimbalkar Memorial Hospital,Maharashtra,Kolhapur,0,16.8356269,74.3113931,0,0,False,False
Sai Kala Clinic,Maharashtra,Kolhapur,0,16.6753913,74.2074648,0,0,False,False
Sai-Ganesh Hospital,Maharashtra,Kolhapur,0,16.7049873,74.2432527,0,0,False,False
Siddhesh Hospital,Maharashtra,Kolhapur,0,16.7049873,74.2432527,0,0,False,False
Tamhankar Hospital and Ultrasonography Clinic - Kolh,Maharashtra,Kolhapur,0,16.6757342,74.2201167,0,0,False,False
Birnale Hospital,Maharashtra,Kolhapur,0,16.7812047,74.5523643,0,0,False,False
Choudhari Hospital,Maharashtra,Kolhapur,0,16.7812047,74.5523643,0,0,False,False
Netra Sanjivni Unit Jaysingpur,Maharashtra,Kolhapur,0,16.7295169,74.4845018,0,0,False,False
Shanti Maternity Hospital,Maharashtra,Kolhapur,0,16.7812047,74.5523643,0,0,False,False
Shree Maternity Home,Maharashtra,Kolhapur,0,16.7812047,74.5523643,0,0,False,False
Sumitra Hospital,Maharashtra,Kolhapur,0,16.6722408,74.5928201,0,0,False,False
Ent Hospital (Dr. Balashed Patil),Maharashtra,Kolhapur,0,16.8294965,74.6385793,0,0,False,False
Sonkamal Orthopedic Hospital,Maharashtra,Kolhapur,0,18.7381403,73.6389038,0,0,False,False
Om Swaroop Hospital,Maharashtra,Kolhapur,0,16.9101458,73.9462689,0,0,False,False
Yashwant Dharmartha Ayurvedic Rugnalay,Maharashtra,Kolhapur,0,16.8106871,74.1181234,0,0,False,False
Accident Fracture Orth and Surgical Hospital,Maharashtra,Kolhapur,0,16.7090008,74.4560807,0,0,False,False
Dr V G Joshi,Maharashtra,Kolhapur,0,16.7069621,74.45176,0,0,False,False
Dr.Amar Kulkarni,Maharashtra,Kolhapur,0,16.7090008,74.4560807,0,0,False,False
Kalp-Deep Hospital,Maharashtra,Kolhapur,0,16.7090008,74.4560807,0,0,False,False
Shraddha Surgical Hospital,Maharashtra,Kolhapur,0,16.6900416,74.4563935,0,0,False,False
Snehdeep Nursing Home,Maharashtra,Kolhapur,0,16.7090008,74.4560807,0,0,False,False
Tdcpls Sanjeevani Hospital and Critical Care,Maharashtra,Kolhapur,0,17.4517795,78.5360573,0,0,False,False
"Yamuna Surgicals,Ichalkaranji",Maharashtra,Kolhapur,0,16.682836,74.4444595,0,0,False,False
Sangeeta Hospital,Maharashtra,Kolhapur,0,16.7049873,74.2432527,0,0,False,False
Shree Datta Shetkari Sahakari Sakhar Karkhana Ltd,Maharashtra,Kolhapur,0,16.751121,74.5887991,0,0,False,False
Tara Hospital,Maharashtra,Kolhapur,0,16.8106871,74.1181234,0,0,False,False
"Parvati Hospital, Kale",Maharashtra,Kolhapur,0,16.8106871,74.1181234,0,0,False,False
Shri Ram Clinic,Maharashtra,Kolhapur,0,16.8106871,74.1181234,0,0,False,False
Ganga Hospital,Maharashtra,Kolhapur,0,16.5884342,74.3099863,0,0,False,False
Madhav Hospital,Maharashtra,Kolhapur,0,26.5062289,73.5164644,0,0,False,False
Rukad Fracture Accident and Orthopaedic Hospital,Maharashtra,Kolhapur,0,18.5194124,73.8661552,0,0,False,False
Om Sai Hospital,Maharashtra,Kolhapur,0,16.7012492,74.2352637,0,0,False,False
Siddhagiri Hospital,Maharashtra,Kolhapur,0,16.6110498,74.2643741,0,0,False,False
Ankur Eye Hospital Laser And Phaco Centre - Gadhinglaj,Maharashtra,Kolhapur,0,19.0159062,72.832028,0,0,False,False
Bhavani Maternity And Surgical Icu,Maharashtra,Kolhapur,0,16.4271981,74.580689,0,0,False,False
Ganga Hospital,Maharashtra,Kolhapur,0,16.2008538,74.35983,0,0,False,False
Hattarki Hospital,Maharashtra,Kolhapur,0,16.226445,74.3499691,0,0,False,False
Lt Kedari Redkar Charitable Hospital and Research,Maharashtra,Kolhapur,0,16.226445,74.3499691,0,0,False,False
Omkar Medical Charitable Trust (Magdum Hospital),Maharashtra,Kolhapur,0,16.2274405,74.3403208,0,0,False,False
Pattan Shetti,Maharashtra,Kolhapur,0,16.122964,74.2081881,0,0,False,False
Sai Deep Fracture and Accident Hospital,Maharashtra,Kolhapur,0,16.226445,74.3499691,0,0,False,False
Tara Children Hospital - Gadhinglaj,Maharashtra,Kolhapur,0,16.2224134,74.3503162,0,0,False,False
K.M.D.C Hospital,Maharashtra,Kolhapur,0,15.9472889,74.1885825,0,0,False,False
Aayush Hospital,Maharashtra,Latur,0,18.4087934,76.5603828,0,0,False,False
Akshay Hospital,Maharashtra,Latur,0,18.1860659,76.0419409,0,0,False,False
Ameya Hospital,Maharashtra,Latur,0,18.1860659,76.0419409,0,0,False,False
Hambire Navjat Shishu Balrugnalaya And Prajuti Graha,Maharashtra,Latur,0,18.1860659,76.0419409,0,0,False,False
Kazi Hospital,Maharashtra,Latur,0,18.1898221,76.0435425,0,0,False,False
Keshavraj Hospital,Maharashtra,Latur,0,18.1918723,76.0470458,0,0,False,False
Life Line Charitable Hospital,Maharashtra,Latur,0,18.1860659,76.0419409,0,0,False,False
Ram Krishna Hospital,Maharashtra,Latur,0,18.1898221,76.0435425,0,0,False,False
Sanjeevan Hospital,Maharashtra,Latur,0,18.6688953,76.1840165,0,0,False,False
Shreeyash Hospital,Maharashtra,Latur,0,18.1898221,76.0435425,0,0,False,False
Swami Hospital,Maharashtra,Latur,0,18.1939184,76.0352018,0,0,False,False
Alpha Superspeciality Hospital,Maharashtra,Latur,0,18.4050333,76.564311,0,0,False,False
Aziza Memorial Hospital and Research Centre,Maharashtra,Latur,0,18.3979679,76.5537105,0,0,False,False
Dr Sb Gugale Memorial Hospital,Maharashtra,Latur,0,18.3987126,76.2205473,0,0,False,False
Dr. Maindarkar Paed. Hospital,Maharashtra,Latur,0,26.896061,75.776732,0,0,False,False
Gojamgunde Hospital,Maharashtra,Latur,0,18.3940016,76.5814921,0,0,False,False
Jatal Hospital,Maharashtra,Latur,0,18.4050333,76.564311,0,0,False,False
Lakshmi Hospital,Maharashtra,Latur,0,18.4087934,76.5603828,0,0,False,False
Lokmanya Medical Foundation and Research Centre Pvt,Maharashtra,Latur,0,18.3995628,76.5728198,0,0,False,False
Mandade Womens Hospital,Maharashtra,Latur,0,18.40819,76.5383812,0,0,False,False
Prabhavati Multi Speciality Hospital and Research Center,Maharashtra,Latur,0,18.4181476,76.5705762,0,0,False,False
Shushila Hospital Latur,Maharashtra,Latur,0,18.3911689,76.5615835,0,0,False,False
Smt.Laxmiben Dhanji Devshi Health Centre,Maharashtra,Latur,0,19.229882,72.8546175,0,0,False,False
Suvaidya Maternity and Nursing Home,Maharashtra,Latur,0,18.3942882,77.1126009,0,0,False,False
Vaishnavi Netralaya,Maharashtra,Latur,0,18.4087934,76.5603828,0,0,False,False
Gunale Pediatric Hospital,Maharashtra,Latur,0,18.7045536,76.937908,0,0,False,False
Navjeevan Hospital - Ahmedpur,Maharashtra,Latur,0,18.7036563,76.945914,0,0,False,False
Dnyaneshwar Hospital,Maharashtra,Latur,0,18.3942882,77.1126009,0,0,False,False
Udaygiri Multispeciality Hospital,Maharashtra,Latur,0,18.3715982,77.1346669,0,0,False,False
Vivekanand Hospital Latur,Maharashtra,Latur,0,18.3961023,76.5708578,0,0,False,False
Maeer Punes Yashwantrao Chavan Rural Hospital,Maharashtra,Latur,0,18.4349347,76.5766749,0,0,False,False
Pooja Clinic,Maharashtra,Latur,0,26.5587354,78.7872876,0,0,False,False
Barmade Hospital,Maharashtra,Latur,0,18.3871437,76.560489,0,0,False,False
Chiranjeev Hospital,Maharashtra,Latur,0,18.3929816,76.5621438,0,0,False,False
Dr. S B Gugle Memorial Hospital,Maharashtra,Latur,0,18.4087934,76.5603828,0,0,False,False
Jatal Hospital and Research Centre,Maharashtra,Latur,0,18.4050333,76.564311,0,0,False,False
Latur Cancer and Lacoscopy Centre,Maharashtra,Latur,0,18.4087934,76.5603828,0,0,False,False
M. J. Hospital - Latur,Maharashtra,Latur,0,18.408495,76.5410607,0,0,False,False
Mamta Hospital,Maharashtra,Latur,0,18.3985619,76.564732,0,0,False,False
Planet Critical Care Centre,Maharashtra,Latur,0,18.4087934,76.5603828,0,0,False,False
Sai Neonatal And Pediatric Hospital And Icu,Maharashtra,Latur,0,18.3981572,76.5706375,0,0,False,False
Tuljai Hosital,Maharashtra,Latur,0,18.401665,76.5596387,0,0,False,False
Arihant Heart and Surgical Hospital,Maharashtra,Mumbai,0,19.2240612,72.8666469,0,0,False,False
Banaji Eyesurgery and Laser Center,Maharashtra,Mumbai,0,21.2022869,72.8712951,0,0,False,False
Charak Clinic Nursing Home,Maharashtra,Mumbai,0,18.9519338,72.8189832,0,0,False,False
Dalvi Plus,Maharashtra,Mumbai,0,19.046295,72.8415449,0,0,False,False
Doshi Nursing Home,Maharashtra,Mumbai,0,19.0796375,72.9070116,0,0,False,False
Dr Kiran Katar Clinic,Maharashtra,Mumbai,0,19.0176169,72.8561288,0,0,False,False
Dr Satish Padmanabhan Clinic,Maharashtra,Mumbai,0,19.0176169,72.8561288,0,0,False,False
Dr. Ramesh Chaudhari,Maharashtra,Mumbai,0,19.0759837,72.8776559,0,0,False,False
Dr.Jaydeep S Khedkar,Maharashtra,Mumbai,0,19.0176169,72.8561288,0,0,False,False
Gokul Nursing Home and Iccu,Maharashtra,Mumbai,0,19.1738547,72.8476718,0,0,False,False
Kapadia Multi Speciality Hospital,Maharashtra,Mumbai,0,19.1630556,72.8390592,0,0,False,False
Laser Eye Surgery Center,Maharashtra,Mumbai,0,19.0599051,72.8342113,0,0,False,False
Marve Nursing Home,Maharashtra,Mumbai,0,19.1963422,72.8105333,0,0,False,False
Mauli Hospital,Maharashtra,Mumbai,0,19.2539332,72.8672448,0,0,False,False
Nath Hospital,Maharashtra,Mumbai,0,19.2041173,72.9747855,0,0,False,False
Phiroze M.Dastoor and Co,Maharashtra,Mumbai,0,18.9380988,72.8343567,0,0,False,False
Prathana Hospital,Maharashtra,Mumbai,0,19.0759837,72.8776559,0,0,False,False
Radiation Medicine Centre Bhabha Atomic Research C,Maharashtra,Mumbai,0,19.0176169,72.8561288,0,0,False,False
Raj Hospital,Maharashtra,Mumbai,0,19.0355766,73.0228173,0,0,False,False
Sai Hospital,Maharashtra,Mumbai,0,19.0759837,72.8776559,0,0,False,False
Sanjawalas Maternity and Gynacologist,Maharashtra,Mumbai,0,19.0963781,72.8563994,0,0,False,False
Shree Arihant Eye Care Centre,Maharashtra,Mumbai,0,19.2550851,72.8571396,0,0,False,False
Shreeji Hospital,Maharashtra,Mumbai,0,19.0834108,72.9022333,0,0,False,False
Sonkusare Clinic,Maharashtra,Mumbai,0,22.5023688,88.4032524,0,0,False,False
Surbhi Dental Clinic(Dr.Samata Dhuppad),Maharashtra,Mumbai,0,19.0176169,72.8561288,0,0,False,False
Uday Pathak Hospital,Maharashtra,Mumbai,0,19.0759837,72.8776559,0,0,False,False
Usha Maternity and Nursing Home,Maharashtra,Mumbai,0,19.2107733,73.1868328,0,0,False,False
Yesha Onco Surgical Care,Maharashtra,Mumbai,0,20.9467019,72.9520348,0,0,False,False
Shroff Eye Clinic,Maharashtra,Mumbai,0,18.9435836,72.8228706,0,0,False,False
Smt. Kamladevi Gauridutt Mittal Ayurvedic Hosp,Maharashtra,Mumbai,0,19.1055042,72.8500559,0,0,False,False
Dholkawalla Maternity Home,Maharashtra,Mumbai,0,18.952263,72.8340598,0,0,False,False
The Hussonally Abdulally Dholkawalla Wakf Charity Trust,Maharashtra,Mumbai,0,18.952263,72.8340598,0,0,False,False
Bay View Clinic,Maharashtra,Mumbai,0,19.0759837,72.8776559,0,0,False,False
"Brahman Sabha, Mumbai. Mhaskar Gruh And General Nu",Maharashtra,Mumbai,0,18.9575324,72.8190671,0,0,False,False
Chhaya Surgical Home,Maharashtra,Mumbai,0,19.2461644,72.8509056,0,0,False,False
Dr. Rajesh D Mody - V.P.Road,Maharashtra,Mumbai,0,19.0759837,72.8776559,0,0,False,False
Dr.Pai Dhungat Maternity and Nursing Home,Maharashtra,Mumbai,0,19.0176169,72.8561288,0,0,False,False
Endocrine Metabolic Laboratory,Maharashtra,Mumbai,0,18.956084,72.8151877,0,0,False,False
Hematology Laboratory,Maharashtra,Mumbai,0,19.0759837,72.8776559,0,0,False,False
Trinity Clinic Pvt.Ltd,Maharashtra,Mumbai,0,18.9570051,72.8239724,0,0,False,False
V.A.D.T Nursing Home,Maharashtra,Mumbai,0,19.0759837,72.8776559,0,0,False,False
Indu Clinic,Maharashtra,Mumbai,0,18.9276348,72.8330646,0,0,False,False
Inhs Asvini,Maharashtra,Mumbai,0,18.9002475,72.8152995,0,0,False,False
Sujata Medicare (Sujata Gyanaecology Clinic),Maharashtra,Mumbai,0,19.1198548,72.8464601,0,0,False,False
Zaveri Eye Clinic,Maharashtra,Mumbai,0,19.0723058,73.0006774,0,0,False,False
Kataria Eye Clinic,Maharashtra,Mumbai,0,18.9190478,72.8294948,0,0,False,False
Aayush Eye Clinic,Maharashtra,Mumbai,0,19.0597308,72.8989478,0,0,False,False
Bombay City Eye Institute and Research Center,Maharashtra,Mumbai,0,18.956136,72.8081781,0,0,False,False
Dr Galas Nursing Home,Maharashtra,Mumbai,0,18.9591784,72.8145383,0,0,False,False
Dr Turners S Speciality Dental Centre,Maharashtra,Mumbai,0,19.0759837,72.8776559,0,0,False,False
Dr. Nisars Eye Care Centre,Maharashtra,Mumbai,0,18.9636754,72.8161899,0,0,False,False
Dr.Mangeshikar Clinic,Maharashtra,Mumbai,0,18.9602406,72.8103742,0,0,False,False
Eye-Q Vision Care,Maharashtra,Mumbai,0,18.95753,72.8088794,0,0,False,False
Infiniti Eye Hospital,Maharashtra,Mumbai,0,19.0759837,72.8776559,0,0,False,False
Mangeshikar Access Gynecology and Infertility Center,Maharashtra,Mumbai,0,18.9591937,72.8122626,0,0,False,False
N M Medical Centre,Maharashtra,Mumbai,0,18.9576029,72.8103199,0,0,False,False
New Babulnath Ent Clinic,Maharashtra,Mumbai,0,18.9653852,72.8147262,0,0,False,False
Palshetkar Patil Nursing Home,Maharashtra,Mumbai,0,18.9537342,72.8183134,0,0,False,False
Samyak Drishti Eye Centre,Maharashtra,Mumbai,0,18.9563549,72.8133985,0,0,False,False
Shah Eye Clinic and Nursing Home,Maharashtra,Mumbai,0,19.0759837,72.8776559,0,0,False,False
The Vascular Clinic,Maharashtra,Mumbai,0,18.9586748,72.8110314,0,0,False,False
Eye Site,Maharashtra,Mumbai,0,19.2147763,73.0864218,0,0,False,False
Ipc Heart Care,Maharashtra,Mumbai,0,19.0176169,72.8561288,0,0,False,False
Madhura Nursing Home,Maharashtra,Mumbai,0,19.381244,72.830237,0,0,False,False
Nagori Clinic And Nursing Home,Maharashtra,Mumbai,0,18.9688538,72.8283084,0,0,False,False
Sadhu-Kamal Eye Hospital,Maharashtra,Mumbai,0,18.965987,72.818904,0,0,False,False
Swastik Nursing Home,Maharashtra,Mumbai,0,19.0552812,72.8892082,0,0,False,False
M.H. Saboo Siddique Maternity and General Hospital - Masjid,Maharashtra,Mumbai,0,18.9506004,72.8382547,0,0,False,False
Gokul Hospital,Maharashtra,Mumbai,0,19.1330996,72.8372689,0,0,False,False
Prince Aly Khan Hospital,Maharashtra,Mumbai,0,18.970835,72.8357489,0,0,False,False
Sankalp Eye Care Centre,Maharashtra,Mumbai,0,18.9927476,72.8310679,0,0,False,False
Dr Chetan Shetty Clinic,Maharashtra,Mumbai,0,19.0176169,72.8561288,0,0,False,False
Dr G M Bhargava Clinic,Maharashtra,Mumbai,0,18.99833,72.83864,0,0,False,False
Dr.Zankars Diagnostic Centre,Maharashtra,Mumbai,0,18.9952875,72.8364244,0,0,False,False
K B H B Charitable Ophthalmic and E.N.T Hospital,Maharashtra,Mumbai,0,19.0021567,72.8415793,0,0,False,False
K B Haji Bachooali Charitable Ophthalmic and E N T H,Maharashtra,Mumbai,0,19.003095,72.8393973,0,0,False,False
Municipal Corporation Of Greater Mumbai,Maharashtra,Mumbai,0,19.0857348,72.9138503,0,0,False,False
N S Optical Contact Lens Clinic Ghatkopar,Maharashtra,Mumbai,0,18.9840396,72.835737,0,0,False,False
Parel Institute Of Orthopaedic Specialities,Maharashtra,Mumbai,0,19.004888,72.8456268,0,0,False,False
Harish Nursing Home,Maharashtra,Mumbai,0,18.991758,72.831223,0,0,False,False
Jain Diagnotic Centre,Maharashtra,Mumbai,0,18.9915925,72.8315014,0,0,False,False
Akshi Eye Centre,Maharashtra,Mumbai,0,19.0187123,72.8480251,0,0,False,False
Ashirvad Clinic(Dr.Vandana Walvekar),Maharashtra,Mumbai,0,19.021324,72.8424178,0,0,False,False
Ashirwad Transfusion And Chemotherapy Centre,Maharashtra,Mumbai,0,19.0759837,72.8776559,0,0,False,False
Asmi Arthroscopy and Sports Medicine Institute,Maharashtra,Mumbai,0,19.019119,72.848349,0,0,False,False
B N D Onco Center,Maharashtra,Mumbai,0,19.016976,72.847592,0,0,False,False
Dr Khandeparkars Nursing Home,Maharashtra,Mumbai,0,19.0194936,72.8467661,0,0,False,False
Dr Kulkarni Hospital,Maharashtra,Mumbai,0,19.1365997,72.8566074,0,0,False,False
Dr M B Agarwalclinic,Maharashtra,Mumbai,0,19.0759837,72.8776559,0,0,False,False
Dr R M Jangada Clinic Dadar,Maharashtra,Mumbai,0,19.0146087,72.8427525,0,0,False,False
Dr. Karmarkar Hospital,Maharashtra,Mumbai,0,19.0160002,72.8431146,0,0,False,False
Elixir Hospital,Maharashtra,Mumbai,0,19.0187882,72.848917,0,0,False,False
G S B S Medical Trust,Maharashtra,Mumbai,0,19.0099129,72.8426858,0,0,False,False
Haematology Centre,Maharashtra,Mumbai,0,19.0759837,72.8776559,0,0,False,False
Krishna Cardiac Care Centre,Maharashtra,Mumbai,0,19.0228246,72.8534206,0,0,False,False
Laud Clinic,Maharashtra,Mumbai,0,19.020546,72.8487169,0,0,False,False
Navneet Jain Health Center,Maharashtra,Mumbai,0,19.0207984,72.8384577,0,0,False,False
Prof (Dr.) M B Agarwals Haematology Day Care Centr,Maharashtra,Mumbai,0,19.0759837,72.8776559,0,0,False,False
Shree Samarth Nursing Home,Maharashtra,Mumbai,0,18.9635287,72.8280994,0,0,False,False
Shrikhande Clinic,Maharashtra,Mumbai,0,19.021324,72.8424178,0,0,False,False
Suprabha Surgicare,Maharashtra,Mumbai,0,19.0099129,72.8426858,0,0,False,False
Dr. Haresh L Gala Clinic-Acharya Donde Marg.,Maharashtra,Mumbai,0,19.0759837,72.8776559,0,0,False,False
Sewree Nursing Home,Maharashtra,Mumbai,0,19.0759837,72.8776559,0,0,False,False
Dr. Fonsecas Maternity and Surgical Home,Maharashtra,Mumbai,0,19.0414516,72.8453359,0,0,False,False
Dr. Mathure`S Surgical Clinic,Maharashtra,Mumbai,0,19.0351534,72.8404432,0,0,False,False
"Dr.(Mrs,) Renu L. Vallicha",Maharashtra,Mumbai,0,19.0351534,72.8404432,0,0,False,False
Dr.Koppikars Family Clinic,Maharashtra,Mumbai,0,19.0334876,72.8463712,0,0,False,False
Gupte Maternity and Surgical Home,Maharashtra,Mumbai,0,19.0298134,72.8398724,0,0,False,False
Nadkarni Clinic,Maharashtra,Mumbai,0,19.0351534,72.8404432,0,0,False,False
Netra Retina And Laser Centre,Maharashtra,Mumbai,0,19.0353124,72.8436859,0,0,False,False
North Bombay Clinic Surgical and Maternity Home,Maharashtra,Mumbai,0,19.0338576,72.8423219,0,0,False,False
P D Hinduja National Hospital and Medical Research Centre,Maharashtra,Mumbai,0,19.0374901,72.8390644,0,0,False,False
Rajvi Clinic,Maharashtra,Mumbai,0,19.0281662,72.8382547,0,0,False,False
S.L. Raheja Hospital,Maharashtra,Mumbai,0,19.032012,72.8401043,0,0,False,False
Shree Saraswati Nursing Home,Maharashtra,Mumbai,0,19.0310674,72.8453376,0,0,False,False
Triveni Nursing Home,Maharashtra,Mumbai,0,19.0313867,72.8379652,0,0,False,False
Ayurseva Hospital,Maharashtra,Mumbai,0,19.0463778,72.8543168,0,0,False,False
Bava Medical Centre,Maharashtra,Mumbai,0,19.0402084,72.8508504,0,0,False,False
Dhanwantari Nursing Home and Diagnostic Centre,Maharashtra,Mumbai,0,19.0390744,72.8527492,0,0,False,False
Dr. Sushil D Nakhates Child Care Centre and Shruti Nursing Home,Maharashtra,Mumbai,0,19.0480285,72.857092,0,0,False,False
Lfe Care Hospital - Dharavi,Maharashtra,Mumbai,0,19.0480285,72.857092,0,0,False,False
Sai Medicure Services Pvt. Ltd. (Sai Hospital),Maharashtra,Mumbai,0,19.0402084,72.8508504,0,0,False,False
Nirmal Clinic,Maharashtra,Mumbai,0,18.9872015,72.8290456,0,0,False,False
R R A Podar Central Research Institute,Maharashtra,Mumbai,0,18.9997784,72.8169357,0,0,False,False
Reliance Life Sciences Pvt. Ltd,Maharashtra,Mumbai,0,19.0062696,72.8206853,0,0,False,False
Saarthi Hospital,Maharashtra,Mumbai,0,19.1509879,72.9315251,0,0,False,False
The Bombay Mothers and Children Welfare Societys,Maharashtra,Mumbai,0,19.0031932,72.8192367,0,0,False,False
Dr Trivedis Maternity and Nursing Home,Maharashtra,Mumbai,0,19.0792247,72.9057813,0,0,False,False
Dr V T Shah Diagnostic Centre and Clinic,Maharashtra,Mumbai,0,19.023947,72.8529909,0,0,False,False
Dr.Chhatres Maternity and Surgical Nursing Home,Maharashtra,Mumbai,0,19.0252685,72.8523958,0,0,False,False
Icon The Eye Consultants Eye and Laser Centre,Maharashtra,Mumbai,0,19.0336548,72.854459,0,0,False,False
Insight Eye Clinic,Maharashtra,Mumbai,0,19.0759837,72.8776559,0,0,False,False
Jashem Eye Institute,Maharashtra,Mumbai,0,19.0759837,72.8776559,0,0,False,False
Lions Club Of East Bombay,Maharashtra,Mumbai,0,19.0099,72.820598,0,0,False,False
Naik Nursing Home and Endoscopy Centre,Maharashtra,Mumbai,0,19.0962638,73.0111333,0,0,False,False
Siddhamrut Clinic,Maharashtra,Mumbai,0,19.022637,72.851028,0,0,False,False
Visaria Nursing Home - Matunga,Maharashtra,Mumbai,0,19.0304554,72.8469971,0,0,False,False
Bombay Hospital and Medical Research Centre,Maharashtra,Mumbai,0,18.9389181,72.8286535,0,0,False,False
Zain Eye Care,Maharashtra,Mumbai,0,18.9457243,72.8237605,0,0,False,False
Lady Ratan Tata Medical Centre,Maharashtra,Mumbai,0,19.0759837,72.8776559,0,0,False,False
Vinod Sharma Memorial Medical Centre,Maharashtra,Mumbai,0,19.0759837,72.8776559,0,0,False,False
Ashirwad Nursing Home,Maharashtra,Mumbai,0,19.0394894,72.8597092,0,0,False,False
Dr Savlas Child Care Centre,Maharashtra,Mumbai,0,19.0351454,72.8663173,0,0,False,False
Dr. Deosthaci's Eye Care Centre,Maharashtra,Mumbai,0,19.0397531,72.8611975,0,0,False,False
Dr.Patrawala`S Kalpana Nursing Home,Maharashtra,Mumbai,0,19.0516931,72.8691602,0,0,False,False
Endoscopy Asia,Maharashtra,Mumbai,0,19.0381054,72.8596712,0,0,False,False
Gandhi Hospital - Navi Mumbai,Maharashtra,Mumbai,0,19.153192,72.9969872,0,0,False,False
Iyers Polyclinic,Maharashtra,Mumbai,0,19.0351454,72.8663173,0,0,False,False
Krishna Eye Centre,Maharashtra,Mumbai,0,19.0351454,72.8663173,0,0,False,False
Mata Lachmi Hospital,Maharashtra,Mumbai,0,19.0349625,72.8601821,0,0,False,False
Shanmukhananda Aditya Jyot Eye Institute - Sion - Mumbai,Maharashtra,Mumbai,0,19.0351454,72.8663173,0,0,False,False
Shanmukhananda Jasubhai Rkshah Medical Centre,Maharashtra,Mumbai,0,19.0176169,72.8561288,0,0,False,False
Shri Vaishnav Seva Samaj Public Charitable Trust -,Maharashtra,Mumbai,0,19.0390214,72.8618952,0,0,False,False
Varun Cardiac Clinic,Maharashtra,Mumbai,0,19.082354,72.9051026,0,0,False,False
Amrutha Surgical And Maternity Home,Maharashtra,Mumbai,0,19.0898792,72.908696,0,0,False,False
Aryan Hospital and Iccu - Kurla-Mumbai,Maharashtra,Mumbai,0,19.0579437,72.8412418,0,0,False,False
Ashvini Maternity and Surgical Nursing Home,Maharashtra,Mumbai,0,19.0639898,72.8825627,0,0,False,False
Asha Surgical and Maternity Home Laparoscopy and Famil,Maharashtra,Mumbai,0,19.0158466,72.8279973,0,0,False,False
Dr.D.M.Beke,Maharashtra,Mumbai,0,19.0759837,72.8776559,0,0,False,False
Fayth Clinic,Maharashtra,Mumbai,0,19.0137008,72.8294379,0,0,False,False
Punamiya Hospital,Maharashtra,Mumbai,0,19.0181462,72.8357351,0,0,False,False
Savla Medical Center,Maharashtra,Mumbai,0,19.0158466,72.8279973,0,0,False,False
Siddivinayak Healthcare Pvt Ltd,Maharashtra,Mumbai,0,19.0235976,72.8378125,0,0,False,False
Sidhivinayk Clinic,Maharashtra,Mumbai,0,19.0096924,72.8299301,0,0,False,False
Tirtha Surgical and Maternity Home,Maharashtra,Mumbai,0,19.0254538,72.8357672,0,0,False,False
Breach Candy Hospital Trust,Maharashtra,Mumbai,0,18.972711,72.804394,0,0,False,False
Doshi Eye Care,Maharashtra,Mumbai,0,18.9714675,72.8095069,0,0,False,False
Gynaecworld,Maharashtra,Mumbai,0,19.0759837,72.8776559,0,0,False,False
Right Sight Eye Clinic,Maharashtra,Mumbai,0,19.0759837,72.8776559,0,0,False,False
Soonawala Clinic,Maharashtra,Mumbai,0,18.9678635,72.8089613,0,0,False,False
Balaji Hospital,Maharashtra,Mumbai,0,18.9821993,72.8382547,0,0,False,False
Ashtavinayak Maternity Surgical and Eye Hospital,Maharashtra,Mumbai,0,19.0759837,72.8776559,0,0,False,False
Ashvini Nursing and Maternity Home,Maharashtra,Mumbai,0,19.0235976,72.8378125,0,0,False,False
Deccan Fertility Clinic and Keyhole Surgery Center,Maharashtra,Mumbai,0,19.0759837,72.8776559,0,0,False,False
Dev Nursing Home,Maharashtra,Mumbai,0,19.0759837,72.8776559,0,0,False,False
Dnyan Geeta Nursing Home,Maharashtra,Mumbai,0,19.0256197,72.8372812,0,0,False,False
Dr Thakur Hospital,Maharashtra,Mumbai,0,19.0235976,72.8378125,0,0,False,False
Dr.Patkars Surgical Nursing Home,Maharashtra,Mumbai,0,19.0235976,72.8378125,0,0,False,False
Dr.Vaze Hospital,Maharashtra,Mumbai,0,19.0241157,72.8365432,0,0,False,False
Nerkar Surgical Clinic,Maharashtra,Mumbai,0,19.0163387,72.8401024,0,0,False,False
Shree Vardhaman Sthanakvasi Jain Shravak Sangh Dadar Sanchalit Navneet Jain Health Centre,Maharashtra,Mumbai,0,19.0207984,72.8384577,0,0,False,False
Shreedhar Hospital,Maharashtra,Mumbai,0,19.021324,72.8424178,0,0,False,False
Shri Siddhivinayak Nursing Home,Maharashtra,Mumbai,0,19.021324,72.8424178,0,0,False,False
Shushrusha Citizens` Co-Op Hospital Ltd.,Maharashtra,Mumbai,0,19.0213255,72.8397884,0,0,False,False
Urology and Infertility Clinic Dadar,Maharashtra,Mumbai,0,19.0241157,72.8365432,0,0,False,False
Vijeet Stone Center,Maharashtra,Mumbai,0,19.0241157,72.8365432,0,0,False,False
Well Spring Dr Avinash Phadke Pathlab Clinic,Maharashtra,Mumbai,0,19.0242735,72.8379211,0,0,False,False
Ishanni Urology Center,Maharashtra,Mumbai,0,19.0759837,72.8776559,0,0,False,False
Worli Hospital For Women,Maharashtra,Mumbai,0,19.0759837,72.8776559,0,0,False,False
Rotunda Nursing Home,Maharashtra,Mumbai,0,19.0151285,72.8580644,0,0,False,False
Shobha Maternity and Surgical Home,Maharashtra,Mumbai,0,18.9655331,72.8165727,0,0,False,False
Aryan Hospital and Icu,Maharashtra,Mumbai,0,19.0097727,72.9017603,0,0,False,False
Dr Redkars Maternity and Nursing Home,Maharashtra,Mumbai,0,19.1822352,72.9468948,0,0,False,False
Janakee Nursing Home,Maharashtra,Mumbai,0,19.0759837,72.8776559,0,0,False,False
Nova Medical Centers Pvt Ltd,Maharashtra,Mumbai,0,18.9681499,72.8122442,0,0,False,False
Shetty Nursing Home (Shetty Health Services Pvt. Ltd.),Maharashtra,Mumbai,0,18.9746477,72.8128577,0,0,False,False
Shetty Nurshing Home,Maharashtra,Mumbai,0,18.9746477,72.8128577,0,0,False,False
Dr Gupta Clinic And Day Carecentre,Maharashtra,Mumbai,0,19.0743137,72.8278871,0,0,False,False
Genesis Speciality Center (Health-Check Up,Maharashtra,Mumbai,0,19.0088678,72.8573828,0,0,False,False
Jyoti Nursing Home,Maharashtra,Mumbai,0,19.0283439,72.869804,0,0,False,False
Micro Care Diagnostic Centre,Maharashtra,Mumbai,0,19.0151285,72.8580644,0,0,False,False
Amey Eye Care Centre,Maharashtra,Mumbai,0,19.0759837,72.8776559,0,0,False,False
Aniket Nuring Home,Maharashtra,Mumbai,0,19.1316889,72.9351934,0,0,False,False
Ankur Maternity and Surgical Nursing Home,Maharashtra,Mumbai,0,19.1308769,72.9359605,0,0,False,False
Shaily Nursing Home,Maharashtra,Mumbai,0,19.1375536,72.9350174,0,0,False,False
Bombay City Hospital,Maharashtra,Mumbai,0,19.0493908,72.9145327,0,0,False,False
Dr. Tidke Hospital,Maharashtra,Mumbai,0,19.051694,72.930923,0,0,False,False
Ekta Nursing Home and Polyclinic,Maharashtra,Mumbai,0,19.0520628,72.9272317,0,0,False,False
Omkar Nursing Home,Maharashtra,Mumbai,0,19.051694,72.930923,0,0,False,False
Royal Nursing Home,Maharashtra,Mumbai,0,19.0489198,72.9143346,0,0,False,False
Shree Mahaveer Nursing Home - Govandi-Mumbai,Maharashtra,Mumbai,0,19.0511,72.9205,0,0,False,False
Vikas Nursing Home,Maharashtra,Mumbai,0,19.055124,72.9154653,0,0,False,False
Center For Cataract Surgery - Mumbai,Maharashtra,Mumbai,0,19.110608,72.832553,0,0,False,False
Dr.Daftarys Total Care Clinic,Maharashtra,Mumbai,0,19.1080574,72.8290035,0,0,False,False
Juhu Clinical Laboratory,Maharashtra,Mumbai,0,19.1067104,72.829273,0,0,False,False
Laser Institute Of Laser Medicine,Maharashtra,Mumbai,0,19.1102949,72.8409693,0,0,False,False
Oculus Eye Hospital Pvt. Ltd,Maharashtra,Mumbai,0,19.1102949,72.8409693,0,0,False,False
Pushpa Hospital,Maharashtra,Mumbai,0,19.1483497,72.8404703,0,0,False,False
Sheth Kantilal C. Parikh General Hospital,Maharashtra,Mumbai,0,19.1086051,72.8267176,0,0,False,False
Shree Hi- Tech Clinic Pvt. Ltd. /Laserx,Maharashtra,Mumbai,0,19.1141161,72.8393625,0,0,False,False
Sujay Hospital,Maharashtra,Mumbai,0,19.1160222,72.8313139,0,0,False,False
The Vission Eye Centre,Maharashtra,Mumbai,0,19.110608,72.832553,0,0,False,False
Bandra Pathology Laboratory,Maharashtra,Mumbai,0,19.0616128,72.83184,0,0,False,False
Ceds The Cneter Of Eye Dianostics And Surgery,Maharashtra,Mumbai,0,19.0606917,72.8362497,0,0,False,False
Devi Maternity and Surgical,Maharashtra,Mumbai,0,19.0622209,72.8357525,0,0,False,False
Dr A K Chandiramani Hospital,Maharashtra,Mumbai,0,19.0636199,72.8351453,0,0,False,False
Dr Jains Dental Speciality Centre,Maharashtra,Mumbai,0,19.0557586,72.8319193,0,0,False,False
Dr Mukul Dabholkar Bandra,Maharashtra,Mumbai,0,19.0606917,72.8362497,0,0,False,False
Dr. Pattnaiks Nursing Home,Maharashtra,Mumbai,0,19.0606917,72.8362497,0,0,False,False
Dr. R. N. Shetty's Nursing Home,Maharashtra,Mumbai,0,19.0606917,72.8362497,0,0,False,False
Dr.Mira Raisinghaney Maternity and Surgical Nursing,Maharashtra,Mumbai,0,19.0606917,72.8362497,0,0,False,False
Empire Centre,Maharashtra,Mumbai,0,19.0606917,72.8362497,0,0,False,False
Holy Family Hospital,Maharashtra,Mumbai,0,19.0799499,72.8367149,0,0,False,False
Kiddie Ville Clinic,Maharashtra,Mumbai,0,19.0606917,72.8362497,0,0,False,False
Lilavati Hospital And Research Centre,Maharashtra,Mumbai,0,19.0606917,72.8362497,0,0,False,False
Mahatma Gandhi Seva Mandir,Maharashtra,Mumbai,0,19.057173,72.8393225,0,0,False,False
Mumbai Cancer Clinic,Maharashtra,Mumbai,0,19.0606917,72.8362497,0,0,False,False
Neisa Laser Centre,Maharashtra,Mumbai,0,19.0606917,72.8362497,0,0,False,False
Nm Medical Center,Maharashtra,Mumbai,0,19.0606917,72.8362497,0,0,False,False
Ojas Laser Eye Surgery Centre,Maharashtra,Mumbai,0,19.0606917,72.8362497,0,0,False,False
Parekh Eye Hospital,Maharashtra,Mumbai,0,19.0606917,72.8362497,0,0,False,False
Revival Polyclinic,Maharashtra,Mumbai,0,19.0606917,72.8362497,0,0,False,False
Satya Shiva Medicals Pvt. Ltd.,Maharashtra,Mumbai,0,19.0674662,72.828512,0,0,False,False
Shroff Eye Hospital,Maharashtra,Mumbai,0,19.0607435,72.8369031,0,0,False,False
Shruti Nursing Home,Maharashtra,Mumbai,0,19.0606917,72.8362497,0,0,False,False
Sushama Patkar Maternity ( and Surgical) Home - Bandra,Maharashtra,Mumbai,0,19.0536244,72.8245123,0,0,False,False
The Cosmetic Surgery Institute,Maharashtra,Mumbai,0,19.0593278,72.8351498,0,0,False,False
Vision 2000 Laser Surgery Centre,Maharashtra,Mumbai,0,19.0525804,72.8242037,0,0,False,False
West Lake Speciality Clinic,Maharashtra,Mumbai,0,19.0563119,72.8386593,0,0,False,False
Fortis Hospitals Limited,Maharashtra,Mumbai,0,19.1605587,72.9469214,0,0,False,False
Laxmi Surgical Clinic,Maharashtra,Mumbai,0,19.060533,72.8493479,0,0,False,False
Nandini Eye Care Centre,Maharashtra,Mumbai,0,19.0608089,72.8454864,0,0,False,False
Palvi Maternity and Mother Care Centre - Bandra Mumbai,Maharashtra,Mumbai,0,19.0574076,72.8447654,0,0,False,False
Tejas Eye Clinic,Maharashtra,Mumbai,0,19.0585316,72.8478554,0,0,False,False
Tushar Maternity and Surgical Nursing Home,Maharashtra,Mumbai,0,19.1551485,72.8678551,0,0,False,False
Chrysalizz,Maharashtra,Mumbai,0,19.0716903,72.8341267,0,0,False,False
G.M.Medical Centre - Khar,Maharashtra,Mumbai,0,19.0703631,72.8369507,0,0,False,False
Gopi Nursing Home,Maharashtra,Mumbai,0,19.0716903,72.8341267,0,0,False,False
I Sight Eyecare And Surgery,Maharashtra,Mumbai,0,19.0176169,72.8561288,0,0,False,False
Khar Clinico-Pathological Laboratory,Maharashtra,Mumbai,0,19.074515,72.834424,0,0,False,False
Kumar Clinic,Maharashtra,Mumbai,0,19.0716903,72.8341267,0,0,False,False
Mahavir Medical Research Center,Maharashtra,Mumbai,0,19.0741473,72.8325682,0,0,False,False
Ramakrishna Mission Hospital,Maharashtra,Mumbai,0,19.0715992,72.8348232,0,0,False,False
Tulip Womens Healthcare Centre - Khar (W),Maharashtra,Mumbai,0,19.0689055,72.8320899,0,0,False,False
Vardan Nursing Home Pvt.Ltd.,Maharashtra,Mumbai,0,19.1551485,72.8678551,0,0,False,False
Ameya Maternity and Nursing Home,Maharashtra,Mumbai,0,19.1363246,72.82766,0,0,False,False
Ashwini Clinic,Maharashtra,Mumbai,0,19.1198548,72.8464601,0,0,False,False
Bellevue Multispeciality Hospital,Maharashtra,Mumbai,0,19.1363246,72.82766,0,0,False,False
"Benzer Nursing Home, Andheri",Maharashtra,Mumbai,0,19.1363246,72.82766,0,0,False,False
Dr Parekhs Deafness Clinic and Ent Hospital,Maharashtra,Mumbai,0,19.1198548,72.8464601,0,0,False,False
Dr. Indus New Born And Child Care Centre,Maharashtra,Mumbai,0,19.1363246,72.82766,0,0,False,False
Dr. Jk Shah's Eye Clinic and Laser Centre,Maharashtra,Mumbai,0,19.1363246,72.82766,0,0,False,False
Dr. Joshi Surgical and Maternity Hospital,Maharashtra,Mumbai,0,19.1198548,72.8464601,0,0,False,False
Dr. Khosla`S Dental Centre,Maharashtra,Mumbai,0,19.1437436,72.8251145,0,0,False,False
Dr. M.I.Doongerwala - Andheri,Maharashtra,Mumbai,0,19.1363246,72.82766,0,0,False,False
Dr. Pareeks Deafness Clinic and Ent Hospital - Andheri,Maharashtra,Mumbai,0,19.1363246,72.82766,0,0,False,False
Eva Medicare Center - Andheri,Maharashtra,Mumbai,0,19.1732556,72.8363508,0,0,False,False
Gandhi Nursing Home,Maharashtra,Mumbai,0,19.1435906,72.8246291,0,0,False,False
Kokilaben Dhirubhai Ambani Hospital,Maharashtra,Mumbai,0,19.1344172,72.8256366,0,0,False,False
Kulkarni Nursing Home and Polyclinic,Maharashtra,Mumbai,0,19.1396177,72.8317178,0,0,False,False
Life Care Medical Centre,Maharashtra,Mumbai,0,19.1373646,72.8253553,0,0,False,False
Parijat Surgical and General Hospital,Maharashtra,Mumbai,0,19.1363246,72.82766,0,0,False,False
Pushpa Maternity Home,Maharashtra,Mumbai,0,19.1455917,72.8229639,0,0,False,False
Reges Bone And Joint Care Centre,Maharashtra,Mumbai,0,19.1438721,72.8243536,0,0,False,False
Sanghvi Hospital (Andheri),Maharashtra,Mumbai,0,19.1455917,72.8229639,0,0,False,False
Sengal Patan Lab,Maharashtra,Mumbai,0,19.1289346,72.8248789,0,0,False,False
Shreeji Hospital,Maharashtra,Mumbai,0,19.1969579,72.8733648,0,0,False,False
Siddhartha Municipal General Hospital,Maharashtra,Mumbai,0,19.1629338,72.839241,0,0,False,False
Siddhivinayak Surgical Centre,Maharashtra,Mumbai,0,19.1363246,72.82766,0,0,False,False
Suman Eye Clinic And Surgery Centre,Maharashtra,Mumbai,0,19.1445491,72.8254052,0,0,False,False
Super Religare Laboratories Ltd,Maharashtra,Mumbai,0,19.1363246,72.82766,0,0,False,False
Surgicare Medical Centre - Mumbai,Maharashtra,Mumbai,0,19.1363034,72.827096,0,0,False,False
Vijay Opticians,Maharashtra,Mumbai,0,19.1285131,72.8247942,0,0,False,False
Vital Care Centre,Maharashtra,Mumbai,0,19.1363246,72.82766,0,0,False,False
Yash Neel Maternity Home,Maharashtra,Mumbai,0,19.1198548,72.8464601,0,0,False,False
Aseem Orthopaedic Hospital,Maharashtra,Mumbai,0,19.0893623,72.837722,0,0,False,False
Bcj Hospital And Asha Parekh Research Centre,Maharashtra,Mumbai,0,19.0820719,72.8404132,0,0,False,False
Bhargava Nursing Home,Maharashtra,Mumbai,0,19.0811858,72.8361408,0,0,False,False
Clilical Pathology and Bacteriology Clinic,Maharashtra,Mumbai,0,19.0825013,72.8387327,0,0,False,False
Fantasy Clinic,Maharashtra,Mumbai,0,19.1363246,72.82766,0,0,False,False
Gandhi Nursing Home,Maharashtra,Mumbai,0,19.0815087,72.8376755,0,0,False,False
Kenias Eye Hospital,Maharashtra,Mumbai,0,19.0895032,72.8385658,0,0,False,False
Life Line Hospital and Diagnostics Pvt Ltd,Maharashtra,Mumbai,0,19.0815087,72.8376755,0,0,False,False
Malpani Eye Hospital And Laser Centre,Maharashtra,Mumbai,0,19.0815087,72.8376755,0,0,False,False
Maniar Clinic,Maharashtra,Mumbai,0,19.088112,72.835058,0,0,False,False
Mumbai Retina Centre,Maharashtra,Mumbai,0,19.0815087,72.8376755,0,0,False,False
Netrapuja Research Centre,Maharashtra,Mumbai,0,19.072631,72.838478,0,0,False,False
Radiance Laser Vision Centre,Maharashtra,Mumbai,0,19.0815087,72.8376755,0,0,False,False
Samvedan Health Care Clinic,Maharashtra,Mumbai,0,19.0815087,72.8376755,0,0,False,False
Sarla Hospital and Icu,Maharashtra,Mumbai,0,19.085559,72.8364953,0,0,False,False
Sarvodaya Eye Hospital,Maharashtra,Mumbai,0,19.081131,72.839053,0,0,False,False
Smruti Nursing Home,Maharashtra,Mumbai,0,19.0819373,72.8382266,0,0,False,False
The Ark Clinic,Maharashtra,Mumbai,0,19.0815087,72.8376755,0,0,False,False
Dattatreya Nursing Home,Maharashtra,Mumbai,0,19.0825366,72.8502317,0,0,False,False
Dr. Raut`S Maternity and Surgical Nursing Home,Maharashtra,Mumbai,0,19.1515624,72.9435765,0,0,False,False
Dr. Sheth Surgical Clinic andGeneral Nursing Home- Santacruz-Mumbai,Maharashtra,Mumbai,0,19.079497,72.8465064,0,0,False,False
Nandan Maternity and Surgical Home,Maharashtra,Mumbai,0,19.0797967,72.8427287,0,0,False,False
Siddhi Nursing Home,Maharashtra,Mumbai,0,19.0801652,72.8494657,0,0,False,False
Sona Medical Center,Maharashtra,Mumbai,0,19.0759837,72.8776559,0,0,False,False
Upadhyaya Nursing Home,Maharashtra,Mumbai,0,19.07937,72.8562596,0,0,False,False
Vakola Nursing Home and Polyclinic,Maharashtra,Mumbai,0,19.0177749,72.8582527,0,0,False,False
Dr Balabhai Nanavati Hospital,Maharashtra,Mumbai,0,19.1013427,72.8394774,0,0,False,False
Dr Jagdish Shahs Clinic,Maharashtra,Mumbai,0,19.0982759,72.848784,0,0,False,False
Dr Shah Hospital and Acupuncture Research Center,Maharashtra,Mumbai,0,19.1405116,72.8421555,0,0,False,False
Dr. Sadiwalas Clinic and Nursing Home,Maharashtra,Mumbai,0,19.106652,72.8402931,0,0,False,False
Dr. Sanjay Soni,Maharashtra,Mumbai,0,19.1145832,72.8358707,0,0,False,False
Eclat Polyclinic,Maharashtra,Mumbai,0,19.0759837,72.8776559,0,0,False,False
Eyeris Medical Center Pvt. Ltd.,Maharashtra,Mumbai,0,19.1012769,72.8425406,0,0,False,False
Iris Eye Center,Maharashtra,Mumbai,0,19.1102949,72.8409693,0,0,False,False
Irla Nursing Home and Polyclinic,Maharashtra,Mumbai,0,19.1102949,72.8409693,0,0,False,False
"Life Care Iccu , Medical and Surgical Emergencies",Maharashtra,Mumbai,0,19.1083063,72.8382876,0,0,False,False
Mahaveer Health Care Centre,Maharashtra,Mumbai,0,19.098692,72.840026,0,0,False,False
Navkar Eye Care Center,Maharashtra,Mumbai,0,19.1102949,72.8409693,0,0,False,False
Shruti Clinic - Vile Parle,Maharashtra,Mumbai,0,19.1102949,72.8409693,0,0,False,False
The Mediheights Shreeji Hospital and Research Center,Maharashtra,Mumbai,0,19.1083063,72.8382876,0,0,False,False
Voras Clinical Laboratory,Maharashtra,Mumbai,0,19.1030524,72.8466914,0,0,False,False
"Aggarwal Eye Hospital , Vile Parle",Maharashtra,Mumbai,0,19.1100258,72.8495392,0,0,False,False
Ashish Maternity and Nursing Home - Vile Parle (E),Maharashtra,Mumbai,0,19.0963781,72.8563994,0,0,False,False
Dr. Kirits Nursing Home-Vile Parle,Maharashtra,Mumbai,0,19.0963781,72.8563994,0,0,False,False
Dr.Tushar Shah,Maharashtra,Mumbai,0,19.1043491,72.8464095,0,0,False,False
Kirit Nursing Home,Maharashtra,Mumbai,0,19.0963781,72.8563994,0,0,False,False
Navjivan Maternity and Surgical Nursing Home,Maharashtra,Mumbai,0,19.0963781,72.8563994,0,0,False,False
Parle Eye Hospital,Maharashtra,Mumbai,0,19.1007327,72.8484152,0,0,False,False
Sarafs Diagnostic Center,Maharashtra,Mumbai,0,19.1021198,72.8447758,0,0,False,False
Sarda Clinic,Maharashtra,Mumbai,0,19.0759837,72.8776559,0,0,False,False
Saurabh Sanjanwala`S Maternity Gync.and Surgical Nur,Maharashtra,Mumbai,0,19.1084218,72.8485457,0,0,False,False
Shreeji Associates C/O Dr Ranes Nursing Home,Maharashtra,Mumbai,0,19.095176,72.8499645,0,0,False,False
Smt. Laxmiben Dharamsi Karsan Gala Eye Hospital,Maharashtra,Mumbai,0,19.0963781,72.8563994,0,0,False,False
Sunder Pathology Laboratory,Maharashtra,Mumbai,0,19.0963781,72.8563994,0,0,False,False
Vasudev Eye Clinic,Maharashtra,Mumbai,0,19.0963781,72.8563994,0,0,False,False
Vivek Pathology Laboratory,Maharashtra,Mumbai,0,19.1024496,72.8499878,0,0,False,False
Aastha Nursing Home - Andheri,Maharashtra,Mumbai,0,19.1363246,72.82766,0,0,False,False
Bses Mg Hospital (Managed By)Brahma Kumari Global Hospital and Res Center,Maharashtra,Mumbai,0,19.1198548,72.8464601,0,0,False,False
Doctor Eye Hospital,Maharashtra,Mumbai,0,19.1363246,72.82766,0,0,False,False
Dr Eye Institute Pvi Ltd,Maharashtra,Mumbai,0,19.1363246,72.82766,0,0,False,False
Dr Gadams Nursing Home,Maharashtra,Mumbai,0,19.1363246,72.82766,0,0,False,False
Dr Parmars Surgical Hospital,Maharashtra,Mumbai,0,19.1166476,72.8427744,0,0,False,False
Dr. Kirit Ichhashanker Oza - Andheri,Maharashtra,Mumbai,0,19.1363246,72.82766,0,0,False,False
Dr. Patel Nursing Home,Maharashtra,Mumbai,0,19.1363246,72.82766,0,0,False,False
Eye And Contact Lens Clinic,Maharashtra,Mumbai,0,19.1198548,72.8464601,0,0,False,False
Kaveri Eye Care Centre,Maharashtra,Mumbai,0,19.1363246,72.82766,0,0,False,False
Masrani Clinic For Women and Mimas,Maharashtra,Mumbai,0,19.1152002,72.844139,0,0,False,False
Mediwavw Clinic,Maharashtra,Mumbai,0,19.1363246,72.82766,0,0,False,False
Patil Hospital,Maharashtra,Mumbai,0,19.1363246,72.82766,0,0,False,False
Prime Speciality Hospital,Maharashtra,Mumbai,0,15.9647156,74.0035709,0,0,False,False
Purandare Hospital,Maharashtra,Mumbai,0,19.1295475,72.822229,0,0,False,False
R.G. Scientific Enterprises Ltd,Maharashtra,Mumbai,0,19.1366248,72.8363278,0,0,False,False
Roshni Eye Hospital,Maharashtra,Mumbai,0,19.113645,72.8697339,0,0,False,False
Sainath Polyclinic,Maharashtra,Mumbai,0,19.1363246,72.82766,0,0,False,False
Sangeeta Maternity Surgical and Diagnostic Centre,Maharashtra,Mumbai,0,19.113645,72.8697339,0,0,False,False
Society Of The Helpers Of Mary Shraddha Vihar Hosp,Maharashtra,Mumbai,0,19.1198548,72.8464601,0,0,False,False
Srl Ranbaxy Ltd,Maharashtra,Mumbai,0,19.1185922,72.872193,0,0,False,False
Sushrut Clinic Orthosurgical Nursing Home,Maharashtra,Mumbai,0,19.0759837,72.8776559,0,0,False,False
Swati Eye Clinic,Maharashtra,Mumbai,0,19.1363246,72.82766,0,0,False,False
Vibha Maternity And Surgical Nursing Home,Maharashtra,Mumbai,0,19.1363246,72.82766,0,0,False,False
Vishal X-Ray Clinic,Maharashtra,Mumbai,0,19.1363246,72.82766,0,0,False,False
Ameya Surgical and General Nursing Home,Maharashtra,Mumbai,0,19.104219,72.864046,0,0,False,False
Chiranjeevi Nursing Home,Maharashtra,Mumbai,0,19.113645,72.8697339,0,0,False,False
Dadhich Nursing Home,Maharashtra,Mumbai,0,19.1081099,72.8677512,0,0,False,False
Diamond Hospital,Maharashtra,Mumbai,0,19.1405116,72.8421555,0,0,False,False
Dr Goels Maternity and General Hospital,Maharashtra,Mumbai,0,19.1099032,72.8650609,0,0,False,False
Dr Punjabis Laboratory,Maharashtra,Mumbai,0,19.1154908,72.8726952,0,0,False,False
Dr.Pintos Pathological Laboratory,Maharashtra,Mumbai,0,19.1213135,72.8797755,0,0,False,False
Dr.Sandip Anand,Maharashtra,Mumbai,0,19.1110621,72.8655922,0,0,False,False
Kiran Care and Cure Hospital,Maharashtra,Mumbai,0,19.1110621,72.8655922,0,0,False,False
Mukund Maternity And Surgical Nursing Home,Maharashtra,Mumbai,0,19.1198548,72.8464601,0,0,False,False
Nutan Mammography And Sonography Centre,Maharashtra,Mumbai,0,19.113645,72.8697339,0,0,False,False
Paramount General Hospital and Icu,Maharashtra,Mumbai,0,19.1154908,72.8726952,0,0,False,False
Rachana Maternity Paediatric and Surgical Nursing Ho,Maharashtra,Mumbai,0,19.1110621,72.8655922,0,0,False,False
Rg Stone Urology And Laparoscopy Hospital,Maharashtra,Mumbai,0,19.1338837,72.8376429,0,0,False,False
Saish Nursing Home and Icu,Maharashtra,Mumbai,0,19.1188585,72.8802146,0,0,False,False
Sevenhills Healthcare Private Limited,Maharashtra,Mumbai,0,19.1163793,72.8798583,0,0,False,False
Spectacles And Contact Lens Clinic,Maharashtra,Mumbai,0,19.1131214,72.867009,0,0,False,False
"Sugun Hospital Multispeciality Diagnostic, Icu",Maharashtra,Mumbai,0,19.1165713,72.8825342,0,0,False,False
Umang Maternity And Surgical Nursing Home -Andheri (E),Maharashtra,Mumbai,0,19.1154908,72.8726952,0,0,False,False
Dr Mandot Modern Clinical Pathology Laboratory,Maharashtra,Mumbai,0,19.1738547,72.8476718,0,0,False,False
Dr. Kamats Hospital - Jogeshwari - Mumbai,Maharashtra,Mumbai,0,19.1364893,72.8488709,0,0,False,False
Dr. Kulkarni Hospital,Maharashtra,Mumbai,0,19.043902,72.8681195,0,0,False,False
Dr. Shindes Childrens Hospital And Nicu,Maharashtra,Mumbai,0,19.1364893,72.8488709,0,0,False,False
Global Diagnostic Centre,Maharashtra,Mumbai,0,19.0759837,72.8776559,0,0,False,False
Parulekar Maternity And Surgical Nursing Home - Mumbai,Maharashtra,Mumbai,0,19.1315933,72.8498738,0,0,False,False
A.E.Kalsekar Hospital,Maharashtra,Mumbai,0,19.1379278,72.8101762,0,0,False,False
Mahima Hospital and Polyclinic,Maharashtra,Mumbai,0,19.1306458,72.8184455,0,0,False,False
Mamta Maternity and Nursing Home,Maharashtra,Mumbai,0,19.0759837,72.8776559,0,0,False,False
The Clinique and Nursing Home - Andheri,Maharashtra,Mumbai,0,19.1350852,72.8146101,0,0,False,False
Dr. (Mrs.) S.D.Patki Clinic,Maharashtra,Mumbai,0,19.1699919,72.8497757,0,0,False,False
Dr.Ganaskars Pathology Laboratory,Maharashtra,Mumbai,0,19.0759837,72.8776559,0,0,False,False
Enclave Maternity Home,Maharashtra,Mumbai,0,19.1691237,72.8754694,0,0,False,False
Eye Smile Clinic,Maharashtra,Mumbai,0,19.1733185,72.8730215,0,0,False,False
Gokuldham Medical Centre,Maharashtra,Mumbai,0,19.1737578,72.8597274,0,0,False,False
Kanchi Nursing Home,Maharashtra,Mumbai,0,19.1551485,72.8678551,0,0,False,False
Sudha Hospital and Polyclinic,Maharashtra,Mumbai,0,19.1737578,72.8597274,0,0,False,False
Surya Eye Clinic,Maharashtra,Mumbai,0,19.1745143,72.862324,0,0,False,False
Yashada Maternity and Surgical Home,Maharashtra,Mumbai,0,19.1509735,72.8758099,0,0,False,False
Abhijit Hospital,Maharashtra,Mumbai,0,19.1874689,72.8422219,0,0,False,False
Adarsh Hospital,Maharashtra,Mumbai,0,19.1963422,72.8105333,0,0,False,False
Advanced Orthopaedic Centre,Maharashtra,Mumbai,0,19.1827551,72.8401539,0,0,False,False
"Dr. Manoj Shah , Fractureaccident - Orthopaedic",Maharashtra,Mumbai,0,19.1016472,72.8500491,0,0,False,False
Dr. Vasa Hospital,Maharashtra,Mumbai,0,19.1963422,72.8105333,0,0,False,False
Dr.Guptas Nursing Home,Maharashtra,Mumbai,0,19.1749892,72.8451337,0,0,False,False
Dr.Ronak Prakash Bhandari,Maharashtra,Mumbai,0,19.1834939,72.8357436,0,0,False,False
Ear-Nose-Throat And Eye Clinic,Maharashtra,Mumbai,0,19.180237,72.8554149,0,0,False,False
Evershine Nursing Home,Maharashtra,Mumbai,0,19.1928391,72.8330873,0,0,False,False
Janhvi Nursing Home,Maharashtra,Mumbai,0,19.185155,72.8422978,0,0,False,False
Jay Polyclinic Surgical and Maternity Nursing Home and Iccu,Maharashtra,Mumbai,0,19.1840599,72.846178,0,0,False,False
Khandelwal Ent and General Hospital and Polyclinic,Maharashtra,Mumbai,0,19.1827551,72.8401539,0,0,False,False
Le Nest,Maharashtra,Mumbai,0,19.1757956,72.8419473,0,0,False,False
Lifeline Hospital Heart Insititute and Diagnostic Centre,Maharashtra,Mumbai,0,19.1827551,72.8401539,0,0,False,False
Manish Nursing Home,Maharashtra,Mumbai,0,19.1853044,72.8470214,0,0,False,False
Navkar Child Care Centre and Nursing Home,Maharashtra,Mumbai,0,19.1843832,72.8362572,0,0,False,False
Neelam Nursing Home (Lenest) - Malad (W),Maharashtra,Mumbai,0,19.2254953,72.8544636,0,0,False,False
Neon Critical Care,Maharashtra,Mumbai,0,19.2019275,72.8190866,0,0,False,False
Nirman Diagnostic Imaging Centre,Maharashtra,Mumbai,0,19.1827551,72.8401539,0,0,False,False
Puranik Hospital,Maharashtra,Mumbai,0,19.1878099,72.845366,0,0,False,False
Rahul Eye Clinic,Maharashtra,Mumbai,0,19.13654,72.847579,0,0,False,False
Rajathani Seva Samiti,Maharashtra,Mumbai,0,19.1827551,72.8401539,0,0,False,False
Saraogi Maternity and General Hospital,Maharashtra,Mumbai,0,19.1897322,72.8460784,0,0,False,False
Sunflowar Laboratory and Diagnostic Centre,Maharashtra,Mumbai,0,19.1827551,72.8401539,0,0,False,False
Surana Hospital And Research Centre,Maharashtra,Mumbai,0,19.1980732,72.8426229,0,0,False,False
Vinayak Maternity and General Hospital,Maharashtra,Mumbai,0,19.1827551,72.8401539,0,0,False,False
Clear Vision Eye Center,Maharashtra,Mumbai,0,19.0781122,72.8319933,0,0,False,False
Dhanshri Hospital,Maharashtra,Mumbai,0,19.2222802,72.8544895,0,0,False,False
Dr Baliga Nursing Home,Maharashtra,Mumbai,0,19.164269,72.8454471,0,0,False,False
Jain Hospital and Medical Research Center,Maharashtra,Mumbai,0,19.0759837,72.8776559,0,0,False,False
Kolekar Hospiatl,Maharashtra,Mumbai,0,19.0599156,72.9011119,0,0,False,False
Omkar Eye Care Center,Maharashtra,Mumbai,0,19.171536,72.9528553,0,0,False,False
Pratik Hospital and Maternity Home,Maharashtra,Mumbai,0,19.1998211,72.842594,0,0,False,False
Shri Siddhi Vinayak Orthopaedic Hospital,Maharashtra,Mumbai,0,24.5446027,73.6956989,0,0,False,False
Suyash Surgiacal and Maternity Home,Maharashtra,Mumbai,0,19.032803,73.1012153,0,0,False,False
Anand Nursing Home - Borivali (E),Maharashtra,Mumbai,0,19.2240612,72.8666469,0,0,False,False
"Ankit Fracture, Maternity and Surgical Hospital",Maharashtra,Mumbai,0,19.2240612,72.8666469,0,0,False,False
Asian Eye Institute And Laser Centre,Maharashtra,Mumbai,0,19.2318937,72.8586904,0,0,False,False
Crystal Hospitals,Maharashtra,Mumbai,0,19.2240612,72.8666469,0,0,False,False
"Dr Parikhs Maternity, Gynaec, and General Hospital",Maharashtra,Mumbai,0,19.2229268,72.8574421,0,0,False,False
"Dr. Mehta,S Maternity Home",Maharashtra,Mumbai,0,19.0759837,72.8776559,0,0,False,False
Mohit Hospital and Heart Centre,Maharashtra,Mumbai,0,19.234019,72.8643053,0,0,False,False
Mukti Nursing Home,Maharashtra,Mumbai,0,19.0759837,72.8776559,0,0,False,False
Narendra Hospital,Maharashtra,Mumbai,0,19.0759837,72.8776559,0,0,False,False
Navjeevan Global Heart Centre,Maharashtra,Mumbai,0,19.2224441,72.8600404,0,0,False,False
Nirmay Mother Care Centre,Maharashtra,Mumbai,0,19.2219048,72.842968,0,0,False,False
Parijat Child Health Clinic,Maharashtra,Mumbai,0,19.2559121,72.8749632,0,0,False,False
Parmar Hospital,Maharashtra,Mumbai,0,19.2300126,72.8619097,0,0,False,False
Purnima Hospital,Maharashtra,Mumbai,0,19.2360202,72.8606066,0,0,False,False
Qualitas Diagnostics Center,Maharashtra,Mumbai,0,19.2240612,72.8666469,0,0,False,False
Ratika Hospital and Research Centre,Maharashtra,Mumbai,0,19.2240612,72.8666469,0,0,False,False
Riddhi Eye Clinic,Maharashtra,Mumbai,0,19.2240612,72.8666469,0,0,False,False
Robindra Nursing Home,Maharashtra,Mumbai,0,19.2240612,72.8666469,0,0,False,False
Roshni Eye Clinic,Maharashtra,Mumbai,0,19.2277398,72.8594058,0,0,False,False
Shivam Eye Care Centre,Maharashtra,Mumbai,0,19.2240612,72.8666469,0,0,False,False
Shree Krishna Hospital,Maharashtra,Mumbai,0,19.2371877,72.8441358,0,0,False,False
Shri K V O Jain Manav Seva Kendra Navneet Hospital,Maharashtra,Mumbai,0,19.2240612,72.8666469,0,0,False,False
Sumeet Nursing Home,Maharashtra,Mumbai,0,19.0759837,72.8776559,0,0,False,False
Utkarsh Nursing Home,Maharashtra,Mumbai,0,19.2248364,72.8566481,0,0,False,False
Akshar Eye Clinic,Maharashtra,Mumbai,0,19.1998211,72.842594,0,0,False,False
Bhatia Maternity and Ivf Centre,Maharashtra,Mumbai,0,19.1980732,72.8426229,0,0,False,False
Dr Reena Mokal Nursing Home and Polyclinic,Maharashtra,Mumbai,0,19.2153192,72.8152087,0,0,False,False
Dr. Vora`S Premature Critical Care and General Hospital,Maharashtra,Mumbai,0,19.2077867,72.8423686,0,0,False,False
Gayatri Maternity and Gynaec Clinic,Maharashtra,Mumbai,0,19.2100454,72.8183494,0,0,False,False
Grace Maternity and Nursing Home - Kandivli (W),Maharashtra,Mumbai,0,19.2064817,72.8384842,0,0,False,False
Gyatri Maternity and Gynaec Clinc,Maharashtra,Mumbai,0,19.2100454,72.8183494,0,0,False,False
Jaydeep Eye and Physiotherapy Clinic - Kandivli,Maharashtra,Mumbai,0,19.0759837,72.8776559,0,0,False,False
Jobanputra Nursing Home,Maharashtra,Mumbai,0,19.206912,72.850038,0,0,False,False
Kanchanganga Polyclinic and Nursing H0Me,Maharashtra,Mumbai,0,19.0759837,72.8776559,0,0,False,False
Kirti Nursing Home,Maharashtra,Mumbai,0,30.7346267,79.0668943,0,0,False,False
Medicenter Nursing Home,Maharashtra,Mumbai,0,19.0759837,72.8776559,0,0,False,False
Nidhi Nursing Home and Iccu,Maharashtra,Mumbai,0,19.2063004,72.841578,0,0,False,False
Paarth Hospital,Maharashtra,Mumbai,0,19.1998211,72.842594,0,0,False,False
Panorama Eye Clinic Superspeciality Eye Care,Maharashtra,Mumbai,0,19.206847,72.8443572,0,0,False,False
Parvatibai Chavan Charitable Trust - Kandivli,Maharashtra,Mumbai,0,19.0759837,72.8776559,0,0,False,False
Raichura Prasuti Gruha,Maharashtra,Mumbai,0,19.0759837,72.8776559,0,0,False,False
Sai Vilayatrai Charitable Polyclinc,Maharashtra,Mumbai,0,19.2019348,72.8446558,0,0,False,False
Saraswati Hospital(Kandivali),Maharashtra,Mumbai,0,19.1998211,72.842594,0,0,False,False
Shah Surgical Hospital and Maternity Home P. Ltd.,Maharashtra,Mumbai,0,19.2039462,72.8492897,0,0,False,False
Shivam Nursing Home,Maharashtra,Mumbai,0,19.0759837,72.8776559,0,0,False,False
Shree Krishna Hospital - Kandivali,Maharashtra,Mumbai,0,19.1936411,72.8435167,0,0,False,False
Shree Nagesh Childrens Hospital,Maharashtra,Mumbai,0,19.2177774,72.8301306,0,0,False,False
Sumangal Hospital,Maharashtra,Mumbai,0,19.1998211,72.842594,0,0,False,False
Swapneel Nursing Home,Maharashtra,Mumbai,0,19.0759837,72.8776559,0,0,False,False
Vinayak Nursing Home`,Maharashtra,Mumbai,0,19.2050369,72.8389113,0,0,False,False
Abhinav Sushrut Hospital,Maharashtra,Mumbai,0,19.2540545,72.8620298,0,0,False,False
Akshit Maternity Home,Maharashtra,Mumbai,0,19.2542542,72.8646698,0,0,False,False
Anand Maternity And Nursing Home - Mumbai,Maharashtra,Mumbai,0,19.4945979,72.8604097,0,0,False,False
Ashirwad Maternity and Nursing Home - Dahisar,Maharashtra,Mumbai,0,19.2539332,72.8672448,0,0,False,False
Balaji Polyclinic and Criticare Centre,Maharashtra,Mumbai,0,19.2406676,72.8685001,0,0,False,False
Dr Ajay Shah Pathology,Maharashtra,Mumbai,0,19.2539332,72.8672448,0,0,False,False
Dr Mandar Pandit Clinic,Maharashtra,Mumbai,0,19.2530795,72.8575571,0,0,False,False
Dr Worlikar's Shree Surgical and General Nursing Home,Maharashtra,Mumbai,0,19.2539332,72.8672448,0,0,False,False
Dr. M. L Dhawale Memorial Trust,Maharashtra,Mumbai,0,19.2512619,72.8601956,0,0,False,False
Dr.Nikams Eye Care And Laser Centre,Maharashtra,Mumbai,0,19.2511357,72.8575344,0,0,False,False
Jai Ambe Poly Clinic Nursing Home and Maternity Hosp,Maharashtra,Mumbai,0,19.2539332,72.8672448,0,0,False,False
Kk Maternity And General Hospital,Maharashtra,Mumbai,0,19.2467802,72.8610276,0,0,False,False
"Life Line Hospital - Dahisar,Mumbai",Maharashtra,Mumbai,0,19.2539332,72.8672448,0,0,False,False
Namitha Polyclinic and Hospital,Maharashtra,Mumbai,0,19.2539332,72.8672448,0,0,False,False
Navdurga Fracture And Accident Centre,Maharashtra,Mumbai,0,19.2539332,72.8672448,0,0,False,False
Navjeevan Urology and Stone Care Centre,Maharashtra,Mumbai,0,19.1551485,72.8678551,0,0,False,False
Navneet Hi-Tech,Maharashtra,Mumbai,0,19.2539332,72.8672448,0,0,False,False
Rohit Nursing Home - Dahisar,Maharashtra,Mumbai,0,19.2515368,72.8637467,0,0,False,False
Sanghavi Eye and Diabetes Care Center,Maharashtra,Mumbai,0,19.2539332,72.8672448,0,0,False,False
Shri K.V.O.Jain Manav Seva Kendra Navneet High -Te,Maharashtra,Mumbai,0,19.255128,72.8568499,0,0,False,False
Sukhsagar Hospital,Maharashtra,Mumbai,0,19.2564386,72.8546344,0,0,False,False
Total Woman Medical Centre - Dahisar,Maharashtra,Mumbai,0,19.243804,72.865917,0,0,False,False
Vdurga Fracture And Accident Centre,Maharashtra,Mumbai,0,19.2539332,72.8672448,0,0,False,False
Vijay Polyclinic and Care Centre,Maharashtra,Mumbai,0,19.2539332,72.8672448,0,0,False,False
Vishwanath Hospital,Maharashtra,Mumbai,0,19.2434168,72.8671305,0,0,False,False
Carewell Nursing Home,Maharashtra,Mumbai,0,19.1123849,72.8669884,0,0,False,False
Dr. M.C.Desai Eye Clinic and Microsurgury Eye Centre,Maharashtra,Mumbai,0,19.1188585,72.8802146,0,0,False,False
E N T Clinic and Deafness Center,Maharashtra,Mumbai,0,19.1154908,72.8726952,0,0,False,False
Jain Nursing Home,Maharashtra,Mumbai,0,19.1211714,72.853548,0,0,False,False
Kripa Eye Clinic,Maharashtra,Mumbai,0,19.1088116,72.8560975,0,0,False,False
Laxmi Mirat Eye Clinic And Day Care Centre,Maharashtra,Mumbai,0,19.109114,72.8575199,0,0,False,False
M.M.Hospital,Maharashtra,Mumbai,0,19.2371877,72.8441358,0,0,False,False
Mangala Nursing Home,Maharashtra,Mumbai,0,19.1154908,72.8726952,0,0,False,False
Patel Nursing Home  Andheri (E),Maharashtra,Mumbai,0,19.1154908,72.8726952,0,0,False,False
Sadanand Danait Hospital,Maharashtra,Mumbai,0,19.1097442,72.8484128,0,0,False,False
Saheli Clinic,Maharashtra,Mumbai,0,19.1154908,72.8726952,0,0,False,False
Sanjeevani Hospital,Maharashtra,Mumbai,0,19.1009869,72.8651933,0,0,False,False
Shakuntala Memorial Surgical Childerns and General Hospital,Maharashtra,Mumbai,0,19.1269161,72.8670933,0,0,False,False
Tripura Nursing Home,Maharashtra,Mumbai,0,19.1154908,72.8726952,0,0,False,False
City Hospital And Reserch Centre,Maharashtra,Mumbai,0,19.0754649,72.8770505,0,0,False,False
Dr .Desais Nursing Home,Maharashtra,Mumbai,0,19.0625228,72.8829242,0,0,False,False
Dr A Tungekars Hospital (Uran),Maharashtra,Mumbai,0,18.8797841,72.9398358,0,0,False,False
Dr Shehnaz Shaikh Clinic,Maharashtra,Mumbai,0,19.0707532,72.8781322,0,0,False,False
Hamidani Laser Vision Centre,Maharashtra,Mumbai,0,19.0707532,72.8781322,0,0,False,False
Kohinoor Hospital,Maharashtra,Mumbai,0,19.0822947,72.8950556,0,0,False,False
Shrushti Clinic and Microsurgery Centre,Maharashtra,Mumbai,0,19.0759837,72.8776559,0,0,False,False
Sunder Childrens Nursing Home,Maharashtra,Mumbai,0,19.0707532,72.8781322,0,0,False,False
Aditya Health Care,Maharashtra,Mumbai,0,19.0327996,72.8963568,0,0,False,False
Ashirwad Hospital and Polyclinic,Maharashtra,Mumbai,0,19.0506517,72.9103754,0,0,False,False
Bhatti Eye Clinic,Maharashtra,Mumbai,0,19.0453626,72.9115246,0,0,False,False
Day Care Eye Clinic(Dr.S.V.Sharma Eye Clini),Maharashtra,Mumbai,0,19.0825013,72.8387327,0,0,False,False
Daycare Angels,Maharashtra,Mumbai,0,19.0552812,72.8892082,0,0,False,False
Diamond Polyclinic and Nursing Home,Maharashtra,Mumbai,0,19.0327996,72.8963568,0,0,False,False
Disha Polyclinic and Nursing Home,Maharashtra,Mumbai,0,19.0327996,72.8963568,0,0,False,False
Dr (Mrs) Shubha S Rao,Maharashtra,Mumbai,0,28.6960904,77.0764585,0,0,False,False
Dr Kedares Maternity and General Nursing Home,Maharashtra,Mumbai,0,19.0604892,72.898177,0,0,False,False
Dr Mekhales Dhanvantari Hospital,Maharashtra,Mumbai,0,19.0585864,72.9078832,0,0,False,False
Dr Smita Mukherjees Eye Clinic,Maharashtra,Mumbai,0,19.0327996,72.8963568,0,0,False,False
Dr Suresh C Anand Clinic,Maharashtra,Mumbai,0,19.05161,72.8911931,0,0,False,False
Dr. Amins Clinic,Maharashtra,Mumbai,0,18.9243376,72.8239698,0,0,False,False
Dr. Das Hospital - Chembur (Mumbai),Maharashtra,Mumbai,0,19.0327996,72.8963568,0,0,False,False
Dr. Sanjay Sonars Laproscopy and Scopy Centre,Maharashtra,Mumbai,0,19.0327996,72.8963568,0,0,False,False
Dr. Shubha Rao,Maharashtra,Mumbai,0,19.0327996,72.8963568,0,0,False,False
Excel Urology Centre,Maharashtra,Mumbai,0,19.0327996,72.8963568,0,0,False,False
Hegde Hospital Surgical and Maternity Nursing Home,Maharashtra,Mumbai,0,19.0327996,72.8963568,0,0,False,False
Icon Hospital and Research Centre,Maharashtra,Mumbai,0,19.0327996,72.8963568,0,0,False,False
Kamran Nursing Home,Maharashtra,Mumbai,0,18.9722585,72.8311737,0,0,False,False
Kolekar Nursing Home,Maharashtra,Mumbai,0,19.0593495,72.9068556,0,0,False,False
Laproscopy and Scopy Center,Maharashtra,Mumbai,0,19.0327996,72.8963568,0,0,False,False
Laxmi Maternity Home,Maharashtra,Mumbai,0,19.0327996,72.8963568,0,0,False,False
Lc Manek's Polyclinic And Nursing Home,Maharashtra,Mumbai,0,19.0327996,72.8963568,0,0,False,False
Lion Vithal Kalgutkar Medical Centre,Maharashtra,Mumbai,0,19.0327996,72.8963568,0,0,False,False
Mandakini Nuclear Imaging Centre,Maharashtra,Mumbai,0,19.0552812,72.8892082,0,0,False,False
Mangal Anand Hospital,Maharashtra,Mumbai,0,19.0533749,72.897061,0,0,False,False
Narurkar Ent Hospital,Maharashtra,Mumbai,0,19.0539989,72.9053186,0,0,False,False
Navnit Clinic (Dr. Parihar Eye and Ent,Maharashtra,Mumbai,0,19.0327996,72.8963568,0,0,False,False
Neurogen Brain And Spine Institute,Maharashtra,Mumbai,0,19.0536352,72.8851743,0,0,False,False
Niramaya General Hospital,Maharashtra,Mumbai,0,19.0327996,72.8963568,0,0,False,False
Patankar Hand and Limb Reconstruction Clinic,Maharashtra,Mumbai,0,19.0327996,72.8963568,0,0,False,False
Rushabh Nursing Home and Eye Hospital,Maharashtra,Mumbai,0,19.059862,72.9005605,0,0,False,False
Sai Kripa Childrens Hospital,Maharashtra,Mumbai,0,18.9626907,72.8129124,0,0,False,False
Shree Chembur Jain Medical Relief Centre,Maharashtra,Mumbai,0,19.0327996,72.8963568,0,0,False,False
Sitla Hospital,Maharashtra,Mumbai,0,19.0521897,72.8915977,0,0,False,False
Sumitra Eye Clinic,Maharashtra,Mumbai,0,19.0327996,72.8963568,0,0,False,False
Swastik Hospital and Research Centre,Maharashtra,Mumbai,0,19.0552812,72.8892082,0,0,False,False
Tandon Hospital,Maharashtra,Mumbai,0,19.058879,72.900615,0,0,False,False
Varsha Gandre Parekh Maternity and Surgical Hospital,Maharashtra,Mumbai,0,19.0573721,72.8981332,0,0,False,False
Yash Eye Care And Polyclinic,Maharashtra,Mumbai,0,19.0327996,72.8963568,0,0,False,False
Abhay Nursing Home,Maharashtra,Mumbai,0,19.1044022,72.8872491,0,0,False,False
Ashirwad Children And Surgical Hospital,Maharashtra,Mumbai,0,19.10648,72.88773,0,0,False,False
Dr Priyanka Nursing Pvt Ltd,Maharashtra,Mumbai,0,19.0759837,72.8776559,0,0,False,False
J.P Hospital,Maharashtra,Mumbai,0,19.1245594,72.852967,0,0,False,False
S B Nursing Home and Icu,Maharashtra,Mumbai,0,19.1196773,72.9050809,0,0,False,False
Turfiya Hospital and Icu,Maharashtra,Mumbai,0,19.1281781,72.8876327,0,0,False,False
Dr. Shalini Jaisinghani Dental Surgeon - Chembur,Maharashtra,Mumbai,0,19.0327996,72.8963568,0,0,False,False
Dr.Bhute Nursing Home,Maharashtra,Mumbai,0,19.0208354,72.904425,0,0,False,False
Inlaks General Hospital,Maharashtra,Mumbai,0,19.0464362,72.8946608,0,0,False,False
Nayak Medicare - Chembur,Maharashtra,Mumbai,0,19.0327996,72.8963568,0,0,False,False
Sai Baba Hospital,Maharashtra,Mumbai,0,19.0208354,72.904425,0,0,False,False
Shiv Polyclinic and Nursing Home,Maharashtra,Mumbai,0,19.0327996,72.8963568,0,0,False,False
Dr. L.H. Hiranandani Hospital,Maharashtra,Mumbai,0,19.1374852,72.917394,0,0,False,False
Padmalaya Maternity and Surgical Home,Maharashtra,Mumbai,0,19.1196773,72.9050809,0,0,False,False
Powai Polyclinic and Hospital,Maharashtra,Mumbai,0,19.1254172,72.9170023,0,0,False,False
Sri Sai Eye Care Centre,Maharashtra,Mumbai,0,19.1196773,72.9050809,0,0,False,False
Aakar Ivf-Icsi Centre,Maharashtra,Mumbai,0,19.0792247,72.9057813,0,0,False,False
Advanced Orthopaedic and Super Speciality Center,Maharashtra,Mumbai,0,19.0796375,72.9070116,0,0,False,False
Ami Drashti Eye Care Centre,Maharashtra,Mumbai,0,19.0796375,72.9070116,0,0,False,False
Asha Polyclinic and Sheetal Nursing Home,Maharashtra,Mumbai,0,19.0796375,72.9070116,0,0,False,False
Ashirwad Heart Hospital,Maharashtra,Mumbai,0,19.0762268,72.9055233,0,0,False,False
"Ashwini Maternity and Surgical Hospital,Ghatkopar(E)",Maharashtra,Mumbai,0,19.0940687,72.9000241,0,0,False,False
Bakul Parekh Children's Hospital,Maharashtra,Mumbai,0,19.0791965,72.9037124,0,0,False,False
Cg Eye Foundaton and Shree Ghatkopar Brahman Samaj,Maharashtra,Mumbai,0,19.07907,72.907976,0,0,False,False
Dewang Nursing Home Pvt. Ltd.,Maharashtra,Mumbai,0,19.0796375,72.9070116,0,0,False,False
Dr Mehta Nursing Home,Maharashtra,Mumbai,0,19.0757557,72.9081922,0,0,False,False
Dr Walavalkars Nursing Home,Maharashtra,Mumbai,0,19.0796375,72.9070116,0,0,False,False
Dr. Dipak Desai's Ear Nose And Throat Hospital,Maharashtra,Mumbai,0,19.0820978,72.9067817,0,0,False,False
Dr. Prakash Doshis Fracture and Orthopaedic Nursing Home - Ghatkopar,Maharashtra,Mumbai,0,19.0796375,72.9070116,0,0,False,False
Dr. Walawalkars Nursing Home,Maharashtra,Mumbai,0,19.0796375,72.9070116,0,0,False,False
Dr.Amrish Mehta Diagnostic Centre,Maharashtra,Mumbai,0,19.0792247,72.9057813,0,0,False,False
Dr.Trivedi's Maternity and Nursing Home,Maharashtra,Mumbai,0,19.0792247,72.9057813,0,0,False,False
Excel Ent Hospital,Maharashtra,Mumbai,0,19.0796375,72.9070116,0,0,False,False
Hiren Mehta Eye Care Centre,Maharashtra,Mumbai,0,19.0796375,72.9070116,0,0,False,False
Jack-N-Jill Nursing Hoe - Ghatkopar -Mumbai,Maharashtra,Mumbai,0,19.0757557,72.9081922,0,0,False,False
Jain Eye Clinic,Maharashtra,Mumbai,0,19.0796375,72.9070116,0,0,False,False
Kamdar Nursing Home and Polyclinic Pvt. Ltd.,Maharashtra,Mumbai,0,19.0792247,72.9057813,0,0,False,False
L V Prasad Eye Institute Collaborating Center,Maharashtra,Mumbai,0,19.0791764,72.9018877,0,0,False,False
Lotus Ent Hospital,Maharashtra,Mumbai,0,19.0796375,72.9070116,0,0,False,False
Malati Maternity Hospital,Maharashtra,Mumbai,0,19.0751377,72.9091436,0,0,False,False
Mandakini Ctscan Centre,Maharashtra,Mumbai,0,19.0813907,73.0004906,0,0,False,False
Mansu Maternity Home,Maharashtra,Mumbai,0,19.0759837,72.8776559,0,0,False,False
National Inst. Of Endoscopic Surgery,Maharashtra,Mumbai,0,19.0796375,72.9070116,0,0,False,False
Nayan Eye Centre,Maharashtra,Mumbai,0,19.0770917,72.9080971,0,0,False,False
Parakh Hospital And Research Centre - Ghatkopar,Maharashtra,Mumbai,0,19.07907,72.907976,0,0,False,False
Parekh Eye Clinic and Child Clinic,Maharashtra,Mumbai,0,19.0796375,72.9070116,0,0,False,False
Sanghavi Laboratory,Maharashtra,Mumbai,0,19.0792247,72.9057813,0,0,False,False
Saraswati Eye Hospital,Maharashtra,Mumbai,0,22.3017014,73.2066838,0,0,False,False
Sushrut Hospital and Research Center,Maharashtra,Mumbai,0,19.0552812,72.8892082,0,0,False,False
Tara Neo Surg Hospital,Maharashtra,Mumbai,0,19.0796375,72.9070116,0,0,False,False
The Eye Super Specialities,Maharashtra,Mumbai,0,19.0796375,72.9070116,0,0,False,False
Vatsal Nicu and Childrens Hospital,Maharashtra,Mumbai,0,19.0796375,72.9070116,0,0,False,False
Amruta Maternity and Surgical Nursing Home,Maharashtra,Mumbai,0,19.1509879,72.9315251,0,0,False,False
Diamond Maternity and General Hospital,Maharashtra,Mumbai,0,19.1515624,72.9435765,0,0,False,False
Dr Bothra's Hospital,Maharashtra,Mumbai,0,19.1509879,72.9315251,0,0,False,False
Dr Mahajan Hospital and Industrial Trauma Center,Maharashtra,Mumbai,0,19.1425582,73.0120312,0,0,False,False
Dr Patanis Eye Clinic,Maharashtra,Mumbai,0,19.1509879,72.9315251,0,0,False,False
Dr. Bhatias Ruby Hospital - Bhandup - Mumbai,Maharashtra,Mumbai,0,19.1462082,72.9272317,0,0,False,False
Dr. Kolhes Eye Clinic - Bhandup,Maharashtra,Mumbai,0,19.1509879,72.9315251,0,0,False,False
Dr. Malwankar's Romeen Nursing Home,Maharashtra,Mumbai,0,19.1509879,72.9315251,0,0,False,False
Dr. Thakurs Ear Nose Throat Clinic And Hospital - Bhandup (W) Mumbai,Maharashtra,Mumbai,0,19.1470738,72.9389442,0,0,False,False
Dr.Badwaiks Maternity and General Hospital,Maharashtra,Mumbai,0,19.1424376,72.9327673,0,0,False,False
Dr.Bothras Hospital,Maharashtra,Mumbai,0,19.1509879,72.9315251,0,0,False,False
Eye and I Dr.Kolhe's Eye Clinic,Maharashtra,Mumbai,0,19.1462749,72.9353872,0,0,False,False
Gaurav Maternity and Surgical Hospital,Maharashtra,Mumbai,0,19.1509879,72.9315251,0,0,False,False
I and Eye Dr Kolhes Eye Clinic,Maharashtra,Mumbai,0,19.1462749,72.9353872,0,0,False,False
J. K. Child Health Care and Nicu,Maharashtra,Mumbai,0,19.144698,72.9368292,0,0,False,False
Krishna Nursing Home,Maharashtra,Mumbai,0,19.1507653,72.9372688,0,0,False,False
Lotus Multispeciality Hospital,Maharashtra,Mumbai,0,19.1531246,72.9411365,0,0,False,False
M.S.Maternity and General Hospital,Maharashtra,Mumbai,0,19.1474511,72.9299079,0,0,False,False
Maauli Hospital,Maharashtra,Mumbai,0,19.1509879,72.9315251,0,0,False,False
Madhu Polyclinic and Nursing Home,Maharashtra,Mumbai,0,19.1509879,72.9315251,0,0,False,False
Mahek Nursing Home,Maharashtra,Mumbai,0,19.1493933,72.9326121,0,0,False,False
Nadkarni Eye Care Centres,Maharashtra,Mumbai,0,19.1505614,72.936863,0,0,False,False
Netramani Chikitsalay,Maharashtra,Mumbai,0,19.1509879,72.9315251,0,0,False,False
Omkar Hospital,Maharashtra,Mumbai,0,19.1507653,72.9372688,0,0,False,False
Rathod Nursing Home and Iccu,Maharashtra,Mumbai,0,19.1509879,72.9315251,0,0,False,False
Saarthi Hospital,Maharashtra,Mumbai,0,19.1468364,72.9337875,0,0,False,False
Sanjeevan Nursing Home and Iccu,Maharashtra,Mumbai,0,19.1509879,72.9315251,0,0,False,False
Sankeshi Bharat,Maharashtra,Mumbai,0,19.1509879,72.9315251,0,0,False,False
Sas Health Care Pvt. Limited,Maharashtra,Mumbai,0,19.147626,72.9294528,0,0,False,False
Saubhagya Hospital,Maharashtra,Mumbai,0,19.1509879,72.9315251,0,0,False,False
Setty's Endoscopic Surgical Centre,Maharashtra,Mumbai,0,19.1473592,72.9318038,0,0,False,False
Shah Children Hospital And Newborn Care Centre,Maharashtra,Mumbai,0,19.1509879,72.9315251,0,0,False,False
Shanti Maternity Clinic,Maharashtra,Mumbai,0,19.1509879,72.9315251,0,0,False,False
Shri Bal Chikitsalaya,Maharashtra,Mumbai,0,19.1509879,72.9315251,0,0,False,False
Sulochan Eye,Maharashtra,Mumbai,0,19.1509879,72.9315251,0,0,False,False
Samarth Hospital,Maharashtra,Mumbai,0,19.1067711,72.9225416,0,0,False,False
Abhinav Kidney Dialysis And Health Centre - Mulund,Maharashtra,Mumbai,0,19.1725542,72.942537,0,0,False,False
Aditi Hospital Accident Fracture and Surgical Clinic,Maharashtra,Mumbai,0,19.1725542,72.942537,0,0,False,False
Anmmol Orthovision,Maharashtra,Mumbai,0,19.186169,72.9469977,0,0,False,False
Aparna Hospital,Maharashtra,Mumbai,0,19.0959087,72.8553466,0,0,False,False
Apex Kidney Care (Dialysisnetworks),Maharashtra,Mumbai,0,19.1725542,72.942537,0,0,False,False
Arogya Health Care,Maharashtra,Mumbai,0,19.1791186,72.9498535,0,0,False,False
Ashirwad Critical Care Unit,Maharashtra,Mumbai,0,19.1758053,72.9476017,0,0,False,False
Ashwini Hospital and I. C. C. U.,Maharashtra,Mumbai,0,19.1725542,72.942537,0,0,False,False
Cancer Care,Maharashtra,Mumbai,0,19.1565109,72.9637728,0,0,False,False
Chetna Critical Care Unit,Maharashtra,Mumbai,0,19.1745575,72.9526923,0,0,False,False
Daxini Heart Centre,Maharashtra,Mumbai,0,19.1761159,72.9517295,0,0,False,False
Devkunj Charitablr Trust Matushri Mankbai Nagji Sa,Maharashtra,Mumbai,0,19.1725542,72.942537,0,0,False,False
Dr Shettys E N T Hospital,Maharashtra,Mumbai,0,19.1725542,72.942537,0,0,False,False
Dr. Khona E N T Hospital,Maharashtra,Mumbai,0,19.1725542,72.942537,0,0,False,False
Dr. Mukhis Raj Hospital,Maharashtra,Mumbai,0,19.1758053,72.9476017,0,0,False,False
Dr. R.J. Ganatra's Nursing Home,Maharashtra,Mumbai,0,19.2375183,72.8548501,0,0,False,False
Dr. Simandhars Eye Care Centre,Maharashtra,Mumbai,0,19.1725542,72.942537,0,0,False,False
Dr.Redkar's Maternity and Nursing Home,Maharashtra,Mumbai,0,19.1822352,72.9468948,0,0,False,False
Drishti Eye Care Centre,Maharashtra,Mumbai,0,19.1734608,72.9535574,0,0,False,False
Holy Trinity Hospital,Maharashtra,Mumbai,0,19.1674543,72.9512289,0,0,False,False
Indira Nursing Home,Maharashtra,Mumbai,0,19.1725542,72.942537,0,0,False,False
Jas-Raj Hospital,Maharashtra,Mumbai,0,19.1753538,72.9528652,0,0,False,False
Joshi Surgical Hospital,Maharashtra,Mumbai,0,19.1822352,72.9468948,0,0,False,False
Lakshmi Nursing Home,Maharashtra,Mumbai,0,19.1672624,72.9506072,0,0,False,False
Lav-Kush Nursing Home,Maharashtra,Mumbai,0,19.1565109,72.9637728,0,0,False,False
Mahavir Orthopaedic and General Hospital - Mulund (W),Maharashtra,Mumbai,0,19.1725542,72.942537,0,0,False,False
Mehera Ambe Nursing Home,Maharashtra,Mumbai,0,19.1725542,72.942537,0,0,False,False
Mission Nephro-Uro Pvt Ltd,Maharashtra,Mumbai,0,19.1753134,72.9532236,0,0,False,False
Nav Drishti Netralaya,Maharashtra,Mumbai,0,19.1725542,72.942537,0,0,False,False
Netra Jyot Eye Care Centre,Maharashtra,Mumbai,0,19.2040597,72.9691583,0,0,False,False
Orthocare and Ria Nursing Home,Maharashtra,Mumbai,0,19.1793036,72.9563451,0,0,False,False
Padmashree Nursing Home (Mulund),Maharashtra,Mumbai,0,19.1747331,72.9419373,0,0,False,False
Pooja Nursing Home Pvt. Ltd.,Maharashtra,Mumbai,0,19.1672312,72.9504364,0,0,False,False
Prasad Surgical and Children Nursing Home,Maharashtra,Mumbai,0,19.1761159,72.9517295,0,0,False,False
Prasanna Aarogya Health Care,Maharashtra,Mumbai,0,19.1725542,72.942537,0,0,False,False
Raj Hospital Mumbai,Maharashtra,Mumbai,0,19.1725542,72.942537,0,0,False,False
Rpm Aarogya Hospital Private Limited (Chetna Critical Care Unit and Spt Hosp),Maharashtra,Mumbai,0,19.1734608,72.9535574,0,0,False,False
Saarthi Health Care,Maharashtra,Mumbai,0,19.1725542,72.942537,0,0,False,False
Sanjay Eye Clinic,Maharashtra,Mumbai,0,19.1725542,72.942537,0,0,False,False
Sarthi Health Care,Maharashtra,Mumbai,0,19.1725542,72.942537,0,0,False,False
Shettys Endoscopic Surgical Center,Maharashtra,Mumbai,0,19.1721433,72.9504824,0,0,False,False
Shivaani Mother and Child Care Hospital,Maharashtra,Mumbai,0,19.0759837,72.8776559,0,0,False,False
Shraddha Polyclinic and Nursing Home-Mulund-Mumbai,Maharashtra,Mumbai,0,19.1725542,72.942537,0,0,False,False
Shree Ram Eye Care Centre,Maharashtra,Mumbai,0,19.1557098,72.9524625,0,0,False,False
Shree Sai Maternity and Surgical Nursing Home,Maharashtra,Mumbai,0,19.1641019,72.9453184,0,0,False,False
Surya Eye Institute and Research Centre Pvt Ltd,Maharashtra,Mumbai,0,19.1725542,72.942537,0,0,False,False
Swastika Nursing Home,Maharashtra,Mumbai,0,19.0351003,72.8591851,0,0,False,False
Upasani Maternity and Surgical Nursing Home,Maharashtra,Mumbai,0,19.1725542,72.942537,0,0,False,False
Veena Nagar Health Care Center and Hospital,Maharashtra,Mumbai,0,19.180878,72.944899,0,0,False,False
Vertex Hospital,Maharashtra,Mumbai,0,19.1444557,72.9169635,0,0,False,False
Aaditya Netralaya,Maharashtra,Mumbai,0,19.1565109,72.9637728,0,0,False,False
Chandraganga Hospital - Mulund,Maharashtra,Mumbai,0,19.1565109,72.9637728,0,0,False,False
Dr. Sabnis Maternity and Nursing Home,Maharashtra,Mumbai,0,19.171775,72.9622211,0,0,False,False
Gomathi Eye Centre,Maharashtra,Mumbai,0,19.1695051,72.9596346,0,0,False,False
International Institute Of Sleep Sciences,Maharashtra,Mumbai,0,19.1735888,72.9566508,0,0,False,False
Mahatme  Eye Hospital,Maharashtra,Mumbai,0,19.1695809,72.9579077,0,0,False,False
Maher Maternity and Nursing Home,Maharashtra,Mumbai,0,19.1702704,72.958854,0,0,False,False
Maruti Nursing Home,Maharashtra,Mumbai,0,19.1695809,72.9579077,0,0,False,False
Mulund Nursing Home,Maharashtra,Mumbai,0,19.1565109,72.9637728,0,0,False,False
Omkar Surgical and Maternity Home,Maharashtra,Mumbai,0,19.1565109,72.9637728,0,0,False,False
Saidhanhospital Iccu and Eye Care,Maharashtra,Mumbai,0,19.1565109,72.9637728,0,0,False,False
Shushrusha Hospital and Icu,Maharashtra,Mumbai,0,19.1714081,72.9578599,0,0,False,False
Aastha Health Care - Mumbai,Maharashtra,Mumbai,0,19.1747331,72.9419373,0,0,False,False
Ashirwad Maternity and Nursing Home,Maharashtra,Mumbai,0,19.1711783,72.933681,0,0,False,False
Sai Siddhi Hospital,Maharashtra,Mumbai,0,19.1725542,72.942537,0,0,False,False
Atul - Lok Hospital,Maharashtra,Mumbai,0,19.1176258,72.9327686,0,0,False,False
Godrej Memorial Hospital,Maharashtra,Mumbai,0,19.0966611,72.9239095,0,0,False,False
Jan-Seva Charitable Trust`S Sai-Krupa General Hospital,Maharashtra,Mumbai,0,19.1167435,72.937045,0,0,False,False
Laxmi Health Care Center and Iccu,Maharashtra,Mumbai,0,19.091182,72.9208636,0,0,False,False
Modi General Hospital And Iccu,Maharashtra,Mumbai,0,19.0759837,72.8776559,0,0,False,False
Ruby Medical Centre,Maharashtra,Mumbai,0,19.091182,72.9208636,0,0,False,False
Shakuntala Nursing Home,Maharashtra,Mumbai,0,19.091182,72.9208636,0,0,False,False
Shrinathji Hospital,Maharashtra,Mumbai,0,19.1132913,72.9306159,0,0,False,False
Yashwant Hospital,Maharashtra,Mumbai,0,19.091182,72.9208636,0,0,False,False
Abhishek Nursing Home,Maharashtra,Mumbai,0,19.07907,72.907976,0,0,False,False
Sagar Nursing Home and Icu,Maharashtra,Mumbai,0,19.0908063,72.9076669,0,0,False,False
Vivek Maternity And Nursing Home,Maharashtra,Mumbai,0,19.0908063,72.9076669,0,0,False,False
Adarsh General and Maternity Nursing Home- Ghatkopar,Maharashtra,Mumbai,0,19.0908063,72.9076669,0,0,False,False
Advanced Ent Center,Maharashtra,Mumbai,0,19.0908063,72.9076669,0,0,False,False
Amar Jyot Eye Care Centre,Maharashtra,Mumbai,0,19.0908063,72.9076669,0,0,False,False
Dalal Hospital,Maharashtra,Mumbai,0,19.0898792,72.908696,0,0,False,False
Divya Rekha Eye Hospital,Maharashtra,Mumbai,0,19.0908063,72.9076669,0,0,False,False
Dr Sonagra Medical And Surgical Centre,Maharashtra,Mumbai,0,19.0908063,72.9076669,0,0,False,False
Dr Sules Vaibhav Polyclinic and Siddharth Nursing Home,Maharashtra,Mumbai,0,19.0908063,72.9076669,0,0,False,False
Dr. Bhanushalis Nursingh Home,Maharashtra,Mumbai,0,19.0898504,72.9013911,0,0,False,False
Dr. Savlas Polyclinic And Nursing Home - Mumbai,Maharashtra,Mumbai,0,19.0908063,72.9076669,0,0,False,False
Dr. Vinod B Joshi Maternity Nursing Home,Maharashtra,Mumbai,0,19.0908063,72.9076669,0,0,False,False
Fracture Care Hospital and Dignostic Center,Maharashtra,Mumbai,0,19.0908063,72.9076669,0,0,False,False
Furia's Eye Clinic,Maharashtra,Mumbai,0,19.0890786,72.9075341,0,0,False,False
H. J. Doshi Ghatkopar Hindu Sabha Hospital,Maharashtra,Mumbai,0,19.0294825,72.8560871,0,0,False,False
Harilal Jechand Doshi Ghotkopar Hindu Sabha Hospit,Maharashtra,Mumbai,0,19.0860468,72.9080866,0,0,False,False
Jeevan Jyot Hospital,Maharashtra,Mumbai,0,19.1445583,72.9373038,0,0,False,False
Jeevandeep Children Hospital,Maharashtra,Mumbai,0,19.0908063,72.9076669,0,0,False,False
Jivdaya Hospital,Maharashtra,Mumbai,0,19.07907,72.907976,0,0,False,False
Kedia Nursing Home,Maharashtra,Mumbai,0,19.0898792,72.908696,0,0,False,False
Matangi Nursing Home,Maharashtra,Mumbai,0,19.0886373,72.9080266,0,0,False,False
Medico Surgical Clinic And Hospital,Maharashtra,Mumbai,0,19.0879271,72.90482,0,0,False,False
Navnirman Maternity And Surgical Hospital,Maharashtra,Mumbai,0,19.0908063,72.9076669,0,0,False,False
Noble Hospital,Maharashtra,Mumbai,0,19.0898792,72.908696,0,0,False,False
Nulife Hospital,Maharashtra,Mumbai,0,19.0898792,72.908696,0,0,False,False
Psychiatric Clinic and Rehabiliation Centre,Maharashtra,Mumbai,0,19.0898792,72.908696,0,0,False,False
Pushpak Maternity and Nursing Home,Maharashtra,Mumbai,0,19.1029426,72.9117206,0,0,False,False
Sanghavi Eye Clinic,Maharashtra,Mumbai,0,19.0864675,72.9041042,0,0,False,False
Sanjeevani Nursing Home,Maharashtra,Mumbai,0,19.0868475,72.9079402,0,0,False,False
Sapna Health Care Centre Pvt Ltd,Maharashtra,Mumbai,0,19.0898792,72.908696,0,0,False,False
Sarita Eye Clinic,Maharashtra,Mumbai,0,19.0879271,72.90482,0,0,False,False
Shakunntala Maternity and Surgical Home,Maharashtra,Mumbai,0,19.0898792,72.908696,0,0,False,False
Shankutala Maternity and Surgical Home,Maharashtra,Mumbai,0,19.0898792,72.908696,0,0,False,False
Shanti Nursing Home,Maharashtra,Mumbai,0,19.0908063,72.9076669,0,0,False,False
Shradha Heart Hospital,Maharashtra,Mumbai,0,19.0932331,72.9136926,0,0,False,False
Shree Nagher Samaj Sanchalit Hospital,Maharashtra,Mumbai,0,19.0908063,72.9076669,0,0,False,False
Suyog Urology Centre,Maharashtra,Mumbai,0,19.0908063,72.9076669,0,0,False,False
Thakur Eye Clinic - Ghatkopar,Maharashtra,Mumbai,0,19.0898792,72.908696,0,0,False,False
Vaibhav Polyclinic and Siddharth Nursing Home,Maharashtra,Mumbai,0,19.0880594,72.905286,0,0,False,False
Vatsalya Maternity and Surgical Nursing Home,Maharashtra,Mumbai,0,19.010738,72.832083,0,0,False,False
Zynova Heartcare Pvt. Ltd. / The Metropolitan Heart Institute And Research Centre,Maharashtra,Mumbai,0,19.0908063,72.9076669,0,0,False,False
Kallash Jeevan Hospital,Maharashtra,Mumbai,0,19.0516874,72.9194798,0,0,False,False
Nova Medical Centres Private Limited,Maharashtra,Mumbai,0,19.0327996,72.8963568,0,0,False,False
Shraddha Hospital,Maharashtra,Mumbai,0,19.2539332,72.8672448,0,0,False,False
Disha Psychiatric Clinic,Maharashtra,Mumbai,0,19.0327996,72.8963568,0,0,False,False
Dr Indumati Gopinathan Computerised Laboratory,Maharashtra,Mumbai,0,19.0327996,72.8963568,0,0,False,False
Kapoor Eye Center,Maharashtra,Mumbai,0,19.0759837,72.8776559,0,0,False,False
Priya Maternity Home,Maharashtra,Mumbai,0,19.1108713,72.9324731,0,0,False,False
Rane Hospital,Maharashtra,Mumbai,0,19.0327996,72.8963568,0,0,False,False
Rushi Nursing Home,Maharashtra,Mumbai,0,19.0327996,72.8963568,0,0,False,False
Shramik Nursing Home,Maharashtra,Mumbai,0,19.0609237,72.9053059,0,0,False,False
Bhargav Medical Centre,Maharashtra,Mumbai,0,19.2268919,72.8444188,0,0,False,False
Dr. Abhijit Mahadeo Valanju,Maharashtra,Mumbai,0,19.2486286,72.8500441,0,0,False,False
Rajendra Maternity and Surgical Nursing Home,Maharashtra,Mumbai,0,19.2380341,72.8452546,0,0,False,False
Aastha Eye Clinic,Maharashtra,Mumbai,0,19.231169,72.8387275,0,0,False,False
Anand Medical Centre,Maharashtra,Mumbai,0,19.222312,72.8534365,0,0,False,False
Belle-Vue General Nursing Home,Maharashtra,Mumbai,0,19.1314413,72.8342384,0,0,False,False
Bhagat Nursing Home,Maharashtra,Mumbai,0,19.235267,72.8607045,0,0,False,False
Dhanashri Nursing Home and Iccu,Maharashtra,Mumbai,0,19.0759837,72.8776559,0,0,False,False
Dr. Alok Shahs Iccu and Nursing Home,Maharashtra,Mumbai,0,19.2375183,72.8548501,0,0,False,False
"Kaustubh Icu, Maternity Nursing Home",Maharashtra,Mumbai,0,19.2505412,72.8506775,0,0,False,False
L H Fortis,Maharashtra,Mumbai,0,19.0759837,72.8776559,0,0,False,False
Lancelot Dialysis Unit,Maharashtra,Mumbai,0,19.2187105,72.8522215,0,0,False,False
Nanda Nursing Home-Borivli,Maharashtra,Mumbai,0,19.2375183,72.8548501,0,0,False,False
Neoplus Criticare Private Ltd.,Maharashtra,Mumbai,0,19.0759837,72.8776559,0,0,False,False
Niramay Mother-Care Centre (Maternity and Surgical),Maharashtra,Mumbai,0,19.2213018,72.8399394,0,0,False,False
Pandya Surgical and Maternity Hospital,Maharashtra,Mumbai,0,19.0759837,72.8776559,0,0,False,False
Patel Nursing Home,Maharashtra,Mumbai,0,19.226821,72.8549865,0,0,False,False
Raj Jyoti Hospital,Maharashtra,Mumbai,0,19.2301995,72.8404511,0,0,False,False
Renuka Children Clinic and Medicare Centre,Maharashtra,Mumbai,0,19.2449206,72.8478044,0,0,False,False
Rhushabh Nursing Home,Maharashtra,Mumbai,0,19.0759837,72.8776559,0,0,False,False
Rose Petal Nursing Home,Maharashtra,Mumbai,0,19.2290453,72.8514375,0,0,False,False
Sanghvi Maternity and Surgical Hospital,Maharashtra,Mumbai,0,19.2172084,72.848035,0,0,False,False
Seth Ent and Eye Clinic,Maharashtra,Mumbai,0,19.2465825,72.8502157,0,0,False,False
Shah Surgical And Maternity Nursing Home,Maharashtra,Mumbai,0,19.219868,72.8524778,0,0,False,False
Shivani Medical Centre,Maharashtra,Mumbai,0,19.223019,72.844611,0,0,False,False
Shree Borivli Gujarati Seva Mandal,Maharashtra,Mumbai,0,19.2262703,72.8519442,0,0,False,False
Vaibhav Eye Clinic and Contact Lens Centre-Borivli,Maharashtra,Mumbai,0,19.0759837,72.8776559,0,0,False,False
Vasudhan Cosmetic Plastic Surgery Centre,Maharashtra,Mumbai,0,19.2187105,72.8522215,0,0,False,False
Vinit Eye Clinic Retina And Laser Centre,Maharashtra,Mumbai,0,19.2287365,72.8475542,0,0,False,False
Aditya Nursing Home,Maharashtra,Mumbai,0,19.1542933,72.8381842,0,0,False,False
Dr Rays Clinic,Maharashtra,Mumbai,0,19.1370311,72.8700524,0,0,False,False
Dr.Sakhalkars Maternity and Nursing Home - Andheri,Maharashtra,Mumbai,0,19.1229678,72.8641387,0,0,False,False
Holy Spirit Hospital - Mumbai,Maharashtra,Mumbai,0,19.1229678,72.8641387,0,0,False,False
Indu Maternity and Surgical Nursing Home - Andheri,Maharashtra,Mumbai,0,19.1278936,72.8623075,0,0,False,False
Speciality Ranbaxy Ltd,Maharashtra,Mumbai,0,19.1185922,72.872193,0,0,False,False
Sunita Hospital,Maharashtra,Mumbai,0,19.1154908,72.8726952,0,0,False,False
Uma Maternity Nursing Home,Maharashtra,Mumbai,0,19.1229678,72.8641387,0,0,False,False
Dr. Bahls Surgical Maternity and Polyclinic Nursing,Maharashtra,Mumbai,0,19.1963422,72.8105333,0,0,False,False
Shree Ramnath Eye Care,Maharashtra,Mumbai,0,19.109099,72.8557189,0,0,False,False
Agrawal Clinic,Maharashtra,Mumbai,0,19.1886713,72.8573826,0,0,False,False
Anand Childrens Nursing Home,Maharashtra,Mumbai,0,19.1154908,72.8726952,0,0,False,False
Devangi Hospital,Maharashtra,Mumbai,0,19.1808735,72.8574558,0,0,False,False
Krishna Eye Care Centre,Maharashtra,Mumbai,0,19.1834374,72.8533692,0,0,False,False
Malad Clinical and Pathological Laboratory,Maharashtra,Mumbai,0,19.1825133,72.8565805,0,0,False,False
Sai Swayam MatandNur Home,Maharashtra,Mumbai,0,25.1240603,85.4594749,0,0,False,False
Sanjeevani Surgical and General Hospital,Maharashtra,Mumbai,0,19.1825133,72.8565805,0,0,False,False
Shraddha Orthopedic and Surgical Hospital,Maharashtra,Mumbai,0,19.1903411,72.855971,0,0,False,False
Suchak Hospital,Maharashtra,Mumbai,0,19.1889023,72.8500318,0,0,False,False
Clinic (Dr.Vaishnavi Patil),Maharashtra,Mumbai,0,19.0620527,72.8834355,0,0,False,False
Sbf Health,Maharashtra,Mumbai,0,19.1154908,72.8726952,0,0,False,False
Sushrut Nursing Home and Polyclinic,Maharashtra,Mumbai,0,19.113645,72.8697339,0,0,False,False
V-Care Hospital.,Maharashtra,Mumbai,0,19.1154908,72.8726952,0,0,False,False
Veena Clinic,Maharashtra,Mumbai,0,19.1097712,72.8582672,0,0,False,False
Laxmi Clinic - Kandivli - (Mumbai),Maharashtra,Mumbai,0,19.2018029,72.859212,0,0,False,False
Medha Maternity and Nursing Home - Kandivali (E) Mumbai,Maharashtra,Mumbai,0,19.1956904,72.8754354,0,0,False,False
New Life Nursing Home,Maharashtra,Mumbai,0,19.2064722,72.8648413,0,0,False,False
Nupur Nursing Home - Kandivli,Maharashtra,Mumbai,0,19.2594417,72.8635548,0,0,False,False
"Omm Sai Nursing Home - Kandivali, Mumbai",Maharashtra,Mumbai,0,19.2114533,72.8737217,0,0,False,False
Paramount Ganpati Health Care - Kandivali,Maharashtra,Mumbai,0,19.2114533,72.8737217,0,0,False,False
Saibaba Maternity and Nursing Home,Maharashtra,Mumbai,0,19.2017881,72.856749,0,0,False,False
Sanchaiti Hospital,Maharashtra,Mumbai,0,19.2014495,72.8590491,0,0,False,False
Shreeji Hospital (Kandivli),Maharashtra,Mumbai,0,19.2009337,72.8692653,0,0,False,False
Vikas Diagnostic Centre,Maharashtra,Mumbai,0,19.2139911,72.8655789,0,0,False,False
Dr Shah Piles Clinic,Maharashtra,Mumbai,0,19.0759837,72.8776559,0,0,False,False
Linkway Nursing Home and Polyclinic,Maharashtra,Mumbai,0,19.1405116,72.8421555,0,0,False,False
Mother Care Maternity And Surgical Nursing Home - Mumbai,Maharashtra,Mumbai,0,19.1405116,72.8421555,0,0,False,False
Orbit Eye Clinic,Maharashtra,Mumbai,0,19.8231811,75.2099821,0,0,False,False
Pooja Nursing Home,Maharashtra,Mumbai,0,19.1405116,72.8421555,0,0,False,False
Pratima Maternity and Surgical Nursing Home,Maharashtra,Mumbai,0,19.1332655,72.84371,0,0,False,False
Shivam Netram Eye Hospital,Maharashtra,Mumbai,0,19.1439388,72.8430671,0,0,False,False
Ameya Orthopaedic Centre,Maharashtra,Mumbai,0,19.2375183,72.8548501,0,0,False,False
Sohum Eyecare and Oculoplasty Centre,Maharashtra,Mumbai,0,19.2461644,72.8509056,0,0,False,False
Dr. Bamis Fracture and Hand Clinic - Goregaon,Maharashtra,Mumbai,0,19.1629338,72.839241,0,0,False,False
Pooja Hospital,Maharashtra,Mumbai,0,19.1629338,72.839241,0,0,False,False
"Breach Candy Hospital, Mumbai",Maharashtra,Mumbai,0,18.972711,72.804394,0,0,True,False
Cumbala Hill Hospital and Heart Institute,Maharashtra,Mumbai,0,18.9624555,72.8098026,0,0,True,False
Asian Heart Institute And Research Center,Maharashtra,Mumbai,0,19.06413,72.861656,0,0,True,False
Lilavati Hospital and Research Center,Maharashtra,Mumbai,0,19.0515721,72.8346314,0,0,True,False
Tata Memorial Hospital,Maharashtra,Mumbai,0,19.0041141,72.8426707,0,0,True,False
Bhatia General Hospital,Maharashtra,Mumbai,0,18.9664679,72.8152953,0,0,True,False
Seven Hills Hospital,Maharashtra,Mumbai,0,19.1154908,72.8726952,0,0,True,False
Bombay Hospital And Medical Research Center,Maharashtra,Mumbai,0,18.941002,72.827324,0,0,True,False
P.D.Hinduja National Hospital and Research center,Maharashtra,Mumbai,0,19.0374901,72.8390644,0,0,True,False
Saifee Hospital,Maharashtra,Mumbai,0,18.952508,72.818199,0,0,True,False
"Fortis Hospitals, Mulund",Maharashtra,Mumbai,0,19.1918191,72.8348753,0,0,True,False
Jaslok Hospital And Medical Research Institute,Maharashtra,Mumbai,0,18.9755757,72.8097374,0,0,True,False
Criticare Multispeciality Hospital and Research Centre,Maharashtra,Mumbai,0,19.1145832,72.8358707,0,0,True,False
Surana Sethia Hospital and Research Centre,Maharashtra,Mumbai,0,19.0536352,72.8851743,0,0,True,False
Balaji Hospital,Maharashtra,Mumbai,0,18.9767706,72.8350652,0,0,True,False
Kokilaben Dhirubhai Ambani Hospital and Medical Research Institute,Maharashtra,Mumbai,0,19.1363246,72.82766,0,0,True,False
Aditya Jyot Eye Hospital,Maharashtra,Mumbai,0,19.0164103,72.855261,0,0,True,False
Shree Bidada Sarvodaya Trust Hospital,Maharashtra,Mumbai,0,19.0021567,72.8415793,0,0,True,False
Bombay City Eye Institute and Research Centre,Maharashtra,Mumbai,0,18.9629992,72.8175748,0,0,True,False
The B.D.Petit Parsee General Hospital,Maharashtra,Mumbai,0,18.9668749,72.805182,0,0,True,False
"Centre For Sight, Juhu",Maharashtra,Mumbai,0,19.1102949,72.8409693,0,0,True,False
Asian Heart Institute,Maharashtra,Mumbai,0,19.0562207,72.8537634,0,0,True,False
"CGHS Dispensary No.5, Santacruz",Maharashtra,Mumbai,0,19.1034191,72.854365,0,0,False,False
"CGHS Dispensary No.6, Ghatkopar",Maharashtra,Mumbai,0,19.1403981,72.9379362,0,0,False,False
"CGHS Dispensary No.8, Koliwada",Maharashtra,Mumbai,0,19.030998,72.862675,0,0,False,False
"CGHS Dispensary No.10, Bandra",Maharashtra,Mumbai,0,19.0606917,72.8362497,0,0,False,False
"CGHS Dispensary No.11, Byculla",Maharashtra,Mumbai,0,18.9751131,72.8298837,0,0,False,False
"CGHS Dispensary No.14, Vakola",Maharashtra,Mumbai,0,19.0788783,72.8500307,0,0,False,False
"CGHS Dispensary No.17, Bhandup",Maharashtra,Mumbai,0,19.149901,72.931134,0,0,False,False
"CGHS Dispensary No.19, Mulund",Maharashtra,Mumbai,0,19.1725542,72.942537,0,0,False,False
"CGHS Dispensary No.21, Sahar",Maharashtra,Mumbai,0,19.1015512,72.8631724,0,0,False,False
"CGHS Dispensary No.25, Jogeshwari",Maharashtra,Mumbai,0,19.1319685,72.8607789,0,0,False,False
"CGHS Dispensary No.26, Seepz",Maharashtra,Mumbai,0,19.1154908,72.8726952,0,0,False,False
CGHS Sub-Dispensary Nepean Sea Road,Maharashtra,Mumbai,0,18.9593271,72.8012627,0,0,False,False
CGHS Polyclinic Koliwada,Maharashtra,Mumbai,0,19.0327797,72.864102,0,0,False,False
Aayush Eye Clinic Microsurgery and Laser Centre,Maharashtra,Mumbai,0,19.0597308,72.8989478,0,0,False,False
Abhishek Nursing Home,Maharashtra,Mumbai,0,19.096654,72.9026801,0,0,False,False
Aditi Hospital,Maharashtra,Mumbai,0,19.2132136,72.8637163,0,0,False,False
Amruta Surgical And Maternity Home,Maharashtra,Mumbai,0,19.0898792,72.908696,0,0,False,False
Dr. L H Hiranandani Hospital,Maharashtra,Mumbai,0,19.1374852,72.917394,0,0,False,True
P D Hinduja National Hospital and Research Centre,Maharashtra,Mumbai,0,19.0374901,72.8390644,0,0,False,False
Godrej Memorial Hospital,Maharashtra,Mumbai,0,19.0966611,72.9239095,0,0,False,True
Holy Spirit Hospital,Maharashtra,Mumbai,0,19.1229678,72.8641387,350,0,False,False
Lilavati Hospital and Research Centre,Maharashtra,Mumbai,0,19.0515721,72.8346314,314,0,False,True
Fortis Hiranandani Hospital,Maharashtra,Mumbai,0,18.7501386,73.0420662,149,0,False,False
Jaslok Hospital,Maharashtra,Mumbai,0,18.9681978,72.8072647,364,0,False,False
Fortis Hospital Mulund,Maharashtra,Mumbai,0,19.1918191,72.8348753,300,0,False,False
Seven Hills Hospital,Maharashtra,Mumbai,0,19.1188585,72.8802146,0,0,False,False
Zynova Heart Hospital,Maharashtra,Mumbai,0,19.0889039,72.907247,5,0,False,False
The Eye Super Specialities,Maharashtra,Mumbai,0,19.0796375,72.9070116,0,0,False,False
Swastik Hospital and Research Centre,Maharashtra,Mumbai,0,19.0552812,72.8892082,0,0,False,False
Sushrut Hospital and Research Centre,Maharashtra,Mumbai,0,19.0552812,72.8892082,0,0,False,True
Surya Eye Institute and Research Centre Pvt Ltd,Maharashtra,Mumbai,0,19.1725542,72.942537,0,0,False,False
Suruchi Eye Centre,Maharashtra,Mumbai,0,19.1512887,72.9985574,0,0,False,False
Suprabha Surgicare,Maharashtra,Mumbai,0,19.0237817,72.8502094,0,0,False,False
Sujay Hospital,Maharashtra,Mumbai,0,19.1160222,72.8313139,0,0,False,True
Gokul Hospital,Maharashtra,Mumbai,0,19.206396,72.8656109,0,0,False,False
Hinduja Healthcare Surgical,Maharashtra,Mumbai,0,19.0685232,72.8352484,0,0,False,False
Hira Mongi Navneet Hospital,Maharashtra,Mumbai,0,19.1709732,72.9505973,120,0,False,False
Inlaks General Hospital,Maharashtra,Mumbai,0,19.0327996,72.8963568,100,0,False,False
Jaslok Hospital And Research Centre,Maharashtra,Mumbai,0,18.9681978,72.8072647,0,0,False,True
Joy Hospital Pvt Ltd,Maharashtra,Mumbai,0,19.1095683,72.825288,0,0,False,False
Kapadia Multispeciality Hospital,Maharashtra,Mumbai,0,32.2396325,77.1887145,30,0,False,False
Kokilaben Dhirubhai Ambani Hospital,Maharashtra,Mumbai,0,19.1363246,72.82766,750,0,False,False
Life Care Hospital,Maharashtra,Mumbai,0,19.2961387,72.862607,0,0,False,False
Lifeline Hospital,Maharashtra,Mumbai,0,19.1938477,72.8465927,0,0,False,False
Madhu Polyclinic and Nursing Home,Maharashtra,Mumbai,0,19.200861,72.9643615,46,0,False,False
Nanavati Hospital,Maharashtra,Mumbai,0,19.094854,72.839654,352,0,False,False
Niramaya Holistic Health Services Pvt Ltd,Maharashtra,Mumbai,0,19.0712143,73.0799855,0,0,False,True
Nulife Hospital,Maharashtra,Mumbai,0,19.0898792,72.908696,0,0,False,False
Orbit Eye Hospital,Maharashtra,Mumbai,0,19.1405116,72.8421555,0,0,False,False
Parakh Hospital,Maharashtra,Mumbai,0,19.0796375,72.9070116,0,0,False,False
Paramount General Hospital and ICCU,Maharashtra,Mumbai,0,19.1198548,72.8464601,0,0,False,False
Platinum Hospitals,Maharashtra,Mumbai,0,19.1565109,72.9637728,100,0,False,False
Punamiya Hospital,Maharashtra,Mumbai,0,19.0235976,72.8378125,0,0,False,False
\nDr.Mukhi's Raj Hospital,Maharashtra,Mumbai,0,19.1725542,72.942537,50,0,False,False
Rane Heart Hospital,Maharashtra,Mumbai,0,19.0691719,72.902584,30,0,False,True
Roshni Eye Hospital,Maharashtra,Mumbai,0,19.1198548,72.8464601,0,0,False,False
Rushabh Eye Hospital And Laser Centre,Maharashtra,Mumbai,0,19.059862,72.9005605,0,0,False,False
Sai Seva Hospital And Icu,Maharashtra,Mumbai,0,19.157935,72.9934762,25,0,False,False
Saifee Hospital,Maharashtra,Mumbai,0,18.952508,72.818199,254,0,False,False
Sangita Maternity Surgical and Diagnostic Centre,Maharashtra,Mumbai,0,19.1171389,72.846563,0,0,False,False
Sujay Hospital,Maharashtra,Mumbai,0,19.1160222,72.8313139,40,0,False,True
Suman Eye Clinic and Surgery Centre,Maharashtra,Mumbai,0,19.1441579,72.8238595,0,0,False,False
Surana Sethia Hospital and Research Centre,Maharashtra,Mumbai,0,19.053083,72.8982503,0,0,False,False
Ajit Clinic,Maharashtra,Nagpur,0,21.1458004,79.0881546,0,0,False,False
Chaitanya Maternity Home and Endoscopy Center,Maharashtra,Nagpur,0,21.1391038,79.0603517,0,0,False,False
Dr Gaikwad Critical Care Center Private Limited,Maharashtra,Nagpur,0,21.1284924,79.11331,0,0,False,False
Dr. Sohoni Maternity Home And Infertility Clinic,Maharashtra,Nagpur,0,21.1179053,79.0666241,0,0,False,False
Keshav Hospital,Maharashtra,Nagpur,0,21.1060133,79.1122951,0,0,False,False
Medicare Multi Speciality Hospital,Maharashtra,Nagpur,0,21.1851265,79.0793183,0,0,False,False
Mure Memorial Hospital,Maharashtra,Nagpur,0,21.1458004,79.0881546,0,0,False,False
Naidu Hospital,Maharashtra,Nagpur,0,21.1632814,79.0853108,0,0,False,False
Saoji Hospital,Maharashtra,Nagpur,0,20.3412,76.2668875,0,0,False,False
Sevanjali Maternity Home,Maharashtra,Nagpur,0,21.1458004,79.0881546,0,0,False,False
Shubham Diabetic and Medical Centre,Maharashtra,Nagpur,0,21.1760503,79.0512505,0,0,False,False
Sinha Hospital,Maharashtra,Nagpur,0,21.1528765,79.0729793,0,0,False,False
Taj Krupa Genral Hospital And Maternity Home,Maharashtra,Nagpur,0,21.1760669,79.0512565,0,0,False,False
Arihant Surgical And Maternity Hospital,Maharashtra,Nagpur,0,21.1458004,79.0881546,0,0,False,False
Baheti Hospital,Maharashtra,Nagpur,0,21.1533573,79.1096031,0,0,False,False
Central Avenue Critical Care Hospital and Icu,Maharashtra,Nagpur,0,21.1489395,79.1165623,0,0,False,False
Ganeriwal Hospital,Maharashtra,Nagpur,0,21.1458004,79.0881546,0,0,False,False
Ganju Haematology Clinic and Hospital,Maharashtra,Nagpur,0,21.133981,79.0755613,0,0,False,False
Khidmat Hospital,Maharashtra,Nagpur,0,21.157998,79.130612,0,0,False,False
Pathology Laboratory,Maharashtra,Nagpur,0,21.1458004,79.0881546,0,0,False,False
Pranjal Nursing Home,Maharashtra,Nagpur,0,21.2275312,79.1900834,0,0,False,False
Rajan New Born Care Unit,Maharashtra,Nagpur,0,21.133301,79.0724966,0,0,False,False
Sawarbandhe Multispeciality Hospital,Maharashtra,Nagpur,0,21.1388465,79.0773144,0,0,False,False
Sawarkar Multi Speciality Hospital,Maharashtra,Nagpur,0,21.1433091,79.1068667,0,0,False,False
Tanna Heart-Diabetes Hospital,Maharashtra,Nagpur,0,21.1489395,79.1165623,0,0,False,False
Multani Maternity and Child Care Hospital,Maharashtra,Nagpur,0,21.1489395,79.1165623,0,0,False,False
Ace Womens Hospital,Maharashtra,Nagpur,0,21.1458004,79.0881546,0,0,False,False
Dr Choubeys East End Hospital,Maharashtra,Nagpur,0,21.1480606,79.136747,0,0,False,False
Geeta Prem Nursing Home,Maharashtra,Nagpur,0,21.1352411,79.1324099,0,0,False,False
Radiance Hospital,Maharashtra,Nagpur,0,21.1489395,79.1165623,0,0,False,False
Shri Radhakrishna Hospital And Research Institute,Maharashtra,Nagpur,0,21.148059,79.1432428,0,0,False,False
Taj Nursing Home,Maharashtra,Nagpur,0,21.160784,79.1228703,0,0,False,False
Thakkar Nursing Home,Maharashtra,Nagpur,0,21.1473749,79.1415498,0,0,False,False
Tikhile Maternity And Nursing Home,Maharashtra,Nagpur,0,21.1505513,79.1476061,0,0,False,False
Asha Bhavan Nurshing Home,Maharashtra,Nagpur,0,21.1351745,79.1061609,0,0,False,False
Cph Centre Point Hospital and Medical Research Institute Pvt. Ltd.,Maharashtra,Nagpur,0,21.1312503,79.0975962,0,0,False,False
Deole Nusing Home,Maharashtra,Nagpur,0,21.13274,79.1026315,0,0,False,False
Dr. Gaikwad's Critical Care Centre Private Limited,Maharashtra,Nagpur,0,21.1284924,79.11331,0,0,False,False
Itkelwar Multispeciality Hospital,Maharashtra,Nagpur,0,21.1458004,79.0881546,0,0,False,False
Khalatkar Hospital,Maharashtra,Nagpur,0,21.1284924,79.11331,0,0,False,False
Kurvey Hospital,Maharashtra,Nagpur,0,21.1323737,79.1130618,0,0,False,False
Lotus Hospitaland Research Centre and Mat Home,Maharashtra,Nagpur,0,21.1458004,79.0881546,0,0,False,False
Metro City Hospital,Maharashtra,Nagpur,0,21.1251997,79.1130272,0,0,False,False
Mother and Child Care Hospital,Maharashtra,Nagpur,0,21.1049167,79.1438675,0,0,False,False
Ram Netralaya,Maharashtra,Nagpur,0,21.1312503,79.0975962,0,0,False,False
Samadhan Hospital(Ayurved Panchakarma Hospital And Research Centre),Maharashtra,Nagpur,0,21.1365948,79.1167483,0,0,False,False
Ajinkya Maternity And Surgical Nursing Home,Maharashtra,Nagpur,0,21.1699212,79.1010513,0,0,False,False
Anjani Eye Hospital,Maharashtra,Nagpur,0,21.1355004,79.0770625,0,0,False,False
Arneja Heart Institute,Maharashtra,Nagpur,0,21.1458004,79.0881546,0,0,False,False
Care Hospital,Maharashtra,Nagpur,0,21.1458004,79.0881546,0,0,False,False
Central India Cancer Research Institute,Maharashtra,Nagpur,0,21.1405719,79.060432,0,0,False,False
Central India Institute Of Medical Sciences,Maharashtra,Nagpur,0,21.12618,79.061704,0,0,False,False
Central Neurological Institute,Maharashtra,Nagpur,0,21.1357261,79.0689217,0,0,False,False
Chaturvedi Surgical Hospital,Maharashtra,Nagpur,0,21.1346883,79.0770544,0,0,False,False
Diabetes Care and Research Centre,Maharashtra,Nagpur,0,21.1356319,79.0706844,0,0,False,False
Dr Kg Deshpande Memorial Centre,Maharashtra,Nagpur,0,21.1404647,79.0582614,0,0,False,False
Dr Syam K Babhulkar,Maharashtra,Nagpur,0,9.9447991,78.148459,0,0,False,False
Dr. Baraskar Multispeciality Hospital And Dialysis,Maharashtra,Nagpur,0,21.1328365,79.0710843,0,0,False,False
Dr. Dande Hospital,Maharashtra,Nagpur,0,21.1458004,79.0881546,0,0,False,False
Dr. Mehta Surgical and Paediatric Nursing Home,Maharashtra,Nagpur,0,21.1405719,79.060432,0,0,False,False
Dr. S M Patil Medical Nursing Home,Maharashtra,Nagpur,0,21.1347295,79.0756861,0,0,False,False
Dr. Uddanwadikarmaternity and Eye Hospital,Maharashtra,Nagpur,0,21.1458004,79.0881546,0,0,False,False
Dr. V.M. Deo Memorial Hospital,Maharashtra,Nagpur,0,21.1458004,79.0881546,0,0,False,False
Durga Child Surgery Endoscopy And Ultra Sound Nurs,Maharashtra,Nagpur,0,21.1458004,79.0881546,0,0,False,False
Eye Infirmary And Laser Centre,Maharashtra,Nagpur,0,21.1265359,79.064102,0,0,False,False
Gandhi Hospital,Maharashtra,Nagpur,0,21.1374175,79.0790442,0,0,False,False
Golhar Nursing Home,Maharashtra,Nagpur,0,21.1346806,79.0774456,0,0,False,False
Indrayani Speciality Hospital,Maharashtra,Nagpur,0,21.1358315,79.0764793,0,0,False,False
Kamal Institute Of Andro-Urology,Maharashtra,Nagpur,0,21.1359884,79.0676833,0,0,False,False
Karandikar Maternity And Nursing Home,Maharashtra,Nagpur,0,21.135742,79.0689241,0,0,False,False
Ketki Research Institute Of Medical Sciences Ltd.(Krims Hospital),Maharashtra,Nagpur,0,21.132815,79.070385,0,0,False,False
Krims Apollo Hospital,Maharashtra,Nagpur,0,21.1318185,79.0683041,0,0,False,False
Kubde Children Hospital And Premature Baby Unit,Maharashtra,Nagpur,0,21.1458004,79.0881546,0,0,False,False
Late Dr Anjani Mokadam Memorial Charitable Trust Anjani Eye Hospital,Maharashtra,Nagpur,0,21.1355004,79.0770625,0,0,False,False
Marathe Child Care Hospital,Maharashtra,Nagpur,0,21.1341427,79.0741423,0,0,False,False
Matru Sewa Sangh,Maharashtra,Nagpur,0,21.143775,79.105022,0,0,False,False
Meditrina Institute Of Medical Sciences,Maharashtra,Nagpur,0,21.132927,79.0713579,0,0,False,False
Midas Institute Of Gastroenterology,Maharashtra,Nagpur,0,21.133981,79.0755613,0,0,False,False
Mother Care Nursing Home,Maharashtra,Nagpur,0,21.133981,79.0755613,0,0,False,False
Neeti Clinics and Nursing Home,Maharashtra,Nagpur,0,21.133218,79.0726152,0,0,False,False
Oke Eye Hospital,Maharashtra,Nagpur,0,26.8657486,75.8013086,0,0,False,False
Om Surgical Hospital And Trauma Centre,Maharashtra,Nagpur,0,21.1428126,79.0610504,0,0,False,False
Rathi Children and Maternity Hospital,Maharashtra,Nagpur,0,21.2275312,79.1900834,0,0,False,False
Rnh Hospital,Maharashtra,Nagpur,0,21.1343323,79.0809789,0,0,False,False
Sankalp Maternity Hospital,Maharashtra,Nagpur,0,21.13982,79.059308,0,0,False,False
Sarakshi Netralaya,Maharashtra,Nagpur,0,21.1346873,79.0770515,0,0,False,False
Shanta Spine Institute,Maharashtra,Nagpur,0,21.134959,79.0757714,0,0,False,False
Shantiniletan Nursing Home,Maharashtra,Nagpur,0,21.125957,79.055013,0,0,False,False
Sneh Nursing Home,Maharashtra,Nagpur,0,21.133033,79.071022,0,0,False,False
Sparsh Clinics,Maharashtra,Nagpur,0,21.1405719,79.060432,0,0,False,False
Surgicare Clinic,Maharashtra,Nagpur,0,21.1397082,79.0631071,0,0,False,False
Sushrut Hospital,Maharashtra,Nagpur,0,21.133218,79.0726152,0,0,False,False
Vantika Hospital,Maharashtra,Nagpur,0,21.136708,79.070975,0,0,False,False
Wockhardt Heart Hospital,Maharashtra,Nagpur,0,21.1325186,79.0540303,0,0,False,False
Zenith Hospital,Maharashtra,Nagpur,0,21.1368855,79.0655566,0,0,False,False
Avanti Institute Of Cardiology,Maharashtra,Nagpur,0,21.1230585,79.0574637,0,0,False,False
Avantika Hospital,Maharashtra,Nagpur,0,21.1346751,79.0770142,0,0,False,False
Chandak Nursing Home,Maharashtra,Nagpur,0,21.1477276,79.0842765,0,0,False,False
Crescent Nursing Home and Iccu,Maharashtra,Nagpur,0,21.1355197,79.0819749,0,0,False,False
Dadasaheb Lanjewar Hospital,Maharashtra,Nagpur,0,21.1322929,79.0773139,0,0,False,False
Dr. Mangala Ketkar,Maharashtra,Nagpur,0,21.1453998,79.0831649,0,0,False,False
Drishti Eye Clinic and Squint Centre,Maharashtra,Nagpur,0,21.133218,79.0726152,0,0,False,False
Evista Eye Care Centre,Maharashtra,Nagpur,0,21.1354284,79.0817265,0,0,False,False
Eye Care Centre,Maharashtra,Nagpur,0,21.1458004,79.0881546,0,0,False,False
Ganeshrao Kanphade Memorial Hospital,Maharashtra,Nagpur,0,21.1458004,79.0881546,0,0,False,False
Granam Hospital,Maharashtra,Nagpur,0,21.133218,79.0726152,0,0,False,False
Haematology Oncology Clinic And Laboratory,Maharashtra,Nagpur,0,21.1458004,79.0881546,0,0,False,False
Hardeo Hospitals Pvt Ltd,Maharashtra,Nagpur,0,21.1354284,79.0817265,0,0,False,False
Jaiswal Children Hospital,Maharashtra,Nagpur,0,21.1489395,79.1165623,0,0,False,False
Jasleen Eye Hospital - Nagpur,Maharashtra,Nagpur,0,21.1092205,79.0697156,0,0,False,False
Ketkar Nursing Home,Maharashtra,Nagpur,0,21.1453998,79.0831649,0,0,False,False
Ketki Nursing Home And Urology Hospital,Maharashtra,Nagpur,0,21.1312759,79.0800402,0,0,False,False
Kidney Centre Jasleen Hospital,Maharashtra,Nagpur,0,21.1092205,79.0697156,0,0,False,False
Laser Vision Centre,Maharashtra,Nagpur,0,21.1092205,79.0697156,0,0,False,False
Mulik Hospital,Maharashtra,Nagpur,0,21.1354284,79.0817265,0,0,False,False
N K P Salve Institute Of Medical Science and Lata Mangeshkar Hospital,Maharashtra,Nagpur,0,21.1458004,79.0881546,0,0,False,False
Ortho Relief Hospital And Research Centre,Maharashtra,Nagpur,0,21.1312759,79.0800402,0,0,False,False
Patil Hospital,Maharashtra,Nagpur,0,21.1393425,79.1040502,0,0,False,False
Rathi Hospital,Maharashtra,Nagpur,0,21.1316579,79.0621028,0,0,False,False
Shat Ayu Critical Care Polytrauma Centre and Multispeciality Hospital,Maharashtra,Nagpur,0,21.090743,79.065355,0,0,False,False
Shiv Ganga Hospital and Critical Care Centre,Maharashtra,Nagpur,0,21.1312759,79.0800402,0,0,False,False
Shravan Dialysis and Kidney Unit,Maharashtra,Nagpur,0,21.1312759,79.0800402,0,0,False,False
Shri Krishna Hrudayalaya And Critical Care Centre,Maharashtra,Nagpur,0,21.1312759,79.0800402,0,0,False,False
Sparsh Urology And Kidney Hospital,Maharashtra,Nagpur,0,21.1312759,79.0800402,0,0,False,False
Sud Surgical And Maternity Hospital,Maharashtra,Nagpur,0,21.1322929,79.0773139,0,0,False,False
Suprathet Hospital,Maharashtra,Nagpur,0,21.1458004,79.0881546,0,0,False,False
Suretech Hospital And Research Centre,Maharashtra,Nagpur,0,21.1312759,79.0800402,0,0,False,False
Dalal Nursing Home,Maharashtra,Nagpur,0,21.173473,79.082858,0,0,False,False
Green City Hospital,Maharashtra,Nagpur,0,21.1458004,79.0881546,0,0,False,False
Pioneer Nursing Home,Maharashtra,Nagpur,0,21.1695216,79.0794376,0,0,False,False
Prestige Nursing Home,Maharashtra,Nagpur,0,21.1458004,79.0881546,0,0,False,False
Rathod Nursing Home,Maharashtra,Nagpur,0,21.1458004,79.0881546,0,0,False,False
Shubham Nursing Home,Maharashtra,Nagpur,0,21.174205,79.0574405,0,0,False,False
G Kumar Arogyadham Ayurved Panchkarm Hospital And Research Institute,Maharashtra,Nagpur,0,21.1813511,79.0879895,0,0,False,False
Janta Maternity Home And Hospital - Nagpur,Maharashtra,Nagpur,0,21.1820557,79.0859952,0,0,False,False
Shivleela Maternity And Nursing Home,Maharashtra,Nagpur,0,21.1706297,79.0987453,0,0,False,False
Waghralkar Ayurved Hospital,Maharashtra,Nagpur,0,21.1092205,79.0697156,0,0,False,False
Bhairawnath Hospital,Maharashtra,Nagpur,0,21.1458004,79.0881546,0,0,False,False
Desai Children And Surgical Hospital,Maharashtra,Nagpur,0,21.1169214,79.0700774,0,0,False,False
Deshpande Nursing Home,Maharashtra,Nagpur,0,21.1414848,79.0793786,0,0,False,False
Dharmadhikari Hospital,Maharashtra,Nagpur,0,21.1172255,79.0718363,0,0,False,False
Dhawale Hospital,Maharashtra,Nagpur,0,21.1176314,79.0715031,0,0,False,False
Dr V E Tambe Critical Care Unit,Maharashtra,Nagpur,0,21.1174117,79.0718879,0,0,False,False
Kothari Hospital,Maharashtra,Nagpur,0,21.1126271,79.0654828,0,0,False,False
Rathi Nursing Home,Maharashtra,Nagpur,0,21.1343323,79.0809789,0,0,False,False
Shreeji Hospital,Maharashtra,Nagpur,0,21.1109485,79.0639453,0,0,False,False
Shushrusha Ortho and Spine Care Hospital,Maharashtra,Nagpur,0,21.1189474,79.0727106,0,0,False,False
Vimal Ear Nose and Throat Hospital,Maharashtra,Nagpur,0,18.95886,72.825277,0,0,False,False
Aharnish Hospital,Maharashtra,Nagpur,0,21.178543,79.1082994,0,0,False,False
Ambade Eye Hospital,Maharashtra,Nagpur,0,21.1838991,79.1170673,0,0,False,False
Harshal Maternity Nursing Home,Maharashtra,Nagpur,0,21.1838991,79.1170673,0,0,False,False
Littles Care Children Hospital,Maharashtra,Nagpur,0,21.1458004,79.0881546,0,0,False,False
Mukerji Nursing Home and Research Centre,Maharashtra,Nagpur,0,21.1458004,79.0881546,0,0,False,False
Prestos Madan Multispeciality Hospital,Maharashtra,Nagpur,0,21.1725725,79.0998481,0,0,False,False
Sanjeevani Hospital,Maharashtra,Nagpur,0,21.1226031,79.0645341,0,0,False,False
Zaveri Nursing Home,Maharashtra,Nagpur,0,21.1673769,79.108903,0,0,False,False
Hadi Children Hospital,Maharashtra,Nagpur,0,21.1557221,79.0941604,0,0,False,False
Lens Implant Centre Eye Hospital and Dental Clinic,Maharashtra,Nagpur,0,21.1489395,79.1165623,0,0,False,False
Akruti Hospital,Maharashtra,Nagpur,0,21.1157157,79.0313659,0,0,False,False
Ankit Nirsing Home,Maharashtra,Nagpur,0,21.1228115,79.0625156,0,0,False,False
Awadh Clinic and Nursing Home,Maharashtra,Nagpur,0,21.1858034,79.0705042,0,0,False,False
Badjates Hospital,Maharashtra,Nagpur,0,21.1458004,79.0881546,0,0,False,False
Dr Deshmukh Shree Clinic Nursing Home,Maharashtra,Nagpur,0,21.1458004,79.0881546,0,0,False,False
G. T. Padole Hospital,Maharashtra,Nagpur,0,21.1162876,79.0375658,0,0,False,False
Kalptaru Maternity and Surgical Nursing Home,Maharashtra,Nagpur,0,21.1169805,79.0541319,0,0,False,False
Mukherjee Multispeciality Hoaspital,Maharashtra,Nagpur,0,21.1458004,79.0881546,0,0,False,False
Shri Vyankatesh Multispeciality Hospital,Maharashtra,Nagpur,0,21.1169805,79.0541319,0,0,False,False
Shubham Maternity Hospital and Nursing Home,Maharashtra,Nagpur,0,21.1458004,79.0881546,0,0,False,False
Torney Maternity Nursing Home,Maharashtra,Nagpur,0,21.1228115,79.0625156,0,0,False,False
Vyas Hospital,Maharashtra,Nagpur,0,21.1503884,79.1026315,0,0,False,False
Cure It Hospital Pvt.Ltd,Maharashtra,Nagpur,0,21.1070756,79.1379196,0,0,False,False
Muktai Nursing Home,Maharashtra,Nagpur,0,21.120143,79.1125135,0,0,False,False
Shree Hospitals and Critical Care Centre,Maharashtra,Nagpur,0,21.1231683,79.1201093,0,0,False,False
Arogyam Superspeciality Hospital,Maharashtra,Nagpur,0,21.1106464,79.0692265,0,0,False,False
G.T. Memorial Hospital and Icu,Maharashtra,Nagpur,0,21.113647,79.0667616,0,0,False,False
Mahatme Eye Bank Eye Hospital,Maharashtra,Nagpur,0,21.1017293,79.0666241,0,0,False,False
Mamta Hospital,Maharashtra,Nagpur,0,21.0904483,79.0649992,0,0,False,False
Tajkrupa Hospital,Maharashtra,Nagpur,0,21.1760669,79.0512565,0,0,False,False
Maxcare Hospital,Maharashtra,Nagpur,0,21.1044389,79.0743915,0,0,False,False
Avadh Clinic and Nursing Home,Maharashtra,Nagpur,0,21.1858034,79.0705042,0,0,False,False
Kunal Critical Care and Research Center Private Limited,Maharashtra,Nagpur,0,21.1826476,79.0794256,0,0,False,False
Dr Sawarkars Multi Speciality Clinical Care Hospital,Maharashtra,Nagpur,0,21.1433091,79.1068667,0,0,False,False
Sengupta Hospital And Research Institute,Maharashtra,Nagpur,0,21.1471661,79.0593234,0,0,False,False
Asha Hospital (Asha Institute Of Medical Sciences and Research Centre),Maharashtra,Nagpur,0,29.0088973,77.7065754,0,0,False,False
Hatwar Nursing Home,Maharashtra,Nagpur,0,21.1529277,79.0194777,0,0,False,False
Mehta Hospital and Sonography Centre,Maharashtra,Nagpur,0,21.2202295,79.181271,0,0,False,False
Prabhat Hospital,Maharashtra,Nagpur,0,21.2185126,79.1980557,0,0,False,False
Ravi Surgical And Laparoscopic Centre Pvt Ltd,Maharashtra,Nagpur,0,21.2157246,79.1985024,0,0,False,False
"Roy Hospital, Ravi Surgical and Laparoscopic Research Centre Pvt. Ltd",Maharashtra,Nagpur,0,15.9973684,77.0494287,0,0,False,False
Sayali Nursing Home,Maharashtra,Nagpur,0,21.2275312,79.1900834,0,0,False,False
Shantaram Ortho And Surgical Hospital,Maharashtra,Nagpur,0,21.3928618,79.3268397,0,0,False,False
CGHS Dispensary No.2,Maharashtra,Nagpur,0,21.1679049,79.0542289,0,0,False,False
CGHS Dispensary No.\n2A,Maharashtra,Nagpur,0,21.1679049,79.0542289,0,0,False,False
CGHS Dispensary No.3,Maharashtra,Nagpur,0,21.1693074,79.1086559,0,0,False,False
CGHS Dispensary No.4,Maharashtra,Nagpur,0,21.1538784,79.1111018,0,0,False,False
Bidwai Nursing Home,Maharashtra,Nanded,0,19.1516636,77.3068769,0,0,False,False
Dhabale Orthopaedic and Dental Hospital,Maharashtra,Nanded,0,19.1510311,77.3092565,0,0,False,False
Dr Komawar Hospital,Maharashtra,Nanded,0,19.1588441,77.3078406,0,0,False,False
Global Super Speciality Hospital (Prachet and Vithal Hospital Pvt. Ltd),Maharashtra,Nanded,0,19.1382514,77.3209555,0,0,False,False
Godavari Institute Of Critical Care Medicine Hospital,Maharashtra,Nanded,0,19.1596656,77.315805,0,0,False,False
Jayashree Ent and Maternity Nursing Home,Maharashtra,Nanded,0,19.1588441,77.3078406,0,0,False,False
Kadam Hospital,Maharashtra,Nanded,0,19.1616191,77.3067456,0,0,False,False
Kardile Hospital,Maharashtra,Nanded,0,19.1388205,77.3058449,0,0,False,False
Mahale Hospital,Maharashtra,Nanded,0,19.1487954,77.3084241,0,0,False,False
Marathawada Bal Rugnalya,Maharashtra,Nanded,0,19.1510311,77.3092565,0,0,False,False
Motewar Netrlaya,Maharashtra,Nanded,0,19.1516636,77.3068769,0,0,False,False
Sai Krupa Clinic,Maharashtra,Nanded,0,19.1659489,77.3165897,0,0,False,False
Shree Venkateshwar Netralay,Maharashtra,Nanded,0,19.1382514,77.3209555,0,0,False,False
Vedant Urology Hospital,Maharashtra,Nanded,0,19.1516636,77.3068769,0,0,False,False
Vishwa Institute Urology And Kidney Centre,Maharashtra,Nanded,0,19.1382514,77.3209555,0,0,False,False
Wadekar Hospital,Maharashtra,Nanded,0,19.1382514,77.3209555,0,0,False,False
Yashoda Hospital Pvt. Ltd.,Maharashtra,Nanded,0,19.1516636,77.3068769,0,0,False,False
Ashwini Critial and Heart Center Pvt.Ltd.,Maharashtra,Nanded,0,19.1552074,77.3104428,0,0,False,False
Godavari Giccm Hospital,Maharashtra,Nanded,0,19.7173703,77.1493722,0,0,False,False
Patil Rugna Sevalaya and Maternity Home,Maharashtra,Nanded,0,18.5458672,77.5762703,0,0,False,False
Radha Govind Hospital,Maharashtra,Nanded,0,19.1382514,77.3209555,0,0,False,False
Suvidha Cardiac Centre Pvt. Ltd.,Maharashtra,Nanded,0,19.1552074,77.3104428,0,0,False,False
Sanjivan Multispeciality Hospital,Maharashtra,Nanded,0,18.5458672,77.5762703,0,0,False,False
Manik Hospital,Maharashtra,Nanded,0,19.1382514,77.3209555,0,0,False,False
Radha Clinic,Maharashtra,Nandurbar,0,21.5450142,74.4725287,0,0,False,False
Sushrut Nursing Home,Maharashtra,Nandurbar,0,21.5496742,74.4700214,0,0,False,False
Madhuram Eye Hospital,Maharashtra,Nandurbar,0,21.3695814,74.2525264,0,0,False,False
Nandurbar Hospital Pvt Ltd,Maharashtra,Nandurbar,0,21.3585725,74.2591852,0,0,False,False
Anand Hospital and Premature Baby Care Centre,Maharashtra,Nashik,0,20.0010384,73.7870297,0,0,False,False
Ankur Fertility and Endoscopy Centre Pvt.Ltd,Maharashtra,Nashik,0,19.9968428,73.7670076,0,0,False,False
Arihant Hospital,Maharashtra,Nashik,0,19.9974533,73.7898023,0,0,False,False
Bhangdia Hospital,Maharashtra,Nashik,0,19.9601542,73.8318448,0,0,False,False
Bhaskar Ent Hospital,Maharashtra,Nashik,0,20.0055026,73.7860759,0,0,False,False
Chiranjeev Hospital,Maharashtra,Nashik,0,19.9373638,73.5363557,0,0,False,False
City Care Hospital And Research Centre Pvt. Ltd,Maharashtra,Nashik,0,19.9930737,73.8037119,0,0,False,False
Deepjyoti Hospital,Maharashtra,Nashik,0,19.9974533,73.7898023,0,0,False,False
Dr. A. K Pawar Institute Of Obstetrics Gynaecology,Maharashtra,Nashik,0,19.9974533,73.7898023,0,0,False,False
Dr. Bhagwan Bhangadia Clinic,Maharashtra,Nashik,0,19.106902,72.850495,0,0,False,False
Dr. Ganorkars Fracture Treatment Centra and Maternity Home,Maharashtra,Nashik,0,19.9872146,73.7825499,0,0,False,False
Dr. Satish Patil,Maharashtra,Nashik,0,20.0010407,73.7767097,0,0,False,False
Life Care Hospital,Maharashtra,Nashik,0,20.109893,73.9467331,0,0,False,False
Lifeline Hospital and Medical Reasearch Centre (I) P. Ltd.,Maharashtra,Nashik,0,19.9905766,73.7987556,0,0,False,False
Nirantar Jyot'' Laser Eye Center,Maharashtra,Nashik,0,19.9974533,73.7898023,0,0,False,False
Nirgude Nursing Home,Maharashtra,Nashik,0,20.0075919,73.7556921,0,0,False,False
Rishikesh Medical Foundation and Research Centre,Maharashtra,Nashik,0,20.0112699,73.7606908,0,0,False,False
Sahyadri Speciality Hospital- Nashik.,Maharashtra,Nashik,0,19.9917287,73.7935775,0,0,False,False
Sukhakarta Multispeciality Hospital,Maharashtra,Nashik,0,19.9930737,73.8037119,0,0,False,False
Supe Hospital,Maharashtra,Nashik,0,19.9974533,73.7898023,0,0,False,False
Sushil Eye Hospital and Brahama Laser Center,Maharashtra,Nashik,0,20.0065414,73.7610774,0,0,False,False
Tulshi Hospital,Maharashtra,Nashik,0,19.9974533,73.7898023,0,0,False,False
Vasan Eye Care Hospital - Nasik,Maharashtra,Nashik,0,19.9867752,73.7846144,0,0,False,False
Vimal Maternity And General Hosp,Maharashtra,Nashik,0,19.9974533,73.7898023,0,0,False,False
Vishwesh Childrens Hospital,Maharashtra,Nashik,0,19.9974533,73.7898023,0,0,False,False
Wockhardt Hospitals,Maharashtra,Nashik,0,19.9924557,73.79354,0,0,False,False
Ayush Hospital,Maharashtra,Nashik,0,19.9974533,73.7898023,0,0,False,False
Birla Super Speciality Eye Hospital,Maharashtra,Nashik,0,19.9974533,73.7898023,0,0,False,False
Cantoment General Hospital,Maharashtra,Nashik,0,19.906167,73.8242621,0,0,False,False
Dhanvantari Hospital,Maharashtra,Nashik,0,19.9974533,73.7898023,0,0,False,False
Dr.Pimprikar Hspital,Maharashtra,Nashik,0,19.9974533,73.7898023,0,0,False,False
Healing Touch Angiography and Cardiac Surgery Centre Pvt. Ltd.,Maharashtra,Nashik,0,20.004718,73.7838994,0,0,False,False
Kasliwal Hospital,Maharashtra,Nashik,0,20.0054511,73.7849245,0,0,False,False
Kute Eye Hospital,Maharashtra,Nashik,0,19.9913186,73.7794599,0,0,False,False
Micky Mouse Wild Clinic And Hospital,Maharashtra,Nashik,0,20.0112699,73.7606908,0,0,False,False
Navkar Eye Clinic,Maharashtra,Nashik,0,20.0073753,73.7673653,0,0,False,False
Prasanna Balrugnalay and Research Centre,Maharashtra,Nashik,0,19.9974533,73.7898023,0,0,False,False
Seeta Maternity and Surgical Nursing Home,Maharashtra,Nashik,0,20.008742,73.7838784,0,0,False,False
Shivam Eye Hospital,Maharashtra,Nashik,0,30.0869281,78.2676116,0,0,False,False
"Shree Saibaba Heart Insititue and Research Center Pvt. Ltd.,",Maharashtra,Nashik,0,20.000093,73.784804,0,0,False,False
Shreeya Hospital,Maharashtra,Nashik,0,19.9872146,73.7825499,0,0,False,False
Shri Samarth Super Speciality Hospital (Rishikesh Medical Foundation And Research Centre) - Nasik,Maharashtra,Nashik,0,20.007765,73.7705437,0,0,False,False
Shruti Hospital,Maharashtra,Nashik,0,20.0019211,73.7732504,0,0,False,False
Shushrusha Hospital,Maharashtra,Nashik,0,19.9738747,73.8220773,0,0,False,False
Siddhi Vinayak Hospital,Maharashtra,Nashik,0,20.0112699,73.7606908,0,0,False,False
Soham Hospital And Medical Foundation Pvt. Ltd.,Maharashtra,Nashik,0,19.9974533,73.7898023,0,0,False,False
Sukhamte Maternity Home,Maharashtra,Nashik,0,19.9974533,73.7898023,0,0,False,False
Sunrise Hospital,Maharashtra,Nashik,0,19.9974533,73.7898023,0,0,False,False
Sushrut Hospital,Maharashtra,Nashik,0,20.0018737,73.7745676,0,0,False,False
Suyash Hospital,Maharashtra,Nashik,0,20.0010407,73.7767097,0,0,False,False
Thakar Hospital,Maharashtra,Nashik,0,19.9963526,73.7785846,0,0,False,False
Torne Ent Hospital,Maharashtra,Nashik,0,19.9974533,73.7898023,0,0,False,False
"Vidula Nursing Home,Fertility Clinic",Maharashtra,Nashik,0,20.0054774,73.7755486,0,0,False,False
Dr. Upasani Maternity and Nursing Home,Maharashtra,Nashik,0,20.0058802,73.7933809,0,0,False,False
Ramalayam Hospital,Maharashtra,Nashik,0,20.0100436,73.7938473,0,0,False,False
Sanjeevani Criticare And Research Centre Pvt Ltd,Maharashtra,Nashik,0,20.0058802,73.7933809,0,0,False,False
Sarthak Hospital,Maharashtra,Nashik,0,20.0139048,73.8106232,0,0,False,False
Shraddha Eye Hospital,Maharashtra,Nashik,0,20.010347,73.793341,0,0,False,False
Shri Sai Multispeciality and Research Centre,Maharashtra,Nashik,0,20.0103573,73.7953654,0,0,False,False
Sukhakarta Rugnalaya,Maharashtra,Nashik,0,20.0139048,73.8106232,0,0,False,False
Swami Hospital Nasik,Maharashtra,Nashik,0,20.0139048,73.8106232,0,0,False,False
Tanmayee Hospital,Maharashtra,Nashik,0,19.9974533,73.7898023,0,0,False,False
Dr. Bhambri Hospital,Maharashtra,Nashik,0,20.0069641,73.7600406,0,0,False,False
Krishna Hospital And Critical Care Centre,Maharashtra,Nashik,0,20.0027364,73.7717237,0,0,False,False
Magnum Heart Institute,Maharashtra,Nashik,0,20.0112699,73.7606908,0,0,False,False
Shreeji Hospital,Maharashtra,Nashik,0,19.9974533,73.7898023,0,0,False,False
Asha Kendra Hospital - Nashik,Maharashtra,Nashik,0,19.9753577,73.8147042,0,0,False,False
Dr. Bhawsar Nursing Home,Maharashtra,Nashik,0,19.9974533,73.7898023,0,0,False,False
Muktai Hospital,Maharashtra,Nashik,0,19.9205556,73.8834629,0,0,False,False
Navsanjeevani Hospital,Maharashtra,Nashik,0,19.0759837,72.8776559,0,0,False,False
Dr. Karad Hospital,Maharashtra,Nashik,0,19.9909447,73.7342599,0,0,False,False
Aashirwad Hospital,Maharashtra,Nashik,0,19.9722057,73.756976,0,0,False,False
Chavan Multispeciality Hospital,Maharashtra,Nashik,0,19.9849312,73.7470502,0,0,False,False
Sidco General Hospital,Maharashtra,Nashik,0,19.9974533,73.7898023,0,0,False,False
Trimurti Multispeciality Hospital - Nasik,Maharashtra,Nashik,0,19.9974533,73.7898023,0,0,False,False
Anand Hospital and Nursing Home,Maharashtra,Nashik,0,19.971516,73.7843031,0,0,False,False
Ashwini Accident Multi Speciality Hospital,Maharashtra,Nashik,0,19.9974533,73.7898023,0,0,False,False
Barde Maternity Hospital,Maharashtra,Nashik,0,20.109893,73.9467331,0,0,False,False
Dr Pimprikar Hospital,Maharashtra,Nashik,0,19.9974533,73.7898023,0,0,False,False
Karandikar Hospital and Research Center,Maharashtra,Nashik,0,20.109893,73.9467331,0,0,False,False
Suman Hospital,Maharashtra,Nashik,0,19.2891713,73.0337355,0,0,False,False
Usha Hospital,Maharashtra,Nashik,0,19.9722057,73.756976,0,0,False,False
Vakratunda Multispeciality Hospital - Nasik,Maharashtra,Nashik,0,19.9974533,73.7898023,0,0,False,False
Dwarkadhish Multispeciality Hospital,Maharashtra,Nashik,0,22.2441975,68.9684562,0,0,False,False
Kotwal Nursing Home,Maharashtra,Nashik,0,19.9930737,73.8037119,0,0,False,False
Nasik Health CareandResearch Centre Pvt.Ltd,Maharashtra,Nashik,0,19.9366469,73.7296324,0,0,False,False
Tulasi Eye Hospital,Maharashtra,Nashik,0,19.987224,73.79615,0,0,False,False
Nerlikar Hospital And Research Centre,Maharashtra,Nashik,0,20.0112699,73.7606908,0,0,False,False
Chirayu Childrens Hospital,Maharashtra,Nashik,0,19.9702929,73.8301437,0,0,False,False
Criticare Hospital For Children,Maharashtra,Nashik,0,28.6101555,77.1144458,0,0,False,False
Jairam Hospitals And Research Centre Pvt Ltd,Maharashtra,Nashik,0,19.9974533,73.7898023,0,0,False,False
Om Hospital,Maharashtra,Nashik,0,19.9526325,73.8361676,0,0,False,False
Sujata Birla Hospital And Medical Research Centre,Maharashtra,Nashik,0,19.9588531,73.8314402,0,0,False,False
Gare Hospital,Maharashtra,Nashik,0,19.8530593,74.0006328,0,0,False,False
Parijat Hospital,Maharashtra,Nashik,0,19.669412,74.1583547,0,0,False,False
Siddhivinayak Super Speciality Hospital - Nasik,Maharashtra,Nashik,0,19.8530593,74.0006328,0,0,False,False
Yashwant Multispeciality Hospital Pvt Ltd,Maharashtra,Nashik,0,19.846848,73.9903262,0,0,False,False
Sneha Hospital,Maharashtra,Nashik,0,19.9974533,73.7898023,0,0,False,False
Dr.Joshi Hospital,Maharashtra,Nashik,0,19.8762883,73.8448469,0,0,False,False
Swadi Hospital,Maharashtra,Nashik,0,19.8762883,73.8448469,0,0,False,False
B. S. Bhandari Rotary Eye Hospital,Maharashtra,Nashik,0,20.5735503,74.509588,0,0,False,False
Balaji Accident Hospital,Maharashtra,Nashik,0,20.5547497,74.5100291,0,0,False,False
Bhamare Hospital - Malegaon-Camp,Maharashtra,Nashik,0,20.5561068,74.5248653,0,0,False,False
Anjani Hospital,Maharashtra,Nashik,0,20.6031151,74.1938657,0,0,False,False
Medicare Hospital and Critical Care Center,Maharashtra,Nashik,0,20.5547497,74.5100291,0,0,False,False
Susmit Nursing Home,Maharashtra,Nashik,0,20.5741672,74.508242,0,0,False,False
Vardhaman Nursing Home,Maharashtra,Nashik,0,19.9974533,73.7898023,0,0,False,False
Hearts Sanjivani Centre,Maharashtra,Nashik,0,19.9974533,73.7898023,0,0,False,False
Sonawane Hospital,Maharashtra,Nashik,0,20.0471229,74.4818698,0,0,False,False
Dr Shinde Hospital and Research Centre,Maharashtra,Nashik,0,20.0855931,74.0447003,0,0,False,False
Bhagawant Hospital,Maharashtra,Osmanabad,0,18.5407045,75.7734862,0,0,False,False
Girija Rugnalya,Maharashtra,Osmanabad,0,18.4608782,75.6586295,0,0,False,False
Khaire Hospital,Maharashtra,Osmanabad,0,18.4608782,75.6586295,0,0,False,False
Astha Hospital,Maharashtra,Osmanabad,0,18.5629021,76.0330259,0,0,False,False
Dwarka Hospital,Maharashtra,Osmanabad,0,18.5841902,76.0217831,0,0,False,False
Janki Hospital,Maharashtra,Osmanabad,0,18.010037,76.0710681,0,0,False,False
Makhane Hospital,Maharashtra,Osmanabad,0,17.9885116,76.3260992,0,0,False,False
Malba Hospital,Maharashtra,Osmanabad,0,18.1860659,76.0419409,0,0,False,False
Peshwe Hospital,Maharashtra,Osmanabad,0,18.010037,76.0710681,0,0,False,False
Yadav Nursing and Maternity Home - Tuljapur,Maharashtra,Osmanabad,0,9.9158723,78.1110476,0,0,False,False
Kanade Hopital,Maharashtra,Osmanabad,0,17.8154954,76.2416351,0,0,False,False
Shedge Hospital,Maharashtra,Osmanabad,0,17.8397675,76.6222433,0,0,False,False
Tawshikar Hospital,Maharashtra,Osmanabad,0,17.8349761,76.624771,0,0,False,False
Hanarge Hospital,Maharashtra,Osmanabad,0,17.9885116,76.3260992,0,0,False,False
Ashma Clinic,Maharashtra,Parbhani,0,19.2609958,76.776665,0,0,False,False
Deshmukh Hospital,Maharashtra,Parbhani,0,19.2609695,76.7747511,0,0,False,False
Dhanorkar Hospital - Parbhani,Maharashtra,Parbhani,0,19.2609958,76.776665,0,0,False,False
Godavari Hospital,Maharashtra,Parbhani,0,19.259248,76.779096,0,0,False,False
Mother Sai Maternity Home,Maharashtra,Parbhani,0,19.259248,76.779096,0,0,False,False
Onkar Netra Rugnalaya,Maharashtra,Parbhani,0,19.2576585,76.7735879,0,0,False,False
Ratnaprabha Dental Clinic,Maharashtra,Parbhani,0,19.2609695,76.7747511,0,0,False,False
Surya I.C.U. Swastik Chember Gavhane Road Parbhani,Maharashtra,Parbhani,0,19.2609958,76.776665,0,0,False,False
"Vimal Netralay, Vimal Lesar Centre",Maharashtra,Parbhani,0,19.2634515,76.766835,0,0,False,False
Chatrapati Shahu Hospital,Maharashtra,Parbhani,0,18.9768615,76.7524087,0,0,False,False
Ashwini Hospital,Maharashtra,Pune,0,18.7692034,73.3767641,0,0,False,False
"Akshay Medical Foundation, Lonavla",Maharashtra,Pune,0,18.7546171,73.4062342,0,0,False,False
Ashirwad Hospital,Maharashtra,Pune,0,12.9551113,77.5913344,0,0,False,False
Kamat Hospital- Lonavla,Maharashtra,Pune,0,18.7546171,73.4062342,0,0,False,False
Sanjivani Medical Foundation,Maharashtra,Pune,0,18.7546171,73.4062342,0,0,False,False
Saraswati Hospital,Maharashtra,Pune,0,18.7546171,73.4062342,0,0,False,False
Yash Hospital Lonavala,Maharashtra,Pune,0,18.7575255,73.422441,0,0,False,False
Anand Hospital,Maharashtra,Pune,0,18.7602664,73.8630346,0,0,False,False
Argade Hospital and Maternity Home,Maharashtra,Pune,0,18.762951,73.861252,0,0,False,False
Bhagawati Netralaya,Maharashtra,Pune,0,17.7195516,73.3968136,0,0,False,False
Core Hospital,Maharashtra,Pune,0,18.7602664,73.8630346,0,0,False,False
Dr Ghatkar Hospital,Maharashtra,Pune,0,17.7195516,73.3968136,0,0,False,False
Dr Gokull Hopital,Maharashtra,Pune,0,17.7195516,73.3968136,0,0,False,False
Dr Kedare Hospital- Rsby,Maharashtra,Pune,0,18.7454087,73.8507279,0,0,False,False
Dr Khade Hospital,Maharashtra,Pune,0,17.7195516,73.3968136,0,0,False,False
Dr Rahul V Raje,Maharashtra,Pune,0,17.7195516,73.3968136,0,0,False,False
Durvankur Hospital,Maharashtra,Pune,0,18.7552418,73.8538519,0,0,False,False
Saiseva Hospital,Maharashtra,Pune,0,18.7617858,73.8602751,0,0,False,False
Unicare Hospital - Chakan,Maharashtra,Pune,0,18.7602664,73.8630346,0,0,False,False
Dr. Mokashi Hospital,Maharashtra,Pune,0,19.2031842,73.87425,0,0,False,False
Junnarkar Hospital,Maharashtra,Pune,0,19.2031842,73.87425,0,0,False,False
Suryakant General Surgical Accident And Maternity,Maharashtra,Pune,0,19.2031842,73.87425,0,0,False,False
Tuljabhavani Hospital,Maharashtra,Pune,0,19.2031842,73.87425,0,0,False,False
Gade Hospital,Maharashtra,Pune,0,19.1132337,73.7326775,0,0,False,False
Bhosale Hospital,Maharashtra,Pune,0,19.2031842,73.87425,0,0,False,False
Dr Dole General Hospital,Maharashtra,Pune,0,19.2031842,73.87425,0,0,False,False
Vighnahar Nursing Homes,Maharashtra,Pune,0,19.2031842,73.87425,0,0,False,False
Hutatma Rajguru Hospital,Maharashtra,Pune,0,19.1471153,74.0300772,0,0,False,False
Sushrut Hospital,Maharashtra,Pune,0,18.6286266,73.8518209,0,0,False,False
The Bombay Mothers and Children Welfare Society,Maharashtra,Pune,0,18.8550308,73.8874991,0,0,False,False
Pawna Hospital,Maharashtra,Pune,0,18.5204303,73.8567437,0,0,False,False
Sanket Eye Clinic,Maharashtra,Pune,0,18.7391977,73.6830521,0,0,False,False
Harneswar Clinic,Maharashtra,Pune,0,18.7317333,73.6711454,0,0,False,False
Bhosle Hospital,Maharashtra,Pune,0,19.1132337,73.7326775,0,0,False,False
Shree Sai Shraddha Hospital - Rsby,Maharashtra,Pune,0,18.8887615,74.0711359,0,0,False,False
Ambekar Hospital,Maharashtra,Pune,0,18.5204303,73.8567437,0,0,False,False
Dr Meenu Agarwal Clinic,Maharashtra,Pune,0,18.5122306,73.88601,0,0,False,False
Dr Todkar Hospital,Maharashtra,Pune,0,18.5225987,73.8631581,0,0,False,False
Dr.Prakash Katariya Laser Cure,Maharashtra,Pune,0,18.4904527,73.9587593,0,0,False,False
Hitech Urology Institute(Dr.Kanitkar),Maharashtra,Pune,0,18.5204303,73.8567437,0,0,False,False
Indira Maternity Home,Maharashtra,Pune,0,18.5122306,73.88601,0,0,False,False
Karishma Speciality and Diagnostic Centre,Maharashtra,Pune,0,18.5120938,73.8793617,0,0,False,False
Kawedia Hospital - Pune,Maharashtra,Pune,0,18.5122306,73.88601,0,0,False,False
Marathe Nursing Home,Maharashtra,Pune,0,18.5038253,73.8188339,0,0,False,False
Moolanis Eye Care Centre,Maharashtra,Pune,0,18.5204303,73.8567437,0,0,False,False
Nm Wadia Institute Of Cardiology,Maharashtra,Pune,0,18.5204303,73.8567437,0,0,False,False
PHC Taregaon,Maharashtra,Pune,0,18.5204303,73.8567437,0,0,False,False
Poona Center For Womens Health,Maharashtra,Pune,0,18.5204303,73.8567437,0,0,False,False
Rahel Hospital,Maharashtra,Pune,0,18.5122306,73.88601,0,0,False,False
S. K. Lithotripsy Centre - Pune,Maharashtra,Pune,0,18.5349889,73.8761798,0,0,False,False
Sau Sindhutai Raut Memorial Surgicentre,Maharashtra,Pune,0,18.5189487,73.8777207,0,0,False,False
Shatayu Hospital,Maharashtra,Pune,0,18.4657633,73.862644,0,0,False,False
Shreenath Hospital,Maharashtra,Pune,0,18.5203044,73.9067552,0,0,False,False
Shreeyash Hospital,Maharashtra,Pune,0,18.5175566,73.84166,0,0,False,False
Siddhi Health Care Center,Maharashtra,Pune,0,18.5894736,73.8119573,0,0,False,False
Suraj Hospital,Maharashtra,Pune,0,18.482214,73.894429,0,0,False,False
Swayam Clinic Pvt. Ltd.,Maharashtra,Pune,0,18.5076406,73.8760505,0,0,False,False
Usha Nursing Home,Maharashtra,Pune,0,22.4821388,88.3380091,0,0,False,False
Vinay Clinic,Maharashtra,Pune,0,18.5204303,73.8567437,0,0,False,False
Yogeshwari Hospital and I C U,Maharashtra,Pune,0,18.4610303,74.5822095,0,0,False,False
Bora Hospital,Maharashtra,Pune,0,18.5204303,73.8567437,0,0,False,False
Dr Sanjeev Sharad Chandra Gokhale,Maharashtra,Pune,0,18.5104908,73.8461842,0,0,False,False
Dr. Patankar Medical Foundation,Maharashtra,Pune,0,18.5014304,73.8529332,0,0,False,False
Lohade Hospital,Maharashtra,Pune,0,18.6417909,73.7961718,0,0,False,False
Naik Hospital,Maharashtra,Pune,0,18.5681066,73.8508887,0,0,False,False
Panchsheel Hospital,Maharashtra,Pune,0,18.51443,73.869031,0,0,False,False
Purandare Hospital,Maharashtra,Pune,0,18.5155573,73.8619386,0,0,False,False
Ramchandra Day Care Centre,Maharashtra,Pune,0,18.5068375,73.8517363,0,0,False,False
Sangam Hospital,Maharashtra,Pune,0,18.478107,73.8612322,0,0,False,False
Shaikh Hospital,Maharashtra,Pune,0,20.9042201,74.7748979,0,0,False,False
Ashwini Hospital,Maharashtra,Pune,0,18.6297811,73.7997094,0,0,False,False
Deshpande Eye Clinic,Maharashtra,Pune,0,18.5164192,73.8505103,0,0,False,False
Mahashtra Dialysis Services Pvt Ltd,Maharashtra,Pune,0,18.6470187,73.8047339,0,0,False,False
Srinivas Children Hospital,Maharashtra,Pune,0,18.5680543,73.8508694,0,0,False,False
Accurate Diagnostics Pvt Ltd,Maharashtra,Pune,0,18.518329,73.8406428,0,0,False,False
Ameya Clinic,Maharashtra,Pune,0,18.5204303,73.8567437,0,0,False,False
Anand Hospital,Maharashtra,Pune,0,18.6537036,73.7645769,0,0,False,False
Biniwale Clinic,Maharashtra,Pune,0,18.4920458,74.0234863,0,0,False,False
Centre For Laproscopy Surgery,Maharashtra,Pune,0,18.5215001,73.8430316,0,0,False,False
Deenanath Mangeshkar Hospital and Research Centre,Maharashtra,Pune,0,18.5046033,73.8354133,0,0,False,False
Golwilkar Metropolis Heath Service (India) Pvt Ltd,Maharashtra,Pune,0,19.027805,72.852096,0,0,False,False
Gupte Hospital Of Accurate Diagnostics Pvt Ltd,Maharashtra,Pune,0,18.518329,73.8406428,0,0,False,False
Harmony Health Services,Maharashtra,Pune,0,18.507836,73.826545,0,0,False,False
Institute Of Urology,Maharashtra,Pune,0,18.5204303,73.8567437,0,0,False,False
Khares Eye Institute,Maharashtra,Pune,0,18.5204303,73.8567437,0,0,False,False
Lokmanya Hospital,Maharashtra,Pune,0,18.5204303,73.8567437,0,0,False,False
Mantri Hospital,Maharashtra,Pune,0,18.5046079,73.8374929,0,0,False,False
Nayanjyot Eye Clinic and Laser Centre,Maharashtra,Pune,0,18.5204303,73.8567437,0,0,False,False
Npil Dr Golwilkar Labs Pvt Ltd,Maharashtra,Pune,0,18.4920458,74.0234863,0,0,False,False
Phadke Hospital,Maharashtra,Pune,0,18.518352,73.843893,0,0,False,False
Poona Laser Center,Maharashtra,Pune,0,18.4913365,73.8183358,0,0,False,False
Sanjeevan Hospital,Maharashtra,Pune,0,18.5076495,73.8295031,0,0,False,False
Shree Medical Foundation Prayag Hospital,Maharashtra,Pune,0,18.5175566,73.84166,0,0,False,False
Shrikhande Clinic,Maharashtra,Pune,0,18.6543833,73.7667344,0,0,False,False
Z Y - Vision,Maharashtra,Pune,0,18.5247368,73.8408476,0,0,False,False
Bhide Clinic,Maharashtra,Pune,0,18.5287035,73.8500284,0,0,False,False
Dr. Karve Childrens Hospital,Maharashtra,Pune,0,18.5186146,73.8446565,0,0,False,False
Mmf-Joshi Hospital,Maharashtra,Pune,0,18.5308225,73.8474647,0,0,False,False
Nandadeep Hospital,Maharashtra,Pune,0,18.525484,73.8418577,0,0,False,False
National Institute Of Ophthalmology,Maharashtra,Pune,0,18.5308225,73.8474647,0,0,False,False
Oyster And Pearl Hospital Pvt Ltd,Maharashtra,Pune,0,18.5308225,73.8474647,0,0,False,False
Pandit Clinic,Maharashtra,Pune,0,18.5204303,73.8567437,0,0,False,False
Pune Fertility Center,Maharashtra,Pune,0,18.5308225,73.8474647,0,0,False,False
Sancheti Institute For Orthopedics And Rehabilitation,Maharashtra,Pune,0,18.5327435,73.8492515,0,0,False,False
Suman Nursing Home,Maharashtra,Pune,0,18.5308225,73.8474647,0,0,False,False
Wagh Eye Clinic,Maharashtra,Pune,0,18.5240989,73.8447579,0,0,False,False
Adarsh Nursing Home,Maharashtra,Pune,0,18.5628913,73.9367606,0,0,False,False
Amit Hospital,Maharashtra,Pune,0,18.5528779,73.8796368,0,0,False,False
Chaitanya Hospital,Maharashtra,Pune,0,18.5628913,73.9367606,0,0,False,False
Dr. Kiwalkars Medicare Centre,Maharashtra,Pune,0,18.5718751,73.8788907,0,0,False,False
Kataria Hospital,Maharashtra,Pune,0,18.5521138,73.8964601,0,0,False,False
Komal Nursing Home,Maharashtra,Pune,0,18.5204303,73.8567437,0,0,False,False
Nikhil Polyclinic,Maharashtra,Pune,0,18.5604846,73.8956575,0,0,False,False
Om Prasuti Graha,Maharashtra,Pune,0,18.5649544,73.8876896,0,0,False,False
Rutu Anand Hospital,Maharashtra,Pune,0,18.5527212,73.8896445,0,0,False,False
"Shree Hospital, Mansion",Maharashtra,Pune,0,18.5533266,73.8990293,0,0,False,False
Disha Diagnostic Center,Maharashtra,Pune,0,18.558007,73.8075201,0,0,False,False
Dr Purohit Hospital,Maharashtra,Pune,0,18.5204303,73.8567437,0,0,False,False
Kotbagi Hospital,Maharashtra,Pune,0,18.5621228,73.8050191,0,0,False,False
Parmar Multi Speciality Hospital and Maternity Home,Maharashtra,Pune,0,18.558007,73.8075201,0,0,False,False
Sai Shree Orthopaedic Super Speciality And Joint Replacement Centre,Maharashtra,Pune,0,18.5204303,73.8567437,0,0,False,False
Shaswat Hospital,Maharashtra,Pune,0,18.5644768,73.8129974,0,0,False,False
Surya Netralaya,Maharashtra,Pune,0,18.558007,73.8075201,0,0,False,False
Asha Dental Clinic,Maharashtra,Pune,0,18.5204303,73.8567437,0,0,False,False
Dr. Ashok Parakh,Maharashtra,Pune,0,18.4775848,73.8572817,0,0,False,False
Samarth Hospital- Pune,Maharashtra,Pune,0,18.478897,73.853864,0,0,False,False
Shahade Hospital,Maharashtra,Pune,0,18.497768,73.8534729,0,0,False,False
Siddhant Maternity Home,Maharashtra,Pune,0,18.4775848,73.8572817,0,0,False,False
Spandan Hospital and Research Center,Maharashtra,Pune,0,18.4921392,73.8572588,0,0,False,False
Dugad Hospital Pvt Ltd,Maharashtra,Pune,0,18.4910978,73.8581298,0,0,False,False
Infedis Diagnostic Center,Maharashtra,Pune,0,18.5228706,73.8674907,0,0,False,False
King Edward Memorial Hospital (Kem Hospital),Maharashtra,Pune,0,18.519888,73.867026,0,0,False,False
Samarth Hospital,Maharashtra,Pune,0,18.5204303,73.8567437,0,0,False,False
Shri Samarth Hospital,Maharashtra,Pune,0,18.5186996,73.8681144,0,0,False,False
Surya Hospital,Maharashtra,Pune,0,18.5258965,73.8610191,0,0,False,False
Swasthya Hospital,Maharashtra,Pune,0,18.4360474,74.464639,0,0,False,False
Lunkad Hospital,Maharashtra,Pune,0,18.5572314,73.7750253,0,0,False,False
Moraya Hospital,Maharashtra,Pune,0,18.5129229,74.3997976,0,0,False,False
Fatima Convent Sahyadri Clinic,Maharashtra,Pune,0,18.5042104,73.9014439,0,0,False,False
Gandhi Accident and General Hospital,Maharashtra,Pune,0,18.5204303,73.8567437,0,0,False,False
Janam Nursing Home,Maharashtra,Pune,0,18.5204303,73.8567437,0,0,False,False
Noble Hospital Pvt Ltd,Maharashtra,Pune,0,18.504991,73.9272,0,0,False,False
Tanmay Nursing Home,Maharashtra,Pune,0,18.9685541,72.8248598,0,0,False,False
Umarji Hospital,Maharashtra,Pune,0,18.5083204,73.8567002,0,0,False,False
Agarwal Maternity And General Hospital,Maharashtra,Pune,0,18.5204303,73.8567437,0,0,False,False
Apple Dentl Clinic,Maharashtra,Pune,0,18.567929,73.9143179,0,0,False,False
Diagnopoint Polyclinic and Diagnostic,Maharashtra,Pune,0,18.5551442,73.9062243,0,0,False,False
Dr. Bumb Nursing Home,Maharashtra,Pune,0,18.5551442,73.9062243,0,0,False,False
Jeewan Jyot Hospital,Maharashtra,Pune,0,18.5628913,73.9367606,0,0,False,False
K. K. Hospital - Pune,Maharashtra,Pune,0,22.8647723,88.36326,0,0,False,False
Kirad Nursing Home and Critical Care Centre,Maharashtra,Pune,0,19.2197644,72.8332763,0,0,False,False
Kohakade Hospital,Maharashtra,Pune,0,18.5628913,73.9367606,0,0,False,False
Mamta Clinic and Nursing Home,Maharashtra,Pune,0,18.1841352,74.6107628,0,0,False,False
Rakshak Hospital,Maharashtra,Pune,0,18.5661226,73.9461312,0,0,False,False
Salunke Hospital,Maharashtra,Pune,0,18.5572414,73.9252534,0,0,False,False
Seva Hospital and Maternity Home,Maharashtra,Pune,0,18.5494244,73.9148476,0,0,False,False
Shree Tirupati Health Care,Maharashtra,Pune,0,18.5551442,73.9062243,0,0,False,False
Takawale Accident and Multi Speciality Hospital,Maharashtra,Pune,0,18.5628913,73.9367606,0,0,False,False
Kedarnath General Hospital,Maharashtra,Pune,0,18.5726054,73.8782079,0,0,False,False
Cure Spects Eye Care Laser Ltd,Maharashtra,Pune,0,18.5204303,73.8567437,0,0,False,False
Dr. Kulkarni Dental Centre,Maharashtra,Pune,0,18.5628913,73.9367606,0,0,False,False
Joglekar Hospital,Maharashtra,Pune,0,18.5344591,73.834541,0,0,False,False
Medilaser Eye Clinic - Pune,Maharashtra,Pune,0,18.5106223,73.817676,0,0,False,False
Punarvasu Chikitsalaya,Maharashtra,Pune,0,18.5324846,73.8374954,0,0,False,False
Ratna Memorial Hospital,Maharashtra,Pune,0,18.5273647,73.8299115,0,0,False,False
Seth Ramdas Shah Memorial Hospital .,Maharashtra,Pune,0,18.5347694,73.8294889,0,0,False,False
Amrut Hospital,Maharashtra,Pune,0,18.6239079,73.8124984,0,0,False,False
Anjali Hospital,Maharashtra,Pune,0,18.6297811,73.7997094,0,0,False,False
Ashwini Nursing Home,Maharashtra,Pune,0,18.6308433,73.8253687,0,0,False,False
Atharva Diagnostic Center,Maharashtra,Pune,0,18.5204303,73.8567437,0,0,False,False
Devadhar Nursing Home,Maharashtra,Pune,0,18.6297811,73.7997094,0,0,False,False
Eyelight Laser and Eye Care Pvt Ltd,Maharashtra,Pune,0,18.6297811,73.7997094,0,0,False,False
Kaushal Hospital,Maharashtra,Pune,0,18.6191874,73.7976431,0,0,False,False
Medlife Multispeciality Hospital and Icu,Maharashtra,Pune,0,18.6214616,73.7917933,0,0,False,False
Natasha Nursing Home,Maharashtra,Pune,0,18.6239079,73.8124984,0,0,False,False
Siddhi Hospital,Maharashtra,Pune,0,18.6191874,73.7976431,0,0,False,False
Avanti Nursing Home,Maharashtra,Pune,0,18.6333109,73.8066901,0,0,False,False
Dr Patil Ent Hospital,Maharashtra,Pune,0,18.6297811,73.7997094,0,0,False,False
Life Care Hospital,Maharashtra,Pune,0,18.655508,73.7951176,0,0,False,False
Padam.Dr.D.Y.Patil Hospital and Research Centre,Maharashtra,Pune,0,18.6297811,73.7997094,0,0,False,False
Pimpri Chinchwad (Pcip) Institute Of Paediatrics,Maharashtra,Pune,0,18.6246689,73.8041538,0,0,False,False
Prem Clinic and Hospital,Maharashtra,Pune,0,18.6333643,73.8058199,0,0,False,False
Swaminathan Clinic,Maharashtra,Pune,0,18.5204303,73.8567437,0,0,False,False
Ashwini Hospital and Endoscopy Centre,Maharashtra,Pune,0,18.6670485,73.7885764,0,0,False,False
"Chetana Hospital, Pune",Maharashtra,Pune,0,18.6601954,73.7972413,0,0,False,False
Dhanashree Hospital,Maharashtra,Pune,0,18.6297811,73.7997094,0,0,False,False
Harsh Eye Clinic,Maharashtra,Pune,0,18.6297811,73.7997094,0,0,False,False
"Kabre Orthopedic, Spine and Dental Center",Maharashtra,Pune,0,18.645919,73.800734,0,0,False,False
Kusum Memorial Hospital,Maharashtra,Pune,0,18.634178,73.787352,0,0,False,False
Mayur Hospital,Maharashtra,Pune,0,18.6456989,73.7970801,0,0,False,False
Medicure Hospital,Maharashtra,Pune,0,18.6395989,73.8344614,0,0,False,False
Sushrut Hospital,Maharashtra,Pune,0,18.641412,73.7872398,0,0,False,False
Unique Childrens Hospital,Maharashtra,Pune,0,18.6297811,73.7997094,0,0,False,False
Jeevan Deep Medicare Centre,Maharashtra,Pune,0,18.5430129,73.7844221,0,0,False,False
Om Hospital,Maharashtra,Pune,0,18.5188214,73.7791386,0,0,False,False
Prakash Netralaya,Maharashtra,Pune,0,18.5425266,73.790782,0,0,False,False
Vitalife Clinic,Maharashtra,Pune,0,18.542673,73.7896728,0,0,False,False
Sayali Nursing Home,Maharashtra,Pune,0,18.4662047,73.7822782,0,0,False,False
Bhakti Hospital,Maharashtra,Pune,0,18.5894736,73.8119573,0,0,False,False
Dr Makan Surgical Maternity And Accident Hospital,Maharashtra,Pune,0,18.6473329,73.7766373,0,0,False,False
Om Netralaya Eye Clinic,Maharashtra,Pune,0,18.5204303,73.8567437,0,0,False,False
Prathamesh Hospital,Maharashtra,Pune,0,18.5734987,73.818878,0,0,False,False
S P Deshpande Eye Clinic,Maharashtra,Pune,0,18.5204303,73.8567437,0,0,False,False
Abane Hospital,Maharashtra,Pune,0,18.5089197,73.9260261,0,0,False,False
Alatkar Hospital,Maharashtra,Pune,0,18.5089197,73.9260261,0,0,False,False
Ayurved Rugnalaya,Maharashtra,Pune,0,18.5089197,73.9260261,0,0,False,False
Dr Pawar Nursing Home,Maharashtra,Pune,0,18.5089197,73.9260261,0,0,False,False
Dr.Vaidya Hospital,Maharashtra,Pune,0,18.5089197,73.9260261,0,0,False,False
H. V. Desai Eye Hospital / Pbma H.V.Desai Eye Hospital,Maharashtra,Pune,0,18.5221806,73.9683289,0,0,False,False
Kausalya Hospital,Maharashtra,Pune,0,18.5043882,73.9199564,0,0,False,False
Mams Sumatibhai Shah Ayurved Mahavidyalayas,Maharashtra,Pune,0,18.5089197,73.9260261,0,0,False,False
"Mohintara Hospital, Hadapsar",Maharashtra,Pune,0,18.5089197,73.9260261,0,0,False,False
Mohite Eye Hospital,Maharashtra,Pune,0,18.5089197,73.9260261,0,0,False,False
Navjeewan Hospital,Maharashtra,Pune,0,18.50192,73.931769,0,0,False,False
Remedy Hospital,Maharashtra,Pune,0,18.5204303,73.8567437,0,0,False,False
Sahyadri Hospital Hadapsar,Maharashtra,Pune,0,18.5043882,73.9199564,0,0,False,False
Sane Guruji Arogya Kendra,Maharashtra,Pune,0,18.5053012,73.9389213,0,0,False,False
Sanjeevani Nursing Home,Maharashtra,Pune,0,18.500594,73.93844,0,0,False,False
Shraddha Hospital,Maharashtra,Pune,0,18.5089197,73.9260261,0,0,False,False
Sunita Nursing Home,Maharashtra,Pune,0,18.5204303,73.8567437,0,0,False,False
Ushakiran General Hospital,Maharashtra,Pune,0,18.5089197,73.9260261,0,0,False,False
Vaibhavi Hospital and Intensive Care Unit,Maharashtra,Pune,0,18.5089197,73.9260261,0,0,False,False
"Welfare Medical Foundatios, Mohintara Hospital",Maharashtra,Pune,0,18.5089197,73.9260261,0,0,False,False
Zenith Hospital,Maharashtra,Pune,0,18.5013128,73.9301982,0,0,False,False
Ashakiran Hospital,Maharashtra,Pune,0,18.5164168,73.8536823,0,0,False,False
Chinmay Institute Of Paediatrics,Maharashtra,Pune,0,18.506821,73.840436,0,0,False,False
City Medical Centre,Maharashtra,Pune,0,18.5204303,73.8567437,0,0,False,False
Dr Valhavankar Eye Clinic and Speciality Hos,Maharashtra,Pune,0,18.5166153,73.8516306,0,0,False,False
Dr. Dakes Institute For Sight,Maharashtra,Pune,0,18.4762533,73.830703,0,0,False,False
Dr.Pawar Eye Hospital,Maharashtra,Pune,0,18.5091948,73.8449233,0,0,False,False
Global Hospital and Research Institute,Maharashtra,Pune,0,18.6352548,73.5667744,0,0,False,False
Godbole Hospital,Maharashtra,Pune,0,18.5204303,73.8567437,0,0,False,False
Manoj Clinic / Gore Hospital,Maharashtra,Pune,0,18.5097622,73.8495203,0,0,False,False
Ram Krishna Hospital,Maharashtra,Pune,0,18.509464,73.8482429,0,0,False,False
Shrendkar Healthcare and Hospitality Services Private Limited,Maharashtra,Pune,0,18.4660941,73.8168021,0,0,False,False
Vibhute Hospital,Maharashtra,Pune,0,18.5083218,73.8465648,0,0,False,False
Ankur Nursing Home,Maharashtra,Pune,0,18.5204303,73.8567437,0,0,False,False
Ashwin Medical Foundations Moraya Hospital,Maharashtra,Pune,0,18.6297811,73.7997094,0,0,False,False
Bhoir Hospital,Maharashtra,Pune,0,18.6297811,73.7997094,0,0,False,False
Bindu Nursing Home,Maharashtra,Pune,0,18.5977841,73.8143365,0,0,False,False
Dristi Deep Eye Clinic,Maharashtra,Pune,0,18.6297811,73.7997094,0,0,False,False
Lokmanya Hospital,Maharashtra,Pune,0,18.6417909,73.7961718,0,0,False,False
Minerva Hospital and Research Center,Maharashtra,Pune,0,18.6297811,73.7997094,0,0,False,False
Om Shree Swami Samarth Hospital,Maharashtra,Pune,0,18.6297811,73.7997094,0,0,False,False
Panwalkar Maternity and Nursing Home,Maharashtra,Pune,0,18.6297811,73.7997094,0,0,False,False
Spandan Hospital,Maharashtra,Pune,0,18.7647497,74.9267229,0,0,False,False
Super Tech Hospital,Maharashtra,Pune,0,18.6297811,73.7997094,0,0,False,False
Ushakiran Eye Hospital,Maharashtra,Pune,0,18.6141133,73.7726814,0,0,False,False
Dalvi Hospital,Maharashtra,Pune,0,18.5204303,73.8567437,0,0,False,False
Dr Namdeorao Shinde Ruganalaya,Maharashtra,Pune,0,18.5204303,73.8567437,0,0,False,False
Dr Sarwat Hospital,Maharashtra,Pune,0,18.4770906,73.8906869,0,0,False,False
Dr. Bhalerao Ent Hospital,Maharashtra,Pune,0,18.5204303,73.8567437,0,0,False,False
Paras Polyclinic and General Hospital,Maharashtra,Pune,0,18.6363761,73.777192,0,0,False,False
Patil Hospital General and Eye Hospital,Maharashtra,Pune,0,18.6504839,73.7785786,0,0,False,False
Pirangut General Hospital,Maharashtra,Pune,0,18.5010536,73.5137654,0,0,False,False
Prathmesh Hospital,Maharashtra,Pune,0,18.5635511,73.9325552,0,0,False,False
Sai General Hospital,Maharashtra,Pune,0,19.988609,73.79288,0,0,False,False
Shiv Ganga Hospital,Maharashtra,Pune,0,18.5204303,73.8567437,0,0,False,False
Shri Krishna Hospital,Maharashtra,Pune,0,18.8272478,74.3730083,0,0,False,False
Shubham Hospital and Maternity Home,Maharashtra,Pune,0,18.8272478,74.3730083,0,0,False,False
Sparkle Dental Clinic,Maharashtra,Pune,0,18.5204303,73.8567437,0,0,False,False
Vinayak Hospital,Maharashtra,Pune,0,18.5484975,73.7733572,0,0,False,False
Ankur Hospital and Diagnostic,Maharashtra,Pune,0,18.4957425,73.8611312,0,0,False,False
Desai Accident and General Hospital,Maharashtra,Pune,0,18.63671,73.769192,0,0,False,False
Dr. Tekawade Eye Clinic,Maharashtra,Pune,0,18.4775848,73.8572817,0,0,False,False
Gultekdi Nursing and Maternity Home,Maharashtra,Pune,0,18.4876541,73.8683697,0,0,False,False
Harsh Hospital,Maharashtra,Pune,0,18.4807063,73.8674808,0,0,False,False
Karne Hospital Pvt Ltd,Maharashtra,Pune,0,18.4775848,73.8572817,0,0,False,False
Mothercare Hospital,Maharashtra,Pune,0,18.5204303,73.8567437,0,0,False,False
Pune Adventist Hospital,Maharashtra,Pune,0,18.5204303,73.8567437,0,0,False,False
Ranka Hospital,Maharashtra,Pune,0,18.4957425,73.8611312,0,0,False,False
Rao Nursing Home,Maharashtra,Pune,0,18.4775848,73.8572817,0,0,False,False
Shree Balaji Eye Hospital,Maharashtra,Pune,0,18.4910978,73.8581298,0,0,False,False
Vinnayak Hospital,Maharashtra,Pune,0,18.5204303,73.8567437,0,0,False,False
Anand Medical Foundation Subudh Hospital,Maharashtra,Pune,0,18.4893244,73.8679694,0,0,False,False
Asha Polyclinic,Maharashtra,Pune,0,18.5204303,73.8567437,0,0,False,False
Borse Hospital,Maharashtra,Pune,0,18.5084726,73.7913104,0,0,False,False
Deep Eye Hospital,Maharashtra,Pune,0,18.5204303,73.8567437,0,0,False,False
Deoyani Hospital - Pune,Maharashtra,Pune,0,18.4956151,73.8110279,0,0,False,False
Jeevan Sadhana Clinic - Pune,Maharashtra,Pune,0,18.5049441,73.825292,0,0,False,False
Jog Hospital,Maharashtra,Pune,0,18.5091826,73.8216789,0,0,False,False
Kamal Netra Rugnalaya,Maharashtra,Pune,0,18.4950677,73.8122717,0,0,False,False
Kothrud Eye Clinic,Maharashtra,Pune,0,18.5050171,73.7654974,0,0,False,False
Nayan Tara Eye Clinic,Maharashtra,Pune,0,18.5011479,73.825324,0,0,False,False
Subudh Hospital and Research Center,Maharashtra,Pune,0,18.5021416,73.8134371,0,0,False,False
Sunny Nursing Home,Maharashtra,Pune,0,18.5073985,73.8076504,0,0,False,False
Suryaprabha Nursing Home,Maharashtra,Pune,0,18.5062206,73.8088221,0,0,False,False
Vinayak Netralaya - Pune,Maharashtra,Pune,0,18.5108454,73.8182008,0,0,False,False
Anand Hospital,Maharashtra,Pune,0,18.6771816,73.8499421,0,0,False,False
Burute Hospital,Maharashtra,Pune,0,18.5204303,73.8567437,0,0,False,False
Dr Raskar Eye Hospital,Maharashtra,Pune,0,18.6268308,73.8640059,0,0,False,False
Lifeline Hospital,Maharashtra,Pune,0,18.6385292,73.8477874,0,0,False,False
Mankikar Hospital For Children and Lab,Maharashtra,Pune,0,18.6218553,73.8508352,0,0,False,False
Pataskar Hospital,Maharashtra,Pune,0,18.6286266,73.8518209,0,0,False,False
Patil Eye Hospital,Maharashtra,Pune,0,19.95437,73.830506,0,0,False,False
Phoenix Hospital,Maharashtra,Pune,0,18.6141133,73.7726814,0,0,False,False
Pritam Hospital,Maharashtra,Pune,0,18.6162182,73.8487527,0,0,False,False
Saidham Hospital,Maharashtra,Pune,0,18.6195835,73.8501883,0,0,False,False
Sainath Orthopaedic Hospital,Maharashtra,Pune,0,18.6207784,73.8505578,0,0,False,False
Swastik Dental Care,Maharashtra,Pune,0,18.5204303,73.8567437,0,0,False,False
"Grant Medical Foundation, Ruby Hall Clinic - Wanowarie - Pune",Maharashtra,Pune,0,18.4858699,73.9058534,0,0,False,False
Smiles Dental Speciality and Implant Centre,Maharashtra,Pune,0,18.4828904,73.9016832,0,0,False,False
Atole Accident Hospital,Maharashtra,Pune,0,18.1661487,74.5970527,0,0,False,False
Dr Patil Eye Clinic and Hospital,Maharashtra,Pune,0,18.5204303,73.8567437,0,0,False,False
Indira Nursing Home,Maharashtra,Pune,0,18.5010536,73.5137654,0,0,False,False
Pune Diagnostic Center,Maharashtra,Pune,0,18.5090808,73.8730012,0,0,False,False
Sai Diagnostic Center,Maharashtra,Pune,0,18.5019469,73.8662917,0,0,False,False
Sharda Clinic,Maharashtra,Pune,0,18.501036,73.8668409,0,0,False,False
Shushrusha Dr Lalbegi General and Maternity Home,Maharashtra,Pune,0,18.5010536,73.5137654,0,0,False,False
Bharati Hospital And Research Center,Maharashtra,Pune,0,18.462123,73.8582062,0,0,False,False
Bvmfs Bharti Hospital and Research Center,Maharashtra,Pune,0,18.457314,73.852319,0,0,False,False
Dr Patwardhan Hospital,Maharashtra,Pune,0,18.4650919,73.8553898,0,0,False,False
Pawar Hospital,Maharashtra,Pune,0,18.4616211,73.8505315,0,0,False,False
Unity Ortho And Eye Hospital - Pune,Maharashtra,Pune,0,18.4775848,73.8572817,0,0,False,False
Vimal Nursing Home,Maharashtra,Pune,0,18.4775848,73.8572817,0,0,False,False
Ameya Netralaya (Eye Hospital),Maharashtra,Pune,0,19.0429578,72.8417775,0,0,False,False
Anand Hospital Managed By Foresight Hospital,Maharashtra,Pune,0,18.6485756,73.7647023,0,0,False,False
Badade Hospital,Maharashtra,Pune,0,19.1168918,72.9103201,0,0,False,False
Dhanwantari Hospital,Maharashtra,Pune,0,18.6557419,73.7735328,0,0,False,False
Gandhi Nursing Home,Maharashtra,Pune,0,18.6517098,73.7683784,0,0,False,False
Lokmanya Hospital Pvt Ltd,Maharashtra,Pune,0,18.6566144,73.7744601,0,0,False,False
Morya Clinic,Maharashtra,Pune,0,18.6297811,73.7997094,0,0,False,False
Ranna Danappa Nursing Home,Maharashtra,Pune,0,18.6516718,73.8428592,0,0,False,False
Varma Ortho - Surgical Centre,Maharashtra,Pune,0,18.6436478,73.7570787,0,0,False,False
Nityanand Rehabilitation and Residential Mental Heal,Maharashtra,Pune,0,18.4575324,73.8677464,0,0,False,False
Sai Sneh Hospital and Diagnostic Centre Pvt Ltd,Maharashtra,Pune,0,18.4575324,73.8677464,0,0,False,False
Dr Prasanna R Bhanare Dental Clinic and Implant Center,Maharashtra,Pune,0,18.5204303,73.8567437,0,0,False,False
Saiseva Nursing Home,Maharashtra,Pune,0,18.5204303,73.8567437,0,0,False,False
Bhandari Maternity and Nursing Home,Maharashtra,Pune,0,18.4777968,73.8213213,0,0,False,False
Chinchanikar Hospital,Maharashtra,Pune,0,18.4828427,73.8271901,0,0,False,False
Jagtap Hospital,Maharashtra,Pune,0,18.5204303,73.8567437,0,0,False,False
Madhukar General Hospital,Maharashtra,Pune,0,18.4751062,73.8224587,0,0,False,False
Prachiti Hospital and Research Center,Maharashtra,Pune,0,18.4828427,73.8271901,0,0,False,False
Shree Sai Retina And Eye Care Center - Pune,Maharashtra,Pune,0,18.4745833,73.8221167,0,0,False,False
Chaitanya Centre For Psychological Help,Maharashtra,Pune,0,18.4864727,73.796834,0,0,False,False
Dental Clinic,Maharashtra,Pune,0,18.4897587,73.8202962,0,0,False,False
Khenat Hospital and Maternity Home,Maharashtra,Pune,0,18.4914674,73.8253649,0,0,False,False
Vivekanand Medical Foundations Dr Khenat Hospital and Maternity Home,Maharashtra,Pune,0,18.4914674,73.8253649,0,0,False,False
Lifepoint Multispeciality Hospital,Maharashtra,Pune,0,18.5989428,73.7652715,0,0,False,False
Polaris Health Care,Maharashtra,Pune,0,18.6029022,73.7645568,0,0,False,False
Chaitanya Hospital,Maharashtra,Pune,0,18.505764,73.8160866,0,0,False,False
Kulkarni Hospital and Diagnostic Centre,Maharashtra,Pune,0,18.5204303,73.8567437,0,0,False,False
Lodha Hospital,Maharashtra,Pune,0,18.4869119,73.7994922,0,0,False,False
Bansal Hospital,Maharashtra,Pune,0,18.6806652,73.7313697,0,0,False,False
Ashwin Hospital,Maharashtra,Pune,0,18.4775848,73.8572817,0,0,False,False
Rukhmini Maternity and Nursing Home,Maharashtra,Pune,0,18.1841352,74.6107628,0,0,False,False
Shri Ram Hospital - Rsby,Maharashtra,Pune,0,18.1260908,74.3880929,0,0,False,False
Shinde Hospital,Maharashtra,Pune,0,18.4752603,73.9577445,0,0,False,False
Sainath Hospital,Maharashtra,Pune,0,18.6501684,73.8503667,0,0,False,False
Shri Sai Hospital,Maharashtra,Pune,0,18.6783977,73.8992014,0,0,False,False
Matoshri Hospital.,Maharashtra,Pune,0,18.6825338,73.7320188,0,0,False,False
Maval Hospital.,Maharashtra,Pune,0,18.7281047,73.6538005,0,0,False,False
Sinhagad Hospital Pvt. Ltd. Md Kings Multi Speciality Hospital.,Maharashtra,Pune,0,18.4615757,73.8169099,0,0,False,False
Dr Marathe Hospital - Rsby,Maharashtra,Pune,0,18.4850053,74.0711359,0,0,False,False
Nisargopchar Gramsudhar Trust,Maharashtra,Pune,0,18.4874257,74.1333715,0,0,False,False
Baravkar Hospital,Maharashtra,Pune,0,18.4592892,74.5873348,0,0,False,False
Mohan General Hospital - Daund,Maharashtra,Pune,0,18.4592892,74.5873348,0,0,False,False
Om General Hospital and Matarnity Home,Maharashtra,Pune,0,18.4592892,74.5873348,0,0,False,False
Parth Hospital,Maharashtra,Pune,0,18.4592892,74.5873348,0,0,False,False
Thorat Hospital,Maharashtra,Pune,0,18.4592892,74.5873348,0,0,False,False
Leela Gulab Hospital,Maharashtra,Pune,0,18.1841352,74.6107628,0,0,False,False
Burande Hospital,Maharashtra,Pune,0,18.1458199,73.8429847,0,0,False,False
Shubhangad Goregaonkar Smruti Rugnalaya,Maharashtra,Pune,0,18.1458199,73.8429847,0,0,False,False
Ankur Hospital,Maharashtra,Pune,0,18.8272478,74.3730083,0,0,False,False
Anmol Jeevan Hospital,Maharashtra,Pune,0,18.8272478,74.3730083,0,0,False,False
Dhamdhere Hospital,Maharashtra,Pune,0,18.6647409,74.1084322,0,0,False,False
Jijamata Hospital,Maharashtra,Pune,0,18.5628913,73.9367606,0,0,False,False
Shinde Hospital,Maharashtra,Pune,0,18.4592892,74.5873348,0,0,False,False
Shrikrishna Hospital,Maharashtra,Pune,0,18.8272478,74.3730083,0,0,False,False
Narwade Hospital,Maharashtra,Pune,0,18.8272478,74.3730083,0,0,False,False
Shree Mahaganpati Hospital,Maharashtra,Pune,0,16.0993242,75.7822057,0,0,False,False
"Bhakti Hospital - Sanaswadi,Pune",Maharashtra,Pune,0,18.8272478,74.3730083,0,0,False,False
Dr. Konde Hospital.,Maharashtra,Pune,0,18.8272478,74.3730083,0,0,False,False
Harde Hospital and Maternity Home,Maharashtra,Pune,0,18.8272478,74.3730083,0,0,False,False
Jijamata Hospital,Maharashtra,Pune,0,18.8272478,74.3730083,0,0,False,False
Matruchhaya Hospital,Maharashtra,Pune,0,16.9529766,82.2471715,0,0,False,False
Meera Nursing Home,Maharashtra,Pune,0,18.8272478,74.3730083,0,0,False,False
Nityaseva Hospital,Maharashtra,Pune,0,18.8259051,74.3752419,0,0,False,False
R.M. Dhariwal Foundation's Matoshree Madanbai Dhariwal Hospital,Maharashtra,Pune,0,18.5282786,73.8470523,0,0,False,False
Ravi Clinic and General Hospital,Maharashtra,Pune,0,18.5204303,73.8567437,0,0,False,False
Vighnaharta Multispeciality Hospital,Maharashtra,Pune,0,18.8272478,74.3730083,0,0,False,False
Walunj Hospital,Maharashtra,Pune,0,18.8259051,74.3752419,0,0,False,False
Shree Dhanwantari Hospital,Maharashtra,Pune,0,18.8272478,74.3730083,0,0,False,False
Onkar Hospital,Maharashtra,Pune,0,18.8272478,74.3730083,0,0,False,False
Rakshak Hospital,Maharashtra,Pune,0,18.8272478,74.3730083,0,0,False,False
Thite Hospital,Maharashtra,Pune,0,18.5628913,73.9367606,0,0,False,False
Langhe Hospital - Rsby,Maharashtra,Pune,0,18.8298159,74.1355267,0,0,False,False
Divekar Hospital,Maharashtra,Pune,0,18.5204303,73.8567437,0,0,False,False
Shree Ganesh Hospital,Maharashtra,Pune,0,18.4592892,74.5873348,0,0,False,False
Chintamani Hospital,Maharashtra,Pune,0,18.5204303,73.8567437,0,0,False,False
Dalvi Hospital.,Maharashtra,Pune,0,18.5204303,73.8567437,0,0,False,False
Dr. Mainkar Hospital,Maharashtra,Pune,0,18.3520712,74.0329499,0,0,False,False
Nalawade Hospital,Maharashtra,Pune,0,18.5065751,73.9586957,0,0,False,False
Shivam Hospital,Maharashtra,Pune,0,18.4726725,73.9784573,0,0,False,False
Suraj Hospital,Maharashtra,Pune,0,18.5076608,73.9587061,0,0,False,False
Adhar Hospital,Maharashtra,Pune,0,18.5204303,73.8567437,0,0,False,False
Dongre Hospital,Maharashtra,Pune,0,19.0514747,73.8327676,0,0,False,False
Potnis Hospital- Rsby,Maharashtra,Pune,0,19.0436986,73.8330844,0,0,False,False
Dr. Gaikar Hospital,Maharashtra,Pune,0,19.2031842,73.87425,0,0,False,False
Dr. Phapale Hospital,Maharashtra,Pune,0,19.2031842,73.87425,0,0,False,False
Dr. Wetal Hospital,Maharashtra,Pune,0,19.2031842,73.87425,0,0,False,False
K.E.M. Hospital,Maharashtra,Pune,0,18.5454274,73.8855605,0,0,False,False
Shanti Hospital,Maharashtra,Pune,0,19.2031842,73.87425,0,0,False,False
Anuchandra Accidnt Hospital,Maharashtra,Pune,0,18.1841352,74.6107628,0,0,False,False
Bobade Accident Hospital,Maharashtra,Pune,0,18.5204303,73.8567437,0,0,False,False
Deokate Hospital,Maharashtra,Pune,0,18.5204303,73.8567437,0,0,False,False
Dhanvantary Hospital - Rsby,Maharashtra,Pune,0,18.0556093,74.4848003,0,0,False,False
Dhulabapu Kokare Memorial Hospital,Maharashtra,Pune,0,18.1841352,74.6107628,0,0,False,False
Dr. Jedhe Balrugnalaya,Maharashtra,Pune,0,18.1841352,74.6107628,0,0,False,False
Giri Raj Hospital and Intensive Care Unit,Maharashtra,Pune,0,18.1435037,74.5737416,0,0,False,False
Kamal Drishti Eye Center,Maharashtra,Pune,0,18.1486231,74.574795,0,0,False,False
Krishna Drishti Eye Hospital,Maharashtra,Pune,0,18.1841352,74.6107628,0,0,False,False
Mehta Nursing Home,Maharashtra,Pune,0,18.1841352,74.6107628,0,0,False,False
Niramay Medical Foundation and Research Centre Pvt. Ltd.,Maharashtra,Pune,0,18.1547039,74.5806179,0,0,False,False
Niranjan Nursing Home (Atole Hospital),Maharashtra,Pune,0,18.1841352,74.6107628,0,0,False,False
Shivanandan Polyclinic,Maharashtra,Pune,0,18.1841352,74.6107628,0,0,False,False
Shri Sai Eye Hospital,Maharashtra,Pune,0,18.1486231,74.574795,0,0,False,False
Shripal Hospital,Maharashtra,Pune,0,18.1578373,74.5680226,0,0,False,False
Sunjeevan Nursng Home,Maharashtra,Pune,0,18.1483143,74.5739472,0,0,False,False
Yashdeep Eye Hospital,Maharashtra,Pune,0,18.1841352,74.6107628,0,0,False,False
Yashshree Nursing Home,Maharashtra,Pune,0,18.1841352,74.6107628,0,0,False,False
Magar Accident and Eye Hospital.,Maharashtra,Pune,0,18.1140272,75.0319086,0,0,False,False
Ojas Ent and Dental Clinic,Maharashtra,Pune,0,18.1268043,75.0271934,0,0,False,False
Shreus Nursing Home.,Maharashtra,Pune,0,18.1140272,75.0319086,0,0,False,False
Care and Cure Clinic,Maharashtra,Pune,0,17.9751977,74.993124,0,0,False,False
Dhanvantari General Hospital,Maharashtra,Pune,0,20.5547497,74.5100291,0,0,False,False
Sudarshan Nursing Home,Maharashtra,Pune,0,18.1140272,75.0319086,0,0,False,False
Chandrika Hospital,Maharashtra,Pune,0,18.4592892,74.5873348,0,0,False,False
Khanaware Hospital,Maharashtra,Pune,0,18.1140272,75.0319086,0,0,False,False
Thorat Accident and Maternity Hospital,Maharashtra,Pune,0,18.1635845,74.9612717,0,0,False,False
Arogya Mandir Hospital And Maternity Home,Maharashtra,Pune,0,18.4483516,74.4086069,0,0,False,False
Gaikwad Hospital,Maharashtra,Pune,0,18.4592892,74.5873348,0,0,False,False
Jaykar Accident Fracture Hospital,Maharashtra,Pune,0,18.4568215,74.580923,0,0,False,False
Lonkar Hospital,Maharashtra,Pune,0,18.4592892,74.5873348,0,0,False,False
Pyramid Hospital ( Kulkarni Medical Foundation ),Maharashtra,Pune,0,18.4592892,74.5873348,0,0,False,False
Sathe Hospital,Maharashtra,Pune,0,18.4592892,74.5873348,0,0,False,False
Sonone Surgical and Ophthalmic Hospital.,Maharashtra,Pune,0,18.4592892,74.5873348,0,0,False,False
Sunayana Clinic And Hospital,Maharashtra,Pune,0,18.4592892,74.5873348,0,0,False,False
Aditya Birla Memorial Hospital,Maharashtra,Pune,0,18.615727,73.7656094,0,0,True,False
"Columbia Asia Hospital, Pune",Maharashtra,Pune,0,18.5492705,73.9368257,0,0,True,False
Sahyadri Hospital,Maharashtra,Pune,0,18.5076495,73.8295031,0,0,True,False
CIMETs Inamdar Multispeciality Hospital,Maharashtra,Pune,0,18.5042104,73.9014439,0,0,True,False
Jehangir Hospital,Maharashtra,Pune,0,18.5302599,73.876847,0,0,True,False
Sancheti Institute for Orthopedic and Rehabilitation,Maharashtra,Pune,0,18.5297988,73.8386901,0,0,True,False
Inlaks Budhrani Hospital,Maharashtra,Pune,0,18.534261,73.88542,0,0,True,True
Kem Hospital,Maharashtra,Pune,0,18.519888,73.867026,0,0,True,False
Ruby Hall Clinic,Maharashtra,Pune,0,18.5276554,73.8748181,0,0,True,False
Chaitanya Stem Cell Center,Maharashtra,Pune,0,18.5204303,73.8567437,0,0,True,False
Deenanath mangeshkar Hospital,Maharashtra,Pune,0,18.5085936,73.831721,0,0,True,False
N.M.Wadia Institute Of Cardiology,Maharashtra,Pune,0,18.5302599,73.876847,0,0,True,False
Sai Sneh Hospital,Maharashtra,Pune,0,18.4988776,73.8572059,0,0,True,False
Vora Multispeciality Dental Clinic And Implant Centre,Maharashtra,Pune,0,18.4609513,73.8693561,0,0,True,False
Niramaya Hospital,Maharashtra,Pune,0,18.6297811,73.7997094,0,0,True,False
B.J.Medical College and Sassoon Hospital,Maharashtra,Pune,0,18.527306,73.873153,0,0,True,False
Sai Shree Hospital,Maharashtra,Pune,0,18.558007,73.8075201,0,0,True,False
Chavan hospital,Maharashtra,Pune,0,18.6297811,73.7997094,0,0,True,False
CGHS Dispensary No.2,Maharashtra,Pune,0,18.5204303,73.8567437,0,0,False,False
CGHS Dispensary No.4,Maharashtra,Pune,0,18.5240566,73.8646945,0,0,False,False
CGHS Dispensary No.5,Maharashtra,Pune,0,18.5504471,73.820586,0,0,False,False
CGHS Dispensary,Maharashtra,Pune,0,18.5204303,73.8567437,0,0,False,False
CGHS Dispensary No.7,Maharashtra,Pune,0,18.4957425,73.8611312,0,0,False,False
CGHS Polyclinic,Maharashtra,Pune,0,18.4957425,73.8611312,0,0,False,False
Sancheti Institute For Orthopaedics and Rehabilitation,Maharashtra,Pune,0,18.5304995,73.8520486,0,0,False,True
Dr. Babres Hospital,Maharashtra,Raigarh,0,18.8772346,72.9283391,0,0,False,False
Jijamata Hospital,Maharashtra,Raigarh,0,18.8772346,72.9283391,0,0,False,False
Manish Hospital,Maharashtra,Raigarh,0,18.8772346,72.9283391,0,0,False,False
Palvi Hospital,Maharashtra,Raigarh,0,18.8503201,72.9557097,0,0,False,False
Sai Krupa Drushti Eye Hospital,Maharashtra,Raigarh,0,18.8772346,72.9283391,0,0,False,False
Shree Hospital,Maharashtra,Raigarh,0,18.9915077,73.1091404,0,0,False,False
Shree Panta Clinic,Maharashtra,Raigarh,0,18.8772346,72.9283391,0,0,False,False
Taneja Clinic,Maharashtra,Raigarh,0,18.8796649,72.9427347,0,0,False,False
Uran Children And General Hospital,Maharashtra,Raigarh,0,18.8772346,72.9283391,0,0,False,False
Dr. Vaidya Eye Hospital,Maharashtra,Raigarh,0,18.2362513,73.2840735,0,0,False,False
Dhanwantari Clinic and Prasutalaya,Maharashtra,Raigarh,0,18.734888,73.0966019,0,0,False,False
Dharmi Clinic Maternity and Surgical Home,Maharashtra,Raigarh,0,18.734888,73.0966019,0,0,False,False
Jeevanrekha Hospital,Maharashtra,Raigarh,0,18.734888,73.0966019,0,0,False,False
Mangala Nursing Home and Cancer Hospital,Maharashtra,Raigarh,0,18.734888,73.0966019,0,0,False,False
Shree Mhatre Hospital,Maharashtra,Raigarh,0,15.888506,73.8266659,0,0,False,False
Shree Siddhakala General Hospital,Maharashtra,Raigarh,0,18.734888,73.0966019,0,0,False,False
Sitamai Rugnalay,Maharashtra,Raigarh,0,18.7437868,73.1028732,0,0,False,False
Soham Hospital,Maharashtra,Raigarh,0,18.7301684,73.0921755,0,0,False,False
Suitikagruha and Achupuncher X-Ray Center,Maharashtra,Raigarh,0,18.734888,73.0966019,0,0,False,False
The Mahajan Nursing Home,Maharashtra,Raigarh,0,18.7298687,73.0927946,0,0,False,False
Trimurti Clinic and Maternity Home,Maharashtra,Raigarh,0,18.734888,73.0966019,0,0,False,False
Dr Jadhav Nursing Home,Maharashtra,Raigarh,0,18.4389511,73.1167514,0,0,False,False
Wagles Nursing Home,Maharashtra,Raigarh,0,18.4389511,73.1167514,0,0,False,False
Dr.Rawoot Clinic,Maharashtra,Raigarh,0,18.734888,73.0966019,0,0,False,False
Amrita Nursing Home,Maharashtra,Raigarh,0,18.4371649,73.1312725,0,0,False,False
Anandi Maternity and Child Hospital,Maharashtra,Raigarh,0,18.6584467,72.8766554,0,0,False,False
Dhamankar Clinic,Maharashtra,Raigarh,0,18.6461783,72.875917,0,0,False,False
Dr S N Tiwary,Maharashtra,Raigarh,0,21.8974003,83.3949632,0,0,False,False
Dr Vaje Nursing Home,Maharashtra,Raigarh,0,18.6553938,72.8670819,0,0,False,False
Dr. S. N. Tiwary Surgical Clinic,Maharashtra,Raigarh,0,18.6553938,72.8670819,0,0,False,False
Dr.Kumthekar's Eye Hospital,Maharashtra,Raigarh,0,18.6484409,72.8819704,0,0,False,False
Jayashree Hospital,Maharashtra,Raigarh,0,18.6481648,72.8818243,0,0,False,False
Laxmi I C U and Nursing Center,Maharashtra,Raigarh,0,18.6553938,72.8670819,0,0,False,False
Laxmi Icu and Nursing Center,Maharashtra,Raigarh,0,18.6553938,72.8670819,0,0,False,False
Modern Nursing Home and Intensive Care Unit,Maharashtra,Raigarh,0,18.6584467,72.8766554,0,0,False,False
Prayas Hospital,Maharashtra,Raigarh,0,18.6553938,72.8670819,0,0,False,False
R K Maternity Surgical and General Hospital,Maharashtra,Raigarh,0,18.6553938,72.8670819,0,0,False,False
Sushrut Clinic,Maharashtra,Raigarh,0,18.6553938,72.8670819,0,0,False,False
Tiwari Surgical Clinic,Maharashtra,Raigarh,0,18.6528079,72.8710249,0,0,False,False
Vision Eye Care And Phaco Centre,Maharashtra,Raigarh,0,18.6553938,72.8670819,0,0,False,False
Samarth Orthopaedic Hospital,Maharashtra,Raigarh,0,18.6477909,72.8787783,0,0,False,False
Varsolkar Maternity and General Nursing Home,Maharashtra,Raigarh,0,18.6553938,72.8670819,0,0,False,False
Ashwini Hospital- Chaul,Maharashtra,Raigarh,0,18.6553938,72.8670819,0,0,False,False
Dr Gawali Hospital,Maharashtra,Raigarh,0,18.6553938,72.8670819,0,0,False,False
Mahad Nursing Home,Maharashtra,Raigarh,0,18.0820208,73.422441,0,0,False,False
Ranade Accident Hospital,Maharashtra,Raigarh,0,13.6287557,79.4191795,0,0,False,False
Yashwant Hospital,Maharashtra,Raigarh,0,18.734888,73.0966019,0,0,False,False
Dhanvantari Nursing Home,Maharashtra,Raigarh,0,18.9192249,73.3277223,0,0,False,False
V R Nursing Home,Maharashtra,Raigarh,0,19.0422261,73.0260947,0,0,False,False
Mayur Clinic (Sabne Hospital),Maharashtra,Raigarh,0,18.9192249,73.3277223,0,0,False,False
Dhirubhai Ambani Hospital / Reliance Hospital,Maharashtra,Raigarh,0,18.7693415,73.4042644,0,0,False,False
Dr Dongare Clinic,Maharashtra,Raigarh,0,18.7889974,73.3413948,0,0,False,False
Dr Dongares Clinic,Maharashtra,Raigarh,0,18.7889974,73.3413948,0,0,False,False
Maher Maternity and Surgical Home,Maharashtra,Raigarh,0,18.7889974,73.3413948,0,0,False,False
Shree Datta Clinic,Maharashtra,Raigarh,0,18.7889974,73.3413948,0,0,False,False
Shree Parvati Hospital,Maharashtra,Raigarh,0,18.7889974,73.3413948,0,0,False,False
Suprama Hospital,Maharashtra,Raigarh,0,18.7889974,73.3413948,0,0,False,False
Vidya Prabha Hospital and Polyclinic,Maharashtra,Raigarh,0,18.7889974,73.3413948,0,0,False,False
Arunodaya Clinic,Maharashtra,Raigarh,0,19.003417,73.118678,0,0,False,False
Ashtvinayak Hospital,Maharashtra,Raigarh,0,19.0091383,73.1165197,0,0,False,False
Chaitanya Childrens Hospital,Maharashtra,Raigarh,0,17.385044,78.486671,0,0,False,False
Dhamke Hospital,Maharashtra,Raigarh,0,19.0755793,72.8400105,0,0,False,False
Dr Ghodkes Sanjay Clinic,Maharashtra,Raigarh,0,18.9922722,73.1143877,0,0,False,False
Ghanate Hospital Panvel,Maharashtra,Raigarh,0,18.9894007,73.1175162,0,0,False,False
Janeshwari Brain And Spinte Centre Swati Maternity,Maharashtra,Raigarh,0,19.0143388,73.1106183,0,0,False,False
Laxmi Eye Institute,Maharashtra,Raigarh,0,19.0259708,73.0280785,0,0,False,False
Mother and Child Carwe Clinic,Maharashtra,Raigarh,0,16.1579793,74.8105323,0,0,False,False
Panacea Hospital,Maharashtra,Raigarh,0,18.9903309,73.1133846,0,0,False,False
Panvel Hospital,Maharashtra,Raigarh,0,18.9602837,73.1289792,0,0,False,False
Paramount Medical Services Pvt Ltd,Maharashtra,Raigarh,0,18.9894007,73.1175162,0,0,False,False
Purohit Clinic,Maharashtra,Raigarh,0,18.9845543,73.1150443,0,0,False,False
Shree Childrens Hospital,Maharashtra,Raigarh,0,19.0015736,73.120208,0,0,False,False
Shreeyash Maternity and General Hospital,Maharashtra,Raigarh,0,19.0042739,73.1163018,0,0,False,False
Spandan Hospital and Research Centre,Maharashtra,Raigarh,0,19.0119747,73.1084052,0,0,False,False
Sudha Shankar Netralaya,Maharashtra,Raigarh,0,18.9898845,73.1105427,0,0,False,False
Varun Netralaya - Panvel,Maharashtra,Raigarh,0,18.9877788,73.1139305,0,0,False,False
Terna Group Of Hospitals,Maharashtra,Raigarh,0,18.9981356,73.1257403,0,0,False,False
Abms Clinic,Maharashtra,Raigarh,0,19.0439138,73.0656152,0,0,False,False
Advanced Laparoscopy and Urology Centre,Maharashtra,Raigarh,0,19.0478987,73.069195,0,0,False,False
Manas Multi- Speciality Hospital,Maharashtra,Raigarh,0,19.0596364,73.0685464,0,0,False,False
Nimisha Medical Centre,Maharashtra,Raigarh,0,19.0439138,73.0656152,0,0,False,False
Niramaya Hospital,Maharashtra,Raigarh,0,19.0473216,73.0699046,0,0,False,False
Om Navjeevan Hospital,Maharashtra,Raigarh,0,19.0499426,73.0685665,0,0,False,False
Sukrut Maternity Clinic,Maharashtra,Raigarh,0,19.0405554,73.0676533,0,0,False,False
Tata Memorila Centre Navi Mumbai,Maharashtra,Raigarh,0,19.0703259,73.0826336,0,0,False,False
Dr Singh's City Hospital And Medical Research Centre,Maharashtra,Raigarh,0,19.0284046,73.0966941,0,0,False,False
Jeevandeep Hospital,Maharashtra,Raigarh,0,19.0374942,73.1006593,0,0,False,False
Om Maternity Home and Clinic,Maharashtra,Raigarh,0,19.034944,73.0570709,0,0,False,False
Vatsalya Multi Speciality Hospital,Maharashtra,Raigarh,0,19.0291908,73.1002905,0,0,False,False
Padmshree Hospital,Maharashtra,Raigarh,0,18.8938689,73.1836372,0,0,False,False
Ashwini Maternity and Nursing Home,Maharashtra,Ratnagiri,0,17.9876444,73.2632672,0,0,False,False
Aparna Hospital,Maharashtra,Ratnagiri,0,16.990215,73.3120233,0,0,False,False
Chiranjeev Hospital,Maharashtra,Ratnagiri,0,17.5323106,73.5177928,0,0,False,False
Dr Gokhales Janata Hospital,Maharashtra,Ratnagiri,0,17.5323106,73.5177928,0,0,False,False
Dr. Mukadam Netra Rugnalay,Maharashtra,Ratnagiri,0,17.5323106,73.5177928,0,0,False,False
Lt Tatyasaheb Natu Memorial Hospital,Maharashtra,Ratnagiri,0,17.5323106,73.5177928,0,0,False,False
Mukund (Anna) Jadhav Hospital and Reserch Center,Maharashtra,Ratnagiri,0,17.5172097,73.5472055,0,0,False,False
Patankar Nursing Home,Maharashtra,Ratnagiri,0,17.5248963,73.5306489,0,0,False,False
Sanjeevan Hospital,Maharashtra,Ratnagiri,0,17.2804967,74.1756595,0,0,False,False
Vijayashree Hospital,Maharashtra,Ratnagiri,0,17.5323106,73.5177928,0,0,False,False
B.K.L. Walawalkar Hospital Diagnostic And Research Centre - Chiplun,Maharashtra,Ratnagiri,0,17.5323106,73.5177928,0,0,False,False
"Gharda Med, Foundation Hosp",Maharashtra,Ratnagiri,0,16.990215,73.3120233,0,0,False,False
Janata Hospital,Maharashtra,Ratnagiri,0,17.5308446,73.5158887,0,0,False,False
"Saishwari Maternity , General and Surgical Nursing Home",Maharashtra,Ratnagiri,0,17.5323106,73.5177928,0,0,False,False
"Shree Vithalrao Joshi Charities Trust's Bkl Walawalkar Hospital, Diagnostic And Research Centre",Maharashtra,Ratnagiri,0,16.990215,73.3120233,0,0,False,False
Bkl Walawalkar Hospital,Maharashtra,Ratnagiri,0,17.5323106,73.5177928,0,0,False,False
Jyoti Eye Care Research Foundation,Maharashtra,Ratnagiri,0,16.990215,73.3120233,0,0,False,False
Karmarkar Hospital,Maharashtra,Ratnagiri,0,16.5494405,73.6009811,0,0,False,False
Matumandir Hospital,Maharashtra,Ratnagiri,0,17.0686039,73.6241855,0,0,False,False
Parkar Hospital and Research Institute Pvt Ltd,Maharashtra,Ratnagiri,0,18.5372874,73.8717109,0,0,False,False
Shree Ramnath Hospital,Maharashtra,Ratnagiri,0,16.990215,73.3120233,0,0,False,False
Dr.Chopwalikar Eye Hospital,Maharashtra,Ratnagiri,0,17.784371,73.1851121,0,0,False,False
Jyoti Care and Research Foundation,Maharashtra,Ratnagiri,0,17.5323106,73.5177928,0,0,False,False
Parkar Hospital,Maharashtra,Ratnagiri,0,17.5260425,73.5203923,0,0,False,False
Sushrut Surgical and Maternity Hospiotal,Maharashtra,Ratnagiri,0,16.5494405,73.6009811,0,0,False,False
Swasti Medical Foundation Chirayu Hospital,Maharashtra,Ratnagiri,0,16.990215,73.3120233,0,0,False,False
Dr.Bade Hospital,Maharashtra,Ratnagiri,0,17.7195516,73.3968136,0,0,False,False
Gharda Medical Foundation,Maharashtra,Ratnagiri,0,17.7195516,73.3968136,0,0,False,False
Maniyar Childrens Hospital,Maharashtra,Ratnagiri,0,17.7195516,73.3968136,0,0,False,False
Ankur Balrugnalaya,Maharashtra,Ratnagiri,0,16.990215,73.3120233,0,0,False,False
Bhatkar Hospital - Dapoli-Ratnagiri,Maharashtra,Ratnagiri,0,17.753112,73.1880618,0,0,False,False
Dr.Patwardhan Hospital,Maharashtra,Ratnagiri,0,17.753112,73.1880618,0,0,False,False
Parshuram Hospital and Research Center,Maharashtra,Ratnagiri,0,17.7195516,73.3968136,0,0,False,False
Pandit Dindal Hospital and Daignostic Center,Maharashtra,Ratnagiri,0,16.8559112,73.541744,0,0,False,False
Shree Sai Hospital,Maharashtra,Sangli,0,17.2751726,74.5357127,0,0,False,False
Tara Hospital,Maharashtra,Sangli,0,17.0365749,74.6053916,0,0,False,False
Anand Hospital,Maharashtra,Sangli,0,16.9646394,74.13203,0,0,False,False
Loknete Rajarambapu Patil Hospital And Research Ce,Maharashtra,Sangli,0,17.0265067,74.3743435,0,0,False,False
Porwal Hospital,Maharashtra,Sangli,0,17.047761,74.2625418,0,0,False,False
Shushrusha Hospital,Maharashtra,Sangli,0,17.0558254,74.228204,0,0,False,False
Umrani Hospital and Icu Centre,Maharashtra,Sangli,0,17.0557425,74.2634159,0,0,False,False
Shashi Clinic,Maharashtra,Sangli,0,17.097643,74.4496317,0,0,False,False
Bhomaj Hospital,Maharashtra,Sangli,0,16.706579,74.2589069,0,0,False,False
Paramashetti Hospital,Maharashtra,Sangli,0,16.8553,74.5723,0,0,False,False
Shree Poly Clinic and Manakapure Hospital,Maharashtra,Sangli,0,16.823421,74.5959735,0,0,False,False
Sortur Hospital,Maharashtra,Sangli,0,16.823421,74.5959735,0,0,False,False
Susheel Maternity And Gynaecological Hospital,Maharashtra,Sangli,0,16.8467303,74.6006306,0,0,False,False
The Wanless Hospital,Maharashtra,Sangli,0,16.8523973,74.5814773,0,0,False,False
Dr Ashok Patil Clinic,Maharashtra,Sangli,0,16.8453567,74.6019776,0,0,False,False
Kullolli Hospital,Maharashtra,Sangli,0,16.8453567,74.6019776,0,0,False,False
Dharamsi Hospital,Maharashtra,Sangli,0,12.9851721,77.6037023,0,0,False,False
Kabade Surgical Hospital,Maharashtra,Sangli,0,16.7049873,74.2432527,0,0,False,False
Kranti Cardiac Center,Maharashtra,Sangli,0,16.8523973,74.5814773,0,0,False,False
"Mhaishalkar Shinde Orthopaedic Postgraduate Research Center,Acciedent and Mulitispeciality Hospital",Maharashtra,Sangli,0,16.8523973,74.5814773,0,0,False,False
Palkar Eye Hospital,Maharashtra,Sangli,0,19.8300434,75.8792975,0,0,False,False
Sharddha Surgical And Accident Hospital,Maharashtra,Sangli,0,16.8535993,74.5722213,0,0,False,False
Shintre Hospital,Maharashtra,Sangli,0,24.459535,74.8748312,0,0,False,False
Shraddha Surgical and Accident Hospital,Maharashtra,Sangli,0,16.8535993,74.5722213,0,0,False,False
Shree Medical Nursing Home,Maharashtra,Sangli,0,16.8407826,74.5639858,0,0,False,False
Shri Balvantrao Birnale Memorial Hospital,Maharashtra,Sangli,0,16.8535825,74.5773208,0,0,False,False
Sou. Radhabai Maternity Maternity Hospital Trust,Maharashtra,Sangli,0,17.0854162,74.421785,0,0,False,False
Ushahkal Nursing Home,Maharashtra,Sangli,0,16.8523973,74.5814773,0,0,False,False
Yash Madhu Hospital,Maharashtra,Sangli,0,17.0488981,75.2212873,0,0,False,False
Sanjeevan Hospital,Maharashtra,Satara,0,20.0319396,74.7688173,0,0,False,False
Shree General and Maternity Hospital,Maharashtra,Satara,0,20.0319396,74.7688173,0,0,False,False
Chintamani Eye and Dental Clinic,Maharashtra,Satara,0,17.9559945,73.8933596,0,0,False,False
Ghotavadekar Hospital And Sanchit Icu,Maharashtra,Satara,0,17.9532779,73.886745,0,0,False,False
Navjeewan Hospital [Wai],Maharashtra,Satara,0,17.9471204,73.8904198,0,0,False,False
Sonia Clinic and Saidutta Hospital,Maharashtra,Satara,0,17.9439732,73.8904385,0,0,False,False
W.F.P Memorial Hospital,Maharashtra,Satara,0,17.9486823,73.8918897,0,0,False,False
Bhosale Netra Rugnalaya [Satara],Maharashtra,Satara,0,17.6846523,74.016792,0,0,False,False
Chiryu Childran Hospital and Research Center,Maharashtra,Satara,0,17.6908169,73.9969229,0,0,False,False
Dr Kandalgaonkar Eye Hospital,Maharashtra,Satara,0,17.6804639,74.018261,0,0,False,False
Girija Neurosurgical Icu and Hospital[Satara],Maharashtra,Satara,0,17.6847964,73.9925526,0,0,False,False
Jeevan Jyot Rugnalaya [Satara],Maharashtra,Satara,0,17.5011247,73.9796512,0,0,False,False
Jeevandhara Hospital,Maharashtra,Satara,0,17.693589,74.0094172,0,0,False,False
Mangalmurti Hospital,Maharashtra,Satara,0,17.7000314,73.9855774,0,0,False,False
Meenakshi Hospital [Satara],Maharashtra,Satara,0,17.6875811,74.0456142,0,0,False,False
Nandadeep Hospital and Research Centre,Maharashtra,Satara,0,17.6846523,74.016792,0,0,False,False
Radhika Nursing Home,Maharashtra,Satara,0,17.6894983,74.0145886,0,0,False,False
Sanchit Accident And Maternity Hospital,Maharashtra,Satara,0,17.68087,74.0126036,0,0,False,False
Satara Camp Lions Nab Netra Rugnalay,Maharashtra,Satara,0,17.6908169,73.9969229,0,0,False,False
Shivam Maternity and Surgical Hospital,Maharashtra,Satara,0,17.68087,74.0126036,0,0,False,False
Shree Datta Hospital [Khatav],Maharashtra,Satara,0,17.7031208,74.5433988,0,0,False,False
Sukhatankar Hospital,Maharashtra,Satara,0,17.6804639,74.018261,0,0,False,False
Symbiosis Hospital And Research Centre Pvt. Ltd.,Maharashtra,Satara,0,17.6922546,74.0078977,0,0,False,False
Thoke Hospital,Maharashtra,Satara,0,17.693589,74.0094172,0,0,False,False
Urmila Maternity Home,Maharashtra,Satara,0,17.693589,74.0094172,0,0,False,False
Vaishnavi Hospital,Maharashtra,Satara,0,17.691496,73.998881,0,0,False,False
Wagholikar Eye Clinic,Maharashtra,Satara,0,17.6847964,73.9925526,0,0,False,False
Zore Bal Hospital,Maharashtra,Satara,0,18.4938165,73.8517328,0,0,False,False
Barge Hospital [Satara],Maharashtra,Satara,0,17.7000314,73.9855774,0,0,False,False
Dhanvantari Hospital,Maharashtra,Satara,0,17.6847964,73.9925526,0,0,False,False
"Dr M N Agashe Charitable Hospital and Maternity Home, Satara",Maharashtra,Satara,0,17.6879608,73.9874105,0,0,False,False
Neo Care Centre,Maharashtra,Satara,0,17.68087,74.0126036,0,0,False,False
Patil Eye Clinic,Maharashtra,Satara,0,18.5194431,73.8519356,0,0,False,False
Rajyog Hospital,Maharashtra,Satara,0,17.2759841,74.2003231,0,0,False,False
Samarth Hospitals Pvt Ltd,Maharashtra,Satara,0,17.6806988,73.9817552,0,0,False,False
Shri Ram Hospital,Maharashtra,Satara,0,17.6837861,73.998499,0,0,False,False
Sunita Hospital,Maharashtra,Satara,0,17.9486823,73.8918897,0,0,False,False
Varad Children Hospital,Maharashtra,Satara,0,17.678773,73.9889896,0,0,False,False
Meenakshi Multispecialty Hospital - Satara,Maharashtra,Satara,0,17.7195516,73.3968136,0,0,False,False
Shreyash Hospital,Maharashtra,Satara,0,18.1547039,74.5806179,0,0,False,False
Gaikwad Hospital,Maharashtra,Satara,0,17.2759841,74.2003231,0,0,False,False
Mohite Hospital,Maharashtra,Satara,0,17.2759841,74.2003231,0,0,False,False
Shriram Hospital,Maharashtra,Satara,0,17.2759841,74.2003231,0,0,False,False
Pioneer Hospital,Maharashtra,Satara,0,17.3969458,74.093988,0,0,False,False
"City Medical Centre, Karad",Maharashtra,Satara,0,17.2791315,74.182563,0,0,False,False
Garud Nursing Home,Maharashtra,Satara,0,17.2759841,74.2003231,0,0,False,False
Janugade Hospital,Maharashtra,Satara,0,17.2759841,74.2003231,0,0,False,False
Jogalekar Netra Rugnalaya,Maharashtra,Satara,0,17.2759841,74.2003231,0,0,False,False
Kn Gujar Memorial Hospital And Dr. Gujar Institute Of Medical Sciences - Karad,Maharashtra,Satara,0,18.5194431,73.8519356,0,0,False,False
Kolekar Hospital,Maharashtra,Satara,0,17.2759841,74.2003231,0,0,False,False
"Krishna Hospital and Medical Research Center, Karad",Maharashtra,Satara,0,17.2377541,73.9580246,0,0,False,False
Patil Hospital [Karad],Maharashtra,Satara,0,17.2887115,74.1845465,0,0,False,False
Pawar Surgical Hospital,Maharashtra,Satara,0,17.2849281,74.1824787,0,0,False,False
Rajashree Hosptail,Maharashtra,Satara,0,17.3088979,74.2143068,0,0,False,False
Rajyog Hospital [Karad],Maharashtra,Satara,0,17.2753467,74.1834458,0,0,False,False
Sanskar Netrarugnalaya and Phaco Center,Maharashtra,Satara,0,17.2759841,74.2003231,0,0,False,False
Sharada Clinic,Maharashtra,Satara,0,17.2837224,74.1805104,0,0,False,False
Shinde Fracture - Orthopaedic Hospital,Maharashtra,Satara,0,17.2759841,74.2003231,0,0,False,False
Shirke Netra Rugnalaya [Karad],Maharashtra,Satara,0,17.2759841,74.2003231,0,0,False,False
Shree Icu and Mrc Pvt Ltd (Karad),Maharashtra,Satara,0,17.2913904,74.1829555,0,0,False,False
"Shree Sai Hospital and Cardio,Diabetes Center",Maharashtra,Satara,0,17.2759841,74.2003231,0,0,False,False
Shri Dhanwantari Hospital (Karad),Maharashtra,Satara,0,17.2759841,74.2003231,0,0,False,False
Shriratna Hospital,Maharashtra,Satara,0,17.2759841,74.2003231,0,0,False,False
Suman Hospital [Karad],Maharashtra,Satara,0,17.2837224,74.1805104,0,0,False,False
"Takale Fracture Accident and Orthopaedic Hospital, Karad",Maharashtra,Satara,0,17.2759841,74.2003231,0,0,False,False
Sadguru Hospital and Medical Institute Pvt Ltd [Patan],Maharashtra,Satara,0,17.374871,73.8962757,0,0,False,False
Balaji Hospital,Maharashtra,Satara,0,17.6966354,74.1607179,0,0,False,False
Dhananjay Hospital And Research Centre Koregaon,Maharashtra,Satara,0,17.6926214,74.0919536,0,0,False,False
Pooja Nursing Home,Maharashtra,Satara,0,17.6925494,74.1701227,0,0,False,False
Pushpak Hospital [Koregaon],Maharashtra,Satara,0,18.5945763,73.8970344,0,0,False,False
Abhiwadan Hospital,Maharashtra,Satara,0,17.6258216,74.4543101,0,0,False,False
Navjeevan Hospital [Vaduj],Maharashtra,Satara,0,17.5983422,74.4523847,0,0,False,False
Shree Surgical Hospital [Vaduj],Maharashtra,Satara,0,17.6076372,74.4521479,0,0,False,False
Matoshri General and Maternity Hospital,Maharashtra,Satara,0,17.6654636,74.3616798,0,0,False,False
"Kharat Hospital , Mhaswad",Maharashtra,Satara,0,17.7031208,74.5433988,0,0,False,False
Raut Nursing Home,Maharashtra,Satara,0,17.6363164,74.7880109,0,0,False,False
Mauli Hospital (Rahimatpur),Maharashtra,Satara,0,17.5904097,74.1988555,0,0,False,False
Jeevanprakash Hospital,Maharashtra,Satara,0,17.9486823,73.8918897,0,0,False,False
Palawe Hospital,Maharashtra,Satara,0,17.8797159,74.5902635,0,0,False,False
Mhaske Hospital,Maharashtra,Satara,0,20.0319396,74.7688173,0,0,False,False
Mourya Hospital,Maharashtra,Satara,0,18.041706,74.1861821,0,0,False,False
Shri Siddhivinayak Hospital and Criticare-Lonand,Maharashtra,Satara,0,20.0319396,74.7688173,0,0,False,False
Adsool Hospital [Phaltan],Maharashtra,Satara,0,17.9842312,74.431312,0,0,False,False
Ankur Hospital [Phaltan],Maharashtra,Satara,0,17.9898128,74.4341996,0,0,False,False
Chirjeevan Hospital and Research Center,Maharashtra,Satara,0,17.9828457,74.4333434,0,0,False,False
Dhumal Maternity and Surgical Hospital [Phaltan],Maharashtra,Satara,0,17.9892133,74.4305792,0,0,False,False
Dr. Nikam Patil Hospital,Maharashtra,Satara,0,17.9844507,74.4360424,0,0,False,False
Joshi Hospital Pvt Ltd,Maharashtra,Satara,0,17.9844507,74.4360424,0,0,False,False
Krishnamai Medical And Research Foundtions - Phaltan / Kmrf Nikop Hospital,Maharashtra,Satara,0,17.9844507,74.4360424,0,0,False,False
"Rural Hospital, Phaltan",Maharashtra,Satara,0,17.9844507,74.4360424,0,0,False,False
Siddhanath Hospital and Research Center [Phaltan],Maharashtra,Satara,0,17.8461781,74.6435913,0,0,False,False
Sushrut Hospital [Phaltan],Maharashtra,Satara,0,17.9819296,74.4309013,0,0,False,False
Arundhati Nursing Home,Maharashtra,Satara,0,17.986525,74.4248211,0,0,False,False
Dr Navare Hospital,Maharashtra,Sindhudurg,0,16.2697818,73.7078336,0,0,False,False
Drishit Eye Hospital,Maharashtra,Sindhudurg,0,16.2753319,73.706594,0,0,False,False
Jeevanjyot Hospital,Maharashtra,Sindhudurg,0,15.9052627,73.8213213,0,0,False,False
Sarita Hospital,Maharashtra,Sindhudurg,0,16.3754203,73.3885526,0,0,False,False
Shivam Hospital,Maharashtra,Sindhudurg,0,15.9052627,73.8213213,0,0,False,False
Yashraj Hospital and Maternity Home,Maharashtra,Sindhudurg,0,15.888506,73.8266659,0,0,False,False
Zantye Hospital and Maternity Home,Maharashtra,Sindhudurg,0,16.0591493,73.4754729,0,0,False,False
Dr Manchekar Hospital,Maharashtra,Sindhudurg,0,15.8514136,73.6389038,0,0,False,False
Shree Hospital and Polyclinic - Vengurla,Maharashtra,Sindhudurg,0,15.8514136,73.6389038,0,0,False,False
Dr. Akerkar Hospital,Maharashtra,Sindhudurg,0,16.0049648,73.6890972,0,0,False,False
Dr.Navangule Orthopedic Hospital,Maharashtra,Sindhudurg,0,16.0049648,73.6890972,0,0,False,False
Rajan Hospital,Maharashtra,Sindhudurg,0,15.9999562,73.6830521,0,0,False,False
Sumati Accident and Orthopedic Hospital,Maharashtra,Sindhudurg,0,16.0049648,73.6890972,0,0,False,False
Aabu Tayshete Memorial Hospital,Maharashtra,Sindhudurg,0,16.2633918,73.7112551,0,0,False,False
Dr. Mhaskar Hospital and Intesive Cardiac Care Unit,Maharashtra,Sindhudurg,0,16.1058546,73.6731742,0,0,False,False
Dr. Nagavekar Hospital and Nursing Home,Maharashtra,Sindhudurg,0,16.2753319,73.706594,0,0,False,False
Gurukrupa Hospital,Maharashtra,Sindhudurg,0,16.2753319,73.706594,0,0,False,False
Mhaskar Hospital,Maharashtra,Sindhudurg,0,25.0386818,73.9055594,0,0,False,False
Dr.Redkar Hospital,Maharashtra,Sindhudurg,0,19.230415,72.862571,0,0,False,False
Accident and Maternity Hospital,Maharashtra,Solapur,0,17.6599188,75.9063906,0,0,False,False
Balwant Institute Of Neurosurgery And Intensive T,Maharashtra,Solapur,0,17.6656707,75.9072575,0,0,False,False
Barsi Maternity and General Hospital,Maharashtra,Solapur,0,18.2333856,75.6941478,0,0,False,False
Bashweshwar Hospital,Maharashtra,Solapur,0,17.6599188,75.9063906,0,0,False,False
Bharti Hospital,Maharashtra,Solapur,0,17.6599188,75.9063906,0,0,False,False
Borade Clinic,Maharashtra,Solapur,0,17.6685368,75.8971332,0,0,False,False
City Hospital,Maharashtra,Solapur,0,17.6631693,75.9005934,0,0,False,False
Dhanaragiraji Hospital Trust,Maharashtra,Solapur,0,17.6685368,75.8971332,0,0,False,False
Dhanvantri Nursing Home,Maharashtra,Solapur,0,17.6699361,75.8812025,0,0,False,False
Dr Birajdar Hospital,Maharashtra,Solapur,0,17.675093,75.8955113,0,0,False,False
Dr Valsangkar Hospital,Maharashtra,Solapur,0,17.6599188,75.9063906,0,0,False,False
Dr. Basutkar`S Gaurav Plastic Surgery - Maternity Hospital,Maharashtra,Solapur,0,17.6651108,75.8986612,0,0,False,False
Dr.A.K.Kelkar,Maharashtra,Solapur,0,17.6599188,75.9063906,0,0,False,False
Gayatri Hospital,Maharashtra,Solapur,0,17.6599188,75.9063906,0,0,False,False
Jayram Ent Hospital,Maharashtra,Solapur,0,17.6599188,75.9063906,0,0,False,False
Jeevandai Hospital,Maharashtra,Solapur,0,18.2333856,75.6941478,0,0,False,False
Kavel General Hospital,Maharashtra,Solapur,0,18.2333856,75.6941478,0,0,False,False
Lokmangal Medical Foundation and Research Centre,Maharashtra,Solapur,0,17.6599188,75.9063906,0,0,False,False
Lotus Hospital,Maharashtra,Solapur,0,28.6270562,77.1100426,0,0,False,False
Medical Supritendent Rural Hospital,Maharashtra,Solapur,0,17.5242162,76.2054416,0,0,False,False
Panchsheel Maternity Home,Maharashtra,Solapur,0,17.6599188,75.9063906,0,0,False,False
Pradhan Eye Hospital,Maharashtra,Solapur,0,17.6685368,75.8971332,0,0,False,False
Raghuvendra Hospital,Maharashtra,Solapur,0,17.6452056,75.9007677,0,0,False,False
S P Institute Of Neurosciences,Maharashtra,Solapur,0,17.6599188,75.9063906,0,0,False,False
Sanjeevan Nursing Home,Maharashtra,Solapur,0,27.960742,80.6976478,0,0,False,False
Shree Criti Care Unit,Maharashtra,Solapur,0,17.6784981,75.328914,0,0,False,False
Shrinand Balrugnalaya,Maharashtra,Solapur,0,17.4357941,75.1888022,0,0,False,False
"Solapur Kidney Care and Research Centre Pvt. Ltd.,",Maharashtra,Solapur,0,17.6685368,75.8971332,0,0,False,False
Sunrise Hospital,Maharashtra,Solapur,0,17.6599188,75.9063906,0,0,False,False
Suryawanshi Trauma and Rehabilitation Centre,Maharashtra,Solapur,0,17.8632547,74.9054785,0,0,False,False
Talpallikar Clinic,Maharashtra,Solapur,0,17.6599188,75.9063906,0,0,False,False
Zambre Nursing Home,Maharashtra,Solapur,0,17.6599188,75.9063906,0,0,False,False
Ambika Hospital,Maharashtra,Solapur,0,17.6599188,75.9063906,0,0,False,False
Kadadi Hospital,Maharashtra,Solapur,0,17.6599188,75.9063906,0,0,False,False
Siddheshwar Multispeciality Hospital Pvt. Ltd. - Solapur,Maharashtra,Solapur,0,18.498007,73.8136979,0,0,False,False
Vardhaman Clinic,Maharashtra,Solapur,0,17.6599188,75.9063906,0,0,False,False
Ashwini Sahakari Rugnaylay,Maharashtra,Solapur,0,17.6625542,75.908528,0,0,False,False
Dr. Katkar Hospital,Maharashtra,Solapur,0,17.6599188,75.9063906,0,0,False,False
Dr. Patil Balrugnalaya and Maternity Home,Maharashtra,Solapur,0,18.4028716,76.2399495,0,0,False,False
Navneet Hospital Chest and Icu Care Center,Maharashtra,Solapur,0,17.6599188,75.9063906,0,0,False,False
Niramaya Hospital,Maharashtra,Solapur,0,18.5204303,73.8567437,0,0,False,False
Savaskar Nursing Home,Maharashtra,Solapur,0,17.6428208,75.9200629,0,0,False,False
Yashodhara Super Speciality Hospital Pvt. Ltd. - Solapur,Maharashtra,Solapur,0,17.6599188,75.9063906,0,0,False,False
Raghvendra Hospital,Maharashtra,Solapur,0,17.6408371,75.8985544,0,0,False,False
Vinayak Maternity And Nursing Home,Maharashtra,Solapur,0,17.6745656,75.9087491,0,0,False,False
Wachche Hospital - Solapur,Maharashtra,Solapur,0,17.6599188,75.9063906,0,0,False,False
Jay Hospital,Maharashtra,Solapur,0,17.6599188,75.9063906,0,0,False,False
Sambharam Nursing Home - Solapur,Maharashtra,Solapur,0,17.6599188,75.9063906,0,0,False,False
Valvekar Nursing Home - Solapur,Maharashtra,Solapur,0,17.6625542,75.908528,0,0,False,False
Vivekanand Nursing Home,Maharashtra,Solapur,0,17.6599188,75.9063906,0,0,False,False
Aparna Hospital,Maharashtra,Solapur,0,17.6599188,75.9063906,0,0,False,False
Dr. Karvekar Hospital and Fertility Clinic,Maharashtra,Solapur,0,17.6428208,75.9200629,0,0,False,False
Shri Chatrapati Sivaji Maharaj Sarvopchar Rugnalay,Maharashtra,Solapur,0,17.6599188,75.9063906,0,0,False,False
Ashwini Hospital,Maharashtra,Solapur,0,17.8920985,75.011778,0,0,False,False
Jaing Hospital,Maharashtra,Solapur,0,17.6599188,75.9063906,0,0,False,False
Sanjivani Accident Hospital,Maharashtra,Solapur,0,17.6599188,75.9063906,0,0,False,False
Mane Deshmukh Hospital,Maharashtra,Solapur,0,18.4752603,73.9577445,0,0,False,False
Dr Whatkar Hospital,Maharashtra,Solapur,0,18.4044833,75.1953934,0,0,False,False
Medical College Hospital,Maharashtra,Solapur,0,18.4044833,75.1953934,0,0,False,False
Bahubali Hospital,Maharashtra,Solapur,0,18.0339662,75.5160676,0,0,False,False
Dr Kadam Surgical Hospital,Maharashtra,Solapur,0,17.6030376,75.390148,0,0,False,False
Dr Surve Maternity Surgical and General Hospital,Maharashtra,Solapur,0,17.6599188,75.9063906,0,0,False,False
Madhav Smruti Hospital,Maharashtra,Solapur,0,18.0840117,75.423237,0,0,False,False
New Ashirwad Rugnalaya,Maharashtra,Solapur,0,18.0910025,75.4065475,0,0,False,False
Santosh Hospital Maternity and Nursing Home,Maharashtra,Solapur,0,18.0963477,75.4221007,0,0,False,False
Dr Lonavat Hospital,Maharashtra,Solapur,0,18.0339662,75.5160676,0,0,False,False
Dr Patil Hospital,Maharashtra,Solapur,0,17.0706662,75.2270698,0,0,False,False
Shri Sai Hospital,Maharashtra,Solapur,0,17.6599188,75.9063906,0,0,False,False
Suyash Hospital and Maternity Home,Maharashtra,Solapur,0,30.9669269,77.1116156,0,0,False,False
Lokhande Baburao Patil Hospital,Maharashtra,Solapur,0,17.802867,75.6454727,0,0,False,False
Dr Shaha Clinic,Maharashtra,Solapur,0,17.6599188,75.9063906,0,0,False,False
Swami Samarth Hospital,Maharashtra,Solapur,0,20.6607735,75.3357541,0,0,False,False
Siddheshwar Hospital,Maharashtra,Solapur,0,22.3071588,73.1812187,0,0,False,False
Cottage Hospital,Maharashtra,Solapur,0,17.6745535,75.3237262,0,0,False,False
Dr Arif Bohri Polyclinicand Hospital,Maharashtra,Solapur,0,17.6745535,75.3237262,0,0,False,False
Dr Dipak Achalare,Maharashtra,Solapur,0,17.6675629,75.3124285,0,0,False,False
Dr Hawale Hospital,Maharashtra,Solapur,0,17.6745535,75.3237262,0,0,False,False
Gayatri Hi Tech Hospital and Research Center,Maharashtra,Solapur,0,19.4553515,72.8113716,0,0,False,False
Jankalyan Hospital,Maharashtra,Solapur,0,17.6599188,75.9063906,0,0,False,False
Kamal Kranti Medical Foundation Trust,Maharashtra,Solapur,0,17.6745535,75.3237262,0,0,False,False
Medicare I.Cu. Pandharpur,Maharashtra,Solapur,0,17.6693546,75.3409001,0,0,False,False
Raka Accident And Frature Hospital,Maharashtra,Solapur,0,17.6745535,75.3237262,0,0,False,False
Shahapure Hospital,Maharashtra,Solapur,0,17.6745535,75.3237262,0,0,False,False
Shree Hospital Maternity and Surgical,Maharashtra,Solapur,0,17.6745535,75.3237262,0,0,False,False
Shreyash Hospital,Maharashtra,Solapur,0,17.6287392,75.9143867,0,0,False,False
Shri Ganapati Children Hospital,Maharashtra,Solapur,0,17.6745535,75.3237262,0,0,False,False
Shri Ganapati Hospital and Netralaya-Pandharpur,Maharashtra,Solapur,0,17.6696709,75.3164374,0,0,False,False
Sonawane Hospital-Pandharpur,Maharashtra,Solapur,0,17.6745535,75.3237262,0,0,False,False
Narmada Hospital,Maharashtra,Solapur,0,17.50726,75.439776,0,0,False,False
Shree Satya Sai Super Hospital,Maharashtra,Solapur,0,17.6599188,75.9063906,0,0,False,False
Anand Hospital,Maharashtra,Solapur,0,16.8180204,74.6465968,0,0,False,False
Dr.Kelkar Maternity Home and Paediatic Hospital,Maharashtra,Solapur,0,17.4340512,75.1953934,0,0,False,False
Yashoda Hospital,Maharashtra,Solapur,0,17.4340512,75.1953934,0,0,False,False
Rathi Hospital,Maharashtra,Solapur,0,17.6599188,75.9063906,0,0,False,False
Samatti Clinic,Maharashtra,Solapur,0,18.2333856,75.6941478,0,0,False,False
Sanjeevani Nursing Home,Maharashtra,Solapur,0,18.2329054,75.6912806,0,0,False,False
Shri Bhaveshwar Hospital,Maharashtra,Solapur,0,17.6599188,75.9063906,0,0,False,False
Sri Ram Hospital,Maharashtra,Solapur,0,13.0040167,77.6877765,0,0,False,False
Yadav Hospital,Maharashtra,Solapur,0,21.4869337,86.9246005,0,0,False,False
Aishwarya Nursing Home - Thane,Maharashtra,Thane,0,19.2011685,72.9751825,0,0,False,False
Apex Kidney Care Pvt. Ltd (Mira Road),Maharashtra,Thane,0,19.293624,72.8714864,0,0,False,False
Dhanvantri Childrens Hospital,Maharashtra,Thane,0,19.1954727,72.9652491,0,0,False,False
Dr Bhanushali Hospital,Maharashtra,Thane,0,19.1881428,72.9759446,0,0,False,False
Dr Malatibai Chitnis Clinic and Hospital,Maharashtra,Thane,0,19.2266605,72.9838366,0,0,False,False
Dr Vaidyas Eye Center,Maharashtra,Thane,0,19.1902827,72.9711542,0,0,False,False
Dr. Godbole`S Heart Care Centre Pvt. Ltd.,Maharashtra,Thane,0,19.1902827,72.9711542,0,0,False,False
Dr. Goyal`S Children and General Hospital,Maharashtra,Thane,0,19.3942114,72.8633635,0,0,False,False
Dr. Priyas Sai Niwas Maternity and Surgical Nursing,Maharashtra,Thane,0,19.1867519,72.9545494,0,0,False,False
Dr.Nalavade Multispeciality Hospital,Maharashtra,Thane,0,19.1985423,72.9748448,0,0,False,False
Dr.Pathak`S Nursing Home,Maharashtra,Thane,0,19.1871159,72.9694667,0,0,False,False
Ganesh Hospital,Maharashtra,Thane,0,19.4607404,72.817476,0,0,False,False
Gayatri Maternity and Ent Hospital,Maharashtra,Thane,0,19.277098,72.8591019,0,0,False,False
Janam Hospital,Maharashtra,Thane,0,19.1985423,72.9748448,0,0,False,False
Jupiter Lifeline Hospitals Ltd.,Maharashtra,Thane,0,19.2074008,72.9725836,0,0,False,False
Monish Nursing Home,Maharashtra,Thane,0,19.2057161,73.0955302,0,0,False,False
Nityanand Nursing Home,Maharashtra,Thane,0,19.2374286,73.1255989,0,0,False,False
Om Children Maternity and Surgical Nursing Home,Maharashtra,Thane,0,19.1867519,72.9545494,0,0,False,False
Parmar Nursing Home,Maharashtra,Thane,0,19.2896128,72.8596712,0,0,False,False
Silotri Hospital,Maharashtra,Thane,0,19.212245,72.960029,0,0,False,False
Smiles Unlimited Dental Clinic,Maharashtra,Thane,0,19.2140149,72.9771604,0,0,False,False
Somika Laser Eyes Surgery Centers,Maharashtra,Thane,0,19.1911864,72.9724048,0,0,False,False
Thane Health Care Hospital,Maharashtra,Thane,0,19.1902827,72.9711542,0,0,False,False
Vijay Ent Hospital,Maharashtra,Thane,0,19.4618817,72.7776581,0,0,False,False
Waris Nursing Home,Maharashtra,Thane,0,19.2812547,73.0482912,0,0,False,False
Abhimaan Maternity and Surgical Hospital - Thane,Maharashtra,Thane,0,19.2891713,73.0337355,0,0,False,False
Amber Eye Care And Microsurgery Centre,Maharashtra,Thane,0,19.1871159,72.9694667,0,0,False,False
Ashwini Maternity and Nursing Home,Maharashtra,Thane,0,19.1982854,72.9707381,0,0,False,False
Bapat Nursing Home,Maharashtra,Thane,0,19.1956229,72.9668684,0,0,False,False
Criticare Superspeciality Hospital,Maharashtra,Thane,0,19.2266605,72.9838366,0,0,False,False
Deepashree Eye Clinic And Surgical Centre,Maharashtra,Thane,0,19.2157613,73.0729934,0,0,False,False
Deodhar Hospitals Pvt. Ltd,Maharashtra,Thane,0,19.2266605,72.9838366,0,0,False,False
Dr Bansal's Arogya Hospital,Maharashtra,Thane,0,19.2266605,72.9838366,0,0,False,False
Dr Karavade Eye Clinic,Maharashtra,Thane,0,19.1871159,72.9694667,0,0,False,False
Dr Subodh Mehtas Advance Orthopedic and Joint Replacement Center,Maharashtra,Thane,0,19.1954727,72.9652491,0,0,False,False
Dr. Narkhedes Advance Ent Centre,Maharashtra,Thane,0,19.1902827,72.9711542,0,0,False,False
Dr. Sankhe Hospital,Maharashtra,Thane,0,19.3872168,72.8236072,0,0,False,False
Dr.Kshirsagars Nursing Home,Maharashtra,Thane,0,19.2266605,72.9838366,0,0,False,False
Hittaishi Health Care Centre and Icu,Maharashtra,Thane,0,19.196383,72.9634219,0,0,False,False
Mokashi Nursing Home,Maharashtra,Thane,0,19.191805,72.9747837,0,0,False,False
Nest Accident and Fracture Hospital,Maharashtra,Thane,0,19.1871159,72.9694667,0,0,False,False
Pooja Nursing Home - Thane,Maharashtra,Thane,0,19.1871159,72.9694667,0,0,False,False
Sai-Krupa Maternity and Surgical Nursing Home,Maharashtra,Thane,0,19.1902827,72.9711542,0,0,False,False
Shree Eye Hospital,Maharashtra,Thane,0,19.2164376,72.9722088,0,0,False,False
Soham Hospital,Maharashtra,Thane,0,19.2939579,73.0603317,0,0,False,False
Suyash Diagnostic Centre,Maharashtra,Thane,0,19.1871159,72.9694667,0,0,False,False
Vaidya Maternity Home,Maharashtra,Thane,0,19.1902827,72.9711542,0,0,False,False
Teeth and More Multi-Speciality Clinic,Maharashtra,Thane,0,19.2266605,72.9838366,0,0,False,False
Dr. Muddebihalkar Hospital and Iccu,Maharashtra,Thane,0,19.1869807,72.9540053,0,0,False,False
Modi Hospital - Thane,Maharashtra,Thane,0,19.1867519,72.9545494,0,0,False,False
Sai Hospital and Icu,Maharashtra,Thane,0,19.2266605,72.9838366,0,0,False,False
Sai Hospital And Icu,Maharashtra,Thane,0,19.1850225,72.9683173,0,0,False,False
Shivani Maternity Home Thane,Maharashtra,Thane,0,19.1867519,72.9545494,0,0,False,False
Dr Ram Malis Ramanand Hospital and Iccu,Maharashtra,Thane,0,19.2128663,73.0102182,0,0,False,False
Harisuman Nursing Home,Maharashtra,Thane,0,19.1963547,72.9871979,0,0,False,False
Ramanand Hospital,Maharashtra,Thane,0,19.2095672,73.0089982,0,0,False,False
Maher Maternity And Surgical Nursing Home,Maharashtra,Thane,0,19.2137555,72.9611627,0,0,False,False
Risk Care Hospital and Iccu,Maharashtra,Thane,0,19.1996442,72.9720309,0,0,False,False
Sahayog Nursing Home,Maharashtra,Thane,0,19.2183307,72.9780897,0,0,False,False
Shri Uttam Hospital,Maharashtra,Thane,0,19.2099999,72.961482,0,0,False,False
Dr. Amar`S Karkhanis Super- Speciality Hospital,Maharashtra,Thane,0,19.2347436,72.9742923,0,0,False,False
K. M. C.Nursing Home and Polyclinic,Maharashtra,Thane,0,19.2529011,72.9722983,0,0,False,False
Kevalya Hospital,Maharashtra,Thane,0,19.2266605,72.9838366,0,0,False,False
Metro Hospital and Icu,Maharashtra,Thane,0,19.2346825,72.9756521,0,0,False,False
Orthonova Hospital,Maharashtra,Thane,0,19.2266605,72.9838366,0,0,False,False
Shree Sai Hospital,Maharashtra,Thane,0,19.2266605,72.9838366,0,0,False,False
Aastha Old Aged Care Center,Maharashtra,Thane,0,19.0330488,73.0296625,0,0,False,False
Bilal Hospital I.C.U,Maharashtra,Thane,0,31.1048145,77.1734033,0,0,False,False
Gautami Nursing Home,Maharashtra,Thane,0,19.0759837,72.8776559,0,0,False,False
Siddiqui Nursing Home,Maharashtra,Thane,0,19.185045,73.0244225,0,0,False,False
Dr Jairaj Hospital,Maharashtra,Thane,0,19.0251178,73.0423421,0,0,False,False
Mahatma Gandhi Missions Hospital,Maharashtra,Thane,0,19.0300657,73.0351138,0,0,False,False
Mgm Hospital and Research Centre,Maharashtra,Thane,0,19.025615,73.041885,0,0,False,False
Sukhada Speciality Hospital,Maharashtra,Thane,0,19.0421332,73.0100869,0,0,False,False
Suyash Hospital,Maharashtra,Thane,0,19.0330488,73.0296625,0,0,False,False
Dr. Jairaj`S Hospital,Maharashtra,Thane,0,19.0251178,73.0423421,0,0,False,False
Asha Medical Centre,Maharashtra,Thane,0,19.157935,72.9934762,0,0,False,False
Divine Multispecialty Hospital and Research Centre,Maharashtra,Thane,0,19.1214684,73.0036295,0,0,False,False
Tanmay Nursing Home,Maharashtra,Thane,0,19.1148654,73.00264,0,0,False,False
Ashirwad Hospital Maternity Surgical And General,Maharashtra,Thane,0,19.0899366,73.0047217,0,0,False,False
Dr Yewale Multi Speciality Hospital For Children,Maharashtra,Thane,0,19.078634,72.9973569,0,0,False,False
Dr. Anthony F D Souza,Maharashtra,Thane,0,19.0778504,72.996881,0,0,False,False
Dr. Kunnure Hospital And Iccu,Maharashtra,Thane,0,19.0784267,72.9969872,0,0,False,False
Hiranandani Fortis Hospital,Maharashtra,Thane,0,19.0770644,72.9989925,0,0,False,False
J and M Hospital Pvt. Ltd.,Maharashtra,Thane,0,18.7501386,73.0420662,0,0,False,False
Jaydish Nursing Home,Maharashtra,Thane,0,19.0732019,72.9983015,0,0,False,False
Laksh Deep Hospital,Maharashtra,Thane,0,19.0245174,73.0407276,0,0,False,False
"M J Hospitals Ltd ,",Maharashtra,Thane,0,18.7501386,73.0420662,0,0,False,False
Mahatma Gandhi Mission`S New Bombay Hospital,Maharashtra,Thane,0,19.0731822,72.9951844,0,0,False,False
Prerana Hospital,Maharashtra,Thane,0,18.7501386,73.0420662,0,0,False,False
Siddhi Medical Centre,Maharashtra,Thane,0,19.0824849,72.9980942,0,0,False,False
Sterling Wockhardt Hospital,Maharashtra,Thane,0,19.0709116,72.9859162,0,0,False,False
The Apollo Clinic,Maharashtra,Thane,0,19.0899,73.0032257,0,0,False,False
Uma Hospital,Maharashtra,Thane,0,19.0770644,72.9989925,0,0,False,False
Ashirwad Diagnostic Centre,Maharashtra,Thane,0,19.0178803,73.0869884,0,0,False,False
Dhrushti Eye Clinic and Microsourgery Centre - Vashi- Navi Mumbai,Maharashtra,Thane,0,19.0723058,73.0006774,0,0,False,False
Dr. R.N. Patil`S Suraj Neurologiacal and Multispeciality Hospital,Maharashtra,Thane,0,19.0624197,73.0058897,0,0,False,False
Dr. Tilwe Maternity and Nursing Home,Maharashtra,Thane,0,19.0716941,73.0002544,0,0,False,False
Millennium Life Line Hospital and Research Centre,Maharashtra,Thane,0,19.059797,73.0142845,0,0,False,False
Mohanlal Jivandas Hospital Pvt Ltd,Maharashtra,Thane,0,19.0770644,72.9989925,0,0,False,False
Navjeevan Hospital(Samarth Healthcare Services),Maharashtra,Thane,0,19.0176169,72.8561288,0,0,False,False
Pkc Hospital And Medical Research Centre,Maharashtra,Thane,0,19.1035049,72.92377,0,0,False,False
Sanpada General Hopital,Maharashtra,Thane,0,19.059797,73.0142845,0,0,False,False
Sushrusha Heart Cre Center and Speciality Hospital,Maharashtra,Thane,0,19.0434771,73.0089423,0,0,False,False
Thanawala Maternity Home,Maharashtra,Thane,0,19.0330488,73.0296625,0,0,False,False
"Vasan Eye Care Hospital - Vasi, Navi Mumbai",Maharashtra,Thane,0,19.0330488,73.0296625,0,0,False,False
Aarogya Polyclinic and Health Care Centre,Maharashtra,Thane,0,19.0355766,73.0228173,0,0,False,False
Anurag Nursing Home;,Maharashtra,Thane,0,15.5049283,73.7919103,0,0,False,False
Aryan Hospital,Maharashtra,Thane,0,19.0409524,73.0150146,0,0,False,False
Ashwini Nursing Home- Nerul,Maharashtra,Thane,0,19.0133957,73.0165529,0,0,False,False
Ayurvedic Treatment Center,Maharashtra,Thane,0,19.0409524,73.0150146,0,0,False,False
Chaitanya Child Care Centre,Maharashtra,Thane,0,15.5049283,73.7919103,0,0,False,False
Deb Surgical and Maternity Care Centre- Nerul- Navi,Maharashtra,Thane,0,19.0295047,73.0206717,0,0,False,False
Divya Nursing Home,Maharashtra,Thane,0,19.0330488,73.0296625,0,0,False,False
Dr D Y Patil Hospital and Research Center,Maharashtra,Thane,0,19.1033194,73.0067258,0,0,False,False
Dr.Sonawane's Hospital,Maharashtra,Thane,0,19.0355766,73.0228173,0,0,False,False
Eyemax Super Speciality Eye Centre,Maharashtra,Thane,0,19.0330488,73.0296625,0,0,False,False
Harish Hospital And Iccu,Maharashtra,Thane,0,19.0439521,73.0171405,0,0,False,False
Kamlesh Mother and Child Hospital,Maharashtra,Thane,0,19.0433268,73.0151632,0,0,False,False
"Mangal Prabhu Nursing Home, Polyclinic and Diagnostic Center",Maharashtra,Thane,0,19.0506956,73.0154376,0,0,False,False
Ojas Nursing Home,Maharashtra,Thane,0,19.0355766,73.0228173,0,0,False,False
Padmashree Dr. D.Y. Patil Hospital and Research Centre,Maharashtra,Thane,0,19.1033194,73.0067258,0,0,False,False
Patoriya Eye Hospital,Maharashtra,Thane,0,19.0251156,73.0210595,0,0,False,False
Sanjivani Hospital and Iccu,Maharashtra,Thane,0,15.5049283,73.7919103,0,0,False,False
Shivam Eye Foundation P P N,Maharashtra,Thane,0,19.0344725,73.0287838,0,0,False,False
Shree Balaji Hospital - Nerul,Maharashtra,Thane,0,19.0133957,73.0165529,0,0,False,False
Shushrusha Heart Care Centre and Speciality Hospital,Maharashtra,Thane,0,19.0111023,73.0337193,0,0,False,False
Sobti Clinic,Maharashtra,Thane,0,19.0742566,72.9968942,0,0,False,False
Surya Hospital and Iccu,Maharashtra,Thane,0,19.0355766,73.0228173,0,0,False,False
Suyash Nursing Home and Iccu,Maharashtra,Thane,0,19.0355766,73.0228173,0,0,False,False
Terna Sahyadri Speciality Hospital And Research Centre,Maharashtra,Thane,0,19.1165242,72.9044137,0,0,False,False
Aarya Multispecility Hospital and I C C U,Maharashtra,Thane,0,19.0704303,73.0831149,0,0,False,False
Aayush Multispeciality Hospital,Maharashtra,Thane,0,19.153192,72.9969872,0,0,False,False
Avadhoot Hospital and Iccu,Maharashtra,Thane,0,19.157935,72.9934762,0,0,False,False
"Criti Care Iccu, Multispeciality and Trauma Centre",Maharashtra,Thane,0,19.1482367,72.9923513,0,0,False,False
Disha Hospital,Maharashtra,Thane,0,19.153633,72.996033,0,0,False,False
Dr Mahajans Hospital and Itc,Maharashtra,Thane,0,19.1425582,73.0120312,0,0,False,False
Dr Manes Gawali Hospital,Maharashtra,Thane,0,19.1452559,73.0102842,0,0,False,False
Dr Rajiv Chandras Asha Hospital and Iccu,Maharashtra,Thane,0,19.1488782,72.9969872,0,0,False,False
Dr. Doke's Shraddha Hospital,Maharashtra,Thane,0,19.1488782,72.9969872,0,0,False,False
Dr. Mahajan`S Hospital and Industrial Trauma Centre,Maharashtra,Thane,0,19.1425582,73.0120312,0,0,False,False
Indravati Hospital,Maharashtra,Thane,0,19.1564686,72.998371,0,0,False,False
Jasmine Hospital,Maharashtra,Thane,0,19.157935,72.9934762,0,0,False,False
Modi Hospital Iccu,Maharashtra,Thane,0,19.1620886,72.9981476,0,0,False,False
Om Sai Hospital,Maharashtra,Thane,0,19.157935,72.9934762,0,0,False,False
Parulekar Nursing Home,Maharashtra,Thane,0,19.157935,72.9934762,0,0,False,False
Royal Nursing Home,Maharashtra,Thane,0,19.1643711,72.9973562,0,0,False,False
Sai Krupa General Hospital,Maharashtra,Thane,0,19.1603221,72.9913826,0,0,False,False
Sai Seva Hospital and Icu,Maharashtra,Thane,0,19.157935,72.9934762,0,0,False,False
Sanjivni Hospital,Maharashtra,Thane,0,22.5179486,88.3526516,0,0,False,False
Shree Eye Clinic,Maharashtra,Thane,0,19.0651648,73.0087956,0,0,False,False
Thanawalas Clinic For Women,Maharashtra,Thane,0,19.1616805,72.9988208,0,0,False,False
Yash Nursing Home,Maharashtra,Thane,0,19.153192,72.9969872,0,0,False,False
Dr Ajayan's Multispeciality Hospital,Maharashtra,Thane,0,19.0330488,73.0296625,0,0,False,False
Dr. Dive S Eye Clinic,Maharashtra,Thane,0,19.0330488,73.0296625,0,0,False,False
Dr.P.B.Pandes Shramasafalya Balchikista Kendra,Maharashtra,Thane,0,19.0330488,73.0296625,0,0,False,False
Kaustubh Nursing Home,Maharashtra,Thane,0,19.1030855,73.0039587,0,0,False,False
Nidhi Eye and Skin Care Centre,Maharashtra,Thane,0,19.0330488,73.0296625,0,0,False,False
Sai Snehdeep Hospital,Maharashtra,Thane,0,19.108437,73.0050176,0,0,False,False
Saraswati Skin and Eye Care Centre,Maharashtra,Thane,0,19.0330488,73.0296625,0,0,False,False
Satyam Multispeciality Hospital and Trauma Centre,Maharashtra,Thane,0,19.0431133,73.0773413,0,0,False,False
Vedaant Multispeciality Hospital,Maharashtra,Thane,0,19.0330488,73.0296625,0,0,False,False
Vidhi Eye and Skin Care Centre,Maharashtra,Thane,0,19.0330488,73.0296625,0,0,False,False
Kamala Eye Clinic,Maharashtra,Thane,0,19.3025417,72.8526726,0,0,False,False
Kkasturi Medicare Pvt Ltd,Maharashtra,Thane,0,19.0759837,72.8776559,0,0,False,False
Poonam Manav Seva Kendra,Maharashtra,Thane,0,19.3059613,72.8498129,0,0,False,False
Ramlok Ent Clinic,Maharashtra,Thane,0,19.3017788,72.8502601,0,0,False,False
Seetabai Children Hospital,Maharashtra,Thane,0,19.3017788,72.8502601,0,0,False,False
Shraddha Maternity Nursing Home (P) Ltd,Maharashtra,Thane,0,19.3017788,72.8502601,0,0,False,False
Dr Suris Maternity And Surgical Nursing Home,Maharashtra,Thane,0,19.2786329,72.8684561,0,0,False,False
Hamzah Nursing Home,Maharashtra,Thane,0,19.2798752,72.8855163,0,0,False,False
Sushrut Maternity and Surgical Nursing Home,Maharashtra,Thane,0,19.2871393,72.8688419,0,0,False,False
Aditi Dental Clinic,Maharashtra,Thane,0,19.3067454,72.8532606,0,0,False,False
Al-Falah Health Care,Maharashtra,Thane,0,19.2871393,72.8688419,0,0,False,False
Apple Hospital and Medical Centre,Maharashtra,Thane,0,19.2974558,72.8564721,0,0,False,False
Padamawati Maternity and Nursing Home,Maharashtra,Thane,0,19.3140139,72.8545942,0,0,False,False
Pradha Maternity and Medical Nursing Home,Maharashtra,Thane,0,19.3056009,72.8593755,0,0,False,False
Prajwal Eye and Dental Clinic,Maharashtra,Thane,0,19.3056009,72.8593755,0,0,False,False
Rradha Maternity and Medical Nursing Home,Maharashtra,Thane,0,19.3056009,72.8593755,0,0,False,False
Sai Aashirwad Hospital Iccu and Polyclinic,Maharashtra,Thane,0,19.3069896,72.862504,0,0,False,False
Dr Dragos Life Line General andMaternity Hospital,Maharashtra,Thane,0,19.2871393,72.8688419,0,0,False,False
Aryan Child Healthcare Centre,Maharashtra,Thane,0,19.2768266,72.8741682,0,0,False,False
Badri-Vishal Polyclinic and Hospital,Maharashtra,Thane,0,19.2896128,72.8596712,0,0,False,False
Better Sight and Research Center,Maharashtra,Thane,0,19.2797746,72.8601066,0,0,False,False
Bhakti Vedanta Hospital,Maharashtra,Thane,0,19.2697321,72.8720581,0,0,False,False
Deepak Hospital,Maharashtra,Thane,0,19.2856295,72.8693515,0,0,False,False
Dinesh Iccu-Nicu and General Hospital,Maharashtra,Thane,0,19.0759837,72.8776559,0,0,False,False
Gayatri Maternity and Ear Nose Throat Hospital,Maharashtra,Thane,0,19.2804812,72.8618866,0,0,False,False
Janak Hospital,Maharashtra,Thane,0,19.280583,72.8666866,0,0,False,False
Karuna Nursing Home,Maharashtra,Thane,0,19.2871393,72.8688419,0,0,False,False
Life Care Hospital,Maharashtra,Thane,0,19.2871393,72.8688419,0,0,False,False
New Healthcare Nursing Home,Maharashtra,Thane,0,19.2871393,72.8688419,0,0,False,False
Om Hospital,Maharashtra,Thane,0,19.2881876,72.8593553,0,0,False,False
Om Sai Ent Clinic,Maharashtra,Thane,0,19.2757,72.86424,0,0,False,False
Orbit Super Speciality Hospital,Maharashtra,Thane,0,19.4945979,72.8604097,0,0,False,False
Prana Criti Care Clinic,Maharashtra,Thane,0,19.2871393,72.8688419,0,0,False,False
Roshni Maternity and Nursing Home,Maharashtra,Thane,0,19.280583,72.8666866,0,0,False,False
"Sai Aashirwad Hospital, Evershine Enclave",Maharashtra,Thane,0,19.2871393,72.8688419,0,0,False,False
Sai Yash Hospital,Maharashtra,Thane,0,19.2871393,72.8688419,0,0,False,False
Sanjeevani Hospital For Women And Children,Maharashtra,Thane,0,19.2803447,72.8622798,0,0,False,False
Shah Lifeline Hospital and Heart Institute Pvt. Ltd. - Thane,Maharashtra,Thane,0,19.2871393,72.8688419,0,0,False,False
Shiv Om Hospital,Maharashtra,Thane,0,19.2183307,72.9780897,0,0,False,False
Sushant Maternity and Surgical Nursing Home,Maharashtra,Thane,0,19.218734,72.871135,0,0,False,False
Take Care Maternity And Nursing Home,Maharashtra,Thane,0,19.2849906,72.8700495,0,0,False,False
Tanwar Hospital,Maharashtra,Thane,0,19.2856295,72.8693515,0,0,False,False
Telang Nursing Home,Maharashtra,Thane,0,19.1931105,72.9442111,0,0,False,False
Thunga Hospital Pvt Ltd,Maharashtra,Thane,0,19.2849906,72.8700495,0,0,False,False
Tirupati Nursing Home,Maharashtra,Thane,0,19.2871393,72.8688419,0,0,False,False
Umarao Hospital,Maharashtra,Thane,0,19.2871393,72.8688419,0,0,False,False
Umrao Hospital,Maharashtra,Thane,0,19.2876622,72.8590429,0,0,False,False
Vipassana Hospital,Maharashtra,Thane,0,19.2871393,72.8688419,0,0,False,False
Yashoda Maternity and Nursing Home,Maharashtra,Thane,0,19.2871393,72.8688419,0,0,False,False
Chaphekar Iccu Diabetes Hospital - Vasai (W),Maharashtra,Thane,0,19.383948,72.827961,0,0,False,False
