ISO3,Location,DataId,Indicator,Value,Precision,DHS_CountryCode,CountryName,SurveyYear,SurveyId,IndicatorId,IndicatorOrder,IndicatorType,CharacteristicId,CharacteristicOrder,CharacteristicCategory,CharacteristicLabel,ByVariableId,ByVariableLabel,IsTotal,IsPreferred,SDRID,RegionId,SurveyYearLabel,SurveyType,DenominatorWeighted,DenominatorUnweighted,CILow,CIHigh,LevelRank
IND,New Delhi,6457363,Children with any anemia,57,1,IA,India,2006,IA2006DHS,CN_ANMC_C_ANY,104466010,I,413000,1413000,Region,New Delhi,0,,0,1,CNANMCCANY,IADHS2006413000,2005-06,DHS,258,645,,,1
IND,Haryana,1224708,Children with any anemia,72.3,1,IA,India,2006,IA2006DHS,CN_ANMC_C_ANY,104466010,I,413001,1413010,Region,Haryana,0,,0,1,CNANMCCANY,IADHS2006413001,2005-06,DHS,843,1027,,,1
IND,Himachal Pradesh,3130035,Children with any anemia,54.7,1,IA,India,2006,IA2006DHS,CN_ANMC_C_ANY,104466010,I,413002,1413020,Region,Himachal Pradesh,0,,0,1,CNANMCCANY,IADHS2006413002,2005-06,DHS,199,801,,,1
IND,"Jammu, Kashmir & Ladakh",7291680,Children with any anemia,58.6,1,IA,India,2006,IA2006DHS,CN_ANMC_C_ANY,104466010,I,413003,1413030,Region,"Jammu, Kashmir & Ladakh",0,,0,1,CNANMCCANY,IADHS2006413003,2005-06,DHS,330,901,,,1
IND,Punjab,7624283,Children with any anemia,66.4,1,IA,India,2006,IA2006DHS,CN_ANMC_C_ANY,104466010,I,413005,1413050,Region,Punjab,0,,0,1,CNANMCCANY,IADHS2006413005,2005-06,DHS,851,1018,,,1
IND,Rajasthan,3684966,Children with any anemia,69.7,1,IA,India,2006,IA2006DHS,CN_ANMC_C_ANY,104466010,I,413006,1413060,Region,Rajasthan,0,,0,1,CNANMCCANY,IADHS2006413006,2005-06,DHS,2958,1650,,,1
IND,"Madhya Pradesh, inc Chhattisgarh",3813841,Children with any anemia,73.4,1,IA,India,2006,IA2006DHS,CN_ANMC_C_ANY,104466010,I,413007,1413070,Region,"Madhya Pradesh, inc Chhattisgarh",0,,0,1,CNANMCCANY,IADHS2006413007,2005-06,DHS,4319,3840,,,
IND,Madhya Pradesh,4986722,Children with any anemia,74.1,1,IA,India,2006,IA2006DHS,CN_ANMC_C_ANY,104466010,I,413008,1413080,Region,..Madhya Pradesh,0,,0,1,CNANMCCANY,IADHS2006413008,2005-06,DHS,3307,2538,,,1
IND,Chhattisgarh,4565590,Children with any anemia,71.2,1,IA,India,2006,IA2006DHS,CN_ANMC_C_ANY,104466010,I,413009,1413090,Region,..Chhattisgarh,0,,0,1,CNANMCCANY,IADHS2006413009,2005-06,DHS,1013,1302,,,1
IND,"Uttar Pradesh, inc Uttarakhand",7629857,Children with any anemia,73.5,1,IA,India,2006,IA2006DHS,CN_ANMC_C_ANY,104466010,I,413010,1413100,Region,"Uttar Pradesh, inc Uttarakhand",0,,0,1,CNANMCCANY,IADHS2006413010,2005-06,DHS,7875,5603,,,
IND,Uttar Pradesh,1496210,Children with any anemia,73.9,1,IA,India,2006,IA2006DHS,CN_ANMC_C_ANY,104466010,I,413011,1413110,Region,..Uttar Pradesh,0,,0,1,CNANMCCANY,IADHS2006413011,2005-06,DHS,7582,4705,,,1
IND,Uttarakhand,6343779,Children with any anemia,61.4,1,IA,India,2006,IA2006DHS,CN_ANMC_C_ANY,104466010,I,413012,1413120,Region,..Uttarakhand,0,,0,1,CNANMCCANY,IADHS2006413012,2005-06,DHS,293,898,,,1
IND,"Bihar, inc Jharkhand",1088500,Children with any anemia,76.4,1,IA,India,2006,IA2006DHS,CN_ANMC_C_ANY,104466010,I,413013,1413130,Region,"Bihar, inc Jharkhand",0,,0,1,CNANMCCANY,IADHS2006413013,2005-06,DHS,6620,3152,,,
IND,Bihar,3146550,Children with any anemia,78,1,IA,India,2006,IA2006DHS,CN_ANMC_C_ANY,104466010,I,413014,1413140,Region,..Bihar,0,,0,1,CNANMCCANY,IADHS2006413014,2005-06,DHS,5204,1880,,,1
IND,Jharkhand,7233775,Children with any anemia,70.3,1,IA,India,2006,IA2006DHS,CN_ANMC_C_ANY,104466010,I,413015,1413150,Region,..Jharkhand,0,,0,1,CNANMCCANY,IADHS2006413015,2005-06,DHS,1416,1272,,,1
IND,Odisha,3129970,Children with any anemia,65,1,IA,India,2006,IA2006DHS,CN_ANMC_C_ANY,104466010,I,413016,1413160,Region,Odisha,0,,0,1,CNANMCCANY,IADHS2006413016,2005-06,DHS,1563,1393,,,1
IND,West Bengal,204091,Children with any anemia,61,1,IA,India,2006,IA2006DHS,CN_ANMC_C_ANY,104466010,I,413017,1413170,Region,West Bengal,0,,0,1,CNANMCCANY,IADHS2006413017,2005-06,DHS,3352,1851,,,1
IND,Arunachal Pradesh,876866,Children with any anemia,56.9,1,IA,India,2006,IA2006DHS,CN_ANMC_C_ANY,104466010,I,413018,1413180,Region,Arunachal Pradesh,0,,0,1,CNANMCCANY,IADHS2006413018,2005-06,DHS,56,722,,,1
IND,Assam,6480142,Children with any anemia,69.6,1,IA,India,2006,IA2006DHS,CN_ANMC_C_ANY,104466010,I,413019,1413190,Region,Assam,0,,0,1,CNANMCCANY,IADHS2006413019,2005-06,DHS,1061,1129,,,1
IND,Manipur,7519688,Children with any anemia,41.1,1,IA,India,2006,IA2006DHS,CN_ANMC_C_ANY,104466010,I,413020,1413200,Region,Manipur,0,,0,1,CNANMCCANY,IADHS2006413020,2005-06,DHS,92,1474,,,1
IND,Meghalaya,6001179,Children with any anemia,64.4,1,IA,India,2006,IA2006DHS,CN_ANMC_C_ANY,104466010,I,413021,1413210,Region,Meghalaya,0,,0,1,CNANMCCANY,IADHS2006413021,2005-06,DHS,122,748,,,1
IND,Mizoram,7291730,Children with any anemia,44.2,1,IA,India,2006,IA2006DHS,CN_ANMC_C_ANY,104466010,I,413022,1413220,Region,Mizoram,0,,0,1,CNANMCCANY,IADHS2006413022,2005-06,DHS,45,741,,,1
IND,Sikkim,7531934,Children with any anemia,59.2,1,IA,India,2006,IA2006DHS,CN_ANMC_C_ANY,104466010,I,413024,1413240,Region,Sikkim,0,,0,1,CNANMCCANY,IADHS2006413024,2005-06,DHS,20,526,,,1
IND,Tripura,3665243,Children with any anemia,62.9,1,IA,India,2006,IA2006DHS,CN_ANMC_C_ANY,104466010,I,413025,1413250,Region,Tripura,0,,0,1,CNANMCCANY,IADHS2006413025,2005-06,DHS,136,527,,,1
IND,Goa,3793434,Children with any anemia,38.2,1,IA,India,2006,IA2006DHS,CN_ANMC_C_ANY,104466010,I,413026,1413260,Region,Goa,0,,0,1,CNANMCCANY,IADHS2006413026,2005-06,DHS,35,667,,,1
IND,Gujarat,475121,Children with any anemia,69.7,1,IA,India,2006,IA2006DHS,CN_ANMC_C_ANY,104466010,I,413027,1413270,Region,Gujarat,0,,0,1,CNANMCCANY,IADHS2006413027,2005-06,DHS,2082,1256,,,1
IND,Maharashtra,4278890,Children with any anemia,63.4,1,IA,India,2006,IA2006DHS,CN_ANMC_C_ANY,104466010,I,413028,1413280,Region,Maharashtra,0,,0,1,CNANMCCANY,IADHS2006413028,2005-06,DHS,2904,2090,,,1
IND,Andhra Pradesh including Telangana,7622480,Children with any anemia,70.8,1,IA,India,2006,IA2006DHS,CN_ANMC_C_ANY,104466010,I,413029,1413290,Region,Andhra Pradesh including Telangana,0,,0,1,CNANMCCANY,IADHS2006413029,2005-06,DHS,2375,1695,,,1
IND,Karnataka,1445785,Children with any anemia,70.4,1,IA,India,2006,IA2006DHS,CN_ANMC_C_ANY,104466010,I,413030,1413300,Region,Karnataka,0,,0,1,CNANMCCANY,IADHS2006413030,2005-06,DHS,1674,1412,,,1
IND,Kerala,6040408,Children with any anemia,44.5,1,IA,India,2006,IA2006DHS,CN_ANMC_C_ANY,104466010,I,413031,1413310,Region,Kerala,0,,0,1,CNANMCCANY,IADHS2006413031,2005-06,DHS,834,824,,,1
IND,Tamil Nadu,1170703,Children with any anemia,64.2,1,IA,India,2006,IA2006DHS,CN_ANMC_C_ANY,104466010,I,413032,1413320,Region,Tamil Nadu,0,,0,1,CNANMCCANY,IADHS2006413032,2005-06,DHS,1786,1440,,,1
IND,New Delhi,6457362,Children with mild anemia,26.3,1,IA,India,2006,IA2006DHS,CN_ANMC_C_MLD,104466020,I,413000,1413000,Region,New Delhi,0,,0,1,CNANMCCMLD,IADHS2006413000,2005-06,DHS,258,645,,,1
IND,Haryana,1224707,Children with mild anemia,25.8,1,IA,India,2006,IA2006DHS,CN_ANMC_C_MLD,104466020,I,413001,1413010,Region,Haryana,0,,0,1,CNANMCCMLD,IADHS2006413001,2005-06,DHS,843,1027,,,1
IND,Himachal Pradesh,3130034,Children with mild anemia,25.7,1,IA,India,2006,IA2006DHS,CN_ANMC_C_MLD,104466020,I,413002,1413020,Region,Himachal Pradesh,0,,0,1,CNANMCCMLD,IADHS2006413002,2005-06,DHS,199,801,,,1
IND,"Jammu, Kashmir & Ladakh",7291679,Children with mild anemia,25.8,1,IA,India,2006,IA2006DHS,CN_ANMC_C_MLD,104466020,I,413003,1413030,Region,"Jammu, Kashmir & Ladakh",0,,0,1,CNANMCCMLD,IADHS2006413003,2005-06,DHS,330,901,,,1
IND,Punjab,7624265,Children with mild anemia,21.7,1,IA,India,2006,IA2006DHS,CN_ANMC_C_MLD,104466020,I,413005,1413050,Region,Punjab,0,,0,1,CNANMCCMLD,IADHS2006413005,2005-06,DHS,851,1018,,,1
IND,Rajasthan,3684965,Children with mild anemia,22.8,1,IA,India,2006,IA2006DHS,CN_ANMC_C_MLD,104466020,I,413006,1413060,Region,Rajasthan,0,,0,1,CNANMCCMLD,IADHS2006413006,2005-06,DHS,2958,1650,,,1
IND,"Madhya Pradesh, inc Chhattisgarh",3813840,Children with mild anemia,26.4,1,IA,India,2006,IA2006DHS,CN_ANMC_C_MLD,104466020,I,413007,1413070,Region,"Madhya Pradesh, inc Chhattisgarh",0,,0,1,CNANMCCMLD,IADHS2006413007,2005-06,DHS,4319,3840,,,
IND,Madhya Pradesh,4986721,Children with mild anemia,27.1,1,IA,India,2006,IA2006DHS,CN_ANMC_C_MLD,104466020,I,413008,1413080,Region,..Madhya Pradesh,0,,0,1,CNANMCCMLD,IADHS2006413008,2005-06,DHS,3307,2538,,,1
IND,Chhattisgarh,4565589,Children with mild anemia,24,1,IA,India,2006,IA2006DHS,CN_ANMC_C_MLD,104466020,I,413009,1413090,Region,..Chhattisgarh,0,,0,1,CNANMCCMLD,IADHS2006413009,2005-06,DHS,1013,1302,,,1
IND,"Uttar Pradesh, inc Uttarakhand",7629856,Children with mild anemia,25.5,1,IA,India,2006,IA2006DHS,CN_ANMC_C_MLD,104466020,I,413010,1413100,Region,"Uttar Pradesh, inc Uttarakhand",0,,0,1,CNANMCCMLD,IADHS2006413010,2005-06,DHS,7875,5603,,,
IND,Uttar Pradesh,1496209,Children with mild anemia,25.4,1,IA,India,2006,IA2006DHS,CN_ANMC_C_MLD,104466020,I,413011,1413110,Region,..Uttar Pradesh,0,,0,1,CNANMCCMLD,IADHS2006413011,2005-06,DHS,7582,4705,,,1
IND,Uttarakhand,6343778,Children with mild anemia,28.5,1,IA,India,2006,IA2006DHS,CN_ANMC_C_MLD,104466020,I,413012,1413120,Region,..Uttarakhand,0,,0,1,CNANMCCMLD,IADHS2006413012,2005-06,DHS,293,898,,,1
IND,"Bihar, inc Jharkhand",1086603,Children with mild anemia,29.5,1,IA,India,2006,IA2006DHS,CN_ANMC_C_MLD,104466020,I,413013,1413130,Region,"Bihar, inc Jharkhand",0,,0,1,CNANMCCMLD,IADHS2006413013,2005-06,DHS,6620,3152,,,
IND,Bihar,3146548,Children with mild anemia,29.6,1,IA,India,2006,IA2006DHS,CN_ANMC_C_MLD,104466020,I,413014,1413140,Region,..Bihar,0,,0,1,CNANMCCMLD,IADHS2006413014,2005-06,DHS,5204,1880,,,1
IND,Jharkhand,7233774,Children with mild anemia,29.3,1,IA,India,2006,IA2006DHS,CN_ANMC_C_MLD,104466020,I,413015,1413150,Region,..Jharkhand,0,,0,1,CNANMCCMLD,IADHS2006413015,2005-06,DHS,1416,1272,,,1
IND,Odisha,3129972,Children with mild anemia,28.9,1,IA,India,2006,IA2006DHS,CN_ANMC_C_MLD,104466020,I,413016,1413160,Region,Odisha,0,,0,1,CNANMCCMLD,IADHS2006413016,2005-06,DHS,1563,1393,,,1
IND,West Bengal,204090,Children with mild anemia,30,1,IA,India,2006,IA2006DHS,CN_ANMC_C_MLD,104466020,I,413017,1413170,Region,West Bengal,0,,0,1,CNANMCCMLD,IADHS2006413017,2005-06,DHS,3352,1851,,,1
IND,Arunachal Pradesh,876867,Children with mild anemia,27.1,1,IA,India,2006,IA2006DHS,CN_ANMC_C_MLD,104466020,I,413018,1413180,Region,Arunachal Pradesh,0,,0,1,CNANMCCMLD,IADHS2006413018,2005-06,DHS,56,722,,,1
IND,Assam,6480140,Children with mild anemia,28.7,1,IA,India,2006,IA2006DHS,CN_ANMC_C_MLD,104466020,I,413019,1413190,Region,Assam,0,,0,1,CNANMCCMLD,IADHS2006413019,2005-06,DHS,1061,1129,,,1
IND,Manipur,7519687,Children with mild anemia,25.6,1,IA,India,2006,IA2006DHS,CN_ANMC_C_MLD,104466020,I,413020,1413200,Region,Manipur,0,,0,1,CNANMCCMLD,IADHS2006413020,2005-06,DHS,92,1474,,,1
IND,Meghalaya,6001178,Children with mild anemia,31.7,1,IA,India,2006,IA2006DHS,CN_ANMC_C_MLD,104466020,I,413021,1413210,Region,Meghalaya,0,,0,1,CNANMCCMLD,IADHS2006413021,2005-06,DHS,122,748,,,1
IND,Mizoram,7291728,Children with mild anemia,23.5,1,IA,India,2006,IA2006DHS,CN_ANMC_C_MLD,104466020,I,413022,1413220,Region,Mizoram,0,,0,1,CNANMCCMLD,IADHS2006413022,2005-06,DHS,45,741,,,1
IND,Sikkim,7531932,Children with mild anemia,28.9,1,IA,India,2006,IA2006DHS,CN_ANMC_C_MLD,104466020,I,413024,1413240,Region,Sikkim,0,,0,1,CNANMCCMLD,IADHS2006413024,2005-06,DHS,20,526,,,1
IND,Tripura,3665242,Children with mild anemia,27.5,1,IA,India,2006,IA2006DHS,CN_ANMC_C_MLD,104466020,I,413025,1413250,Region,Tripura,0,,0,1,CNANMCCMLD,IADHS2006413025,2005-06,DHS,136,527,,,1
IND,Goa,3793432,Children with mild anemia,19.5,1,IA,India,2006,IA2006DHS,CN_ANMC_C_MLD,104466020,I,413026,1413260,Region,Goa,0,,0,1,CNANMCCMLD,IADHS2006413026,2005-06,DHS,35,667,,,1
IND,Gujarat,475120,Children with mild anemia,25,1,IA,India,2006,IA2006DHS,CN_ANMC_C_MLD,104466020,I,413027,1413270,Region,Gujarat,0,,0,1,CNANMCCMLD,IADHS2006413027,2005-06,DHS,2082,1256,,,1
IND,Maharashtra,4278888,Children with mild anemia,21.9,1,IA,India,2006,IA2006DHS,CN_ANMC_C_MLD,104466020,I,413028,1413280,Region,Maharashtra,0,,0,1,CNANMCCMLD,IADHS2006413028,2005-06,DHS,2904,2090,,,1
IND,Andhra Pradesh including Telangana,7622478,Children with mild anemia,23.7,1,IA,India,2006,IA2006DHS,CN_ANMC_C_MLD,104466020,I,413029,1413290,Region,Andhra Pradesh including Telangana,0,,0,1,CNANMCCMLD,IADHS2006413029,2005-06,DHS,2375,1695,,,1
IND,Karnataka,1445783,Children with mild anemia,28.6,1,IA,India,2006,IA2006DHS,CN_ANMC_C_MLD,104466020,I,413030,1413300,Region,Karnataka,0,,0,1,CNANMCCMLD,IADHS2006413030,2005-06,DHS,1674,1412,,,1
IND,Kerala,6040407,Children with mild anemia,23.5,1,IA,India,2006,IA2006DHS,CN_ANMC_C_MLD,104466020,I,413031,1413310,Region,Kerala,0,,0,1,CNANMCCMLD,IADHS2006413031,2005-06,DHS,834,824,,,1
IND,Tamil Nadu,1170784,Children with mild anemia,27.1,1,IA,India,2006,IA2006DHS,CN_ANMC_C_MLD,104466020,I,413032,1413320,Region,Tamil Nadu,0,,0,1,CNANMCCMLD,IADHS2006413032,2005-06,DHS,1786,1440,,,1
IND,New Delhi,6457364,Children with moderate anemia,30,1,IA,India,2006,IA2006DHS,CN_ANMC_C_MOD,104466030,I,413000,1413000,Region,New Delhi,0,,0,1,CNANMCCMOD,IADHS2006413000,2005-06,DHS,258,645,,,1
IND,Haryana,1224709,Children with moderate anemia,42.2,1,IA,India,2006,IA2006DHS,CN_ANMC_C_MOD,104466030,I,413001,1413010,Region,Haryana,0,,0,1,CNANMCCMOD,IADHS2006413001,2005-06,DHS,843,1027,,,1
IND,Himachal Pradesh,3130036,Children with moderate anemia,26.8,1,IA,India,2006,IA2006DHS,CN_ANMC_C_MOD,104466030,I,413002,1413020,Region,Himachal Pradesh,0,,0,1,CNANMCCMOD,IADHS2006413002,2005-06,DHS,199,801,,,1
IND,"Jammu, Kashmir & Ladakh",7291681,Children with moderate anemia,30.4,1,IA,India,2006,IA2006DHS,CN_ANMC_C_MOD,104466030,I,413003,1413030,Region,"Jammu, Kashmir & Ladakh",0,,0,1,CNANMCCMOD,IADHS2006413003,2005-06,DHS,330,901,,,1
IND,Punjab,7624284,Children with moderate anemia,38.1,1,IA,India,2006,IA2006DHS,CN_ANMC_C_MOD,104466030,I,413005,1413050,Region,Punjab,0,,0,1,CNANMCCMOD,IADHS2006413005,2005-06,DHS,851,1018,,,1
IND,Rajasthan,3684967,Children with moderate anemia,40.2,1,IA,India,2006,IA2006DHS,CN_ANMC_C_MOD,104466030,I,413006,1413060,Region,Rajasthan,0,,0,1,CNANMCCMOD,IADHS2006413006,2005-06,DHS,2958,1650,,,1
IND,"Madhya Pradesh, inc Chhattisgarh",3813842,Children with moderate anemia,44,1,IA,India,2006,IA2006DHS,CN_ANMC_C_MOD,104466030,I,413007,1413070,Region,"Madhya Pradesh, inc Chhattisgarh",0,,0,1,CNANMCCMOD,IADHS2006413007,2005-06,DHS,4319,3840,,,
IND,Madhya Pradesh,4986723,Children with moderate anemia,43.6,1,IA,India,2006,IA2006DHS,CN_ANMC_C_MOD,104466030,I,413008,1413080,Region,..Madhya Pradesh,0,,0,1,CNANMCCMOD,IADHS2006413008,2005-06,DHS,3307,2538,,,1
IND,Chhattisgarh,4565591,Children with moderate anemia,45.2,1,IA,India,2006,IA2006DHS,CN_ANMC_C_MOD,104466030,I,413009,1413090,Region,..Chhattisgarh,0,,0,1,CNANMCCMOD,IADHS2006413009,2005-06,DHS,1013,1302,,,1
IND,"Uttar Pradesh, inc Uttarakhand",7629858,Children with moderate anemia,44.5,1,IA,India,2006,IA2006DHS,CN_ANMC_C_MOD,104466030,I,413010,1413100,Region,"Uttar Pradesh, inc Uttarakhand",0,,0,1,CNANMCCMOD,IADHS2006413010,2005-06,DHS,7875,5603,,,
IND,Uttar Pradesh,1496211,Children with moderate anemia,45,1,IA,India,2006,IA2006DHS,CN_ANMC_C_MOD,104466030,I,413011,1413110,Region,..Uttar Pradesh,0,,0,1,CNANMCCMOD,IADHS2006413011,2005-06,DHS,7582,4705,,,1
IND,Uttarakhand,6343780,Children with moderate anemia,30.6,1,IA,India,2006,IA2006DHS,CN_ANMC_C_MOD,104466030,I,413012,1413120,Region,..Uttarakhand,0,,0,1,CNANMCCMOD,IADHS2006413012,2005-06,DHS,293,898,,,1
IND,"Bihar, inc Jharkhand",1088501,Children with moderate anemia,45.2,1,IA,India,2006,IA2006DHS,CN_ANMC_C_MOD,104466030,I,413013,1413130,Region,"Bihar, inc Jharkhand",0,,0,1,CNANMCCMOD,IADHS2006413013,2005-06,DHS,6620,3152,,,
IND,Bihar,3146551,Children with moderate anemia,46.8,1,IA,India,2006,IA2006DHS,CN_ANMC_C_MOD,104466030,I,413014,1413140,Region,..Bihar,0,,0,1,CNANMCCMOD,IADHS2006413014,2005-06,DHS,5204,1880,,,1
IND,Jharkhand,7233776,Children with moderate anemia,39.1,1,IA,India,2006,IA2006DHS,CN_ANMC_C_MOD,104466030,I,413015,1413150,Region,..Jharkhand,0,,0,1,CNANMCCMOD,IADHS2006413015,2005-06,DHS,1416,1272,,,1
IND,Odisha,3130004,Children with moderate anemia,34.5,1,IA,India,2006,IA2006DHS,CN_ANMC_C_MOD,104466030,I,413016,1413160,Region,Odisha,0,,0,1,CNANMCCMOD,IADHS2006413016,2005-06,DHS,1563,1393,,,1
IND,West Bengal,204225,Children with moderate anemia,29.4,1,IA,India,2006,IA2006DHS,CN_ANMC_C_MOD,104466030,I,413017,1413170,Region,West Bengal,0,,0,1,CNANMCCMOD,IADHS2006413017,2005-06,DHS,3352,1851,,,1
IND,Arunachal Pradesh,876868,Children with moderate anemia,29.1,1,IA,India,2006,IA2006DHS,CN_ANMC_C_MOD,104466030,I,413018,1413180,Region,Arunachal Pradesh,0,,0,1,CNANMCCMOD,IADHS2006413018,2005-06,DHS,56,722,,,1
IND,Assam,6480143,Children with moderate anemia,38.7,1,IA,India,2006,IA2006DHS,CN_ANMC_C_MOD,104466030,I,413019,1413190,Region,Assam,0,,0,1,CNANMCCMOD,IADHS2006413019,2005-06,DHS,1061,1129,,,1
IND,Manipur,7519689,Children with moderate anemia,15.2,1,IA,India,2006,IA2006DHS,CN_ANMC_C_MOD,104466030,I,413020,1413200,Region,Manipur,0,,0,1,CNANMCCMOD,IADHS2006413020,2005-06,DHS,92,1474,,,1
IND,Meghalaya,6001180,Children with moderate anemia,31.7,1,IA,India,2006,IA2006DHS,CN_ANMC_C_MOD,104466030,I,413021,1413210,Region,Meghalaya,0,,0,1,CNANMCCMOD,IADHS2006413021,2005-06,DHS,122,748,,,1
IND,Mizoram,7291731,Children with moderate anemia,20,1,IA,India,2006,IA2006DHS,CN_ANMC_C_MOD,104466030,I,413022,1413220,Region,Mizoram,0,,0,1,CNANMCCMOD,IADHS2006413022,2005-06,DHS,45,741,,,1
IND,Sikkim,7531935,Children with moderate anemia,29.5,1,IA,India,2006,IA2006DHS,CN_ANMC_C_MOD,104466030,I,413024,1413240,Region,Sikkim,0,,0,1,CNANMCCMOD,IADHS2006413024,2005-06,DHS,20,526,,,1
IND,Tripura,3665244,Children with moderate anemia,34.6,1,IA,India,2006,IA2006DHS,CN_ANMC_C_MOD,104466030,I,413025,1413250,Region,Tripura,0,,0,1,CNANMCCMOD,IADHS2006413025,2005-06,DHS,136,527,,,1
IND,Goa,3793435,Children with moderate anemia,17.1,1,IA,India,2006,IA2006DHS,CN_ANMC_C_MOD,104466030,I,413026,1413260,Region,Goa,0,,0,1,CNANMCCMOD,IADHS2006413026,2005-06,DHS,35,667,,,1
IND,Gujarat,475122,Children with moderate anemia,41.1,1,IA,India,2006,IA2006DHS,CN_ANMC_C_MOD,104466030,I,413027,1413270,Region,Gujarat,0,,0,1,CNANMCCMOD,IADHS2006413027,2005-06,DHS,2082,1256,,,1
IND,Maharashtra,4278891,Children with moderate anemia,39.6,1,IA,India,2006,IA2006DHS,CN_ANMC_C_MOD,104466030,I,413028,1413280,Region,Maharashtra,0,,0,1,CNANMCCMOD,IADHS2006413028,2005-06,DHS,2904,2090,,,1
IND,Andhra Pradesh including Telangana,7622481,Children with moderate anemia,43.5,1,IA,India,2006,IA2006DHS,CN_ANMC_C_MOD,104466030,I,413029,1413290,Region,Andhra Pradesh including Telangana,0,,0,1,CNANMCCMOD,IADHS2006413029,2005-06,DHS,2375,1695,,,1
IND,Karnataka,1445790,Children with moderate anemia,38.6,1,IA,India,2006,IA2006DHS,CN_ANMC_C_MOD,104466030,I,413030,1413300,Region,Karnataka,0,,0,1,CNANMCCMOD,IADHS2006413030,2005-06,DHS,1674,1412,,,1
IND,Kerala,6040410,Children with moderate anemia,20.5,1,IA,India,2006,IA2006DHS,CN_ANMC_C_MOD,104466030,I,413031,1413310,Region,Kerala,0,,0,1,CNANMCCMOD,IADHS2006413031,2005-06,DHS,834,824,,,1
IND,Tamil Nadu,1170704,Children with moderate anemia,34.6,1,IA,India,2006,IA2006DHS,CN_ANMC_C_MOD,104466030,I,413032,1413320,Region,Tamil Nadu,0,,0,1,CNANMCCMOD,IADHS2006413032,2005-06,DHS,1786,1440,,,1
IND,New Delhi,6457365,Children with severe anemia,0.7,1,IA,India,2006,IA2006DHS,CN_ANMC_C_SEV,104466040,I,413000,1413000,Region,New Delhi,0,,0,1,CNANMCCSEV,IADHS2006413000,2005-06,DHS,258,645,,,1
IND,Haryana,1224710,Children with severe anemia,4.3,1,IA,India,2006,IA2006DHS,CN_ANMC_C_SEV,104466040,I,413001,1413010,Region,Haryana,0,,0,1,CNANMCCSEV,IADHS2006413001,2005-06,DHS,843,1027,,,1
IND,Himachal Pradesh,3130039,Children with severe anemia,2.2,1,IA,India,2006,IA2006DHS,CN_ANMC_C_SEV,104466040,I,413002,1413020,Region,Himachal Pradesh,0,,0,1,CNANMCCSEV,IADHS2006413002,2005-06,DHS,199,801,,,1
IND,"Jammu, Kashmir & Ladakh",7291682,Children with severe anemia,2.4,1,IA,India,2006,IA2006DHS,CN_ANMC_C_SEV,104466040,I,413003,1413030,Region,"Jammu, Kashmir & Ladakh",0,,0,1,CNANMCCSEV,IADHS2006413003,2005-06,DHS,330,901,,,1
IND,Punjab,7624266,Children with severe anemia,6.6,1,IA,India,2006,IA2006DHS,CN_ANMC_C_SEV,104466040,I,413005,1413050,Region,Punjab,0,,0,1,CNANMCCSEV,IADHS2006413005,2005-06,DHS,851,1018,,,1
IND,Rajasthan,3684964,Children with severe anemia,6.7,1,IA,India,2006,IA2006DHS,CN_ANMC_C_SEV,104466040,I,413006,1413060,Region,Rajasthan,0,,0,1,CNANMCCSEV,IADHS2006413006,2005-06,DHS,2958,1650,,,1
IND,"Madhya Pradesh, inc Chhattisgarh",3813878,Children with severe anemia,3.1,1,IA,India,2006,IA2006DHS,CN_ANMC_C_SEV,104466040,I,413007,1413070,Region,"Madhya Pradesh, inc Chhattisgarh",0,,0,1,CNANMCCSEV,IADHS2006413007,2005-06,DHS,4319,3840,,,
IND,Madhya Pradesh,4986724,Children with severe anemia,3.4,1,IA,India,2006,IA2006DHS,CN_ANMC_C_SEV,104466040,I,413008,1413080,Region,..Madhya Pradesh,0,,0,1,CNANMCCSEV,IADHS2006413008,2005-06,DHS,3307,2538,,,1
IND,Chhattisgarh,4565592,Children with severe anemia,2,1,IA,India,2006,IA2006DHS,CN_ANMC_C_SEV,104466040,I,413009,1413090,Region,..Chhattisgarh,0,,0,1,CNANMCCSEV,IADHS2006413009,2005-06,DHS,1013,1302,,,1
IND,"Uttar Pradesh, inc Uttarakhand",7629885,Children with severe anemia,3.5,1,IA,India,2006,IA2006DHS,CN_ANMC_C_SEV,104466040,I,413010,1413100,Region,"Uttar Pradesh, inc Uttarakhand",0,,0,1,CNANMCCSEV,IADHS2006413010,2005-06,DHS,7875,5603,,,
IND,Uttar Pradesh,1496212,Children with severe anemia,3.6,1,IA,India,2006,IA2006DHS,CN_ANMC_C_SEV,104466040,I,413011,1413110,Region,..Uttar Pradesh,0,,0,1,CNANMCCSEV,IADHS2006413011,2005-06,DHS,7582,4705,,,1
IND,Uttarakhand,6343781,Children with severe anemia,2.3,1,IA,India,2006,IA2006DHS,CN_ANMC_C_SEV,104466040,I,413012,1413120,Region,..Uttarakhand,0,,0,1,CNANMCCSEV,IADHS2006413012,2005-06,DHS,293,898,,,1
IND,"Bihar, inc Jharkhand",1088502,Children with severe anemia,1.7,1,IA,India,2006,IA2006DHS,CN_ANMC_C_SEV,104466040,I,413013,1413130,Region,"Bihar, inc Jharkhand",0,,0,1,CNANMCCSEV,IADHS2006413013,2005-06,DHS,6620,3152,,,
IND,Bihar,3146552,Children with severe anemia,1.6,1,IA,India,2006,IA2006DHS,CN_ANMC_C_SEV,104466040,I,413014,1413140,Region,..Bihar,0,,0,1,CNANMCCSEV,IADHS2006413014,2005-06,DHS,5204,1880,,,1
IND,Jharkhand,7233777,Children with severe anemia,1.9,1,IA,India,2006,IA2006DHS,CN_ANMC_C_SEV,104466040,I,413015,1413150,Region,..Jharkhand,0,,0,1,CNANMCCSEV,IADHS2006413015,2005-06,DHS,1416,1272,,,1
IND,Odisha,3129971,Children with severe anemia,1.6,1,IA,India,2006,IA2006DHS,CN_ANMC_C_SEV,104466040,I,413016,1413160,Region,Odisha,0,,0,1,CNANMCCSEV,IADHS2006413016,2005-06,DHS,1563,1393,,,1
IND,West Bengal,204226,Children with severe anemia,1.5,1,IA,India,2006,IA2006DHS,CN_ANMC_C_SEV,104466040,I,413017,1413170,Region,West Bengal,0,,0,1,CNANMCCSEV,IADHS2006413017,2005-06,DHS,3352,1851,,,1
IND,Arunachal Pradesh,876869,Children with severe anemia,0.8,1,IA,India,2006,IA2006DHS,CN_ANMC_C_SEV,104466040,I,413018,1413180,Region,Arunachal Pradesh,0,,0,1,CNANMCCSEV,IADHS2006413018,2005-06,DHS,56,722,,,1
IND,Assam,6480141,Children with severe anemia,2.2,1,IA,India,2006,IA2006DHS,CN_ANMC_C_SEV,104466040,I,413019,1413190,Region,Assam,0,,0,1,CNANMCCSEV,IADHS2006413019,2005-06,DHS,1061,1129,,,1
IND,Manipur,7519660,Children with severe anemia,0.3,1,IA,India,2006,IA2006DHS,CN_ANMC_C_SEV,104466040,I,413020,1413200,Region,Manipur,0,,0,1,CNANMCCSEV,IADHS2006413020,2005-06,DHS,92,1474,,,1
IND,Meghalaya,6001176,Children with severe anemia,1,1,IA,India,2006,IA2006DHS,CN_ANMC_C_SEV,104466040,I,413021,1413210,Region,Meghalaya,0,,0,1,CNANMCCSEV,IADHS2006413021,2005-06,DHS,122,748,,,1
IND,Mizoram,7291729,Children with severe anemia,0.6,1,IA,India,2006,IA2006DHS,CN_ANMC_C_SEV,104466040,I,413022,1413220,Region,Mizoram,0,,0,1,CNANMCCSEV,IADHS2006413022,2005-06,DHS,45,741,,,1
IND,Sikkim,7531933,Children with severe anemia,0.8,1,IA,India,2006,IA2006DHS,CN_ANMC_C_SEV,104466040,I,413024,1413240,Region,Sikkim,0,,0,1,CNANMCCSEV,IADHS2006413024,2005-06,DHS,20,526,,,1
IND,Tripura,3665255,Children with severe anemia,0.7,1,IA,India,2006,IA2006DHS,CN_ANMC_C_SEV,104466040,I,413025,1413250,Region,Tripura,0,,0,1,CNANMCCSEV,IADHS2006413025,2005-06,DHS,136,527,,,1
IND,Goa,3793433,Children with severe anemia,1.5,1,IA,India,2006,IA2006DHS,CN_ANMC_C_SEV,104466040,I,413026,1413260,Region,Goa,0,,0,1,CNANMCCSEV,IADHS2006413026,2005-06,DHS,35,667,,,1
IND,Gujarat,475123,Children with severe anemia,3.6,1,IA,India,2006,IA2006DHS,CN_ANMC_C_SEV,104466040,I,413027,1413270,Region,Gujarat,0,,0,1,CNANMCCSEV,IADHS2006413027,2005-06,DHS,2082,1256,,,1
IND,Maharashtra,4278889,Children with severe anemia,1.8,1,IA,India,2006,IA2006DHS,CN_ANMC_C_SEV,104466040,I,413028,1413280,Region,Maharashtra,0,,0,1,CNANMCCSEV,IADHS2006413028,2005-06,DHS,2904,2090,,,1
IND,Andhra Pradesh including Telangana,7622479,Children with severe anemia,3.6,1,IA,India,2006,IA2006DHS,CN_ANMC_C_SEV,104466040,I,413029,1413290,Region,Andhra Pradesh including Telangana,0,,0,1,CNANMCCSEV,IADHS2006413029,2005-06,DHS,2375,1695,,,1
IND,Karnataka,1445784,Children with severe anemia,3.2,1,IA,India,2006,IA2006DHS,CN_ANMC_C_SEV,104466040,I,413030,1413300,Region,Karnataka,0,,0,1,CNANMCCSEV,IADHS2006413030,2005-06,DHS,1674,1412,,,1
IND,Kerala,6040409,Children with severe anemia,0.5,1,IA,India,2006,IA2006DHS,CN_ANMC_C_SEV,104466040,I,413031,1413310,Region,Kerala,0,,0,1,CNANMCCSEV,IADHS2006413031,2005-06,DHS,834,824,,,1
IND,Tamil Nadu,1170705,Children with severe anemia,2.6,1,IA,India,2006,IA2006DHS,CN_ANMC_C_SEV,104466040,I,413032,1413320,Region,Tamil Nadu,0,,0,1,CNANMCCSEV,IADHS2006413032,2005-06,DHS,1786,1440,,,1
IND,New Delhi,6578487,Number of children under age 5,258,0,IA,India,2006,IA2006DHS,CN_ANMC_C_NUM,104466050,D,413000,1413000,Region,New Delhi,0,,0,1,CNANMCCNUM,IADHS2006413000,2005-06,DHS,,645,,,1
IND,Haryana,1224745,Number of children under age 5,843,0,IA,India,2006,IA2006DHS,CN_ANMC_C_NUM,104466050,D,413001,1413010,Region,Haryana,0,,0,1,CNANMCCNUM,IADHS2006413001,2005-06,DHS,,1027,,,1
IND,Himachal Pradesh,3130060,Number of children under age 5,199,0,IA,India,2006,IA2006DHS,CN_ANMC_C_NUM,104466050,D,413002,1413020,Region,Himachal Pradesh,0,,0,1,CNANMCCNUM,IADHS2006413002,2005-06,DHS,,801,,,1
IND,"Jammu, Kashmir & Ladakh",7373897,Number of children under age 5,330,0,IA,India,2006,IA2006DHS,CN_ANMC_C_NUM,104466050,D,413003,1413030,Region,"Jammu, Kashmir & Ladakh",0,,0,1,CNANMCCNUM,IADHS2006413003,2005-06,DHS,,901,,,1
IND,Punjab,7624267,Number of children under age 5,851,0,IA,India,2006,IA2006DHS,CN_ANMC_C_NUM,104466050,D,413005,1413050,Region,Punjab,0,,0,1,CNANMCCNUM,IADHS2006413005,2005-06,DHS,,1018,,,1
IND,Rajasthan,3146570,Number of children under age 5,2958,0,IA,India,2006,IA2006DHS,CN_ANMC_C_NUM,104466050,D,413006,1413060,Region,Rajasthan,0,,0,1,CNANMCCNUM,IADHS2006413006,2005-06,DHS,,1650,,,1
IND,"Madhya Pradesh, inc Chhattisgarh",3146557,Number of children under age 5,4319,0,IA,India,2006,IA2006DHS,CN_ANMC_C_NUM,104466050,D,413007,1413070,Region,"Madhya Pradesh, inc Chhattisgarh",0,,0,1,CNANMCCNUM,IADHS2006413007,2005-06,DHS,,3840,,,
IND,Madhya Pradesh,5083007,Number of children under age 5,3307,0,IA,India,2006,IA2006DHS,CN_ANMC_C_NUM,104466050,D,413008,1413080,Region,..Madhya Pradesh,0,,0,1,CNANMCCNUM,IADHS2006413008,2005-06,DHS,,2538,,,1
IND,Chhattisgarh,3130005,Number of children under age 5,1013,0,IA,India,2006,IA2006DHS,CN_ANMC_C_NUM,104466050,D,413009,1413090,Region,..Chhattisgarh,0,,0,1,CNANMCCNUM,IADHS2006413009,2005-06,DHS,,1302,,,1
IND,"Uttar Pradesh, inc Uttarakhand",7743423,Number of children under age 5,7875,0,IA,India,2006,IA2006DHS,CN_ANMC_C_NUM,104466050,D,413010,1413100,Region,"Uttar Pradesh, inc Uttarakhand",0,,0,1,CNANMCCNUM,IADHS2006413010,2005-06,DHS,,5603,,,
IND,Uttar Pradesh,1496871,Number of children under age 5,7582,0,IA,India,2006,IA2006DHS,CN_ANMC_C_NUM,104466050,D,413011,1413110,Region,..Uttar Pradesh,0,,0,1,CNANMCCNUM,IADHS2006413011,2005-06,DHS,,4705,,,1
IND,Uttarakhand,6475701,Number of children under age 5,293,0,IA,India,2006,IA2006DHS,CN_ANMC_C_NUM,104466050,D,413012,1413120,Region,..Uttarakhand,0,,0,1,CNANMCCNUM,IADHS2006413012,2005-06,DHS,,898,,,1
IND,"Bihar, inc Jharkhand",1087155,Number of children under age 5,6620,0,IA,India,2006,IA2006DHS,CN_ANMC_C_NUM,104466050,D,413013,1413130,Region,"Bihar, inc Jharkhand",0,,0,1,CNANMCCNUM,IADHS2006413013,2005-06,DHS,,3152,,,
IND,Bihar,3146561,Number of children under age 5,5204,0,IA,India,2006,IA2006DHS,CN_ANMC_C_NUM,104466050,D,413014,1413140,Region,..Bihar,0,,0,1,CNANMCCNUM,IADHS2006413014,2005-06,DHS,,1880,,,1
IND,Jharkhand,7318275,Number of children under age 5,1416,0,IA,India,2006,IA2006DHS,CN_ANMC_C_NUM,104466050,D,413015,1413150,Region,..Jharkhand,0,,0,1,CNANMCCNUM,IADHS2006413015,2005-06,DHS,,1272,,,1
IND,Odisha,3129969,Number of children under age 5,1563,0,IA,India,2006,IA2006DHS,CN_ANMC_C_NUM,104466050,D,413016,1413160,Region,Odisha,0,,0,1,CNANMCCNUM,IADHS2006413016,2005-06,DHS,,1393,,,1
IND,West Bengal,231842,Number of children under age 5,3352,0,IA,India,2006,IA2006DHS,CN_ANMC_C_NUM,104466050,D,413017,1413170,Region,West Bengal,0,,0,1,CNANMCCNUM,IADHS2006413017,2005-06,DHS,,1851,,,1
IND,Arunachal Pradesh,876562,Number of children under age 5,56,0,IA,India,2006,IA2006DHS,CN_ANMC_C_NUM,104466050,D,413018,1413180,Region,Arunachal Pradesh,0,,0,1,CNANMCCNUM,IADHS2006413018,2005-06,DHS,,722,,,1
IND,Assam,6538853,Number of children under age 5,1061,0,IA,India,2006,IA2006DHS,CN_ANMC_C_NUM,104466050,D,413019,1413190,Region,Assam,0,,0,1,CNANMCCNUM,IADHS2006413019,2005-06,DHS,,1129,,,1
IND,Manipur,1419615,Number of children under age 5,92,0,IA,India,2006,IA2006DHS,CN_ANMC_C_NUM,104466050,D,413020,1413200,Region,Manipur,0,,0,1,CNANMCCNUM,IADHS2006413020,2005-06,DHS,,1474,,,1
IND,Meghalaya,6001177,Number of children under age 5,122,0,IA,India,2006,IA2006DHS,CN_ANMC_C_NUM,104466050,D,413021,1413210,Region,Meghalaya,0,,0,1,CNANMCCNUM,IADHS2006413021,2005-06,DHS,,748,,,1
IND,Mizoram,7373898,Number of children under age 5,45,0,IA,India,2006,IA2006DHS,CN_ANMC_C_NUM,104466050,D,413022,1413220,Region,Mizoram,0,,0,1,CNANMCCNUM,IADHS2006413022,2005-06,DHS,,741,,,1
IND,Sikkim,7617803,Number of children under age 5,20,0,IA,India,2006,IA2006DHS,CN_ANMC_C_NUM,104466050,D,413024,1413240,Region,Sikkim,0,,0,1,CNANMCCNUM,IADHS2006413024,2005-06,DHS,,526,,,1
IND,Tripura,3130010,Number of children under age 5,136,0,IA,India,2006,IA2006DHS,CN_ANMC_C_NUM,104466050,D,413025,1413250,Region,Tripura,0,,0,1,CNANMCCNUM,IADHS2006413025,2005-06,DHS,,527,,,1
IND,Goa,3123520,Number of children under age 5,35,0,IA,India,2006,IA2006DHS,CN_ANMC_C_NUM,104466050,D,413026,1413260,Region,Goa,0,,0,1,CNANMCCNUM,IADHS2006413026,2005-06,DHS,,667,,,1
IND,Gujarat,528182,Number of children under age 5,2082,0,IA,India,2006,IA2006DHS,CN_ANMC_C_NUM,104466050,D,413027,1413270,Region,Gujarat,0,,0,1,CNANMCCNUM,IADHS2006413027,2005-06,DHS,,1256,,,1
IND,Maharashtra,3130037,Number of children under age 5,2904,0,IA,India,2006,IA2006DHS,CN_ANMC_C_NUM,104466050,D,413028,1413280,Region,Maharashtra,0,,0,1,CNANMCCNUM,IADHS2006413028,2005-06,DHS,,2090,,,1
IND,Andhra Pradesh including Telangana,7757797,Number of children under age 5,2375,0,IA,India,2006,IA2006DHS,CN_ANMC_C_NUM,104466050,D,413029,1413290,Region,Andhra Pradesh including Telangana,0,,0,1,CNANMCCNUM,IADHS2006413029,2005-06,DHS,,1695,,,1
IND,Karnataka,1475419,Number of children under age 5,1674,0,IA,India,2006,IA2006DHS,CN_ANMC_C_NUM,104466050,D,413030,1413300,Region,Karnataka,0,,0,1,CNANMCCNUM,IADHS2006413030,2005-06,DHS,,1412,,,1
IND,Kerala,6145244,Number of children under age 5,834,0,IA,India,2006,IA2006DHS,CN_ANMC_C_NUM,104466050,D,413031,1413310,Region,Kerala,0,,0,1,CNANMCCNUM,IADHS2006413031,2005-06,DHS,,824,,,1
IND,Tamil Nadu,1178804,Number of children under age 5,1786,0,IA,India,2006,IA2006DHS,CN_ANMC_C_NUM,104466050,D,413032,1413320,Region,Tamil Nadu,0,,0,1,CNANMCCNUM,IADHS2006413032,2005-06,DHS,,1440,,,1
IND,New Delhi,4500701,Number of children under age 5 (unweighted),645,0,IA,India,2006,IA2006DHS,CN_ANMC_C_UNW,104466060,U,413000,1413000,Region,New Delhi,0,,0,1,CNANMCCUNW,IADHS2006413000,2005-06,DHS,258,,,,1
IND,Haryana,1224484,Number of children under age 5 (unweighted),1027,0,IA,India,2006,IA2006DHS,CN_ANMC_C_UNW,104466060,U,413001,1413010,Region,Haryana,0,,0,1,CNANMCCUNW,IADHS2006413001,2005-06,DHS,843,,,,1
IND,Himachal Pradesh,3130038,Number of children under age 5 (unweighted),801,0,IA,India,2006,IA2006DHS,CN_ANMC_C_UNW,104466060,U,413002,1413020,Region,Himachal Pradesh,0,,0,1,CNANMCCUNW,IADHS2006413002,2005-06,DHS,199,,,,1
IND,"Jammu, Kashmir & Ladakh",4021993,Number of children under age 5 (unweighted),901,0,IA,India,2006,IA2006DHS,CN_ANMC_C_UNW,104466060,U,413003,1413030,Region,"Jammu, Kashmir & Ladakh",0,,0,1,CNANMCCUNW,IADHS2006413003,2005-06,DHS,330,,,,1
IND,Punjab,3146558,Number of children under age 5 (unweighted),1018,0,IA,India,2006,IA2006DHS,CN_ANMC_C_UNW,104466060,U,413005,1413050,Region,Punjab,0,,0,1,CNANMCCUNW,IADHS2006413005,2005-06,DHS,851,,,,1
IND,Rajasthan,3685042,Number of children under age 5 (unweighted),1650,0,IA,India,2006,IA2006DHS,CN_ANMC_C_UNW,104466060,U,413006,1413060,Region,Rajasthan,0,,0,1,CNANMCCUNW,IADHS2006413006,2005-06,DHS,2958,,,,1
IND,"Madhya Pradesh, inc Chhattisgarh",3813865,Number of children under age 5 (unweighted),3840,0,IA,India,2006,IA2006DHS,CN_ANMC_C_UNW,104466060,U,413007,1413070,Region,"Madhya Pradesh, inc Chhattisgarh",0,,0,1,CNANMCCUNW,IADHS2006413007,2005-06,DHS,4319,,,,
IND,Madhya Pradesh,4624745,Number of children under age 5 (unweighted),2538,0,IA,India,2006,IA2006DHS,CN_ANMC_C_UNW,104466060,U,413008,1413080,Region,..Madhya Pradesh,0,,0,1,CNANMCCUNW,IADHS2006413008,2005-06,DHS,3307,,,,1
IND,Chhattisgarh,4565576,Number of children under age 5 (unweighted),1302,0,IA,India,2006,IA2006DHS,CN_ANMC_C_UNW,104466060,U,413009,1413090,Region,..Chhattisgarh,0,,0,1,CNANMCCUNW,IADHS2006413009,2005-06,DHS,1013,,,,1
IND,"Uttar Pradesh, inc Uttarakhand",4605106,Number of children under age 5 (unweighted),5603,0,IA,India,2006,IA2006DHS,CN_ANMC_C_UNW,104466060,U,413010,1413100,Region,"Uttar Pradesh, inc Uttarakhand",0,,0,1,CNANMCCUNW,IADHS2006413010,2005-06,DHS,7875,,,,
IND,Uttar Pradesh,3146566,Number of children under age 5 (unweighted),4705,0,IA,India,2006,IA2006DHS,CN_ANMC_C_UNW,104466060,U,413011,1413110,Region,..Uttar Pradesh,0,,0,1,CNANMCCUNW,IADHS2006413011,2005-06,DHS,7582,,,,1
IND,Uttarakhand,4557290,Number of children under age 5 (unweighted),898,0,IA,India,2006,IA2006DHS,CN_ANMC_C_UNW,104466060,U,413012,1413120,Region,..Uttarakhand,0,,0,1,CNANMCCUNW,IADHS2006413012,2005-06,DHS,293,,,,1
IND,"Bihar, inc Jharkhand",1095484,Number of children under age 5 (unweighted),3152,0,IA,India,2006,IA2006DHS,CN_ANMC_C_UNW,104466060,U,413013,1413130,Region,"Bihar, inc Jharkhand",0,,0,1,CNANMCCUNW,IADHS2006413013,2005-06,DHS,6620,,,,
IND,Bihar,3146567,Number of children under age 5 (unweighted),1880,0,IA,India,2006,IA2006DHS,CN_ANMC_C_UNW,104466060,U,413014,1413140,Region,..Bihar,0,,0,1,CNANMCCUNW,IADHS2006413014,2005-06,DHS,5204,,,,1
IND,Jharkhand,4168308,Number of children under age 5 (unweighted),1272,0,IA,India,2006,IA2006DHS,CN_ANMC_C_UNW,104466060,U,413015,1413150,Region,..Jharkhand,0,,0,1,CNANMCCUNW,IADHS2006413015,2005-06,DHS,1416,,,,1
IND,Odisha,3130007,Number of children under age 5 (unweighted),1393,0,IA,India,2006,IA2006DHS,CN_ANMC_C_UNW,104466060,U,413016,1413160,Region,Odisha,0,,0,1,CNANMCCUNW,IADHS2006413016,2005-06,DHS,1563,,,,1
IND,West Bengal,4056611,Number of children under age 5 (unweighted),1851,0,IA,India,2006,IA2006DHS,CN_ANMC_C_UNW,104466060,U,413017,1413170,Region,West Bengal,0,,0,1,CNANMCCUNW,IADHS2006413017,2005-06,DHS,3352,,,,1
IND,Arunachal Pradesh,879788,Number of children under age 5 (unweighted),722,0,IA,India,2006,IA2006DHS,CN_ANMC_C_UNW,104466060,U,413018,1413180,Region,Arunachal Pradesh,0,,0,1,CNANMCCUNW,IADHS2006413018,2005-06,DHS,56,,,,1
IND,Assam,4493608,Number of children under age 5 (unweighted),1129,0,IA,India,2006,IA2006DHS,CN_ANMC_C_UNW,104466060,U,413019,1413190,Region,Assam,0,,0,1,CNANMCCUNW,IADHS2006413019,2005-06,DHS,1061,,,,1
IND,Manipur,4549749,Number of children under age 5 (unweighted),1474,0,IA,India,2006,IA2006DHS,CN_ANMC_C_UNW,104466060,U,413020,1413200,Region,Manipur,0,,0,1,CNANMCCUNW,IADHS2006413020,2005-06,DHS,92,,,,1
IND,Meghalaya,3146580,Number of children under age 5 (unweighted),748,0,IA,India,2006,IA2006DHS,CN_ANMC_C_UNW,104466060,U,413021,1413210,Region,Meghalaya,0,,0,1,CNANMCCUNW,IADHS2006413021,2005-06,DHS,122,,,,1
IND,Mizoram,4021994,Number of children under age 5 (unweighted),741,0,IA,India,2006,IA2006DHS,CN_ANMC_C_UNW,104466060,U,413022,1413220,Region,Mizoram,0,,0,1,CNANMCCUNW,IADHS2006413022,2005-06,DHS,45,,,,1
IND,Sikkim,4130666,Number of children under age 5 (unweighted),526,0,IA,India,2006,IA2006DHS,CN_ANMC_C_UNW,104466060,U,413024,1413240,Region,Sikkim,0,,0,1,CNANMCCUNW,IADHS2006413024,2005-06,DHS,20,,,,1
IND,Tripura,3665257,Number of children under age 5 (unweighted),527,0,IA,India,2006,IA2006DHS,CN_ANMC_C_UNW,104466060,U,413025,1413250,Region,Tripura,0,,0,1,CNANMCCUNW,IADHS2006413025,2005-06,DHS,136,,,,1
IND,Goa,3793431,Number of children under age 5 (unweighted),667,0,IA,India,2006,IA2006DHS,CN_ANMC_C_UNW,104466060,U,413026,1413260,Region,Goa,0,,0,1,CNANMCCUNW,IADHS2006413026,2005-06,DHS,35,,,,1
IND,Gujarat,4624746,Number of children under age 5 (unweighted),1256,0,IA,India,2006,IA2006DHS,CN_ANMC_C_UNW,104466060,U,413027,1413270,Region,Gujarat,0,,0,1,CNANMCCUNW,IADHS2006413027,2005-06,DHS,2082,,,,1
IND,Maharashtra,4278840,Number of children under age 5 (unweighted),2090,0,IA,India,2006,IA2006DHS,CN_ANMC_C_UNW,104466060,U,413028,1413280,Region,Maharashtra,0,,0,1,CNANMCCUNW,IADHS2006413028,2005-06,DHS,2904,,,,1
IND,Andhra Pradesh including Telangana,4590621,Number of children under age 5 (unweighted),1695,0,IA,India,2006,IA2006DHS,CN_ANMC_C_UNW,104466060,U,413029,1413290,Region,Andhra Pradesh including Telangana,0,,0,1,CNANMCCUNW,IADHS2006413029,2005-06,DHS,2375,,,,1
IND,Karnataka,4601970,Number of children under age 5 (unweighted),1412,0,IA,India,2006,IA2006DHS,CN_ANMC_C_UNW,104466060,U,413030,1413300,Region,Karnataka,0,,0,1,CNANMCCUNW,IADHS2006413030,2005-06,DHS,1674,,,,1
IND,Kerala,4557291,Number of children under age 5 (unweighted),824,0,IA,India,2006,IA2006DHS,CN_ANMC_C_UNW,104466060,U,413031,1413310,Region,Kerala,0,,0,1,CNANMCCUNW,IADHS2006413031,2005-06,DHS,834,,,,1
IND,Tamil Nadu,1170706,Number of children under age 5 (unweighted),1440,0,IA,India,2006,IA2006DHS,CN_ANMC_C_UNW,104466060,U,413032,1413320,Region,Tamil Nadu,0,,0,1,CNANMCCUNW,IADHS2006413032,2005-06,DHS,1786,,,,1
IND,New Delhi,3147020,Women with any anemia,44.3,1,IA,India,2006,IA2006DHS,AN_ANEM_W_ANY,114603010,I,413000,1413000,Region,New Delhi,0,,0,1,ANANEMWANY,IADHS2006413000,2005-06,DHS,1072,2460,,,1
IND,Haryana,1223063,Women with any anemia,56.1,1,IA,India,2006,IA2006DHS,AN_ANEM_W_ANY,114603010,I,413001,1413010,Region,Haryana,0,,0,1,ANANEMWANY,IADHS2006413001,2005-06,DHS,2258,2722,,,1
IND,Himachal Pradesh,5385222,Women with any anemia,43.3,1,IA,India,2006,IA2006DHS,AN_ANEM_W_ANY,114603010,I,413002,1413020,Region,Himachal Pradesh,0,,0,1,ANANEMWANY,IADHS2006413002,2005-06,DHS,749,3070,,,1
IND,"Jammu, Kashmir & Ladakh",7772196,Women with any anemia,52.1,1,IA,India,2006,IA2006DHS,AN_ANEM_W_ANY,114603010,I,413003,1413030,Region,"Jammu, Kashmir & Ladakh",0,,0,1,ANANEMWANY,IADHS2006413003,2005-06,DHS,1130,3034,,,1
IND,Punjab,3947352,Women with any anemia,38,1,IA,India,2006,IA2006DHS,AN_ANEM_W_ANY,114603010,I,413005,1413050,Region,Punjab,0,,0,1,ANANEMWANY,IADHS2006413005,2005-06,DHS,3009,3525,,,1
IND,Rajasthan,168641,Women with any anemia,53.1,1,IA,India,2006,IA2006DHS,AN_ANEM_W_ANY,114603010,I,413006,1413060,Region,Rajasthan,0,,0,1,ANANEMWANY,IADHS2006413006,2005-06,DHS,6546,3858,,,1
IND,"Madhya Pradesh, inc Chhattisgarh",3147022,Women with any anemia,56.4,1,IA,India,2006,IA2006DHS,AN_ANEM_W_ANY,114603010,I,413007,1413070,Region,"Madhya Pradesh, inc Chhattisgarh",0,,0,1,ANANEMWANY,IADHS2006413007,2005-06,DHS,9906,10158,,,
IND,Madhya Pradesh,6266932,Women with any anemia,56,1,IA,India,2006,IA2006DHS,AN_ANEM_W_ANY,114603010,I,413008,1413080,Region,..Madhya Pradesh,0,,0,1,ANANEMWANY,IADHS2006413008,2005-06,DHS,7184,6397,,,1
IND,Chhattisgarh,1509663,Women with any anemia,57.5,1,IA,India,2006,IA2006DHS,AN_ANEM_W_ANY,114603010,I,413009,1413090,Region,..Chhattisgarh,0,,0,1,ANANEMWANY,IADHS2006413009,2005-06,DHS,2721,3761,,,1
IND,"Uttar Pradesh, inc Uttarakhand",5878875,Women with any anemia,50.2,1,IA,India,2006,IA2006DHS,AN_ANEM_W_ANY,114603010,I,413010,1413100,Region,"Uttar Pradesh, inc Uttarakhand",0,,0,1,ANANEMWANY,IADHS2006413010,2005-06,DHS,17800,13693,,,
IND,Uttar Pradesh,6967059,Women with any anemia,49.9,1,IA,India,2006,IA2006DHS,AN_ANEM_W_ANY,114603010,I,413011,1413110,Region,..Uttar Pradesh,0,,0,1,ANANEMWANY,IADHS2006413011,2005-06,DHS,16838,10854,,,1
IND,Uttarakhand,683557,Women with any anemia,55.2,1,IA,India,2006,IA2006DHS,AN_ANEM_W_ANY,114603010,I,413012,1413120,Region,..Uttarakhand,0,,0,1,ANANEMWANY,IADHS2006413012,2005-06,DHS,962,2839,,,1
IND,"Bihar, inc Jharkhand",1078313,Women with any anemia,67.9,1,IA,India,2006,IA2006DHS,AN_ANEM_W_ANY,114603010,I,413013,1413130,Region,"Bihar, inc Jharkhand",0,,0,1,ANANEMWANY,IADHS2006413013,2005-06,DHS,12136,6431,,,
IND,Bihar,3147081,Women with any anemia,67.4,1,IA,India,2006,IA2006DHS,AN_ANEM_W_ANY,114603010,I,413014,1413140,Region,..Bihar,0,,0,1,ANANEMWANY,IADHS2006413014,2005-06,DHS,9132,3654,,,1
IND,Jharkhand,144594,Women with any anemia,69.5,1,IA,India,2006,IA2006DHS,AN_ANEM_W_ANY,114603010,I,413015,1413150,Region,..Jharkhand,0,,0,1,ANANEMWANY,IADHS2006413015,2005-06,DHS,3004,2777,,,1
IND,Odisha,4952849,Women with any anemia,61.2,1,IA,India,2006,IA2006DHS,AN_ANEM_W_ANY,114603010,I,413016,1413160,Region,Odisha,0,,0,1,ANANEMWANY,IADHS2006413016,2005-06,DHS,4615,4320,,,1
IND,West Bengal,3614501,Women with any anemia,63.2,1,IA,India,2006,IA2006DHS,AN_ANEM_W_ANY,114603010,I,413017,1413170,Region,West Bengal,0,,0,1,ANANEMWANY,IADHS2006413017,2005-06,DHS,9992,6449,,,1
IND,Arunachal Pradesh,865203,Women with any anemia,50.6,1,IA,India,2006,IA2006DHS,AN_ANEM_W_ANY,114603010,I,413018,1413180,Region,Arunachal Pradesh,0,,0,1,ANANEMWANY,IADHS2006413018,2005-06,DHS,124,1626,,,1
IND,Assam,4601896,Women with any anemia,69.5,1,IA,India,2006,IA2006DHS,AN_ANEM_W_ANY,114603010,I,413019,1413190,Region,Assam,0,,0,1,ANANEMWANY,IADHS2006413019,2005-06,DHS,3186,3601,,,1
IND,Manipur,6226295,Women with any anemia,35.7,1,IA,India,2006,IA2006DHS,AN_ANEM_W_ANY,114603010,I,413020,1413200,Region,Manipur,0,,0,1,ANANEMWANY,IADHS2006413020,2005-06,DHS,261,4324,,,1
IND,Meghalaya,5406836,Women with any anemia,47.2,1,IA,India,2006,IA2006DHS,AN_ANEM_W_ANY,114603010,I,413021,1413210,Region,Meghalaya,0,,0,1,ANANEMWANY,IADHS2006413021,2005-06,DHS,287,1865,,,1
IND,Mizoram,599413,Women with any anemia,38.6,1,IA,India,2006,IA2006DHS,AN_ANEM_W_ANY,114603010,I,413022,1413220,Region,Mizoram,0,,0,1,ANANEMWANY,IADHS2006413022,2005-06,DHS,107,1773,,,1
IND,Sikkim,3933331,Women with any anemia,60,1,IA,India,2006,IA2006DHS,AN_ANEM_W_ANY,114603010,I,413024,1413240,Region,Sikkim,0,,0,1,ANANEMWANY,IADHS2006413024,2005-06,DHS,74,2064,,,1
IND,Tripura,154726,Women with any anemia,65.1,1,IA,India,2006,IA2006DHS,AN_ANEM_W_ANY,114603010,I,413025,1413250,Region,Tripura,0,,0,1,ANANEMWANY,IADHS2006413025,2005-06,DHS,467,1874,,,1
IND,Goa,3124059,Women with any anemia,38,1,IA,India,2006,IA2006DHS,AN_ANEM_W_ANY,114603010,I,413026,1413260,Region,Goa,0,,0,1,ANANEMWANY,IADHS2006413026,2005-06,DHS,178,3238,,,1
IND,Gujarat,6124390,Women with any anemia,55.3,1,IA,India,2006,IA2006DHS,AN_ANEM_W_ANY,114603010,I,413027,1413270,Region,Gujarat,0,,0,1,ANANEMWANY,IADHS2006413027,2005-06,DHS,6081,3660,,,1
IND,Maharashtra,1509636,Women with any anemia,48.4,1,IA,India,2006,IA2006DHS,AN_ANEM_W_ANY,114603010,I,413028,1413280,Region,Maharashtra,0,,0,1,ANANEMWANY,IADHS2006413028,2005-06,DHS,10745,7880,,,1
IND,Andhra Pradesh including Telangana,5726243,Women with any anemia,62.9,1,IA,India,2006,IA2006DHS,AN_ANEM_W_ANY,114603010,I,413029,1413290,Region,Andhra Pradesh including Telangana,0,,0,1,ANANEMWANY,IADHS2006413029,2005-06,DHS,9100,6535,,,1
IND,Karnataka,7574623,Women with any anemia,51.5,1,IA,India,2006,IA2006DHS,AN_ANEM_W_ANY,114603010,I,413030,1413300,Region,Karnataka,0,,0,1,ANANEMWANY,IADHS2006413030,2005-06,DHS,6616,5363,,,1
IND,Kerala,4068072,Women with any anemia,32.8,1,IA,India,2006,IA2006DHS,AN_ANEM_W_ANY,114603010,I,413031,1413310,Region,Kerala,0,,0,1,ANANEMWANY,IADHS2006413031,2005-06,DHS,3483,3477,,,1
IND,Tamil Nadu,1168757,Women with any anemia,53.2,1,IA,India,2006,IA2006DHS,AN_ANEM_W_ANY,114603010,I,413032,1413320,Region,Tamil Nadu,0,,0,1,ANANEMWANY,IADHS2006413032,2005-06,DHS,6934,5714,,,1
IND,New Delhi,3147018,Women with mild anemia,21.4,1,IA,India,2006,IA2006DHS,AN_ANEM_W_MLD,114603020,I,413000,1413000,Region,New Delhi,0,,0,1,ANANEMWMLD,IADHS2006413000,2005-06,DHS,1072,2460,,,1
IND,Haryana,1223062,Women with mild anemia,23.4,1,IA,India,2006,IA2006DHS,AN_ANEM_W_MLD,114603020,I,413001,1413010,Region,Haryana,0,,0,1,ANANEMWMLD,IADHS2006413001,2005-06,DHS,2258,2722,,,1
IND,Himachal Pradesh,5385225,Women with mild anemia,19.7,1,IA,India,2006,IA2006DHS,AN_ANEM_W_MLD,114603020,I,413002,1413020,Region,Himachal Pradesh,0,,0,1,ANANEMWMLD,IADHS2006413002,2005-06,DHS,749,3070,,,1
IND,"Jammu, Kashmir & Ladakh",7772195,Women with mild anemia,23.6,1,IA,India,2006,IA2006DHS,AN_ANEM_W_MLD,114603020,I,413003,1413030,Region,"Jammu, Kashmir & Ladakh",0,,0,1,ANANEMWMLD,IADHS2006413003,2005-06,DHS,1130,3034,,,1
IND,Punjab,3947351,Women with mild anemia,16.5,1,IA,India,2006,IA2006DHS,AN_ANEM_W_MLD,114603020,I,413005,1413050,Region,Punjab,0,,0,1,ANANEMWMLD,IADHS2006413005,2005-06,DHS,3009,3525,,,1
IND,Rajasthan,168640,Women with mild anemia,21.8,1,IA,India,2006,IA2006DHS,AN_ANEM_W_MLD,114603020,I,413006,1413060,Region,Rajasthan,0,,0,1,ANANEMWMLD,IADHS2006413006,2005-06,DHS,6546,3858,,,1
IND,"Madhya Pradesh, inc Chhattisgarh",3146995,Women with mild anemia,25.1,1,IA,India,2006,IA2006DHS,AN_ANEM_W_MLD,114603020,I,413007,1413070,Region,"Madhya Pradesh, inc Chhattisgarh",0,,0,1,ANANEMWMLD,IADHS2006413007,2005-06,DHS,9906,10158,,,
IND,Madhya Pradesh,6266931,Women with mild anemia,25.8,1,IA,India,2006,IA2006DHS,AN_ANEM_W_MLD,114603020,I,413008,1413080,Region,..Madhya Pradesh,0,,0,1,ANANEMWMLD,IADHS2006413008,2005-06,DHS,7184,6397,,,1
IND,Chhattisgarh,1509664,Women with mild anemia,23.3,1,IA,India,2006,IA2006DHS,AN_ANEM_W_MLD,114603020,I,413009,1413090,Region,..Chhattisgarh,0,,0,1,ANANEMWMLD,IADHS2006413009,2005-06,DHS,2721,3761,,,1
IND,"Uttar Pradesh, inc Uttarakhand",5878874,Women with mild anemia,22.1,1,IA,India,2006,IA2006DHS,AN_ANEM_W_MLD,114603020,I,413010,1413100,Region,"Uttar Pradesh, inc Uttarakhand",0,,0,1,ANANEMWMLD,IADHS2006413010,2005-06,DHS,17800,13693,,,
IND,Uttar Pradesh,6967060,Women with mild anemia,21.8,1,IA,India,2006,IA2006DHS,AN_ANEM_W_MLD,114603020,I,413011,1413110,Region,..Uttar Pradesh,0,,0,1,ANANEMWMLD,IADHS2006413011,2005-06,DHS,16838,10854,,,1
IND,Uttarakhand,683554,Women with mild anemia,26.1,1,IA,India,2006,IA2006DHS,AN_ANEM_W_MLD,114603020,I,413012,1413120,Region,..Uttarakhand,0,,0,1,ANANEMWMLD,IADHS2006413012,2005-06,DHS,962,2839,,,1
IND,"Bihar, inc Jharkhand",1078310,Women with mild anemia,30.6,1,IA,India,2006,IA2006DHS,AN_ANEM_W_MLD,114603020,I,413013,1413130,Region,"Bihar, inc Jharkhand",0,,0,1,ANANEMWMLD,IADHS2006413013,2005-06,DHS,12136,6431,,,
IND,Bihar,3147078,Women with mild anemia,31.2,1,IA,India,2006,IA2006DHS,AN_ANEM_W_MLD,114603020,I,413014,1413140,Region,..Bihar,0,,0,1,ANANEMWMLD,IADHS2006413014,2005-06,DHS,9132,3654,,,1
IND,Jharkhand,144591,Women with mild anemia,28.4,1,IA,India,2006,IA2006DHS,AN_ANEM_W_MLD,114603020,I,413015,1413150,Region,..Jharkhand,0,,0,1,ANANEMWMLD,IADHS2006413015,2005-06,DHS,3004,2777,,,1
IND,Odisha,4952850,Women with mild anemia,27.5,1,IA,India,2006,IA2006DHS,AN_ANEM_W_MLD,114603020,I,413016,1413160,Region,Odisha,0,,0,1,ANANEMWMLD,IADHS2006413016,2005-06,DHS,4615,4320,,,1
IND,West Bengal,3614500,Women with mild anemia,28,1,IA,India,2006,IA2006DHS,AN_ANEM_W_MLD,114603020,I,413017,1413170,Region,West Bengal,0,,0,1,ANANEMWMLD,IADHS2006413017,2005-06,DHS,9992,6449,,,1
IND,Arunachal Pradesh,865204,Women with mild anemia,23.2,1,IA,India,2006,IA2006DHS,AN_ANEM_W_MLD,114603020,I,413018,1413180,Region,Arunachal Pradesh,0,,0,1,ANANEMWMLD,IADHS2006413018,2005-06,DHS,124,1626,,,1
IND,Assam,4601899,Women with mild anemia,25.8,1,IA,India,2006,IA2006DHS,AN_ANEM_W_MLD,114603020,I,413019,1413190,Region,Assam,0,,0,1,ANANEMWMLD,IADHS2006413019,2005-06,DHS,3186,3601,,,1
IND,Manipur,6226267,Women with mild anemia,21.6,1,IA,India,2006,IA2006DHS,AN_ANEM_W_MLD,114603020,I,413020,1413200,Region,Manipur,0,,0,1,ANANEMWMLD,IADHS2006413020,2005-06,DHS,261,4324,,,1
IND,Meghalaya,5406815,Women with mild anemia,21,1,IA,India,2006,IA2006DHS,AN_ANEM_W_MLD,114603020,I,413021,1413210,Region,Meghalaya,0,,0,1,ANANEMWMLD,IADHS2006413021,2005-06,DHS,287,1865,,,1
IND,Mizoram,599412,Women with mild anemia,19.7,1,IA,India,2006,IA2006DHS,AN_ANEM_W_MLD,114603020,I,413022,1413220,Region,Mizoram,0,,0,1,ANANEMWMLD,IADHS2006413022,2005-06,DHS,107,1773,,,1
IND,Sikkim,3933332,Women with mild anemia,26.4,1,IA,India,2006,IA2006DHS,AN_ANEM_W_MLD,114603020,I,413024,1413240,Region,Sikkim,0,,0,1,ANANEMWMLD,IADHS2006413024,2005-06,DHS,74,2064,,,1
IND,Tripura,154727,Women with mild anemia,29.5,1,IA,India,2006,IA2006DHS,AN_ANEM_W_MLD,114603020,I,413025,1413250,Region,Tripura,0,,0,1,ANANEMWMLD,IADHS2006413025,2005-06,DHS,467,1874,,,1
IND,Goa,3124089,Women with mild anemia,19.7,1,IA,India,2006,IA2006DHS,AN_ANEM_W_MLD,114603020,I,413026,1413260,Region,Goa,0,,0,1,ANANEMWMLD,IADHS2006413026,2005-06,DHS,178,3238,,,1
IND,Gujarat,6124391,Women with mild anemia,21.7,1,IA,India,2006,IA2006DHS,AN_ANEM_W_MLD,114603020,I,413027,1413270,Region,Gujarat,0,,0,1,ANANEMWMLD,IADHS2006413027,2005-06,DHS,6081,3660,,,1
IND,Maharashtra,1509633,Women with mild anemia,20.4,1,IA,India,2006,IA2006DHS,AN_ANEM_W_MLD,114603020,I,413028,1413280,Region,Maharashtra,0,,0,1,ANANEMWMLD,IADHS2006413028,2005-06,DHS,10745,7880,,,1
IND,Andhra Pradesh including Telangana,5726237,Women with mild anemia,23.8,1,IA,India,2006,IA2006DHS,AN_ANEM_W_MLD,114603020,I,413029,1413290,Region,Andhra Pradesh including Telangana,0,,0,1,ANANEMWMLD,IADHS2006413029,2005-06,DHS,9100,6535,,,1
IND,Karnataka,7574609,Women with mild anemia,22.5,1,IA,India,2006,IA2006DHS,AN_ANEM_W_MLD,114603020,I,413030,1413300,Region,Karnataka,0,,0,1,ANANEMWMLD,IADHS2006413030,2005-06,DHS,6616,5363,,,1
IND,Kerala,4068069,Women with mild anemia,17.8,1,IA,India,2006,IA2006DHS,AN_ANEM_W_MLD,114603020,I,413031,1413310,Region,Kerala,0,,0,1,ANANEMWMLD,IADHS2006413031,2005-06,DHS,3483,3477,,,1
IND,Tamil Nadu,1168758,Women with mild anemia,23.5,1,IA,India,2006,IA2006DHS,AN_ANEM_W_MLD,114603020,I,413032,1413320,Region,Tamil Nadu,0,,0,1,ANANEMWMLD,IADHS2006413032,2005-06,DHS,6934,5714,,,1
IND,New Delhi,3147016,Women with moderate anemia,21.7,1,IA,India,2006,IA2006DHS,AN_ANEM_W_MOD,114603030,I,413000,1413000,Region,New Delhi,0,,0,1,ANANEMWMOD,IADHS2006413000,2005-06,DHS,1072,2460,,,1
IND,Haryana,1223060,Women with moderate anemia,28.7,1,IA,India,2006,IA2006DHS,AN_ANEM_W_MOD,114603030,I,413001,1413010,Region,Haryana,0,,0,1,ANANEMWMOD,IADHS2006413001,2005-06,DHS,2258,2722,,,1
IND,Himachal Pradesh,5385223,Women with moderate anemia,21.2,1,IA,India,2006,IA2006DHS,AN_ANEM_W_MOD,114603030,I,413002,1413020,Region,Himachal Pradesh,0,,0,1,ANANEMWMOD,IADHS2006413002,2005-06,DHS,749,3070,,,1
IND,"Jammu, Kashmir & Ladakh",7772193,Women with moderate anemia,24.9,1,IA,India,2006,IA2006DHS,AN_ANEM_W_MOD,114603030,I,413003,1413030,Region,"Jammu, Kashmir & Ladakh",0,,0,1,ANANEMWMOD,IADHS2006413003,2005-06,DHS,1130,3034,,,1
IND,Punjab,3947349,Women with moderate anemia,18.3,1,IA,India,2006,IA2006DHS,AN_ANEM_W_MOD,114603030,I,413005,1413050,Region,Punjab,0,,0,1,ANANEMWMOD,IADHS2006413005,2005-06,DHS,3009,3525,,,1
IND,Rajasthan,168638,Women with moderate anemia,26.3,1,IA,India,2006,IA2006DHS,AN_ANEM_W_MOD,114603030,I,413006,1413060,Region,Rajasthan,0,,0,1,ANANEMWMOD,IADHS2006413006,2005-06,DHS,6546,3858,,,1
IND,"Madhya Pradesh, inc Chhattisgarh",3147023,Women with moderate anemia,28.4,1,IA,India,2006,IA2006DHS,AN_ANEM_W_MOD,114603030,I,413007,1413070,Region,"Madhya Pradesh, inc Chhattisgarh",0,,0,1,ANANEMWMOD,IADHS2006413007,2005-06,DHS,9906,10158,,,
IND,Madhya Pradesh,6266889,Women with moderate anemia,27.6,1,IA,India,2006,IA2006DHS,AN_ANEM_W_MOD,114603030,I,413008,1413080,Region,..Madhya Pradesh,0,,0,1,ANANEMWMOD,IADHS2006413008,2005-06,DHS,7184,6397,,,1
IND,Chhattisgarh,1509665,Women with moderate anemia,30.4,1,IA,India,2006,IA2006DHS,AN_ANEM_W_MOD,114603030,I,413009,1413090,Region,..Chhattisgarh,0,,0,1,ANANEMWMOD,IADHS2006413009,2005-06,DHS,2721,3761,,,1
IND,"Uttar Pradesh, inc Uttarakhand",5878876,Women with moderate anemia,25,1,IA,India,2006,IA2006DHS,AN_ANEM_W_MOD,114603030,I,413010,1413100,Region,"Uttar Pradesh, inc Uttarakhand",0,,0,1,ANANEMWMOD,IADHS2006413010,2005-06,DHS,17800,13693,,,
IND,Uttar Pradesh,6967061,Women with moderate anemia,24.9,1,IA,India,2006,IA2006DHS,AN_ANEM_W_MOD,114603030,I,413011,1413110,Region,..Uttar Pradesh,0,,0,1,ANANEMWMOD,IADHS2006413011,2005-06,DHS,16838,10854,,,1
IND,Uttarakhand,683555,Women with moderate anemia,25.9,1,IA,India,2006,IA2006DHS,AN_ANEM_W_MOD,114603030,I,413012,1413120,Region,..Uttarakhand,0,,0,1,ANANEMWMOD,IADHS2006413012,2005-06,DHS,962,2839,,,1
IND,"Bihar, inc Jharkhand",1078311,Women with moderate anemia,34.7,1,IA,India,2006,IA2006DHS,AN_ANEM_W_MOD,114603030,I,413013,1413130,Region,"Bihar, inc Jharkhand",0,,0,1,ANANEMWMOD,IADHS2006413013,2005-06,DHS,12136,6431,,,
IND,Bihar,3147079,Women with moderate anemia,33.7,1,IA,India,2006,IA2006DHS,AN_ANEM_W_MOD,114603030,I,413014,1413140,Region,..Bihar,0,,0,1,ANANEMWMOD,IADHS2006413014,2005-06,DHS,9132,3654,,,1
IND,Jharkhand,144592,Women with moderate anemia,37.8,1,IA,India,2006,IA2006DHS,AN_ANEM_W_MOD,114603030,I,413015,1413150,Region,..Jharkhand,0,,0,1,ANANEMWMOD,IADHS2006413015,2005-06,DHS,3004,2777,,,1
IND,Odisha,4952851,Women with moderate anemia,30.3,1,IA,India,2006,IA2006DHS,AN_ANEM_W_MOD,114603030,I,413016,1413160,Region,Odisha,0,,0,1,ANANEMWMOD,IADHS2006413016,2005-06,DHS,4615,4320,,,1
IND,West Bengal,3614502,Women with moderate anemia,32,1,IA,India,2006,IA2006DHS,AN_ANEM_W_MOD,114603030,I,413017,1413170,Region,West Bengal,0,,0,1,ANANEMWMOD,IADHS2006413017,2005-06,DHS,9992,6449,,,1
IND,Arunachal Pradesh,865205,Women with moderate anemia,25,1,IA,India,2006,IA2006DHS,AN_ANEM_W_MOD,114603030,I,413018,1413180,Region,Arunachal Pradesh,0,,0,1,ANANEMWMOD,IADHS2006413018,2005-06,DHS,124,1626,,,1
IND,Assam,4601897,Women with moderate anemia,37.7,1,IA,India,2006,IA2006DHS,AN_ANEM_W_MOD,114603030,I,413019,1413190,Region,Assam,0,,0,1,ANANEMWMOD,IADHS2006413019,2005-06,DHS,3186,3601,,,1
IND,Manipur,6226265,Women with moderate anemia,13,1,IA,India,2006,IA2006DHS,AN_ANEM_W_MOD,114603030,I,413020,1413200,Region,Manipur,0,,0,1,ANANEMWMOD,IADHS2006413020,2005-06,DHS,261,4324,,,1
IND,Meghalaya,5406813,Women with moderate anemia,23,1,IA,India,2006,IA2006DHS,AN_ANEM_W_MOD,114603030,I,413021,1413210,Region,Meghalaya,0,,0,1,ANANEMWMOD,IADHS2006413021,2005-06,DHS,287,1865,,,1
IND,Mizoram,599307,Women with moderate anemia,17.1,1,IA,India,2006,IA2006DHS,AN_ANEM_W_MOD,114603030,I,413022,1413220,Region,Mizoram,0,,0,1,ANANEMWMOD,IADHS2006413022,2005-06,DHS,107,1773,,,1
IND,Sikkim,3933333,Women with moderate anemia,30.5,1,IA,India,2006,IA2006DHS,AN_ANEM_W_MOD,114603030,I,413024,1413240,Region,Sikkim,0,,0,1,ANANEMWMOD,IADHS2006413024,2005-06,DHS,74,2064,,,1
IND,Tripura,154728,Women with moderate anemia,32.4,1,IA,India,2006,IA2006DHS,AN_ANEM_W_MOD,114603030,I,413025,1413250,Region,Tripura,0,,0,1,ANANEMWMOD,IADHS2006413025,2005-06,DHS,467,1874,,,1
IND,Goa,3124090,Women with moderate anemia,16.4,1,IA,India,2006,IA2006DHS,AN_ANEM_W_MOD,114603030,I,413026,1413260,Region,Goa,0,,0,1,ANANEMWMOD,IADHS2006413026,2005-06,DHS,178,3238,,,1
IND,Gujarat,6124392,Women with moderate anemia,28.5,1,IA,India,2006,IA2006DHS,AN_ANEM_W_MOD,114603030,I,413027,1413270,Region,Gujarat,0,,0,1,ANANEMWMOD,IADHS2006413027,2005-06,DHS,6081,3660,,,1
IND,Maharashtra,1509634,Women with moderate anemia,24.7,1,IA,India,2006,IA2006DHS,AN_ANEM_W_MOD,114603030,I,413028,1413280,Region,Maharashtra,0,,0,1,ANANEMWMOD,IADHS2006413028,2005-06,DHS,10745,7880,,,1
IND,Andhra Pradesh including Telangana,5726241,Women with moderate anemia,32.6,1,IA,India,2006,IA2006DHS,AN_ANEM_W_MOD,114603030,I,413029,1413290,Region,Andhra Pradesh including Telangana,0,,0,1,ANANEMWMOD,IADHS2006413029,2005-06,DHS,9100,6535,,,1
IND,Karnataka,7574610,Women with moderate anemia,24.8,1,IA,India,2006,IA2006DHS,AN_ANEM_W_MOD,114603030,I,413030,1413300,Region,Karnataka,0,,0,1,ANANEMWMOD,IADHS2006413030,2005-06,DHS,6616,5363,,,1
IND,Kerala,4068070,Women with moderate anemia,13.6,1,IA,India,2006,IA2006DHS,AN_ANEM_W_MOD,114603030,I,413031,1413310,Region,Kerala,0,,0,1,ANANEMWMOD,IADHS2006413031,2005-06,DHS,3483,3477,,,1
IND,Tamil Nadu,1168760,Women with moderate anemia,25.2,1,IA,India,2006,IA2006DHS,AN_ANEM_W_MOD,114603030,I,413032,1413320,Region,Tamil Nadu,0,,0,1,ANANEMWMOD,IADHS2006413032,2005-06,DHS,6934,5714,,,1
IND,New Delhi,3147017,Women with severe anemia,1.2,1,IA,India,2006,IA2006DHS,AN_ANEM_W_SEV,114603040,I,413000,1413000,Region,New Delhi,0,,0,1,ANANEMWSEV,IADHS2006413000,2005-06,DHS,1072,2460,,,1
IND,Haryana,1223061,Women with severe anemia,3.9,1,IA,India,2006,IA2006DHS,AN_ANEM_W_SEV,114603040,I,413001,1413010,Region,Haryana,0,,0,1,ANANEMWSEV,IADHS2006413001,2005-06,DHS,2258,2722,,,1
IND,Himachal Pradesh,5385224,Women with severe anemia,2.5,1,IA,India,2006,IA2006DHS,AN_ANEM_W_SEV,114603040,I,413002,1413020,Region,Himachal Pradesh,0,,0,1,ANANEMWSEV,IADHS2006413002,2005-06,DHS,749,3070,,,1
IND,"Jammu, Kashmir & Ladakh",7772194,Women with severe anemia,3.6,1,IA,India,2006,IA2006DHS,AN_ANEM_W_SEV,114603040,I,413003,1413030,Region,"Jammu, Kashmir & Ladakh",0,,0,1,ANANEMWSEV,IADHS2006413003,2005-06,DHS,1130,3034,,,1
IND,Punjab,3947350,Women with severe anemia,3.2,1,IA,India,2006,IA2006DHS,AN_ANEM_W_SEV,114603040,I,413005,1413050,Region,Punjab,0,,0,1,ANANEMWSEV,IADHS2006413005,2005-06,DHS,3009,3525,,,1
IND,Rajasthan,168639,Women with severe anemia,5,1,IA,India,2006,IA2006DHS,AN_ANEM_W_SEV,114603040,I,413006,1413060,Region,Rajasthan,0,,0,1,ANANEMWSEV,IADHS2006413006,2005-06,DHS,6546,3858,,,1
IND,"Madhya Pradesh, inc Chhattisgarh",3147024,Women with severe anemia,2.9,1,IA,India,2006,IA2006DHS,AN_ANEM_W_SEV,114603040,I,413007,1413070,Region,"Madhya Pradesh, inc Chhattisgarh",0,,0,1,ANANEMWSEV,IADHS2006413007,2005-06,DHS,9906,10158,,,
IND,Madhya Pradesh,6266890,Women with severe anemia,2.6,1,IA,India,2006,IA2006DHS,AN_ANEM_W_SEV,114603040,I,413008,1413080,Region,..Madhya Pradesh,0,,0,1,ANANEMWSEV,IADHS2006413008,2005-06,DHS,7184,6397,,,1
IND,Chhattisgarh,1509666,Women with severe anemia,3.8,1,IA,India,2006,IA2006DHS,AN_ANEM_W_SEV,114603040,I,413009,1413090,Region,..Chhattisgarh,0,,0,1,ANANEMWSEV,IADHS2006413009,2005-06,DHS,2721,3761,,,1
IND,"Uttar Pradesh, inc Uttarakhand",5878877,Women with severe anemia,3.1,1,IA,India,2006,IA2006DHS,AN_ANEM_W_SEV,114603040,I,413010,1413100,Region,"Uttar Pradesh, inc Uttarakhand",0,,0,1,ANANEMWSEV,IADHS2006413010,2005-06,DHS,17800,13693,,,
IND,Uttar Pradesh,6967062,Women with severe anemia,3.1,1,IA,India,2006,IA2006DHS,AN_ANEM_W_SEV,114603040,I,413011,1413110,Region,..Uttar Pradesh,0,,0,1,ANANEMWSEV,IADHS2006413011,2005-06,DHS,16838,10854,,,1
IND,Uttarakhand,683556,Women with severe anemia,3.2,1,IA,India,2006,IA2006DHS,AN_ANEM_W_SEV,114603040,I,413012,1413120,Region,..Uttarakhand,0,,0,1,ANANEMWSEV,IADHS2006413012,2005-06,DHS,962,2839,,,1
IND,"Bihar, inc Jharkhand",1078312,Women with severe anemia,2.6,1,IA,India,2006,IA2006DHS,AN_ANEM_W_SEV,114603040,I,413013,1413130,Region,"Bihar, inc Jharkhand",0,,0,1,ANANEMWSEV,IADHS2006413013,2005-06,DHS,12136,6431,,,
IND,Bihar,3147080,Women with severe anemia,2.5,1,IA,India,2006,IA2006DHS,AN_ANEM_W_SEV,114603040,I,413014,1413140,Region,..Bihar,0,,0,1,ANANEMWSEV,IADHS2006413014,2005-06,DHS,9132,3654,,,1
IND,Jharkhand,144593,Women with severe anemia,3.2,1,IA,India,2006,IA2006DHS,AN_ANEM_W_SEV,114603040,I,413015,1413150,Region,..Jharkhand,0,,0,1,ANANEMWSEV,IADHS2006413015,2005-06,DHS,3004,2777,,,1
IND,Odisha,4952852,Women with severe anemia,3.4,1,IA,India,2006,IA2006DHS,AN_ANEM_W_SEV,114603040,I,413016,1413160,Region,Odisha,0,,0,1,ANANEMWSEV,IADHS2006413016,2005-06,DHS,4615,4320,,,1
IND,West Bengal,3614503,Women with severe anemia,3.1,1,IA,India,2006,IA2006DHS,AN_ANEM_W_SEV,114603040,I,413017,1413170,Region,West Bengal,0,,0,1,ANANEMWSEV,IADHS2006413017,2005-06,DHS,9992,6449,,,1
IND,Arunachal Pradesh,865206,Women with severe anemia,2.5,1,IA,India,2006,IA2006DHS,AN_ANEM_W_SEV,114603040,I,413018,1413180,Region,Arunachal Pradesh,0,,0,1,ANANEMWSEV,IADHS2006413018,2005-06,DHS,124,1626,,,1
IND,Assam,4601898,Women with severe anemia,6,1,IA,India,2006,IA2006DHS,AN_ANEM_W_SEV,114603040,I,413019,1413190,Region,Assam,0,,0,1,ANANEMWSEV,IADHS2006413019,2005-06,DHS,3186,3601,,,1
IND,Manipur,6226266,Women with severe anemia,1,1,IA,India,2006,IA2006DHS,AN_ANEM_W_SEV,114603040,I,413020,1413200,Region,Manipur,0,,0,1,ANANEMWSEV,IADHS2006413020,2005-06,DHS,261,4324,,,1
IND,Meghalaya,5406814,Women with severe anemia,3.2,1,IA,India,2006,IA2006DHS,AN_ANEM_W_SEV,114603040,I,413021,1413210,Region,Meghalaya,0,,0,1,ANANEMWSEV,IADHS2006413021,2005-06,DHS,287,1865,,,1
IND,Mizoram,599414,Women with severe anemia,1.8,1,IA,India,2006,IA2006DHS,AN_ANEM_W_SEV,114603040,I,413022,1413220,Region,Mizoram,0,,0,1,ANANEMWSEV,IADHS2006413022,2005-06,DHS,107,1773,,,1
IND,Sikkim,3933334,Women with severe anemia,3,1,IA,India,2006,IA2006DHS,AN_ANEM_W_SEV,114603040,I,413024,1413240,Region,Sikkim,0,,0,1,ANANEMWSEV,IADHS2006413024,2005-06,DHS,74,2064,,,1
IND,Tripura,154729,Women with severe anemia,3.2,1,IA,India,2006,IA2006DHS,AN_ANEM_W_SEV,114603040,I,413025,1413250,Region,Tripura,0,,0,1,ANANEMWSEV,IADHS2006413025,2005-06,DHS,467,1874,,,1
IND,Goa,3124135,Women with severe anemia,1.8,1,IA,India,2006,IA2006DHS,AN_ANEM_W_SEV,114603040,I,413026,1413260,Region,Goa,0,,0,1,ANANEMWSEV,IADHS2006413026,2005-06,DHS,178,3238,,,1
IND,Gujarat,6124393,Women with severe anemia,5.1,1,IA,India,2006,IA2006DHS,AN_ANEM_W_SEV,114603040,I,413027,1413270,Region,Gujarat,0,,0,1,ANANEMWSEV,IADHS2006413027,2005-06,DHS,6081,3660,,,1
IND,Maharashtra,1509635,Women with severe anemia,3.2,1,IA,India,2006,IA2006DHS,AN_ANEM_W_SEV,114603040,I,413028,1413280,Region,Maharashtra,0,,0,1,ANANEMWSEV,IADHS2006413028,2005-06,DHS,10745,7880,,,1
IND,Andhra Pradesh including Telangana,5726242,Women with severe anemia,6.6,1,IA,India,2006,IA2006DHS,AN_ANEM_W_SEV,114603040,I,413029,1413290,Region,Andhra Pradesh including Telangana,0,,0,1,ANANEMWSEV,IADHS2006413029,2005-06,DHS,9100,6535,,,1
IND,Karnataka,7574622,Women with severe anemia,4.2,1,IA,India,2006,IA2006DHS,AN_ANEM_W_SEV,114603040,I,413030,1413300,Region,Karnataka,0,,0,1,ANANEMWSEV,IADHS2006413030,2005-06,DHS,6616,5363,,,1
IND,Kerala,4068071,Women with severe anemia,1.5,1,IA,India,2006,IA2006DHS,AN_ANEM_W_SEV,114603040,I,413031,1413310,Region,Kerala,0,,0,1,ANANEMWSEV,IADHS2006413031,2005-06,DHS,3483,3477,,,1
IND,Tamil Nadu,1168761,Women with severe anemia,4.5,1,IA,India,2006,IA2006DHS,AN_ANEM_W_SEV,114603040,I,413032,1413320,Region,Tamil Nadu,0,,0,1,ANANEMWSEV,IADHS2006413032,2005-06,DHS,6934,5714,,,1
IND,New Delhi,3147021,Number of women,1072,0,IA,India,2006,IA2006DHS,AN_ANEM_W_NUM,114603050,D,413000,1413000,Region,New Delhi,0,,0,1,ANANEMWNUM,IADHS2006413000,2005-06,DHS,,2460,,,1
IND,Haryana,1224202,Number of women,2258,0,IA,India,2006,IA2006DHS,AN_ANEM_W_NUM,114603050,D,413001,1413010,Region,Haryana,0,,0,1,ANANEMWNUM,IADHS2006413001,2005-06,DHS,,2722,,,1
IND,Himachal Pradesh,5383638,Number of women,749,0,IA,India,2006,IA2006DHS,AN_ANEM_W_NUM,114603050,D,413002,1413020,Region,Himachal Pradesh,0,,0,1,ANANEMWNUM,IADHS2006413002,2005-06,DHS,,3070,,,1
IND,"Jammu, Kashmir & Ladakh",7885384,Number of women,1130,0,IA,India,2006,IA2006DHS,AN_ANEM_W_NUM,114603050,D,413003,1413030,Region,"Jammu, Kashmir & Ladakh",0,,0,1,ANANEMWNUM,IADHS2006413003,2005-06,DHS,,3034,,,1
IND,Punjab,3147071,Number of women,3009,0,IA,India,2006,IA2006DHS,AN_ANEM_W_NUM,114603050,D,413005,1413050,Region,Punjab,0,,0,1,ANANEMWNUM,IADHS2006413005,2005-06,DHS,,3525,,,1
IND,Rajasthan,212608,Number of women,6546,0,IA,India,2006,IA2006DHS,AN_ANEM_W_NUM,114603050,D,413006,1413060,Region,Rajasthan,0,,0,1,ANANEMWNUM,IADHS2006413006,2005-06,DHS,,3858,,,1
IND,"Madhya Pradesh, inc Chhattisgarh",3147002,Number of women,9906,0,IA,India,2006,IA2006DHS,AN_ANEM_W_NUM,114603050,D,413007,1413070,Region,"Madhya Pradesh, inc Chhattisgarh",0,,0,1,ANANEMWNUM,IADHS2006413007,2005-06,DHS,,10158,,,
IND,Madhya Pradesh,6266891,Number of women,7184,0,IA,India,2006,IA2006DHS,AN_ANEM_W_NUM,114603050,D,413008,1413080,Region,..Madhya Pradesh,0,,0,1,ANANEMWNUM,IADHS2006413008,2005-06,DHS,,6397,,,1
IND,Chhattisgarh,1514802,Number of women,2721,0,IA,India,2006,IA2006DHS,AN_ANEM_W_NUM,114603050,D,413009,1413090,Region,..Chhattisgarh,0,,0,1,ANANEMWNUM,IADHS2006413009,2005-06,DHS,,3761,,,1
IND,"Uttar Pradesh, inc Uttarakhand",5966795,Number of women,17800,0,IA,India,2006,IA2006DHS,AN_ANEM_W_NUM,114603050,D,413010,1413100,Region,"Uttar Pradesh, inc Uttarakhand",0,,0,1,ANANEMWNUM,IADHS2006413010,2005-06,DHS,,13693,,,
IND,Uttar Pradesh,6912004,Number of women,16838,0,IA,India,2006,IA2006DHS,AN_ANEM_W_NUM,114603050,D,413011,1413110,Region,..Uttar Pradesh,0,,0,1,ANANEMWNUM,IADHS2006413011,2005-06,DHS,,10854,,,1
IND,Uttarakhand,683213,Number of women,962,0,IA,India,2006,IA2006DHS,AN_ANEM_W_NUM,114603050,D,413012,1413120,Region,..Uttarakhand,0,,0,1,ANANEMWNUM,IADHS2006413012,2005-06,DHS,,2839,,,1
IND,"Bihar, inc Jharkhand",1078321,Number of women,12136,0,IA,India,2006,IA2006DHS,AN_ANEM_W_NUM,114603050,D,413013,1413130,Region,"Bihar, inc Jharkhand",0,,0,1,ANANEMWNUM,IADHS2006413013,2005-06,DHS,,6431,,,
IND,Bihar,3147110,Number of women,9132,0,IA,India,2006,IA2006DHS,AN_ANEM_W_NUM,114603050,D,413014,1413140,Region,..Bihar,0,,0,1,ANANEMWNUM,IADHS2006413014,2005-06,DHS,,3654,,,1
IND,Jharkhand,143848,Number of women,3004,0,IA,India,2006,IA2006DHS,AN_ANEM_W_NUM,114603050,D,413015,1413150,Region,..Jharkhand,0,,0,1,ANANEMWNUM,IADHS2006413015,2005-06,DHS,,2777,,,1
IND,Odisha,5089725,Number of women,4615,0,IA,India,2006,IA2006DHS,AN_ANEM_W_NUM,114603050,D,413016,1413160,Region,Odisha,0,,0,1,ANANEMWNUM,IADHS2006413016,2005-06,DHS,,4320,,,1
IND,West Bengal,3139464,Number of women,9992,0,IA,India,2006,IA2006DHS,AN_ANEM_W_NUM,114603050,D,413017,1413170,Region,West Bengal,0,,0,1,ANANEMWNUM,IADHS2006413017,2005-06,DHS,,6449,,,1
IND,Arunachal Pradesh,865306,Number of women,124,0,IA,India,2006,IA2006DHS,AN_ANEM_W_NUM,114603050,D,413018,1413180,Region,Arunachal Pradesh,0,,0,1,ANANEMWNUM,IADHS2006413018,2005-06,DHS,,1626,,,1
IND,Assam,3697294,Number of women,3186,0,IA,India,2006,IA2006DHS,AN_ANEM_W_NUM,114603050,D,413019,1413190,Region,Assam,0,,0,1,ANANEMWNUM,IADHS2006413019,2005-06,DHS,,3601,,,1
IND,Manipur,6313060,Number of women,261,0,IA,India,2006,IA2006DHS,AN_ANEM_W_NUM,114603050,D,413020,1413200,Region,Manipur,0,,0,1,ANANEMWNUM,IADHS2006413020,2005-06,DHS,,4324,,,1
IND,Meghalaya,5383114,Number of women,287,0,IA,India,2006,IA2006DHS,AN_ANEM_W_NUM,114603050,D,413021,1413210,Region,Meghalaya,0,,0,1,ANANEMWNUM,IADHS2006413021,2005-06,DHS,,1865,,,1
IND,Mizoram,629669,Number of women,107,0,IA,India,2006,IA2006DHS,AN_ANEM_W_NUM,114603050,D,413022,1413220,Region,Mizoram,0,,0,1,ANANEMWNUM,IADHS2006413022,2005-06,DHS,,1773,,,1
IND,Sikkim,3124063,Number of women,74,0,IA,India,2006,IA2006DHS,AN_ANEM_W_NUM,114603050,D,413024,1413240,Region,Sikkim,0,,0,1,ANANEMWNUM,IADHS2006413024,2005-06,DHS,,2064,,,1
IND,Tripura,205935,Number of women,467,0,IA,India,2006,IA2006DHS,AN_ANEM_W_NUM,114603050,D,413025,1413250,Region,Tripura,0,,0,1,ANANEMWNUM,IADHS2006413025,2005-06,DHS,,1874,,,1
IND,Goa,3124136,Number of women,178,0,IA,India,2006,IA2006DHS,AN_ANEM_W_NUM,114603050,D,413026,1413260,Region,Goa,0,,0,1,ANANEMWNUM,IADHS2006413026,2005-06,DHS,,3238,,,1
IND,Gujarat,6124389,Number of women,6081,0,IA,India,2006,IA2006DHS,AN_ANEM_W_NUM,114603050,D,413027,1413270,Region,Gujarat,0,,0,1,ANANEMWNUM,IADHS2006413027,2005-06,DHS,,3660,,,1
IND,Maharashtra,1514800,Number of women,10745,0,IA,India,2006,IA2006DHS,AN_ANEM_W_NUM,114603050,D,413028,1413280,Region,Maharashtra,0,,0,1,ANANEMWNUM,IADHS2006413028,2005-06,DHS,,7880,,,1
IND,Andhra Pradesh including Telangana,5809044,Number of women,9100,0,IA,India,2006,IA2006DHS,AN_ANEM_W_NUM,114603050,D,413029,1413290,Region,Andhra Pradesh including Telangana,0,,0,1,ANANEMWNUM,IADHS2006413029,2005-06,DHS,,6535,,,1
IND,Karnataka,7659029,Number of women,6616,0,IA,India,2006,IA2006DHS,AN_ANEM_W_NUM,114603050,D,413030,1413300,Region,Karnataka,0,,0,1,ANANEMWNUM,IADHS2006413030,2005-06,DHS,,5363,,,1
IND,Kerala,3147134,Number of women,3483,0,IA,India,2006,IA2006DHS,AN_ANEM_W_NUM,114603050,D,413031,1413310,Region,Kerala,0,,0,1,ANANEMWNUM,IADHS2006413031,2005-06,DHS,,3477,,,1
IND,Tamil Nadu,1168722,Number of women,6934,0,IA,India,2006,IA2006DHS,AN_ANEM_W_NUM,114603050,D,413032,1413320,Region,Tamil Nadu,0,,0,1,ANANEMWNUM,IADHS2006413032,2005-06,DHS,,5714,,,1
IND,New Delhi,3147145,Number of women (unweighted),2460,0,IA,India,2006,IA2006DHS,AN_ANEM_W_UNW,114603060,U,413000,1413000,Region,New Delhi,0,,0,1,ANANEMWUNW,IADHS2006413000,2005-06,DHS,1072,,,,1
IND,Haryana,1224443,Number of women (unweighted),2722,0,IA,India,2006,IA2006DHS,AN_ANEM_W_UNW,114603060,U,413001,1413010,Region,Haryana,0,,0,1,ANANEMWUNW,IADHS2006413001,2005-06,DHS,2258,,,,1
IND,Himachal Pradesh,4924301,Number of women (unweighted),3070,0,IA,India,2006,IA2006DHS,AN_ANEM_W_UNW,114603060,U,413002,1413020,Region,Himachal Pradesh,0,,0,1,ANANEMWUNW,IADHS2006413002,2005-06,DHS,749,,,,1
IND,"Jammu, Kashmir & Ladakh",3996087,Number of women (unweighted),3034,0,IA,India,2006,IA2006DHS,AN_ANEM_W_UNW,114603060,U,413003,1413030,Region,"Jammu, Kashmir & Ladakh",0,,0,1,ANANEMWUNW,IADHS2006413003,2005-06,DHS,1130,,,,1
IND,Punjab,3947360,Number of women (unweighted),3525,0,IA,India,2006,IA2006DHS,AN_ANEM_W_UNW,114603060,U,413005,1413050,Region,Punjab,0,,0,1,ANANEMWUNW,IADHS2006413005,2005-06,DHS,3009,,,,1
IND,Rajasthan,4413973,Number of women (unweighted),3858,0,IA,India,2006,IA2006DHS,AN_ANEM_W_UNW,114603060,U,413006,1413060,Region,Rajasthan,0,,0,1,ANANEMWUNW,IADHS2006413006,2005-06,DHS,6546,,,,1
IND,"Madhya Pradesh, inc Chhattisgarh",3147146,Number of women (unweighted),10158,0,IA,India,2006,IA2006DHS,AN_ANEM_W_UNW,114603060,U,413007,1413070,Region,"Madhya Pradesh, inc Chhattisgarh",0,,0,1,ANANEMWUNW,IADHS2006413007,2005-06,DHS,9906,,,,
IND,Madhya Pradesh,3124100,Number of women (unweighted),6397,0,IA,India,2006,IA2006DHS,AN_ANEM_W_UNW,114603060,U,413008,1413080,Region,..Madhya Pradesh,0,,0,1,ANANEMWUNW,IADHS2006413008,2005-06,DHS,7184,,,,1
IND,Chhattisgarh,3390864,Number of women (unweighted),3761,0,IA,India,2006,IA2006DHS,AN_ANEM_W_UNW,114603060,U,413009,1413090,Region,..Chhattisgarh,0,,0,1,ANANEMWUNW,IADHS2006413009,2005-06,DHS,2721,,,,1
IND,"Uttar Pradesh, inc Uttarakhand",3612884,Number of women (unweighted),13693,0,IA,India,2006,IA2006DHS,AN_ANEM_W_UNW,114603060,U,413010,1413100,Region,"Uttar Pradesh, inc Uttarakhand",0,,0,1,ANANEMWUNW,IADHS2006413010,2005-06,DHS,17800,,,,
IND,Uttar Pradesh,3751422,Number of women (unweighted),10854,0,IA,India,2006,IA2006DHS,AN_ANEM_W_UNW,114603060,U,413011,1413110,Region,..Uttar Pradesh,0,,0,1,ANANEMWUNW,IADHS2006413011,2005-06,DHS,16838,,,,1
IND,Uttarakhand,4722354,Number of women (unweighted),2839,0,IA,India,2006,IA2006DHS,AN_ANEM_W_UNW,114603060,U,413012,1413120,Region,..Uttarakhand,0,,0,1,ANANEMWUNW,IADHS2006413012,2005-06,DHS,962,,,,1
IND,"Bihar, inc Jharkhand",1088453,Number of women (unweighted),6431,0,IA,India,2006,IA2006DHS,AN_ANEM_W_UNW,114603060,U,413013,1413130,Region,"Bihar, inc Jharkhand",0,,0,1,ANANEMWUNW,IADHS2006413013,2005-06,DHS,12136,,,,
IND,Bihar,3147131,Number of women (unweighted),3654,0,IA,India,2006,IA2006DHS,AN_ANEM_W_UNW,114603060,U,413014,1413140,Region,..Bihar,0,,0,1,ANANEMWUNW,IADHS2006413014,2005-06,DHS,9132,,,,1
IND,Jharkhand,4888141,Number of women (unweighted),2777,0,IA,India,2006,IA2006DHS,AN_ANEM_W_UNW,114603060,U,413015,1413150,Region,..Jharkhand,0,,0,1,ANANEMWUNW,IADHS2006413015,2005-06,DHS,3004,,,,1
IND,Odisha,4426249,Number of women (unweighted),4320,0,IA,India,2006,IA2006DHS,AN_ANEM_W_UNW,114603060,U,413016,1413160,Region,Odisha,0,,0,1,ANANEMWUNW,IADHS2006413016,2005-06,DHS,4615,,,,1
IND,West Bengal,3614504,Number of women (unweighted),6449,0,IA,India,2006,IA2006DHS,AN_ANEM_W_UNW,114603060,U,413017,1413170,Region,West Bengal,0,,0,1,ANANEMWUNW,IADHS2006413017,2005-06,DHS,9992,,,,1
IND,Arunachal Pradesh,880075,Number of women (unweighted),1626,0,IA,India,2006,IA2006DHS,AN_ANEM_W_UNW,114603060,U,413018,1413180,Region,Arunachal Pradesh,0,,0,1,ANANEMWUNW,IADHS2006413018,2005-06,DHS,124,,,,1
IND,Assam,4601998,Number of women (unweighted),3601,0,IA,India,2006,IA2006DHS,AN_ANEM_W_UNW,114603060,U,413019,1413190,Region,Assam,0,,0,1,ANANEMWUNW,IADHS2006413019,2005-06,DHS,3186,,,,1
IND,Manipur,3886591,Number of women (unweighted),4324,0,IA,India,2006,IA2006DHS,AN_ANEM_W_UNW,114603060,U,413020,1413200,Region,Manipur,0,,0,1,ANANEMWUNW,IADHS2006413020,2005-06,DHS,261,,,,1
IND,Meghalaya,4930080,Number of women (unweighted),1865,0,IA,India,2006,IA2006DHS,AN_ANEM_W_UNW,114603060,U,413021,1413210,Region,Meghalaya,0,,0,1,ANANEMWUNW,IADHS2006413021,2005-06,DHS,287,,,,1
IND,Mizoram,3996088,Number of women (unweighted),1773,0,IA,India,2006,IA2006DHS,AN_ANEM_W_UNW,114603060,U,413022,1413220,Region,Mizoram,0,,0,1,ANANEMWUNW,IADHS2006413022,2005-06,DHS,107,,,,1
IND,Sikkim,3933335,Number of women (unweighted),2064,0,IA,India,2006,IA2006DHS,AN_ANEM_W_UNW,114603060,U,413024,1413240,Region,Sikkim,0,,0,1,ANANEMWUNW,IADHS2006413024,2005-06,DHS,74,,,,1
IND,Tripura,4400299,Number of women (unweighted),1874,0,IA,India,2006,IA2006DHS,AN_ANEM_W_UNW,114603060,U,413025,1413250,Region,Tripura,0,,0,1,ANANEMWUNW,IADHS2006413025,2005-06,DHS,467,,,,1
IND,Goa,3124093,Number of women (unweighted),3238,0,IA,India,2006,IA2006DHS,AN_ANEM_W_UNW,114603060,U,413026,1413260,Region,Goa,0,,0,1,ANANEMWUNW,IADHS2006413026,2005-06,DHS,178,,,,1
IND,Gujarat,3124064,Number of women (unweighted),3660,0,IA,India,2006,IA2006DHS,AN_ANEM_W_UNW,114603060,U,413027,1413270,Region,Gujarat,0,,0,1,ANANEMWUNW,IADHS2006413027,2005-06,DHS,6081,,,,1
IND,Maharashtra,3390868,Number of women (unweighted),7880,0,IA,India,2006,IA2006DHS,AN_ANEM_W_UNW,114603060,U,413028,1413280,Region,Maharashtra,0,,0,1,ANANEMWUNW,IADHS2006413028,2005-06,DHS,10745,,,,1
IND,Andhra Pradesh including Telangana,3598134,Number of women (unweighted),6535,0,IA,India,2006,IA2006DHS,AN_ANEM_W_UNW,114603060,U,413029,1413290,Region,Andhra Pradesh including Telangana,0,,0,1,ANANEMWUNW,IADHS2006413029,2005-06,DHS,9100,,,,1
IND,Karnataka,3729431,Number of women (unweighted),5363,0,IA,India,2006,IA2006DHS,AN_ANEM_W_UNW,114603060,U,413030,1413300,Region,Karnataka,0,,0,1,ANANEMWUNW,IADHS2006413030,2005-06,DHS,6616,,,,1
IND,Kerala,4068053,Number of women (unweighted),3477,0,IA,India,2006,IA2006DHS,AN_ANEM_W_UNW,114603060,U,413031,1413310,Region,Kerala,0,,0,1,ANANEMWUNW,IADHS2006413031,2005-06,DHS,3483,,,,1
IND,Tamil Nadu,1170276,Number of women (unweighted),5714,0,IA,India,2006,IA2006DHS,AN_ANEM_W_UNW,114603060,U,413032,1413320,Region,Tamil Nadu,0,,0,1,ANANEMWUNW,IADHS2006413032,2005-06,DHS,6934,,,,1
IND,New Delhi,411574,Men with any anemia,17.8,1,IA,India,2006,IA2006DHS,AN_ANEM_M_ANY,114604070,I,413000,1413000,Region,New Delhi,0,,0,1,ANANEMMANY,IADHS2006413000,2005-06,DHS,713,900,,,1
IND,Haryana,1223988,Men with any anemia,19.2,1,IA,India,2006,IA2006DHS,AN_ANEM_M_ANY,114604070,I,413001,1413010,Region,Haryana,0,,0,1,ANANEMMANY,IADHS2006413001,2005-06,DHS,1470,1005,,,1
IND,Himachal Pradesh,6844806,Men with any anemia,18.5,1,IA,India,2006,IA2006DHS,AN_ANEM_M_ANY,114604070,I,413002,1413020,Region,Himachal Pradesh,0,,0,1,ANANEMMANY,IADHS2006413002,2005-06,DHS,365,925,,,1
IND,"Jammu, Kashmir & Ladakh",3139460,Men with any anemia,19.4,1,IA,India,2006,IA2006DHS,AN_ANEM_M_ANY,114604070,I,413003,1413030,Region,"Jammu, Kashmir & Ladakh",0,,0,1,ANANEMMANY,IADHS2006413003,2005-06,DHS,650,935,,,1
IND,Punjab,5126836,Men with any anemia,13.6,1,IA,India,2006,IA2006DHS,AN_ANEM_M_ANY,114604070,I,413005,1413050,Region,Punjab,0,,0,1,ANANEMMANY,IADHS2006413005,2005-06,DHS,1827,1195,,,1
IND,Rajasthan,3147126,Men with any anemia,23.6,1,IA,India,2006,IA2006DHS,AN_ANEM_M_ANY,114604070,I,413006,1413060,Region,Rajasthan,0,,0,1,ANANEMMANY,IADHS2006413006,2005-06,DHS,3685,1362,,,1
IND,"Madhya Pradesh, inc Chhattisgarh",1583437,Men with any anemia,25.8,1,IA,India,2006,IA2006DHS,AN_ANEM_M_ANY,114604070,I,413007,1413070,Region,"Madhya Pradesh, inc Chhattisgarh",0,,0,1,ANANEMMANY,IADHS2006413007,2005-06,DHS,5830,3826,,,
IND,Madhya Pradesh,3124101,Men with any anemia,25.4,1,IA,India,2006,IA2006DHS,AN_ANEM_M_ANY,114604070,I,413008,1413080,Region,..Madhya Pradesh,0,,0,1,ANANEMMANY,IADHS2006413008,2005-06,DHS,4369,2549,,,1
IND,Chhattisgarh,5991328,Men with any anemia,27,1,IA,India,2006,IA2006DHS,AN_ANEM_M_ANY,114604070,I,413009,1413090,Region,..Chhattisgarh,0,,0,1,ANANEMMANY,IADHS2006413009,2005-06,DHS,1461,1277,,,1
IND,"Uttar Pradesh, inc Uttarakhand",3550151,Men with any anemia,24.6,1,IA,India,2006,IA2006DHS,AN_ANEM_M_ANY,114604070,I,413010,1413100,Region,"Uttar Pradesh, inc Uttarakhand",0,,0,1,ANANEMMANY,IADHS2006413010,2005-06,DHS,10080,10790,,,
IND,Uttar Pradesh,7654844,Men with any anemia,24.3,1,IA,India,2006,IA2006DHS,AN_ANEM_M_ANY,114604070,I,413011,1413110,Region,..Uttar Pradesh,0,,0,1,ANANEMMANY,IADHS2006413011,2005-06,DHS,9578,9933,,,1
IND,Uttarakhand,7351529,Men with any anemia,28.7,1,IA,India,2006,IA2006DHS,AN_ANEM_M_ANY,114604070,I,413012,1413120,Region,..Uttarakhand,0,,0,1,ANANEMMANY,IADHS2006413012,2005-06,DHS,503,857,,,1
IND,"Bihar, inc Jharkhand",1088049,Men with any anemia,34.9,1,IA,India,2006,IA2006DHS,AN_ANEM_M_ANY,114604070,I,413013,1413130,Region,"Bihar, inc Jharkhand",0,,0,1,ANANEMMANY,IADHS2006413013,2005-06,DHS,5527,1943,,,
IND,Bihar,6458112,Men with any anemia,34.3,1,IA,India,2006,IA2006DHS,AN_ANEM_M_ANY,114604070,I,413014,1413140,Region,..Bihar,0,,0,1,ANANEMMANY,IADHS2006413014,2005-06,DHS,3982,1086,,,1
IND,Jharkhand,3139483,Men with any anemia,36.5,1,IA,India,2006,IA2006DHS,AN_ANEM_M_ANY,114604070,I,413015,1413150,Region,..Jharkhand,0,,0,1,ANANEMMANY,IADHS2006413015,2005-06,DHS,1545,857,,,1
IND,Odisha,13577,Men with any anemia,33.9,1,IA,India,2006,IA2006DHS,AN_ANEM_M_ANY,114604070,I,413016,1413160,Region,Odisha,0,,0,1,ANANEMMANY,IADHS2006413016,2005-06,DHS,2326,1370,,,1
IND,West Bengal,5450283,Men with any anemia,32.3,1,IA,India,2006,IA2006DHS,AN_ANEM_M_ANY,114604070,I,413017,1413170,Region,West Bengal,0,,0,1,ANANEMMANY,IADHS2006413017,2005-06,DHS,5656,2288,,,1
IND,Arunachal Pradesh,877883,Men with any anemia,27.7,1,IA,India,2006,IA2006DHS,AN_ANEM_M_ANY,114604070,I,413018,1413180,Region,Arunachal Pradesh,0,,0,1,ANANEMMANY,IADHS2006413018,2005-06,DHS,81,656,,,1
IND,Assam,7208219,Men with any anemia,39.4,1,IA,India,2006,IA2006DHS,AN_ANEM_M_ANY,114604070,I,413019,1413190,Region,Assam,0,,0,1,ANANEMMANY,IADHS2006413019,2005-06,DHS,1727,1162,,,1
IND,Manipur,5567583,Men with any anemia,11.4,1,IA,India,2006,IA2006DHS,AN_ANEM_M_ANY,114604070,I,413020,1413200,Region,Manipur,0,,0,1,ANANEMMANY,IADHS2006413020,2005-06,DHS,132,3433,,,1
IND,Meghalaya,6850939,Men with any anemia,36.5,1,IA,India,2006,IA2006DHS,AN_ANEM_M_ANY,114604070,I,413021,1413210,Region,Meghalaya,0,,0,1,ANANEMMANY,IADHS2006413021,2005-06,DHS,156,561,,,1
IND,Mizoram,3139461,Men with any anemia,19.4,1,IA,India,2006,IA2006DHS,AN_ANEM_M_ANY,114604070,I,413022,1413220,Region,Mizoram,0,,0,1,ANANEMMANY,IADHS2006413022,2005-06,DHS,60,626,,,1
IND,Sikkim,5109991,Men with any anemia,24.7,1,IA,India,2006,IA2006DHS,AN_ANEM_M_ANY,114604070,I,413024,1413240,Region,Sikkim,0,,0,1,ANANEMMANY,IADHS2006413024,2005-06,DHS,42,733,,,1
IND,Tripura,3535277,Men with any anemia,35.5,1,IA,India,2006,IA2006DHS,AN_ANEM_M_ANY,114604070,I,413025,1413250,Region,Tripura,0,,0,1,ANANEMMANY,IADHS2006413025,2005-06,DHS,262,632,,,1
IND,Goa,1577220,Men with any anemia,10.4,1,IA,India,2006,IA2006DHS,AN_ANEM_M_ANY,114604070,I,413026,1413260,Region,Goa,0,,0,1,ANANEMMANY,IADHS2006413026,2005-06,DHS,97,986,,,1
IND,Gujarat,3124066,Men with any anemia,22.2,1,IA,India,2006,IA2006DHS,AN_ANEM_M_ANY,114604070,I,413027,1413270,Region,Gujarat,0,,0,1,ANANEMMANY,IADHS2006413027,2005-06,DHS,3604,1285,,,1
IND,Maharashtra,6219793,Men with any anemia,16.8,1,IA,India,2006,IA2006DHS,AN_ANEM_M_ANY,114604070,I,413028,1413280,Region,Maharashtra,0,,0,1,ANANEMMANY,IADHS2006413028,2005-06,DHS,6554,7254,,,1
IND,Andhra Pradesh including Telangana,3763970,Men with any anemia,23.3,1,IA,India,2006,IA2006DHS,AN_ANEM_M_ANY,114604070,I,413029,1413290,Region,Andhra Pradesh including Telangana,0,,0,1,ANANEMMANY,IADHS2006413029,2005-06,DHS,5044,6026,,,1
IND,Karnataka,7634518,Men with any anemia,19,1,IA,India,2006,IA2006DHS,AN_ANEM_M_ANY,114604070,I,413030,1413300,Region,Karnataka,0,,0,1,ANANEMMANY,IADHS2006413030,2005-06,DHS,3653,4471,,,1
IND,Kerala,5000739,Men with any anemia,8,1,IA,India,2006,IA2006DHS,AN_ANEM_M_ANY,114604070,I,413031,1413310,Region,Kerala,0,,0,1,ANANEMMANY,IADHS2006413031,2005-06,DHS,1611,963,,,1
IND,Tamil Nadu,1170152,Men with any anemia,16.5,1,IA,India,2006,IA2006DHS,AN_ANEM_M_ANY,114604070,I,413032,1413320,Region,Tamil Nadu,0,,0,1,ANANEMMANY,IADHS2006413032,2005-06,DHS,3585,5060,,,1
IND,New Delhi,440892,Number of men,713,0,IA,India,2006,IA2006DHS,AN_ANEM_M_NUM,114604080,D,413000,1413000,Region,New Delhi,0,,0,1,ANANEMMNUM,IADHS2006413000,2005-06,DHS,,900,,,1
IND,Haryana,1222865,Number of men,1470,0,IA,India,2006,IA2006DHS,AN_ANEM_M_NUM,114604080,D,413001,1413010,Region,Haryana,0,,0,1,ANANEMMNUM,IADHS2006413001,2005-06,DHS,,1005,,,1
IND,Himachal Pradesh,6906944,Number of men,365,0,IA,India,2006,IA2006DHS,AN_ANEM_M_NUM,114604080,D,413002,1413020,Region,Himachal Pradesh,0,,0,1,ANANEMMNUM,IADHS2006413002,2005-06,DHS,,925,,,1
IND,"Jammu, Kashmir & Ladakh",3139506,Number of men,650,0,IA,India,2006,IA2006DHS,AN_ANEM_M_NUM,114604080,D,413003,1413030,Region,"Jammu, Kashmir & Ladakh",0,,0,1,ANANEMMNUM,IADHS2006413003,2005-06,DHS,,935,,,1
IND,Punjab,5265257,Number of men,1827,0,IA,India,2006,IA2006DHS,AN_ANEM_M_NUM,114604080,D,413005,1413050,Region,Punjab,0,,0,1,ANANEMMNUM,IADHS2006413005,2005-06,DHS,,1195,,,1
IND,Rajasthan,3147127,Number of men,3685,0,IA,India,2006,IA2006DHS,AN_ANEM_M_NUM,114604080,D,413006,1413060,Region,Rajasthan,0,,0,1,ANANEMMNUM,IADHS2006413006,2005-06,DHS,,1362,,,1
IND,"Madhya Pradesh, inc Chhattisgarh",1583436,Number of men,5830,0,IA,India,2006,IA2006DHS,AN_ANEM_M_NUM,114604080,D,413007,1413070,Region,"Madhya Pradesh, inc Chhattisgarh",0,,0,1,ANANEMMNUM,IADHS2006413007,2005-06,DHS,,3826,,,
IND,Madhya Pradesh,3124102,Number of men,4369,0,IA,India,2006,IA2006DHS,AN_ANEM_M_NUM,114604080,D,413008,1413080,Region,..Madhya Pradesh,0,,0,1,ANANEMMNUM,IADHS2006413008,2005-06,DHS,,2549,,,1
IND,Chhattisgarh,6100763,Number of men,1461,0,IA,India,2006,IA2006DHS,AN_ANEM_M_NUM,114604080,D,413009,1413090,Region,..Chhattisgarh,0,,0,1,ANANEMMNUM,IADHS2006413009,2005-06,DHS,,1277,,,1
IND,"Uttar Pradesh, inc Uttarakhand",3139513,Number of men,10080,0,IA,India,2006,IA2006DHS,AN_ANEM_M_NUM,114604080,D,413010,1413100,Region,"Uttar Pradesh, inc Uttarakhand",0,,0,1,ANANEMMNUM,IADHS2006413010,2005-06,DHS,,10790,,,
IND,Uttar Pradesh,7652804,Number of men,9578,0,IA,India,2006,IA2006DHS,AN_ANEM_M_NUM,114604080,D,413011,1413110,Region,..Uttar Pradesh,0,,0,1,ANANEMMNUM,IADHS2006413011,2005-06,DHS,,9933,,,1
IND,Uttarakhand,7465072,Number of men,503,0,IA,India,2006,IA2006DHS,AN_ANEM_M_NUM,114604080,D,413012,1413120,Region,..Uttarakhand,0,,0,1,ANANEMMNUM,IADHS2006413012,2005-06,DHS,,857,,,1
IND,"Bihar, inc Jharkhand",1087161,Number of men,5527,0,IA,India,2006,IA2006DHS,AN_ANEM_M_NUM,114604080,D,413013,1413130,Region,"Bihar, inc Jharkhand",0,,0,1,ANANEMMNUM,IADHS2006413013,2005-06,DHS,,1943,,,
IND,Bihar,6589217,Number of men,3982,0,IA,India,2006,IA2006DHS,AN_ANEM_M_NUM,114604080,D,413014,1413140,Region,..Bihar,0,,0,1,ANANEMMNUM,IADHS2006413014,2005-06,DHS,,1086,,,1
IND,Jharkhand,3139560,Number of men,1545,0,IA,India,2006,IA2006DHS,AN_ANEM_M_NUM,114604080,D,413015,1413150,Region,..Jharkhand,0,,0,1,ANANEMMNUM,IADHS2006413015,2005-06,DHS,,857,,,1
IND,Odisha,49786,Number of men,2326,0,IA,India,2006,IA2006DHS,AN_ANEM_M_NUM,114604080,D,413016,1413160,Region,Odisha,0,,0,1,ANANEMMNUM,IADHS2006413016,2005-06,DHS,,1370,,,1
IND,West Bengal,5511492,Number of men,5656,0,IA,India,2006,IA2006DHS,AN_ANEM_M_NUM,114604080,D,413017,1413170,Region,West Bengal,0,,0,1,ANANEMMNUM,IADHS2006413017,2005-06,DHS,,2288,,,1
IND,Arunachal Pradesh,865055,Number of men,81,0,IA,India,2006,IA2006DHS,AN_ANEM_M_NUM,114604080,D,413018,1413180,Region,Arunachal Pradesh,0,,0,1,ANANEMMNUM,IADHS2006413018,2005-06,DHS,,656,,,1
IND,Assam,7258698,Number of men,1727,0,IA,India,2006,IA2006DHS,AN_ANEM_M_NUM,114604080,D,413019,1413190,Region,Assam,0,,0,1,ANANEMMNUM,IADHS2006413019,2005-06,DHS,,1162,,,1
IND,Manipur,5678000,Number of men,132,0,IA,India,2006,IA2006DHS,AN_ANEM_M_NUM,114604080,D,413020,1413200,Region,Manipur,0,,0,1,ANANEMMNUM,IADHS2006413020,2005-06,DHS,,3433,,,1
IND,Meghalaya,6920767,Number of men,156,0,IA,India,2006,IA2006DHS,AN_ANEM_M_NUM,114604080,D,413021,1413210,Region,Meghalaya,0,,0,1,ANANEMMNUM,IADHS2006413021,2005-06,DHS,,561,,,1
IND,Mizoram,3139507,Number of men,60,0,IA,India,2006,IA2006DHS,AN_ANEM_M_NUM,114604080,D,413022,1413220,Region,Mizoram,0,,0,1,ANANEMMNUM,IADHS2006413022,2005-06,DHS,,626,,,1
IND,Sikkim,5225787,Number of men,42,0,IA,India,2006,IA2006DHS,AN_ANEM_M_NUM,114604080,D,413024,1413240,Region,Sikkim,0,,0,1,ANANEMMNUM,IADHS2006413024,2005-06,DHS,,733,,,1
IND,Tripura,3130674,Number of men,262,0,IA,India,2006,IA2006DHS,AN_ANEM_M_NUM,114604080,D,413025,1413250,Region,Tripura,0,,0,1,ANANEMMNUM,IADHS2006413025,2005-06,DHS,,632,,,1
IND,Goa,1577221,Number of men,97,0,IA,India,2006,IA2006DHS,AN_ANEM_M_NUM,114604080,D,413026,1413260,Region,Goa,0,,0,1,ANANEMMNUM,IADHS2006413026,2005-06,DHS,,986,,,1
IND,Gujarat,3124067,Number of men,3604,0,IA,India,2006,IA2006DHS,AN_ANEM_M_NUM,114604080,D,413027,1413270,Region,Gujarat,0,,0,1,ANANEMMNUM,IADHS2006413027,2005-06,DHS,,1285,,,1
IND,Maharashtra,6327041,Number of men,6554,0,IA,India,2006,IA2006DHS,AN_ANEM_M_NUM,114604080,D,413028,1413280,Region,Maharashtra,0,,0,1,ANANEMMNUM,IADHS2006413028,2005-06,DHS,,7254,,,1
IND,Andhra Pradesh including Telangana,3124092,Number of men,5044,0,IA,India,2006,IA2006DHS,AN_ANEM_M_NUM,114604080,D,413029,1413290,Region,Andhra Pradesh including Telangana,0,,0,1,ANANEMMNUM,IADHS2006413029,2005-06,DHS,,6026,,,1
IND,Karnataka,7745147,Number of men,3653,0,IA,India,2006,IA2006DHS,AN_ANEM_M_NUM,114604080,D,413030,1413300,Region,Karnataka,0,,0,1,ANANEMMNUM,IADHS2006413030,2005-06,DHS,,4471,,,1
IND,Kerala,5114764,Number of men,1611,0,IA,India,2006,IA2006DHS,AN_ANEM_M_NUM,114604080,D,413031,1413310,Region,Kerala,0,,0,1,ANANEMMNUM,IADHS2006413031,2005-06,DHS,,963,,,1
IND,Tamil Nadu,1178814,Number of men,3585,0,IA,India,2006,IA2006DHS,AN_ANEM_M_NUM,114604080,D,413032,1413320,Region,Tamil Nadu,0,,0,1,ANANEMMNUM,IADHS2006413032,2005-06,DHS,,5060,,,1
IND,New Delhi,4164902,Number of men (unweighted),900,0,IA,India,2006,IA2006DHS,AN_ANEM_M_UNW,114604090,U,413000,1413000,Region,New Delhi,0,,0,1,ANANEMMUNW,IADHS2006413000,2005-06,DHS,713,,,,1
IND,Haryana,1224434,Number of men (unweighted),1005,0,IA,India,2006,IA2006DHS,AN_ANEM_M_UNW,114604090,U,413001,1413010,Region,Haryana,0,,0,1,ANANEMMUNW,IADHS2006413001,2005-06,DHS,1470,,,,1
IND,Himachal Pradesh,1249069,Number of men (unweighted),925,0,IA,India,2006,IA2006DHS,AN_ANEM_M_UNW,114604090,U,413002,1413020,Region,Himachal Pradesh,0,,0,1,ANANEMMUNW,IADHS2006413002,2005-06,DHS,365,,,,1
IND,"Jammu, Kashmir & Ladakh",3139508,Number of men (unweighted),935,0,IA,India,2006,IA2006DHS,AN_ANEM_M_UNW,114604090,U,413003,1413030,Region,"Jammu, Kashmir & Ladakh",0,,0,1,ANANEMMUNW,IADHS2006413003,2005-06,DHS,650,,,,1
IND,Punjab,4250282,Number of men (unweighted),1195,0,IA,India,2006,IA2006DHS,AN_ANEM_M_UNW,114604090,U,413005,1413050,Region,Punjab,0,,0,1,ANANEMMUNW,IADHS2006413005,2005-06,DHS,1827,,,,1
IND,Rajasthan,3147128,Number of men (unweighted),1362,0,IA,India,2006,IA2006DHS,AN_ANEM_M_UNW,114604090,U,413006,1413060,Region,Rajasthan,0,,0,1,ANANEMMUNW,IADHS2006413006,2005-06,DHS,3685,,,,1
IND,"Madhya Pradesh, inc Chhattisgarh",3147114,Number of men (unweighted),3826,0,IA,India,2006,IA2006DHS,AN_ANEM_M_UNW,114604090,U,413007,1413070,Region,"Madhya Pradesh, inc Chhattisgarh",0,,0,1,ANANEMMUNW,IADHS2006413007,2005-06,DHS,5830,,,,
IND,Madhya Pradesh,3124078,Number of men (unweighted),2549,0,IA,India,2006,IA2006DHS,AN_ANEM_M_UNW,114604090,U,413008,1413080,Region,..Madhya Pradesh,0,,0,1,ANANEMMUNW,IADHS2006413008,2005-06,DHS,4369,,,,1
IND,Chhattisgarh,4010596,Number of men (unweighted),1277,0,IA,India,2006,IA2006DHS,AN_ANEM_M_UNW,114604090,U,413009,1413090,Region,..Chhattisgarh,0,,0,1,ANANEMMUNW,IADHS2006413009,2005-06,DHS,1461,,,,1
IND,"Uttar Pradesh, inc Uttarakhand",3550090,Number of men (unweighted),10790,0,IA,India,2006,IA2006DHS,AN_ANEM_M_UNW,114604090,U,413010,1413100,Region,"Uttar Pradesh, inc Uttarakhand",0,,0,1,ANANEMMUNW,IADHS2006413010,2005-06,DHS,10080,,,,
IND,Uttar Pradesh,4468627,Number of men (unweighted),9933,0,IA,India,2006,IA2006DHS,AN_ANEM_M_UNW,114604090,U,413011,1413110,Region,..Uttar Pradesh,0,,0,1,ANANEMMUNW,IADHS2006413011,2005-06,DHS,9578,,,,1
IND,Uttarakhand,4354491,Number of men (unweighted),857,0,IA,India,2006,IA2006DHS,AN_ANEM_M_UNW,114604090,U,413012,1413120,Region,..Uttarakhand,0,,0,1,ANANEMMUNW,IADHS2006413012,2005-06,DHS,503,,,,1
IND,"Bihar, inc Jharkhand",1095623,Number of men (unweighted),1943,0,IA,India,2006,IA2006DHS,AN_ANEM_M_UNW,114604090,U,413013,1413130,Region,"Bihar, inc Jharkhand",0,,0,1,ANANEMMUNW,IADHS2006413013,2005-06,DHS,5527,,,,
IND,Bihar,4864922,Number of men (unweighted),1086,0,IA,India,2006,IA2006DHS,AN_ANEM_M_UNW,114604090,U,413014,1413140,Region,..Bihar,0,,0,1,ANANEMMUNW,IADHS2006413014,2005-06,DHS,3982,,,,1
IND,Jharkhand,3139559,Number of men (unweighted),857,0,IA,India,2006,IA2006DHS,AN_ANEM_M_UNW,114604090,U,413015,1413150,Region,..Jharkhand,0,,0,1,ANANEMMUNW,IADHS2006413015,2005-06,DHS,1545,,,,1
IND,Odisha,3689419,Number of men (unweighted),1370,0,IA,India,2006,IA2006DHS,AN_ANEM_M_UNW,114604090,U,413016,1413160,Region,Odisha,0,,0,1,ANANEMMUNW,IADHS2006413016,2005-06,DHS,2326,,,,1
IND,West Bengal,3466532,Number of men (unweighted),2288,0,IA,India,2006,IA2006DHS,AN_ANEM_M_UNW,114604090,U,413017,1413170,Region,West Bengal,0,,0,1,ANANEMMUNW,IADHS2006413017,2005-06,DHS,5656,,,,1
IND,Arunachal Pradesh,879895,Number of men (unweighted),656,0,IA,India,2006,IA2006DHS,AN_ANEM_M_UNW,114604090,U,413018,1413180,Region,Arunachal Pradesh,0,,0,1,ANANEMMUNW,IADHS2006413018,2005-06,DHS,81,,,,1
IND,Assam,4142529,Number of men (unweighted),1162,0,IA,India,2006,IA2006DHS,AN_ANEM_M_UNW,114604090,U,413019,1413190,Region,Assam,0,,0,1,ANANEMMUNW,IADHS2006413019,2005-06,DHS,1727,,,,1
IND,Manipur,4716028,Number of men (unweighted),3433,0,IA,India,2006,IA2006DHS,AN_ANEM_M_UNW,114604090,U,413020,1413200,Region,Manipur,0,,0,1,ANANEMMUNW,IADHS2006413020,2005-06,DHS,132,,,,1
IND,Meghalaya,1270321,Number of men (unweighted),561,0,IA,India,2006,IA2006DHS,AN_ANEM_M_UNW,114604090,U,413021,1413210,Region,Meghalaya,0,,0,1,ANANEMMUNW,IADHS2006413021,2005-06,DHS,156,,,,1
IND,Mizoram,3139509,Number of men (unweighted),626,0,IA,India,2006,IA2006DHS,AN_ANEM_M_UNW,114604090,U,413022,1413220,Region,Mizoram,0,,0,1,ANANEMMUNW,IADHS2006413022,2005-06,DHS,60,,,,1
IND,Sikkim,4846529,Number of men (unweighted),733,0,IA,India,2006,IA2006DHS,AN_ANEM_M_UNW,114604090,U,413024,1413240,Region,Sikkim,0,,0,1,ANANEMMUNW,IADHS2006413024,2005-06,DHS,42,,,,1
IND,Tripura,3535278,Number of men (unweighted),632,0,IA,India,2006,IA2006DHS,AN_ANEM_M_UNW,114604090,U,413025,1413250,Region,Tripura,0,,0,1,ANANEMMUNW,IADHS2006413025,2005-06,DHS,262,,,,1
IND,Goa,3124138,Number of men (unweighted),986,0,IA,India,2006,IA2006DHS,AN_ANEM_M_UNW,114604090,U,413026,1413260,Region,Goa,0,,0,1,ANANEMMUNW,IADHS2006413026,2005-06,DHS,97,,,,1
IND,Gujarat,3124114,Number of men (unweighted),1285,0,IA,India,2006,IA2006DHS,AN_ANEM_M_UNW,114604090,U,413027,1413270,Region,Gujarat,0,,0,1,ANANEMMUNW,IADHS2006413027,2005-06,DHS,3604,,,,1
IND,Maharashtra,3893225,Number of men (unweighted),7254,0,IA,India,2006,IA2006DHS,AN_ANEM_M_UNW,114604090,U,413028,1413280,Region,Maharashtra,0,,0,1,ANANEMMUNW,IADHS2006413028,2005-06,DHS,6554,,,,1
IND,Andhra Pradesh including Telangana,3763969,Number of men (unweighted),6026,0,IA,India,2006,IA2006DHS,AN_ANEM_M_UNW,114604090,U,413029,1413290,Region,Andhra Pradesh including Telangana,0,,0,1,ANANEMMUNW,IADHS2006413029,2005-06,DHS,5044,,,,1
IND,Karnataka,4461559,Number of men (unweighted),4471,0,IA,India,2006,IA2006DHS,AN_ANEM_M_UNW,114604090,U,413030,1413300,Region,Karnataka,0,,0,1,ANANEMMUNW,IADHS2006413030,2005-06,DHS,3653,,,,1
IND,Kerala,4299341,Number of men (unweighted),963,0,IA,India,2006,IA2006DHS,AN_ANEM_M_UNW,114604090,U,413031,1413310,Region,Kerala,0,,0,1,ANANEMMUNW,IADHS2006413031,2005-06,DHS,1611,,,,1
IND,Tamil Nadu,1170153,Number of men (unweighted),5060,0,IA,India,2006,IA2006DHS,AN_ANEM_M_UNW,114604090,U,413032,1413320,Region,Tamil Nadu,0,,0,1,ANANEMMUNW,IADHS2006413032,2005-06,DHS,3585,,,,1
IND,New Delhi,1146345,Children with any anemia,59.7,1,IA,India,2015,IA2015DHS,CN_ANMC_C_ANY,104466010,I,413000,1413000,Region,New Delhi,0,,0,1,CNANMCCANY,IADHS2015413000,2015-16,DHS,1663,1050,,,1
IND,Haryana,3720662,Children with any anemia,71.7,1,IA,India,2015,IA2015DHS,CN_ANMC_C_ANY,104466010,I,413001,1413010,Region,Haryana,0,,0,1,CNANMCCANY,IADHS2015413001,2015-16,DHS,4855,6679,,,1
IND,Himachal Pradesh,6527172,Children with any anemia,53.7,1,IA,India,2015,IA2015DHS,CN_ANMC_C_ANY,104466010,I,413002,1413020,Region,Himachal Pradesh,0,,0,1,CNANMCCANY,IADHS2015413002,2015-16,DHS,899,2372,,,1
IND,"Jammu, Kashmir & Ladakh",536580,Children with any anemia,54.5,1,IA,India,2015,IA2015DHS,CN_ANMC_C_ANY,104466010,I,413003,1413030,Region,"Jammu, Kashmir & Ladakh",0,,0,1,CNANMCCANY,IADHS2015413003,2015-16,DHS,1860,6976,,,1
IND,Punjab,7815733,Children with any anemia,56.6,1,IA,India,2015,IA2015DHS,CN_ANMC_C_ANY,104466010,I,413005,1413050,Region,Punjab,0,,0,1,CNANMCCANY,IADHS2015413005,2015-16,DHS,3602,4550,,,1
IND,Rajasthan,7159304,Children with any anemia,60.3,1,IA,India,2015,IA2015DHS,CN_ANMC_C_ANY,104466010,I,413006,1413060,Region,Rajasthan,0,,0,1,CNANMCCANY,IADHS2015413006,2015-16,DHS,12443,14344,,,1
IND,"Madhya Pradesh, inc Chhattisgarh",6711105,Children with any anemia,62,1,IA,India,2015,IA2015DHS,CN_ANMC_C_ANY,104466010,I,413007,1413070,Region,"Madhya Pradesh, inc Chhattisgarh",0,,0,1,CNANMCCANY,IADHS2015413007,2015-16,DHS,19341,28229,,,
IND,Madhya Pradesh,3362883,Children with any anemia,68.9,1,IA,India,2015,IA2015DHS,CN_ANMC_C_ANY,104466010,I,413008,1413080,Region,..Madhya Pradesh,0,,0,1,CNANMCCANY,IADHS2015413008,2015-16,DHS,14424,20891,,,1
IND,Chhattisgarh,6054328,Children with any anemia,41.6,1,IA,India,2015,IA2015DHS,CN_ANMC_C_ANY,104466010,I,413009,1413090,Region,..Chhattisgarh,0,,0,1,CNANMCCANY,IADHS2015413009,2015-16,DHS,4917,7338,,,1
IND,"Uttar Pradesh, inc Uttarakhand",3855216,Children with any anemia,63,1,IA,India,2015,IA2015DHS,CN_ANMC_C_ANY,104466010,I,413010,1413100,Region,"Uttar Pradesh, inc Uttarakhand",0,,0,1,CNANMCCANY,IADHS2015413010,2015-16,DHS,38500,39635,,,
IND,Uttar Pradesh,5589439,Children with any anemia,63.2,1,IA,India,2015,IA2015DHS,CN_ANMC_C_ANY,104466010,I,413011,1413110,Region,..Uttar Pradesh,0,,0,1,CNANMCCANY,IADHS2015413011,2015-16,DHS,36851,34754,,,1
IND,Uttarakhand,5393158,Children with any anemia,59.8,1,IA,India,2015,IA2015DHS,CN_ANMC_C_ANY,104466010,I,413012,1413120,Region,..Uttarakhand,0,,0,1,CNANMCCANY,IADHS2015413012,2015-16,DHS,1649,4881,,,1
IND,"Bihar, inc Jharkhand",1449443,Children with any anemia,64.7,1,IA,India,2015,IA2015DHS,CN_ANMC_C_ANY,104466010,I,413013,1413130,Region,"Bihar, inc Jharkhand",0,,0,1,CNANMCCANY,IADHS2015413013,2015-16,DHS,32766,32001,,,
IND,Bihar,6589235,Children with any anemia,63.5,1,IA,India,2015,IA2015DHS,CN_ANMC_C_ANY,104466010,I,413014,1413140,Region,..Bihar,0,,0,1,CNANMCCANY,IADHS2015413014,2015-16,DHS,26662,21686,,,1
IND,Jharkhand,4459449,Children with any anemia,69.9,1,IA,India,2015,IA2015DHS,CN_ANMC_C_ANY,104466010,I,413015,1413150,Region,..Jharkhand,0,,0,1,CNANMCCANY,IADHS2015413015,2015-16,DHS,6104,10315,,,1
IND,Odisha,522555,Children with any anemia,44.6,1,IA,India,2015,IA2015DHS,CN_ANMC_C_ANY,104466010,I,413016,1413160,Region,Odisha,0,,0,1,CNANMCCANY,IADHS2015413016,2015-16,DHS,6724,9219,,,1
IND,West Bengal,3140056,Children with any anemia,54.2,1,IA,India,2015,IA2015DHS,CN_ANMC_C_ANY,104466010,I,413017,1413170,Region,West Bengal,0,,0,1,CNANMCCANY,IADHS2015413017,2015-16,DHS,14001,4490,,,1
IND,Arunachal Pradesh,7366865,Children with any anemia,54.2,1,IA,India,2015,IA2015DHS,CN_ANMC_C_ANY,104466010,I,413018,1413180,Region,Arunachal Pradesh,0,,0,1,CNANMCCANY,IADHS2015413018,2015-16,DHS,159,3934,,,1
IND,Assam,302663,Children with any anemia,35.7,1,IA,India,2015,IA2015DHS,CN_ANMC_C_ANY,104466010,I,413019,1413190,Region,Assam,0,,0,1,CNANMCCANY,IADHS2015413019,2015-16,DHS,4761,8103,,,1
IND,Manipur,3726755,Children with any anemia,23.9,1,IA,India,2015,IA2015DHS,CN_ANMC_C_ANY,104466010,I,413020,1413200,Region,Manipur,0,,0,1,CNANMCCANY,IADHS2015413020,2015-16,DHS,424,4972,,,1
IND,Meghalaya,6520622,Children with any anemia,48,1,IA,India,2015,IA2015DHS,CN_ANMC_C_ANY,104466010,I,413021,1413210,Region,Meghalaya,0,,0,1,CNANMCCANY,IADHS2015413021,2015-16,DHS,613,3606,,,1
IND,Mizoram,5974879,Children with any anemia,19.3,1,IA,India,2015,IA2015DHS,CN_ANMC_C_ANY,104466010,I,413022,1413220,Region,Mizoram,0,,0,1,CNANMCCANY,IADHS2015413022,2015-16,DHS,183,4322,,,1
IND,Nagaland,870008,Children with any anemia,26.4,1,IA,India,2015,IA2015DHS,CN_ANMC_C_ANY,104466010,I,413023,1413230,Region,Nagaland,0,,0,1,CNANMCCANY,IADHS2015413023,2015-16,DHS,262,3654,,,1
IND,Sikkim,7815738,Children with any anemia,55.1,1,IA,India,2015,IA2015DHS,CN_ANMC_C_ANY,104466010,I,413024,1413240,Region,Sikkim,0,,0,1,CNANMCCANY,IADHS2015413024,2015-16,DHS,51,835,,,1
IND,Tripura,7093716,Children with any anemia,48.3,1,IA,India,2015,IA2015DHS,CN_ANMC_C_ANY,104466010,I,413025,1413250,Region,Tripura,0,,0,1,CNANMCCANY,IADHS2015413025,2015-16,DHS,460,1079,,,1
IND,Goa,1212768,Children with any anemia,48.3,1,IA,India,2015,IA2015DHS,CN_ANMC_C_ANY,104466010,I,413026,1413260,Region,Goa,0,,0,1,CNANMCCANY,IADHS2015413026,2015-16,DHS,187,363,,,1
IND,Gujarat,825070,Children with any anemia,62.6,1,IA,India,2015,IA2015DHS,CN_ANMC_C_ANY,104466010,I,413027,1413270,Region,Gujarat,0,,0,1,CNANMCCANY,IADHS2015413027,2015-16,DHS,8334,6339,,,1
IND,Maharashtra,6048163,Children with any anemia,53.8,1,IA,India,2015,IA2015DHS,CN_ANMC_C_ANY,104466010,I,413028,1413280,Region,Maharashtra,0,,0,1,CNANMCCANY,IADHS2015413028,2015-16,DHS,16997,8051,,,1
IND,Andhra Pradesh including Telangana,3855274,Children with any anemia,59.5,1,IA,India,2015,IA2015DHS,CN_ANMC_C_ANY,104466010,I,413029,1413290,Region,Andhra Pradesh including Telangana,0,,0,1,CNANMCCANY,IADHS2015413029,2015-16,DHS,10965,4017,,,
IND,Andhra Pradesh,4951657,Children with any anemia,58.6,1,IA,India,2015,IA2015DHS,CN_ANMC_C_ANY,104466010,I,413046,1413292,Region,..Andhra Pradesh,0,,0,1,CNANMCCANY,IADHS2015413046,2015-16,DHS,6115,2208,,,1
IND,Telangana,6286553,Children with any anemia,60.7,1,IA,India,2015,IA2015DHS,CN_ANMC_C_ANY,104466010,I,413047,1413295,Region,..Telangana,0,,0,1,CNANMCCANY,IADHS2015413047,2015-16,DHS,4850,1809,,,1
IND,Karnataka,5720072,Children with any anemia,60.9,1,IA,India,2015,IA2015DHS,CN_ANMC_C_ANY,104466010,I,413030,1413300,Region,Karnataka,0,,0,1,CNANMCCANY,IADHS2015413030,2015-16,DHS,8354,6513,,,1
IND,Kerala,5438165,Children with any anemia,35.7,1,IA,India,2015,IA2015DHS,CN_ANMC_C_ANY,104466010,I,413031,1413310,Region,Kerala,0,,0,1,CNANMCCANY,IADHS2015413031,2015-16,DHS,3721,2114,,,1
IND,Tamil Nadu,1449438,Children with any anemia,50.7,1,IA,India,2015,IA2015DHS,CN_ANMC_C_ANY,104466010,I,413032,1413320,Region,Tamil Nadu,0,,0,1,CNANMCCANY,IADHS2015413032,2015-16,DHS,12479,6956,,,1
IND,Andaman and Nicobar Islands,6520624,Children with any anemia,49,1,IA,India,2015,IA2015DHS,CN_ANMC_C_ANY,104466010,I,413040,1413400,Region,Andaman and Nicobar Islands,0,,0,1,CNANMCCANY,IADHS2015413040,2015-16,DHS,44,617,,,1
IND,Chandigarh,4709411,Children with any anemia,73.1,1,IA,India,2015,IA2015DHS,CN_ANMC_C_ANY,104466010,I,413041,1413410,Region,Chandigarh,0,,0,1,CNANMCCANY,IADHS2015413041,2015-16,DHS,106,158,,,1
IND,Dadra and Nagar Haveli,7987283,Children with any anemia,84.6,1,IA,India,2015,IA2015DHS,CN_ANMC_C_ANY,104466010,I,413042,1413420,Region,Dadra and Nagar Haveli,0,,0,1,CNANMCCANY,IADHS2015413042,2015-16,DHS,62,274,,,1
IND,Daman and Diu,3140020,Children with any anemia,73.8,1,IA,India,2015,IA2015DHS,CN_ANMC_C_ANY,104466010,I,413043,1413430,Region,Daman and Diu,0,,0,1,CNANMCCANY,IADHS2015413043,2015-16,DHS,19,293,,,1
IND,Lakshadweep,7106975,Children with any anemia,53.6,1,IA,India,2015,IA2015DHS,CN_ANMC_C_ANY,104466010,I,413044,1413440,Region,Lakshadweep,0,,0,1,CNANMCCANY,IADHS2015413044,2015-16,DHS,10,241,,,1
IND,Puducherry,231781,Children with any anemia,44.9,1,IA,India,2015,IA2015DHS,CN_ANMC_C_ANY,104466010,I,413045,1413450,Region,Puducherry,0,,0,1,CNANMCCANY,IADHS2015413045,2015-16,DHS,191,959,,,1
IND,New Delhi,1146347,Children with mild anemia,19.4,1,IA,India,2015,IA2015DHS,CN_ANMC_C_MLD,104466020,I,413000,1413000,Region,New Delhi,0,,0,1,CNANMCCMLD,IADHS2015413000,2015-16,DHS,1663,1050,,,1
IND,Haryana,3720709,Children with mild anemia,28.2,1,IA,India,2015,IA2015DHS,CN_ANMC_C_MLD,104466020,I,413001,1413010,Region,Haryana,0,,0,1,CNANMCCMLD,IADHS2015413001,2015-16,DHS,4855,6679,,,1
IND,Himachal Pradesh,6527175,Children with mild anemia,23.1,1,IA,India,2015,IA2015DHS,CN_ANMC_C_MLD,104466020,I,413002,1413020,Region,Himachal Pradesh,0,,0,1,CNANMCCMLD,IADHS2015413002,2015-16,DHS,899,2372,,,1
IND,"Jammu, Kashmir & Ladakh",536583,Children with mild anemia,22.5,1,IA,India,2015,IA2015DHS,CN_ANMC_C_MLD,104466020,I,413003,1413030,Region,"Jammu, Kashmir & Ladakh",0,,0,1,CNANMCCMLD,IADHS2015413003,2015-16,DHS,1860,6976,,,1
IND,Punjab,7815736,Children with mild anemia,27.3,1,IA,India,2015,IA2015DHS,CN_ANMC_C_MLD,104466020,I,413005,1413050,Region,Punjab,0,,0,1,CNANMCCMLD,IADHS2015413005,2015-16,DHS,3602,4550,,,1
IND,Rajasthan,7159318,Children with mild anemia,27.1,1,IA,India,2015,IA2015DHS,CN_ANMC_C_MLD,104466020,I,413006,1413060,Region,Rajasthan,0,,0,1,CNANMCCMLD,IADHS2015413006,2015-16,DHS,12443,14344,,,1
IND,"Madhya Pradesh, inc Chhattisgarh",6711109,Children with mild anemia,28,1,IA,India,2015,IA2015DHS,CN_ANMC_C_MLD,104466020,I,413007,1413070,Region,"Madhya Pradesh, inc Chhattisgarh",0,,0,1,CNANMCCMLD,IADHS2015413007,2015-16,DHS,19341,28229,,,
IND,Madhya Pradesh,3362886,Children with mild anemia,29.4,1,IA,India,2015,IA2015DHS,CN_ANMC_C_MLD,104466020,I,413008,1413080,Region,..Madhya Pradesh,0,,0,1,CNANMCCMLD,IADHS2015413008,2015-16,DHS,14424,20891,,,1
IND,Chhattisgarh,6054356,Children with mild anemia,24,1,IA,India,2015,IA2015DHS,CN_ANMC_C_MLD,104466020,I,413009,1413090,Region,..Chhattisgarh,0,,0,1,CNANMCCMLD,IADHS2015413009,2015-16,DHS,4917,7338,,,1
IND,"Uttar Pradesh, inc Uttarakhand",3855220,Children with mild anemia,26.4,1,IA,India,2015,IA2015DHS,CN_ANMC_C_MLD,104466020,I,413010,1413100,Region,"Uttar Pradesh, inc Uttarakhand",0,,0,1,CNANMCCMLD,IADHS2015413010,2015-16,DHS,38500,39635,,,
IND,Uttar Pradesh,5589442,Children with mild anemia,26.4,1,IA,India,2015,IA2015DHS,CN_ANMC_C_MLD,104466020,I,413011,1413110,Region,..Uttar Pradesh,0,,0,1,CNANMCCMLD,IADHS2015413011,2015-16,DHS,36851,34754,,,1
IND,Uttarakhand,5393179,Children with mild anemia,27.3,1,IA,India,2015,IA2015DHS,CN_ANMC_C_MLD,104466020,I,413012,1413120,Region,..Uttarakhand,0,,0,1,CNANMCCMLD,IADHS2015413012,2015-16,DHS,1649,4881,,,1
IND,"Bihar, inc Jharkhand",1449444,Children with mild anemia,30.5,1,IA,India,2015,IA2015DHS,CN_ANMC_C_MLD,104466020,I,413013,1413130,Region,"Bihar, inc Jharkhand",0,,0,1,CNANMCCMLD,IADHS2015413013,2015-16,DHS,32766,32001,,,
IND,Bihar,6589234,Children with mild anemia,30.2,1,IA,India,2015,IA2015DHS,CN_ANMC_C_MLD,104466020,I,413014,1413140,Region,..Bihar,0,,0,1,CNANMCCMLD,IADHS2015413014,2015-16,DHS,26662,21686,,,1
IND,Jharkhand,4459448,Children with mild anemia,31.6,1,IA,India,2015,IA2015DHS,CN_ANMC_C_MLD,104466020,I,413015,1413150,Region,..Jharkhand,0,,0,1,CNANMCCMLD,IADHS2015413015,2015-16,DHS,6104,10315,,,1
IND,Odisha,522558,Children with mild anemia,24.8,1,IA,India,2015,IA2015DHS,CN_ANMC_C_MLD,104466020,I,413016,1413160,Region,Odisha,0,,0,1,CNANMCCMLD,IADHS2015413016,2015-16,DHS,6724,9219,,,1
IND,West Bengal,3140025,Children with mild anemia,30.9,1,IA,India,2015,IA2015DHS,CN_ANMC_C_MLD,104466020,I,413017,1413170,Region,West Bengal,0,,0,1,CNANMCCMLD,IADHS2015413017,2015-16,DHS,14001,4490,,,1
IND,Arunachal Pradesh,7366867,Children with mild anemia,29.2,1,IA,India,2015,IA2015DHS,CN_ANMC_C_MLD,104466020,I,413018,1413180,Region,Arunachal Pradesh,0,,0,1,CNANMCCMLD,IADHS2015413018,2015-16,DHS,159,3934,,,1
IND,Assam,302662,Children with mild anemia,23.9,1,IA,India,2015,IA2015DHS,CN_ANMC_C_MLD,104466020,I,413019,1413190,Region,Assam,0,,0,1,CNANMCCMLD,IADHS2015413019,2015-16,DHS,4761,8103,,,1
IND,Manipur,3726757,Children with mild anemia,16.5,1,IA,India,2015,IA2015DHS,CN_ANMC_C_MLD,104466020,I,413020,1413200,Region,Manipur,0,,0,1,CNANMCCMLD,IADHS2015413020,2015-16,DHS,424,4972,,,1
IND,Meghalaya,6520626,Children with mild anemia,30.2,1,IA,India,2015,IA2015DHS,CN_ANMC_C_MLD,104466020,I,413021,1413210,Region,Meghalaya,0,,0,1,CNANMCCMLD,IADHS2015413021,2015-16,DHS,613,3606,,,1
IND,Mizoram,5974915,Children with mild anemia,12.8,1,IA,India,2015,IA2015DHS,CN_ANMC_C_MLD,104466020,I,413022,1413220,Region,Mizoram,0,,0,1,CNANMCCMLD,IADHS2015413022,2015-16,DHS,183,4322,,,1
IND,Nagaland,870010,Children with mild anemia,15.1,1,IA,India,2015,IA2015DHS,CN_ANMC_C_MLD,104466020,I,413023,1413230,Region,Nagaland,0,,0,1,CNANMCCMLD,IADHS2015413023,2015-16,DHS,262,3654,,,1
IND,Sikkim,7815737,Children with mild anemia,32.4,1,IA,India,2015,IA2015DHS,CN_ANMC_C_MLD,104466020,I,413024,1413240,Region,Sikkim,0,,0,1,CNANMCCMLD,IADHS2015413024,2015-16,DHS,51,835,,,1
IND,Tripura,7093718,Children with mild anemia,30.5,1,IA,India,2015,IA2015DHS,CN_ANMC_C_MLD,104466020,I,413025,1413250,Region,Tripura,0,,0,1,CNANMCCMLD,IADHS2015413025,2015-16,DHS,460,1079,,,1
IND,Goa,1212771,Children with mild anemia,29.8,1,IA,India,2015,IA2015DHS,CN_ANMC_C_MLD,104466020,I,413026,1413260,Region,Goa,0,,0,1,CNANMCCMLD,IADHS2015413026,2015-16,DHS,187,363,,,1
IND,Gujarat,825081,Children with mild anemia,31.5,1,IA,India,2015,IA2015DHS,CN_ANMC_C_MLD,104466020,I,413027,1413270,Region,Gujarat,0,,0,1,CNANMCCMLD,IADHS2015413027,2015-16,DHS,8334,6339,,,1
IND,Maharashtra,6048165,Children with mild anemia,27.7,1,IA,India,2015,IA2015DHS,CN_ANMC_C_MLD,104466020,I,413028,1413280,Region,Maharashtra,0,,0,1,CNANMCCMLD,IADHS2015413028,2015-16,DHS,16997,8051,,,1
IND,Andhra Pradesh including Telangana,3855290,Children with mild anemia,25.6,1,IA,India,2015,IA2015DHS,CN_ANMC_C_MLD,104466020,I,413029,1413290,Region,Andhra Pradesh including Telangana,0,,0,1,CNANMCCMLD,IADHS2015413029,2015-16,DHS,10965,4017,,,
IND,Andhra Pradesh,4951656,Children with mild anemia,26.4,1,IA,India,2015,IA2015DHS,CN_ANMC_C_MLD,104466020,I,413046,1413292,Region,..Andhra Pradesh,0,,0,1,CNANMCCMLD,IADHS2015413046,2015-16,DHS,6115,2208,,,1
IND,Telangana,6286552,Children with mild anemia,24.7,1,IA,India,2015,IA2015DHS,CN_ANMC_C_MLD,104466020,I,413047,1413295,Region,..Telangana,0,,0,1,CNANMCCMLD,IADHS2015413047,2015-16,DHS,4850,1809,,,1
IND,Karnataka,5720071,Children with mild anemia,30.3,1,IA,India,2015,IA2015DHS,CN_ANMC_C_MLD,104466020,I,413030,1413300,Region,Karnataka,0,,0,1,CNANMCCMLD,IADHS2015413030,2015-16,DHS,8354,6513,,,1
IND,Kerala,5438164,Children with mild anemia,22.8,1,IA,India,2015,IA2015DHS,CN_ANMC_C_MLD,104466020,I,413031,1413310,Region,Kerala,0,,0,1,CNANMCCMLD,IADHS2015413031,2015-16,DHS,3721,2114,,,1
IND,Tamil Nadu,1449442,Children with mild anemia,27.5,1,IA,India,2015,IA2015DHS,CN_ANMC_C_MLD,104466020,I,413032,1413320,Region,Tamil Nadu,0,,0,1,CNANMCCMLD,IADHS2015413032,2015-16,DHS,12479,6956,,,1
IND,Andaman and Nicobar Islands,6520627,Children with mild anemia,26,1,IA,India,2015,IA2015DHS,CN_ANMC_C_MLD,104466020,I,413040,1413400,Region,Andaman and Nicobar Islands,0,,0,1,CNANMCCMLD,IADHS2015413040,2015-16,DHS,44,617,,,1
IND,Chandigarh,4709429,Children with mild anemia,27.5,1,IA,India,2015,IA2015DHS,CN_ANMC_C_MLD,104466020,I,413041,1413410,Region,Chandigarh,0,,0,1,CNANMCCMLD,IADHS2015413041,2015-16,DHS,106,158,,,1
IND,Dadra and Nagar Haveli,7987290,Children with mild anemia,35.5,1,IA,India,2015,IA2015DHS,CN_ANMC_C_MLD,104466020,I,413042,1413420,Region,Dadra and Nagar Haveli,0,,0,1,CNANMCCMLD,IADHS2015413042,2015-16,DHS,62,274,,,1
IND,Daman and Diu,3140024,Children with mild anemia,35.7,1,IA,India,2015,IA2015DHS,CN_ANMC_C_MLD,104466020,I,413043,1413430,Region,Daman and Diu,0,,0,1,CNANMCCMLD,IADHS2015413043,2015-16,DHS,19,293,,,1
IND,Lakshadweep,7106978,Children with mild anemia,27.8,1,IA,India,2015,IA2015DHS,CN_ANMC_C_MLD,104466020,I,413044,1413440,Region,Lakshadweep,0,,0,1,CNANMCCMLD,IADHS2015413044,2015-16,DHS,10,241,,,1
IND,Puducherry,231780,Children with mild anemia,29,1,IA,India,2015,IA2015DHS,CN_ANMC_C_MLD,104466020,I,413045,1413450,Region,Puducherry,0,,0,1,CNANMCCMLD,IADHS2015413045,2015-16,DHS,191,959,,,1
IND,New Delhi,1146346,Children with moderate anemia,36.2,1,IA,India,2015,IA2015DHS,CN_ANMC_C_MOD,104466030,I,413000,1413000,Region,New Delhi,0,,0,1,CNANMCCMOD,IADHS2015413000,2015-16,DHS,1663,1050,,,1
IND,Haryana,3720707,Children with moderate anemia,40.5,1,IA,India,2015,IA2015DHS,CN_ANMC_C_MOD,104466030,I,413001,1413010,Region,Haryana,0,,0,1,CNANMCCMOD,IADHS2015413001,2015-16,DHS,4855,6679,,,1
IND,Himachal Pradesh,6527173,Children with moderate anemia,28,1,IA,India,2015,IA2015DHS,CN_ANMC_C_MOD,104466030,I,413002,1413020,Region,Himachal Pradesh,0,,0,1,CNANMCCMOD,IADHS2015413002,2015-16,DHS,899,2372,,,1
IND,"Jammu, Kashmir & Ladakh",536581,Children with moderate anemia,29.6,1,IA,India,2015,IA2015DHS,CN_ANMC_C_MOD,104466030,I,413003,1413030,Region,"Jammu, Kashmir & Ladakh",0,,0,1,CNANMCCMOD,IADHS2015413003,2015-16,DHS,1860,6976,,,1
IND,Punjab,7815734,Children with moderate anemia,27.9,1,IA,India,2015,IA2015DHS,CN_ANMC_C_MOD,104466030,I,413005,1413050,Region,Punjab,0,,0,1,CNANMCCMOD,IADHS2015413005,2015-16,DHS,3602,4550,,,1
IND,Rajasthan,7159317,Children with moderate anemia,31.3,1,IA,India,2015,IA2015DHS,CN_ANMC_C_MOD,104466030,I,413006,1413060,Region,Rajasthan,0,,0,1,CNANMCCMOD,IADHS2015413006,2015-16,DHS,12443,14344,,,1
IND,"Madhya Pradesh, inc Chhattisgarh",6711106,Children with moderate anemia,32.3,1,IA,India,2015,IA2015DHS,CN_ANMC_C_MOD,104466030,I,413007,1413070,Region,"Madhya Pradesh, inc Chhattisgarh",0,,0,1,CNANMCCMOD,IADHS2015413007,2015-16,DHS,19341,28229,,,
IND,Madhya Pradesh,3362884,Children with moderate anemia,37.6,1,IA,India,2015,IA2015DHS,CN_ANMC_C_MOD,104466030,I,413008,1413080,Region,..Madhya Pradesh,0,,0,1,CNANMCCMOD,IADHS2015413008,2015-16,DHS,14424,20891,,,1
IND,Chhattisgarh,6054329,Children with moderate anemia,17,1,IA,India,2015,IA2015DHS,CN_ANMC_C_MOD,104466030,I,413009,1413090,Region,..Chhattisgarh,0,,0,1,CNANMCCMOD,IADHS2015413009,2015-16,DHS,4917,7338,,,1
IND,"Uttar Pradesh, inc Uttarakhand",3855217,Children with moderate anemia,34.2,1,IA,India,2015,IA2015DHS,CN_ANMC_C_MOD,104466030,I,413010,1413100,Region,"Uttar Pradesh, inc Uttarakhand",0,,0,1,CNANMCCMOD,IADHS2015413010,2015-16,DHS,38500,39635,,,
IND,Uttar Pradesh,5589440,Children with moderate anemia,34.4,1,IA,India,2015,IA2015DHS,CN_ANMC_C_MOD,104466030,I,413011,1413110,Region,..Uttar Pradesh,0,,0,1,CNANMCCMOD,IADHS2015413011,2015-16,DHS,36851,34754,,,1
IND,Uttarakhand,5393178,Children with moderate anemia,30.1,1,IA,India,2015,IA2015DHS,CN_ANMC_C_MOD,104466030,I,413012,1413120,Region,..Uttarakhand,0,,0,1,CNANMCCMOD,IADHS2015413012,2015-16,DHS,1649,4881,,,1
IND,"Bihar, inc Jharkhand",1449445,Children with moderate anemia,32.8,1,IA,India,2015,IA2015DHS,CN_ANMC_C_MOD,104466030,I,413013,1413130,Region,"Bihar, inc Jharkhand",0,,0,1,CNANMCCMOD,IADHS2015413013,2015-16,DHS,32766,32001,,,
IND,Bihar,6589236,Children with moderate anemia,31.8,1,IA,India,2015,IA2015DHS,CN_ANMC_C_MOD,104466030,I,413014,1413140,Region,..Bihar,0,,0,1,CNANMCCMOD,IADHS2015413014,2015-16,DHS,26662,21686,,,1
IND,Jharkhand,4459534,Children with moderate anemia,37.2,1,IA,India,2015,IA2015DHS,CN_ANMC_C_MOD,104466030,I,413015,1413150,Region,..Jharkhand,0,,0,1,CNANMCCMOD,IADHS2015413015,2015-16,DHS,6104,10315,,,1
IND,Odisha,522557,Children with moderate anemia,19,1,IA,India,2015,IA2015DHS,CN_ANMC_C_MOD,104466030,I,413016,1413160,Region,Odisha,0,,0,1,CNANMCCMOD,IADHS2015413016,2015-16,DHS,6724,9219,,,1
IND,West Bengal,3140057,Children with moderate anemia,22.8,1,IA,India,2015,IA2015DHS,CN_ANMC_C_MOD,104466030,I,413017,1413170,Region,West Bengal,0,,0,1,CNANMCCMOD,IADHS2015413017,2015-16,DHS,14001,4490,,,1
IND,Arunachal Pradesh,7366866,Children with moderate anemia,24,1,IA,India,2015,IA2015DHS,CN_ANMC_C_MOD,104466030,I,413018,1413180,Region,Arunachal Pradesh,0,,0,1,CNANMCCMOD,IADHS2015413018,2015-16,DHS,159,3934,,,1
IND,Assam,302676,Children with moderate anemia,11.4,1,IA,India,2015,IA2015DHS,CN_ANMC_C_MOD,104466030,I,413019,1413190,Region,Assam,0,,0,1,CNANMCCMOD,IADHS2015413019,2015-16,DHS,4761,8103,,,1
IND,Manipur,3726756,Children with moderate anemia,7.2,1,IA,India,2015,IA2015DHS,CN_ANMC_C_MOD,104466030,I,413020,1413200,Region,Manipur,0,,0,1,CNANMCCMOD,IADHS2015413020,2015-16,DHS,424,4972,,,1
IND,Meghalaya,6520623,Children with moderate anemia,17.3,1,IA,India,2015,IA2015DHS,CN_ANMC_C_MOD,104466030,I,413021,1413210,Region,Meghalaya,0,,0,1,CNANMCCMOD,IADHS2015413021,2015-16,DHS,613,3606,,,1
IND,Mizoram,5974914,Children with moderate anemia,5.9,1,IA,India,2015,IA2015DHS,CN_ANMC_C_MOD,104466030,I,413022,1413220,Region,Mizoram,0,,0,1,CNANMCCMOD,IADHS2015413022,2015-16,DHS,183,4322,,,1
IND,Nagaland,870009,Children with moderate anemia,10.8,1,IA,India,2015,IA2015DHS,CN_ANMC_C_MOD,104466030,I,413023,1413230,Region,Nagaland,0,,0,1,CNANMCCMOD,IADHS2015413023,2015-16,DHS,262,3654,,,1
IND,Sikkim,7815739,Children with moderate anemia,22.2,1,IA,India,2015,IA2015DHS,CN_ANMC_C_MOD,104466030,I,413024,1413240,Region,Sikkim,0,,0,1,CNANMCCMOD,IADHS2015413024,2015-16,DHS,51,835,,,1
IND,Tripura,7093717,Children with moderate anemia,17.6,1,IA,India,2015,IA2015DHS,CN_ANMC_C_MOD,104466030,I,413025,1413250,Region,Tripura,0,,0,1,CNANMCCMOD,IADHS2015413025,2015-16,DHS,460,1079,,,1
IND,Goa,1212769,Children with moderate anemia,18.1,1,IA,India,2015,IA2015DHS,CN_ANMC_C_MOD,104466030,I,413026,1413260,Region,Goa,0,,0,1,CNANMCCMOD,IADHS2015413026,2015-16,DHS,187,363,,,1
IND,Gujarat,825080,Children with moderate anemia,29.3,1,IA,India,2015,IA2015DHS,CN_ANMC_C_MOD,104466030,I,413027,1413270,Region,Gujarat,0,,0,1,CNANMCCMOD,IADHS2015413027,2015-16,DHS,8334,6339,,,1
IND,Maharashtra,6048164,Children with moderate anemia,25,1,IA,India,2015,IA2015DHS,CN_ANMC_C_MOD,104466030,I,413028,1413280,Region,Maharashtra,0,,0,1,CNANMCCMOD,IADHS2015413028,2015-16,DHS,16997,8051,,,1
IND,Andhra Pradesh including Telangana,3855291,Children with moderate anemia,31.5,1,IA,India,2015,IA2015DHS,CN_ANMC_C_MOD,104466030,I,413029,1413290,Region,Andhra Pradesh including Telangana,0,,0,1,CNANMCCMOD,IADHS2015413029,2015-16,DHS,10965,4017,,,
IND,Andhra Pradesh,4951662,Children with moderate anemia,29.9,1,IA,India,2015,IA2015DHS,CN_ANMC_C_MOD,104466030,I,413046,1413292,Region,..Andhra Pradesh,0,,0,1,CNANMCCMOD,IADHS2015413046,2015-16,DHS,6115,2208,,,1
IND,Telangana,6286554,Children with moderate anemia,33.5,1,IA,India,2015,IA2015DHS,CN_ANMC_C_MOD,104466030,I,413047,1413295,Region,..Telangana,0,,0,1,CNANMCCMOD,IADHS2015413047,2015-16,DHS,4850,1809,,,1
IND,Karnataka,5720073,Children with moderate anemia,29.8,1,IA,India,2015,IA2015DHS,CN_ANMC_C_MOD,104466030,I,413030,1413300,Region,Karnataka,0,,0,1,CNANMCCMOD,IADHS2015413030,2015-16,DHS,8354,6513,,,1
IND,Kerala,5438166,Children with moderate anemia,12.5,1,IA,India,2015,IA2015DHS,CN_ANMC_C_MOD,104466030,I,413031,1413310,Region,Kerala,0,,0,1,CNANMCCMOD,IADHS2015413031,2015-16,DHS,3721,2114,,,1
IND,Tamil Nadu,1449439,Children with moderate anemia,22.2,1,IA,India,2015,IA2015DHS,CN_ANMC_C_MOD,104466030,I,413032,1413320,Region,Tamil Nadu,0,,0,1,CNANMCCMOD,IADHS2015413032,2015-16,DHS,12479,6956,,,1
IND,Andaman and Nicobar Islands,6520625,Children with moderate anemia,22.6,1,IA,India,2015,IA2015DHS,CN_ANMC_C_MOD,104466030,I,413040,1413400,Region,Andaman and Nicobar Islands,0,,0,1,CNANMCCMOD,IADHS2015413040,2015-16,DHS,44,617,,,1
IND,Chandigarh,4709428,Children with moderate anemia,41.6,1,IA,India,2015,IA2015DHS,CN_ANMC_C_MOD,104466030,I,413041,1413410,Region,Chandigarh,0,,0,1,CNANMCCMOD,IADHS2015413041,2015-16,DHS,106,158,,,1
IND,Dadra and Nagar Haveli,7987284,Children with moderate anemia,47.4,1,IA,India,2015,IA2015DHS,CN_ANMC_C_MOD,104466030,I,413042,1413420,Region,Dadra and Nagar Haveli,0,,0,1,CNANMCCMOD,IADHS2015413042,2015-16,DHS,62,274,,,1
IND,Daman and Diu,3140021,Children with moderate anemia,37.2,1,IA,India,2015,IA2015DHS,CN_ANMC_C_MOD,104466030,I,413043,1413430,Region,Daman and Diu,0,,0,1,CNANMCCMOD,IADHS2015413043,2015-16,DHS,19,293,,,1
IND,Lakshadweep,7106976,Children with moderate anemia,25.5,1,IA,India,2015,IA2015DHS,CN_ANMC_C_MOD,104466030,I,413044,1413440,Region,Lakshadweep,0,,0,1,CNANMCCMOD,IADHS2015413044,2015-16,DHS,10,241,,,1
IND,Puducherry,231782,Children with moderate anemia,15.6,1,IA,India,2015,IA2015DHS,CN_ANMC_C_MOD,104466030,I,413045,1413450,Region,Puducherry,0,,0,1,CNANMCCMOD,IADHS2015413045,2015-16,DHS,191,959,,,1
IND,New Delhi,1146344,Children with severe anemia,4.1,1,IA,India,2015,IA2015DHS,CN_ANMC_C_SEV,104466040,I,413000,1413000,Region,New Delhi,0,,0,1,CNANMCCSEV,IADHS2015413000,2015-16,DHS,1663,1050,,,1
IND,Haryana,3720708,Children with severe anemia,3,1,IA,India,2015,IA2015DHS,CN_ANMC_C_SEV,104466040,I,413001,1413010,Region,Haryana,0,,0,1,CNANMCCSEV,IADHS2015413001,2015-16,DHS,4855,6679,,,1
IND,Himachal Pradesh,6527174,Children with severe anemia,2.6,1,IA,India,2015,IA2015DHS,CN_ANMC_C_SEV,104466040,I,413002,1413020,Region,Himachal Pradesh,0,,0,1,CNANMCCSEV,IADHS2015413002,2015-16,DHS,899,2372,,,1
IND,"Jammu, Kashmir & Ladakh",536582,Children with severe anemia,2.4,1,IA,India,2015,IA2015DHS,CN_ANMC_C_SEV,104466040,I,413003,1413030,Region,"Jammu, Kashmir & Ladakh",0,,0,1,CNANMCCSEV,IADHS2015413003,2015-16,DHS,1860,6976,,,1
IND,Punjab,7815735,Children with severe anemia,1.4,1,IA,India,2015,IA2015DHS,CN_ANMC_C_SEV,104466040,I,413005,1413050,Region,Punjab,0,,0,1,CNANMCCSEV,IADHS2015413005,2015-16,DHS,3602,4550,,,1
IND,Rajasthan,7159305,Children with severe anemia,1.9,1,IA,India,2015,IA2015DHS,CN_ANMC_C_SEV,104466040,I,413006,1413060,Region,Rajasthan,0,,0,1,CNANMCCSEV,IADHS2015413006,2015-16,DHS,12443,14344,,,1
IND,"Madhya Pradesh, inc Chhattisgarh",6711107,Children with severe anemia,1.6,1,IA,India,2015,IA2015DHS,CN_ANMC_C_SEV,104466040,I,413007,1413070,Region,"Madhya Pradesh, inc Chhattisgarh",0,,0,1,CNANMCCSEV,IADHS2015413007,2015-16,DHS,19341,28229,,,
IND,Madhya Pradesh,3362885,Children with severe anemia,2,1,IA,India,2015,IA2015DHS,CN_ANMC_C_SEV,104466040,I,413008,1413080,Region,..Madhya Pradesh,0,,0,1,CNANMCCSEV,IADHS2015413008,2015-16,DHS,14424,20891,,,1
IND,Chhattisgarh,6054330,Children with severe anemia,0.6,1,IA,India,2015,IA2015DHS,CN_ANMC_C_SEV,104466040,I,413009,1413090,Region,..Chhattisgarh,0,,0,1,CNANMCCSEV,IADHS2015413009,2015-16,DHS,4917,7338,,,1
IND,"Uttar Pradesh, inc Uttarakhand",3855218,Children with severe anemia,2.4,1,IA,India,2015,IA2015DHS,CN_ANMC_C_SEV,104466040,I,413010,1413100,Region,"Uttar Pradesh, inc Uttarakhand",0,,0,1,CNANMCCSEV,IADHS2015413010,2015-16,DHS,38500,39635,,,
IND,Uttar Pradesh,5589441,Children with severe anemia,2.4,1,IA,India,2015,IA2015DHS,CN_ANMC_C_SEV,104466040,I,413011,1413110,Region,..Uttar Pradesh,0,,0,1,CNANMCCSEV,IADHS2015413011,2015-16,DHS,36851,34754,,,1
IND,Uttarakhand,5393157,Children with severe anemia,2.4,1,IA,India,2015,IA2015DHS,CN_ANMC_C_SEV,104466040,I,413012,1413120,Region,..Uttarakhand,0,,0,1,CNANMCCSEV,IADHS2015413012,2015-16,DHS,1649,4881,,,1
IND,"Bihar, inc Jharkhand",1449441,Children with severe anemia,1.3,1,IA,India,2015,IA2015DHS,CN_ANMC_C_SEV,104466040,I,413013,1413130,Region,"Bihar, inc Jharkhand",0,,0,1,CNANMCCSEV,IADHS2015413013,2015-16,DHS,32766,32001,,,
IND,Bihar,6589232,Children with severe anemia,1.4,1,IA,India,2015,IA2015DHS,CN_ANMC_C_SEV,104466040,I,413014,1413140,Region,..Bihar,0,,0,1,CNANMCCSEV,IADHS2015413014,2015-16,DHS,26662,21686,,,1
IND,Jharkhand,4459437,Children with severe anemia,1.1,1,IA,India,2015,IA2015DHS,CN_ANMC_C_SEV,104466040,I,413015,1413150,Region,..Jharkhand,0,,0,1,CNANMCCSEV,IADHS2015413015,2015-16,DHS,6104,10315,,,1
IND,Odisha,522556,Children with severe anemia,0.8,1,IA,India,2015,IA2015DHS,CN_ANMC_C_SEV,104466040,I,413016,1413160,Region,Odisha,0,,0,1,CNANMCCSEV,IADHS2015413016,2015-16,DHS,6724,9219,,,1
IND,West Bengal,3140069,Children with severe anemia,0.5,1,IA,India,2015,IA2015DHS,CN_ANMC_C_SEV,104466040,I,413017,1413170,Region,West Bengal,0,,0,1,CNANMCCSEV,IADHS2015413017,2015-16,DHS,14001,4490,,,1
IND,Arunachal Pradesh,7366863,Children with severe anemia,1.1,1,IA,India,2015,IA2015DHS,CN_ANMC_C_SEV,104466040,I,413018,1413180,Region,Arunachal Pradesh,0,,0,1,CNANMCCSEV,IADHS2015413018,2015-16,DHS,159,3934,,,1
IND,Assam,302677,Children with severe anemia,0.4,1,IA,India,2015,IA2015DHS,CN_ANMC_C_SEV,104466040,I,413019,1413190,Region,Assam,0,,0,1,CNANMCCSEV,IADHS2015413019,2015-16,DHS,4761,8103,,,1
IND,Manipur,3726716,Children with severe anemia,0.2,1,IA,India,2015,IA2015DHS,CN_ANMC_C_SEV,104466040,I,413020,1413200,Region,Manipur,0,,0,1,CNANMCCSEV,IADHS2015413020,2015-16,DHS,424,4972,,,1
IND,Meghalaya,6520620,Children with severe anemia,0.5,1,IA,India,2015,IA2015DHS,CN_ANMC_C_SEV,104466040,I,413021,1413210,Region,Meghalaya,0,,0,1,CNANMCCSEV,IADHS2015413021,2015-16,DHS,613,3606,,,1
IND,Mizoram,5974878,Children with severe anemia,0.7,1,IA,India,2015,IA2015DHS,CN_ANMC_C_SEV,104466040,I,413022,1413220,Region,Mizoram,0,,0,1,CNANMCCSEV,IADHS2015413022,2015-16,DHS,183,4322,,,1
IND,Nagaland,870007,Children with severe anemia,0.5,1,IA,India,2015,IA2015DHS,CN_ANMC_C_SEV,104466040,I,413023,1413230,Region,Nagaland,0,,0,1,CNANMCCSEV,IADHS2015413023,2015-16,DHS,262,3654,,,1
IND,Sikkim,7815740,Children with severe anemia,0.4,1,IA,India,2015,IA2015DHS,CN_ANMC_C_SEV,104466040,I,413024,1413240,Region,Sikkim,0,,0,1,CNANMCCSEV,IADHS2015413024,2015-16,DHS,51,835,,,1
IND,Tripura,7093715,Children with severe anemia,0.2,1,IA,India,2015,IA2015DHS,CN_ANMC_C_SEV,104466040,I,413025,1413250,Region,Tripura,0,,0,1,CNANMCCSEV,IADHS2015413025,2015-16,DHS,460,1079,,,1
IND,Goa,1212770,Children with severe anemia,0.5,1,IA,India,2015,IA2015DHS,CN_ANMC_C_SEV,104466040,I,413026,1413260,Region,Goa,0,,0,1,CNANMCCSEV,IADHS2015413026,2015-16,DHS,187,363,,,1
IND,Gujarat,825069,Children with severe anemia,1.7,1,IA,India,2015,IA2015DHS,CN_ANMC_C_SEV,104466040,I,413027,1413270,Region,Gujarat,0,,0,1,CNANMCCSEV,IADHS2015413027,2015-16,DHS,8334,6339,,,1
IND,Maharashtra,6048124,Children with severe anemia,1.1,1,IA,India,2015,IA2015DHS,CN_ANMC_C_SEV,104466040,I,413028,1413280,Region,Maharashtra,0,,0,1,CNANMCCSEV,IADHS2015413028,2015-16,DHS,16997,8051,,,1
IND,Andhra Pradesh including Telangana,3855219,Children with severe anemia,2.4,1,IA,India,2015,IA2015DHS,CN_ANMC_C_SEV,104466040,I,413029,1413290,Region,Andhra Pradesh including Telangana,0,,0,1,CNANMCCSEV,IADHS2015413029,2015-16,DHS,10965,4017,,,
IND,Andhra Pradesh,4951655,Children with severe anemia,2.4,1,IA,India,2015,IA2015DHS,CN_ANMC_C_SEV,104466040,I,413046,1413292,Region,..Andhra Pradesh,0,,0,1,CNANMCCSEV,IADHS2015413046,2015-16,DHS,6115,2208,,,1
IND,Telangana,6286551,Children with severe anemia,2.5,1,IA,India,2015,IA2015DHS,CN_ANMC_C_SEV,104466040,I,413047,1413295,Region,..Telangana,0,,0,1,CNANMCCSEV,IADHS2015413047,2015-16,DHS,4850,1809,,,1
IND,Karnataka,5720070,Children with severe anemia,0.8,1,IA,India,2015,IA2015DHS,CN_ANMC_C_SEV,104466040,I,413030,1413300,Region,Karnataka,0,,0,1,CNANMCCSEV,IADHS2015413030,2015-16,DHS,8354,6513,,,1
IND,Kerala,5438167,Children with severe anemia,0.4,1,IA,India,2015,IA2015DHS,CN_ANMC_C_SEV,104466040,I,413031,1413310,Region,Kerala,0,,0,1,CNANMCCSEV,IADHS2015413031,2015-16,DHS,3721,2114,,,1
IND,Tamil Nadu,1449437,Children with severe anemia,0.9,1,IA,India,2015,IA2015DHS,CN_ANMC_C_SEV,104466040,I,413032,1413320,Region,Tamil Nadu,0,,0,1,CNANMCCSEV,IADHS2015413032,2015-16,DHS,12479,6956,,,1
IND,Andaman and Nicobar Islands,6520621,Children with severe anemia,0.4,1,IA,India,2015,IA2015DHS,CN_ANMC_C_SEV,104466040,I,413040,1413400,Region,Andaman and Nicobar Islands,0,,0,1,CNANMCCSEV,IADHS2015413040,2015-16,DHS,44,617,,,1
IND,Chandigarh,4709410,Children with severe anemia,4,1,IA,India,2015,IA2015DHS,CN_ANMC_C_SEV,104466040,I,413041,1413410,Region,Chandigarh,0,,0,1,CNANMCCSEV,IADHS2015413041,2015-16,DHS,106,158,,,1
IND,Dadra and Nagar Haveli,7987289,Children with severe anemia,1.7,1,IA,India,2015,IA2015DHS,CN_ANMC_C_SEV,104466040,I,413042,1413420,Region,Dadra and Nagar Haveli,0,,0,1,CNANMCCSEV,IADHS2015413042,2015-16,DHS,62,274,,,1
IND,Daman and Diu,3140014,Children with severe anemia,0.9,1,IA,India,2015,IA2015DHS,CN_ANMC_C_SEV,104466040,I,413043,1413430,Region,Daman and Diu,0,,0,1,CNANMCCSEV,IADHS2015413043,2015-16,DHS,19,293,,,1
IND,Lakshadweep,7106977,Children with severe anemia,0.4,1,IA,India,2015,IA2015DHS,CN_ANMC_C_SEV,104466040,I,413044,1413440,Region,Lakshadweep,0,,0,1,CNANMCCSEV,IADHS2015413044,2015-16,DHS,10,241,,,1
IND,Puducherry,231778,Children with severe anemia,0.2,1,IA,India,2015,IA2015DHS,CN_ANMC_C_SEV,104466040,I,413045,1413450,Region,Puducherry,0,,0,1,CNANMCCSEV,IADHS2015413045,2015-16,DHS,191,959,,,1
IND,New Delhi,1146325,Number of children under age 5,1663,0,IA,India,2015,IA2015DHS,CN_ANMC_C_NUM,104466050,D,413000,1413000,Region,New Delhi,0,,0,1,CNANMCCNUM,IADHS2015413000,2015-16,DHS,,1050,,,1
IND,Haryana,3130999,Number of children under age 5,4855,0,IA,India,2015,IA2015DHS,CN_ANMC_C_NUM,104466050,D,413001,1413010,Region,Haryana,0,,0,1,CNANMCCNUM,IADHS2015413001,2015-16,DHS,,6679,,,1
IND,Himachal Pradesh,6613374,Number of children under age 5,899,0,IA,India,2015,IA2015DHS,CN_ANMC_C_NUM,104466050,D,413002,1413020,Region,Himachal Pradesh,0,,0,1,CNANMCCNUM,IADHS2015413002,2015-16,DHS,,2372,,,1
IND,"Jammu, Kashmir & Ladakh",538588,Number of children under age 5,1860,0,IA,India,2015,IA2015DHS,CN_ANMC_C_NUM,104466050,D,413003,1413030,Region,"Jammu, Kashmir & Ladakh",0,,0,1,CNANMCCNUM,IADHS2015413003,2015-16,DHS,,6976,,,1
IND,Punjab,7815732,Number of children under age 5,3602,0,IA,India,2015,IA2015DHS,CN_ANMC_C_NUM,104466050,D,413005,1413050,Region,Punjab,0,,0,1,CNANMCCNUM,IADHS2015413005,2015-16,DHS,,4550,,,1
IND,Rajasthan,7159306,Number of children under age 5,12443,0,IA,India,2015,IA2015DHS,CN_ANMC_C_NUM,104466050,D,413006,1413060,Region,Rajasthan,0,,0,1,CNANMCCNUM,IADHS2015413006,2015-16,DHS,,14344,,,1
IND,"Madhya Pradesh, inc Chhattisgarh",6711108,Number of children under age 5,19341,0,IA,India,2015,IA2015DHS,CN_ANMC_C_NUM,104466050,D,413007,1413070,Region,"Madhya Pradesh, inc Chhattisgarh",0,,0,1,CNANMCCNUM,IADHS2015413007,2015-16,DHS,,28229,,,
IND,Madhya Pradesh,3131019,Number of children under age 5,14424,0,IA,India,2015,IA2015DHS,CN_ANMC_C_NUM,104466050,D,413008,1413080,Region,..Madhya Pradesh,0,,0,1,CNANMCCNUM,IADHS2015413008,2015-16,DHS,,20891,,,1
IND,Chhattisgarh,6108650,Number of children under age 5,4917,0,IA,India,2015,IA2015DHS,CN_ANMC_C_NUM,104466050,D,413009,1413090,Region,..Chhattisgarh,0,,0,1,CNANMCCNUM,IADHS2015413009,2015-16,DHS,,7338,,,1
IND,"Uttar Pradesh, inc Uttarakhand",3140050,Number of children under age 5,38500,0,IA,India,2015,IA2015DHS,CN_ANMC_C_NUM,104466050,D,413010,1413100,Region,"Uttar Pradesh, inc Uttarakhand",0,,0,1,CNANMCCNUM,IADHS2015413010,2015-16,DHS,,39635,,,
IND,Uttar Pradesh,5729113,Number of children under age 5,36851,0,IA,India,2015,IA2015DHS,CN_ANMC_C_NUM,104466050,D,413011,1413110,Region,..Uttar Pradesh,0,,0,1,CNANMCCNUM,IADHS2015413011,2015-16,DHS,,34754,,,1
IND,Uttarakhand,5509984,Number of children under age 5,1649,0,IA,India,2015,IA2015DHS,CN_ANMC_C_NUM,104466050,D,413012,1413120,Region,..Uttarakhand,0,,0,1,CNANMCCNUM,IADHS2015413012,2015-16,DHS,,4881,,,1
IND,"Bihar, inc Jharkhand",1496217,Number of children under age 5,32766,0,IA,India,2015,IA2015DHS,CN_ANMC_C_NUM,104466050,D,413013,1413130,Region,"Bihar, inc Jharkhand",0,,0,1,CNANMCCNUM,IADHS2015413013,2015-16,DHS,,32001,,,
IND,Bihar,6589233,Number of children under age 5,26662,0,IA,India,2015,IA2015DHS,CN_ANMC_C_NUM,104466050,D,413014,1413140,Region,..Bihar,0,,0,1,CNANMCCNUM,IADHS2015413014,2015-16,DHS,,21686,,,1
IND,Jharkhand,3140015,Number of children under age 5,6104,0,IA,India,2015,IA2015DHS,CN_ANMC_C_NUM,104466050,D,413015,1413150,Region,..Jharkhand,0,,0,1,CNANMCCNUM,IADHS2015413015,2015-16,DHS,,10315,,,1
IND,Odisha,541736,Number of children under age 5,6724,0,IA,India,2015,IA2015DHS,CN_ANMC_C_NUM,104466050,D,413016,1413160,Region,Odisha,0,,0,1,CNANMCCNUM,IADHS2015413016,2015-16,DHS,,9219,,,1
IND,West Bengal,3140070,Number of children under age 5,14001,0,IA,India,2015,IA2015DHS,CN_ANMC_C_NUM,104466050,D,413017,1413170,Region,West Bengal,0,,0,1,CNANMCCNUM,IADHS2015413017,2015-16,DHS,,4490,,,1
IND,Arunachal Pradesh,7366864,Number of children under age 5,159,0,IA,India,2015,IA2015DHS,CN_ANMC_C_NUM,104466050,D,413018,1413180,Region,Arunachal Pradesh,0,,0,1,CNANMCCNUM,IADHS2015413018,2015-16,DHS,,3934,,,1
IND,Assam,332444,Number of children under age 5,4761,0,IA,India,2015,IA2015DHS,CN_ANMC_C_NUM,104466050,D,413019,1413190,Region,Assam,0,,0,1,CNANMCCNUM,IADHS2015413019,2015-16,DHS,,8103,,,1
IND,Manipur,3140008,Number of children under age 5,424,0,IA,India,2015,IA2015DHS,CN_ANMC_C_NUM,104466050,D,413020,1413200,Region,Manipur,0,,0,1,CNANMCCNUM,IADHS2015413020,2015-16,DHS,,4972,,,1
IND,Meghalaya,6605774,Number of children under age 5,613,0,IA,India,2015,IA2015DHS,CN_ANMC_C_NUM,104466050,D,413021,1413210,Region,Meghalaya,0,,0,1,CNANMCCNUM,IADHS2015413021,2015-16,DHS,,3606,,,1
IND,Mizoram,5952649,Number of children under age 5,183,0,IA,India,2015,IA2015DHS,CN_ANMC_C_NUM,104466050,D,413022,1413220,Region,Mizoram,0,,0,1,CNANMCCNUM,IADHS2015413022,2015-16,DHS,,4322,,,1
IND,Nagaland,870001,Number of children under age 5,262,0,IA,India,2015,IA2015DHS,CN_ANMC_C_NUM,104466050,D,413023,1413230,Region,Nagaland,0,,0,1,CNANMCCNUM,IADHS2015413023,2015-16,DHS,,3654,,,1
IND,Sikkim,7815741,Number of children under age 5,51,0,IA,India,2015,IA2015DHS,CN_ANMC_C_NUM,104466050,D,413024,1413240,Region,Sikkim,0,,0,1,CNANMCCNUM,IADHS2015413024,2015-16,DHS,,835,,,1
IND,Tripura,7150781,Number of children under age 5,460,0,IA,India,2015,IA2015DHS,CN_ANMC_C_NUM,104466050,D,413025,1413250,Region,Tripura,0,,0,1,CNANMCCNUM,IADHS2015413025,2015-16,DHS,,1079,,,1
IND,Goa,1212773,Number of children under age 5,187,0,IA,India,2015,IA2015DHS,CN_ANMC_C_NUM,104466050,D,413026,1413260,Region,Goa,0,,0,1,CNANMCCNUM,IADHS2015413026,2015-16,DHS,,363,,,1
IND,Gujarat,825262,Number of children under age 5,8334,0,IA,India,2015,IA2015DHS,CN_ANMC_C_NUM,104466050,D,413027,1413270,Region,Gujarat,0,,0,1,CNANMCCNUM,IADHS2015413027,2015-16,DHS,,6339,,,1
IND,Maharashtra,6100777,Number of children under age 5,16997,0,IA,India,2015,IA2015DHS,CN_ANMC_C_NUM,104466050,D,413028,1413280,Region,Maharashtra,0,,0,1,CNANMCCNUM,IADHS2015413028,2015-16,DHS,,8051,,,1
IND,Andhra Pradesh including Telangana,3140044,Number of children under age 5,10965,0,IA,India,2015,IA2015DHS,CN_ANMC_C_NUM,104466050,D,413029,1413290,Region,Andhra Pradesh including Telangana,0,,0,1,CNANMCCNUM,IADHS2015413029,2015-16,DHS,,4017,,,
IND,Andhra Pradesh,3131035,Number of children under age 5,6115,0,IA,India,2015,IA2015DHS,CN_ANMC_C_NUM,104466050,D,413046,1413292,Region,..Andhra Pradesh,0,,0,1,CNANMCCNUM,IADHS2015413046,2015-16,DHS,,2208,,,1
IND,Telangana,6326854,Number of children under age 5,4850,0,IA,India,2015,IA2015DHS,CN_ANMC_C_NUM,104466050,D,413047,1413295,Region,..Telangana,0,,0,1,CNANMCCNUM,IADHS2015413047,2015-16,DHS,,1809,,,1
IND,Karnataka,5830077,Number of children under age 5,8354,0,IA,India,2015,IA2015DHS,CN_ANMC_C_NUM,104466050,D,413030,1413300,Region,Karnataka,0,,0,1,CNANMCCNUM,IADHS2015413030,2015-16,DHS,,6513,,,1
IND,Kerala,5524272,Number of children under age 5,3721,0,IA,India,2015,IA2015DHS,CN_ANMC_C_NUM,104466050,D,413031,1413310,Region,Kerala,0,,0,1,CNANMCCNUM,IADHS2015413031,2015-16,DHS,,2114,,,1
IND,Tamil Nadu,1496216,Number of children under age 5,12479,0,IA,India,2015,IA2015DHS,CN_ANMC_C_NUM,104466050,D,413032,1413320,Region,Tamil Nadu,0,,0,1,CNANMCCNUM,IADHS2015413032,2015-16,DHS,,6956,,,1
IND,Andaman and Nicobar Islands,6605775,Number of children under age 5,44,0,IA,India,2015,IA2015DHS,CN_ANMC_C_NUM,104466050,D,413040,1413400,Region,Andaman and Nicobar Islands,0,,0,1,CNANMCCNUM,IADHS2015413040,2015-16,DHS,,617,,,1
IND,Chandigarh,3124643,Number of children under age 5,106,0,IA,India,2015,IA2015DHS,CN_ANMC_C_NUM,104466050,D,413041,1413410,Region,Chandigarh,0,,0,1,CNANMCCNUM,IADHS2015413041,2015-16,DHS,,158,,,1
IND,Dadra and Nagar Haveli,1427199,Number of children under age 5,62,0,IA,India,2015,IA2015DHS,CN_ANMC_C_NUM,104466050,D,413042,1413420,Region,Dadra and Nagar Haveli,0,,0,1,CNANMCCNUM,IADHS2015413042,2015-16,DHS,,274,,,1
IND,Daman and Diu,3140022,Number of children under age 5,19,0,IA,India,2015,IA2015DHS,CN_ANMC_C_NUM,104466050,D,413043,1413430,Region,Daman and Diu,0,,0,1,CNANMCCNUM,IADHS2015413043,2015-16,DHS,,293,,,1
IND,Lakshadweep,7081429,Number of children under age 5,10,0,IA,India,2015,IA2015DHS,CN_ANMC_C_NUM,104466050,D,413044,1413440,Region,Lakshadweep,0,,0,1,CNANMCCNUM,IADHS2015413044,2015-16,DHS,,241,,,1
IND,Puducherry,231779,Number of children under age 5,191,0,IA,India,2015,IA2015DHS,CN_ANMC_C_NUM,104466050,D,413045,1413450,Region,Puducherry,0,,0,1,CNANMCCNUM,IADHS2015413045,2015-16,DHS,,959,,,1
IND,New Delhi,1145174,Number of children under age 5 (unweighted),1050,0,IA,India,2015,IA2015DHS,CN_ANMC_C_UNW,104466060,U,413000,1413000,Region,New Delhi,0,,0,1,CNANMCCUNW,IADHS2015413000,2015-16,DHS,1663,,,,1
IND,Haryana,3720757,Number of children under age 5 (unweighted),6679,0,IA,India,2015,IA2015DHS,CN_ANMC_C_UNW,104466060,U,413001,1413010,Region,Haryana,0,,0,1,CNANMCCUNW,IADHS2015413001,2015-16,DHS,4855,,,,1
IND,Himachal Pradesh,1256126,Number of children under age 5 (unweighted),2372,0,IA,India,2015,IA2015DHS,CN_ANMC_C_UNW,104466060,U,413002,1413020,Region,Himachal Pradesh,0,,0,1,CNANMCCUNW,IADHS2015413002,2015-16,DHS,899,,,,1
IND,"Jammu, Kashmir & Ladakh",5582185,Number of children under age 5 (unweighted),6976,0,IA,India,2015,IA2015DHS,CN_ANMC_C_UNW,104466060,U,413003,1413030,Region,"Jammu, Kashmir & Ladakh",0,,0,1,CNANMCCUNW,IADHS2015413003,2015-16,DHS,1860,,,,1
IND,Punjab,3124649,Number of children under age 5 (unweighted),4550,0,IA,India,2015,IA2015DHS,CN_ANMC_C_UNW,104466060,U,413005,1413050,Region,Punjab,0,,0,1,CNANMCCUNW,IADHS2015413005,2015-16,DHS,3602,,,,1
IND,Rajasthan,3131033,Number of children under age 5 (unweighted),14344,0,IA,India,2015,IA2015DHS,CN_ANMC_C_UNW,104466060,U,413006,1413060,Region,Rajasthan,0,,0,1,CNANMCCUNW,IADHS2015413006,2015-16,DHS,12443,,,,1
IND,"Madhya Pradesh, inc Chhattisgarh",3140013,Number of children under age 5 (unweighted),28229,0,IA,India,2015,IA2015DHS,CN_ANMC_C_UNW,104466060,U,413007,1413070,Region,"Madhya Pradesh, inc Chhattisgarh",0,,0,1,CNANMCCUNW,IADHS2015413007,2015-16,DHS,19341,,,,
IND,Madhya Pradesh,3362907,Number of children under age 5 (unweighted),20891,0,IA,India,2015,IA2015DHS,CN_ANMC_C_UNW,104466060,U,413008,1413080,Region,..Madhya Pradesh,0,,0,1,CNANMCCUNW,IADHS2015413008,2015-16,DHS,14424,,,,1
IND,Chhattisgarh,2866859,Number of children under age 5 (unweighted),7338,0,IA,India,2015,IA2015DHS,CN_ANMC_C_UNW,104466060,U,413009,1413090,Region,..Chhattisgarh,0,,0,1,CNANMCCUNW,IADHS2015413009,2015-16,DHS,4917,,,,1
IND,"Uttar Pradesh, inc Uttarakhand",3855229,Number of children under age 5 (unweighted),39635,0,IA,India,2015,IA2015DHS,CN_ANMC_C_UNW,104466060,U,413010,1413100,Region,"Uttar Pradesh, inc Uttarakhand",0,,0,1,CNANMCCUNW,IADHS2015413010,2015-16,DHS,38500,,,,
IND,Uttar Pradesh,4380693,Number of children under age 5 (unweighted),34754,0,IA,India,2015,IA2015DHS,CN_ANMC_C_UNW,104466060,U,413011,1413110,Region,..Uttar Pradesh,0,,0,1,CNANMCCUNW,IADHS2015413011,2015-16,DHS,36851,,,,1
IND,Uttarakhand,4605103,Number of children under age 5 (unweighted),4881,0,IA,India,2015,IA2015DHS,CN_ANMC_C_UNW,104466060,U,413012,1413120,Region,..Uttarakhand,0,,0,1,CNANMCCUNW,IADHS2015413012,2015-16,DHS,1649,,,,1
IND,"Bihar, inc Jharkhand",4760882,Number of children under age 5 (unweighted),32001,0,IA,India,2015,IA2015DHS,CN_ANMC_C_UNW,104466060,U,413013,1413130,Region,"Bihar, inc Jharkhand",0,,0,1,CNANMCCUNW,IADHS2015413013,2015-16,DHS,32766,,,,
IND,Bihar,3147787,Number of children under age 5 (unweighted),21686,0,IA,India,2015,IA2015DHS,CN_ANMC_C_UNW,104466060,U,413014,1413140,Region,..Bihar,0,,0,1,CNANMCCUNW,IADHS2015413014,2015-16,DHS,26662,,,,1
IND,Jharkhand,4459438,Number of children under age 5 (unweighted),10315,0,IA,India,2015,IA2015DHS,CN_ANMC_C_UNW,104466060,U,413015,1413150,Region,..Jharkhand,0,,0,1,CNANMCCUNW,IADHS2015413015,2015-16,DHS,6104,,,,1
IND,Odisha,3646420,Number of children under age 5 (unweighted),9219,0,IA,India,2015,IA2015DHS,CN_ANMC_C_UNW,104466060,U,413016,1413160,Region,Odisha,0,,0,1,CNANMCCUNW,IADHS2015413016,2015-16,DHS,6724,,,,1
IND,West Bengal,3140059,Number of children under age 5 (unweighted),4490,0,IA,India,2015,IA2015DHS,CN_ANMC_C_UNW,104466060,U,413017,1413170,Region,West Bengal,0,,0,1,CNANMCCUNW,IADHS2015413017,2015-16,DHS,14001,,,,1
IND,Arunachal Pradesh,3131021,Number of children under age 5 (unweighted),3934,0,IA,India,2015,IA2015DHS,CN_ANMC_C_UNW,104466060,U,413018,1413180,Region,Arunachal Pradesh,0,,0,1,CNANMCCUNW,IADHS2015413018,2015-16,DHS,159,,,,1
IND,Assam,4219053,Number of children under age 5 (unweighted),8103,0,IA,India,2015,IA2015DHS,CN_ANMC_C_UNW,104466060,U,413019,1413190,Region,Assam,0,,0,1,CNANMCCUNW,IADHS2015413019,2015-16,DHS,4761,,,,1
IND,Manipur,3726715,Number of children under age 5 (unweighted),4972,0,IA,India,2015,IA2015DHS,CN_ANMC_C_UNW,104466060,U,413020,1413200,Region,Manipur,0,,0,1,CNANMCCUNW,IADHS2015413020,2015-16,DHS,424,,,,1
IND,Meghalaya,1249004,Number of children under age 5 (unweighted),3606,0,IA,India,2015,IA2015DHS,CN_ANMC_C_UNW,104466060,U,413021,1413210,Region,Meghalaya,0,,0,1,CNANMCCUNW,IADHS2015413021,2015-16,DHS,613,,,,1
IND,Mizoram,4709424,Number of children under age 5 (unweighted),4322,0,IA,India,2015,IA2015DHS,CN_ANMC_C_UNW,104466060,U,413022,1413220,Region,Mizoram,0,,0,1,CNANMCCUNW,IADHS2015413022,2015-16,DHS,183,,,,1
IND,Nagaland,869400,Number of children under age 5 (unweighted),3654,0,IA,India,2015,IA2015DHS,CN_ANMC_C_UNW,104466060,U,413023,1413230,Region,Nagaland,0,,0,1,CNANMCCUNW,IADHS2015413023,2015-16,DHS,262,,,,1
IND,Sikkim,3124654,Number of children under age 5 (unweighted),835,0,IA,India,2015,IA2015DHS,CN_ANMC_C_UNW,104466060,U,413024,1413240,Region,Sikkim,0,,0,1,CNANMCCUNW,IADHS2015413024,2015-16,DHS,51,,,,1
IND,Tripura,3515166,Number of children under age 5 (unweighted),1079,0,IA,India,2015,IA2015DHS,CN_ANMC_C_UNW,104466060,U,413025,1413250,Region,Tripura,0,,0,1,CNANMCCUNW,IADHS2015413025,2015-16,DHS,460,,,,1
IND,Goa,1213222,Number of children under age 5 (unweighted),363,0,IA,India,2015,IA2015DHS,CN_ANMC_C_UNW,104466060,U,413026,1413260,Region,Goa,0,,0,1,CNANMCCUNW,IADHS2015413026,2015-16,DHS,187,,,,1
IND,Gujarat,826716,Number of children under age 5 (unweighted),6339,0,IA,India,2015,IA2015DHS,CN_ANMC_C_UNW,104466060,U,413027,1413270,Region,Gujarat,0,,0,1,CNANMCCUNW,IADHS2015413027,2015-16,DHS,8334,,,,1
IND,Maharashtra,2873899,Number of children under age 5 (unweighted),8051,0,IA,India,2015,IA2015DHS,CN_ANMC_C_UNW,104466060,U,413028,1413280,Region,Maharashtra,0,,0,1,CNANMCCUNW,IADHS2015413028,2015-16,DHS,16997,,,,1
IND,Andhra Pradesh including Telangana,3855228,Number of children under age 5 (unweighted),4017,0,IA,India,2015,IA2015DHS,CN_ANMC_C_UNW,104466060,U,413029,1413290,Region,Andhra Pradesh including Telangana,0,,0,1,CNANMCCUNW,IADHS2015413029,2015-16,DHS,10965,,,,
IND,Andhra Pradesh,4951667,Number of children under age 5 (unweighted),2208,0,IA,India,2015,IA2015DHS,CN_ANMC_C_UNW,104466060,U,413046,1413292,Region,..Andhra Pradesh,0,,0,1,CNANMCCUNW,IADHS2015413046,2015-16,DHS,6115,,,,1
IND,Telangana,2879105,Number of children under age 5 (unweighted),1809,0,IA,India,2015,IA2015DHS,CN_ANMC_C_UNW,104466060,U,413047,1413295,Region,..Telangana,0,,0,1,CNANMCCUNW,IADHS2015413047,2015-16,DHS,4850,,,,1
IND,Karnataka,4367136,Number of children under age 5 (unweighted),6513,0,IA,India,2015,IA2015DHS,CN_ANMC_C_UNW,104466060,U,413030,1413300,Region,Karnataka,0,,0,1,CNANMCCUNW,IADHS2015413030,2015-16,DHS,8354,,,,1
IND,Kerala,4126375,Number of children under age 5 (unweighted),2114,0,IA,India,2015,IA2015DHS,CN_ANMC_C_UNW,104466060,U,413031,1413310,Region,Kerala,0,,0,1,CNANMCCUNW,IADHS2015413031,2015-16,DHS,3721,,,,1
IND,Tamil Nadu,4760877,Number of children under age 5 (unweighted),6956,0,IA,India,2015,IA2015DHS,CN_ANMC_C_UNW,104466060,U,413032,1413320,Region,Tamil Nadu,0,,0,1,CNANMCCUNW,IADHS2015413032,2015-16,DHS,12479,,,,1
IND,Andaman and Nicobar Islands,1249005,Number of children under age 5 (unweighted),617,0,IA,India,2015,IA2015DHS,CN_ANMC_C_UNW,104466060,U,413040,1413400,Region,Andaman and Nicobar Islands,0,,0,1,CNANMCCUNW,IADHS2015413040,2015-16,DHS,44,,,,1
IND,Chandigarh,4709412,Number of children under age 5 (unweighted),158,0,IA,India,2015,IA2015DHS,CN_ANMC_C_UNW,104466060,U,413041,1413410,Region,Chandigarh,0,,0,1,CNANMCCUNW,IADHS2015413041,2015-16,DHS,106,,,,1
IND,Dadra and Nagar Haveli,1255589,Number of children under age 5 (unweighted),274,0,IA,India,2015,IA2015DHS,CN_ANMC_C_UNW,104466060,U,413042,1413420,Region,Dadra and Nagar Haveli,0,,0,1,CNANMCCUNW,IADHS2015413042,2015-16,DHS,62,,,,1
IND,Daman and Diu,3140011,Number of children under age 5 (unweighted),293,0,IA,India,2015,IA2015DHS,CN_ANMC_C_UNW,104466060,U,413043,1413430,Region,Daman and Diu,0,,0,1,CNANMCCUNW,IADHS2015413043,2015-16,DHS,19,,,,1
IND,Lakshadweep,6561933,Number of children under age 5 (unweighted),241,0,IA,India,2015,IA2015DHS,CN_ANMC_C_UNW,104466060,U,413044,1413440,Region,Lakshadweep,0,,0,1,CNANMCCUNW,IADHS2015413044,2015-16,DHS,10,,,,1
IND,Puducherry,3140032,Number of children under age 5 (unweighted),959,0,IA,India,2015,IA2015DHS,CN_ANMC_C_UNW,104466060,U,413045,1413450,Region,Puducherry,0,,0,1,CNANMCCUNW,IADHS2015413045,2015-16,DHS,191,,,,1
IND,New Delhi,1084788,Women with any anemia,54.3,1,IA,India,2015,IA2015DHS,AN_ANEM_W_ANY,114603010,I,413000,1413000,Region,New Delhi,0,,0,1,ANANEMWANY,IADHS2015413000,2015-16,DHS,8395,4635,,,1
IND,Haryana,4865825,Women with any anemia,62.7,1,IA,India,2015,IA2015DHS,AN_ANEM_W_ANY,114603010,I,413001,1413010,Region,Haryana,0,,0,1,ANANEMWANY,IADHS2015413001,2015-16,DHS,15333,21354,,,1
IND,Himachal Pradesh,3124925,Women with any anemia,53.5,1,IA,India,2015,IA2015DHS,AN_ANEM_W_ANY,114603010,I,413002,1413020,Region,Himachal Pradesh,0,,0,1,ANANEMWANY,IADHS2015413002,2015-16,DHS,3747,9682,,,1
IND,"Jammu, Kashmir & Ladakh",3893182,Women with any anemia,49.4,1,IA,India,2015,IA2015DHS,AN_ANEM_W_ANY,114603010,I,413003,1413030,Region,"Jammu, Kashmir & Ladakh",0,,0,1,ANANEMWANY,IADHS2015413003,2015-16,DHS,6700,23407,,,1
IND,Punjab,503008,Women with any anemia,53.5,1,IA,India,2015,IA2015DHS,AN_ANEM_W_ANY,114603010,I,413005,1413050,Region,Punjab,0,,0,1,ANANEMWANY,IADHS2015413005,2015-16,DHS,15089,19282,,,1
IND,Rajasthan,5859127,Women with any anemia,46.8,1,IA,India,2015,IA2015DHS,AN_ANEM_W_ANY,114603010,I,413006,1413060,Region,Rajasthan,0,,0,1,ANANEMWANY,IADHS2015413006,2015-16,DHS,36142,41512,,,1
IND,"Madhya Pradesh, inc Chhattisgarh",7346747,Women with any anemia,51,1,IA,India,2015,IA2015DHS,AN_ANEM_W_ANY,114603010,I,413007,1413070,Region,"Madhya Pradesh, inc Chhattisgarh",0,,0,1,ANANEMWANY,IADHS2015413007,2015-16,DHS,59333,86754,,,
IND,Madhya Pradesh,4339487,Women with any anemia,52.5,1,IA,India,2015,IA2015DHS,AN_ANEM_W_ANY,114603010,I,413008,1413080,Region,..Madhya Pradesh,0,,0,1,ANANEMWANY,IADHS2015413008,2015-16,DHS,43008,61831,,,1
IND,Chhattisgarh,3140374,Women with any anemia,47,1,IA,India,2015,IA2015DHS,AN_ANEM_W_ANY,114603010,I,413009,1413090,Region,..Chhattisgarh,0,,0,1,ANANEMWANY,IADHS2015413009,2015-16,DHS,16325,24923,,,1
IND,"Uttar Pradesh, inc Uttarakhand",6339509,Women with any anemia,52,1,IA,India,2015,IA2015DHS,AN_ANEM_W_ANY,114603010,I,413010,1413100,Region,"Uttar Pradesh, inc Uttarakhand",0,,0,1,ANANEMWANY,IADHS2015413010,2015-16,DHS,109571,113445,,,
IND,Uttar Pradesh,7408681,Women with any anemia,52.4,1,IA,India,2015,IA2015DHS,AN_ANEM_W_ANY,114603010,I,413011,1413110,Region,..Uttar Pradesh,0,,0,1,ANANEMWANY,IADHS2015413011,2015-16,DHS,103782,96500,,,1
IND,Uttarakhand,5014986,Women with any anemia,45.2,1,IA,India,2015,IA2015DHS,AN_ANEM_W_ANY,114603010,I,413012,1413120,Region,..Uttarakhand,0,,0,1,ANANEMWANY,IADHS2015413012,2015-16,DHS,5789,16945,,,1
IND,"Bihar, inc Jharkhand",3148191,Women with any anemia,61.4,1,IA,India,2015,IA2015DHS,AN_ANEM_W_ANY,114603010,I,413013,1413130,Region,"Bihar, inc Jharkhand",0,,0,1,ANANEMWANY,IADHS2015413013,2015-16,DHS,72707,73787,,,
IND,Bihar,411913,Women with any anemia,60.3,1,IA,India,2015,IA2015DHS,AN_ANEM_W_ANY,114603010,I,413014,1413140,Region,..Bihar,0,,0,1,ANANEMWANY,IADHS2015413014,2015-16,DHS,55485,45299,,,1
IND,Jharkhand,7602188,Women with any anemia,65.2,1,IA,India,2015,IA2015DHS,AN_ANEM_W_ANY,114603010,I,413015,1413150,Region,..Jharkhand,0,,0,1,ANANEMWANY,IADHS2015413015,2015-16,DHS,17222,28488,,,1
IND,Odisha,1421711,Women with any anemia,51,1,IA,India,2015,IA2015DHS,AN_ANEM_W_ANY,114603010,I,413016,1413160,Region,Odisha,0,,0,1,ANANEMWANY,IADHS2015413016,2015-16,DHS,24451,33091,,,1
IND,West Bengal,6081402,Women with any anemia,62.5,1,IA,India,2015,IA2015DHS,AN_ANEM_W_ANY,114603010,I,413017,1413170,Region,West Bengal,0,,0,1,ANANEMWANY,IADHS2015413017,2015-16,DHS,53730,17093,,,1
IND,Arunachal Pradesh,5960017,Women with any anemia,43.2,1,IA,India,2015,IA2015DHS,AN_ANEM_W_ANY,114603010,I,413018,1413180,Region,Arunachal Pradesh,0,,0,1,ANANEMWANY,IADHS2015413018,2015-16,DHS,585,13865,,,1
IND,Assam,5432537,Women with any anemia,46,1,IA,India,2015,IA2015DHS,AN_ANEM_W_ANY,114603010,I,413019,1413190,Region,Assam,0,,0,1,ANANEMWANY,IADHS2015413019,2015-16,DHS,16767,27610,,,1
IND,Manipur,4858308,Women with any anemia,26.4,1,IA,India,2015,IA2015DHS,AN_ANEM_W_ANY,114603010,I,413020,1413200,Region,Manipur,0,,0,1,ANANEMWANY,IADHS2015413020,2015-16,DHS,1217,13532,,,1
IND,Meghalaya,3131257,Women with any anemia,56.2,1,IA,India,2015,IA2015DHS,AN_ANEM_W_ANY,114603010,I,413021,1413210,Region,Meghalaya,0,,0,1,ANANEMWANY,IADHS2015413021,2015-16,DHS,1538,8905,,,1
IND,Mizoram,4016615,Women with any anemia,24.8,1,IA,India,2015,IA2015DHS,AN_ANEM_W_ANY,114603010,I,413022,1413220,Region,Mizoram,0,,0,1,ANANEMWANY,IADHS2015413022,2015-16,DHS,569,12146,,,1
IND,Nagaland,848216,Women with any anemia,27.9,1,IA,India,2015,IA2015DHS,AN_ANEM_W_ANY,114603010,I,413023,1413230,Region,Nagaland,0,,0,1,ANANEMWANY,IADHS2015413023,2015-16,DHS,767,10383,,,1
IND,Sikkim,1605216,Women with any anemia,34.9,1,IA,India,2015,IA2015DHS,AN_ANEM_W_ANY,114603010,I,413024,1413240,Region,Sikkim,0,,0,1,ANANEMWANY,IADHS2015413024,2015-16,DHS,317,5261,,,1
IND,Tripura,7899472,Women with any anemia,54.5,1,IA,India,2015,IA2015DHS,AN_ANEM_W_ANY,114603010,I,413025,1413250,Region,Tripura,0,,0,1,ANANEMWANY,IADHS2015413025,2015-16,DHS,2097,4650,,,1
IND,Goa,1213765,Women with any anemia,31.3,1,IA,India,2015,IA2015DHS,AN_ANEM_W_ANY,114603010,I,413026,1413260,Region,Goa,0,,0,1,ANANEMWANY,IADHS2015413026,2015-16,DHS,858,1686,,,1
IND,Gujarat,825218,Women with any anemia,54.9,1,IA,India,2015,IA2015DHS,AN_ANEM_W_ANY,114603010,I,413027,1413270,Region,Gujarat,0,,0,1,ANANEMWANY,IADHS2015413027,2015-16,DHS,31411,22223,,,1
IND,Maharashtra,3131278,Women with any anemia,48,1,IA,India,2015,IA2015DHS,AN_ANEM_W_ANY,114603010,I,413028,1413280,Region,Maharashtra,0,,0,1,ANANEMWANY,IADHS2015413028,2015-16,DHS,64465,28648,,,1
IND,Andhra Pradesh including Telangana,3829229,Women with any anemia,58.6,1,IA,India,2015,IA2015DHS,AN_ANEM_W_ANY,114603010,I,413029,1413290,Region,Andhra Pradesh including Telangana,0,,0,1,ANANEMWANY,IADHS2015413029,2015-16,DHS,47765,16532,,,
IND,Andhra Pradesh,4786345,Women with any anemia,60,1,IA,India,2015,IA2015DHS,AN_ANEM_W_ANY,114603010,I,413046,1413292,Region,..Andhra Pradesh,0,,0,1,ANANEMWANY,IADHS2015413046,2015-16,DHS,27897,9542,,,1
IND,Telangana,5379462,Women with any anemia,56.6,1,IA,India,2015,IA2015DHS,AN_ANEM_W_ANY,114603010,I,413047,1413295,Region,..Telangana,0,,0,1,ANANEMWANY,IADHS2015413047,2015-16,DHS,19867,6990,,,1
IND,Karnataka,7395595,Women with any anemia,44.8,1,IA,India,2015,IA2015DHS,AN_ANEM_W_ANY,114603010,I,413030,1413300,Region,Karnataka,0,,0,1,ANANEMWANY,IADHS2015413030,2015-16,DHS,33939,25506,,,1
IND,Kerala,5028500,Women with any anemia,34.3,1,IA,India,2015,IA2015DHS,AN_ANEM_W_ANY,114603010,I,413031,1413310,Region,Kerala,0,,0,1,ANANEMWANY,IADHS2015413031,2015-16,DHS,18964,10822,,,1
IND,Tamil Nadu,3148196,Women with any anemia,55,1,IA,India,2015,IA2015DHS,AN_ANEM_W_ANY,114603010,I,413032,1413320,Region,Tamil Nadu,0,,0,1,ANANEMWANY,IADHS2015413032,2015-16,DHS,51159,28531,,,1
IND,Andaman and Nicobar Islands,3131265,Women with any anemia,65.7,1,IA,India,2015,IA2015DHS,AN_ANEM_W_ANY,114603010,I,413040,1413400,Region,Andaman and Nicobar Islands,0,,0,1,ANANEMWANY,IADHS2015413040,2015-16,DHS,230,2793,,,1
IND,Chandigarh,6786045,Women with any anemia,75.9,1,IA,India,2015,IA2015DHS,AN_ANEM_W_ANY,114603010,I,413041,1413410,Region,Chandigarh,0,,0,1,ANANEMWANY,IADHS2015413041,2015-16,DHS,504,657,,,1
IND,Dadra and Nagar Haveli,3369708,Women with any anemia,79.5,1,IA,India,2015,IA2015DHS,AN_ANEM_W_ANY,114603010,I,413042,1413420,Region,Dadra and Nagar Haveli,0,,0,1,ANANEMWANY,IADHS2015413042,2015-16,DHS,178,780,,,1
IND,Daman and Diu,2128,Women with any anemia,58.9,1,IA,India,2015,IA2015DHS,AN_ANEM_W_ANY,114603010,I,413043,1413430,Region,Daman and Diu,0,,0,1,ANANEMWANY,IADHS2015413043,2015-16,DHS,83,1288,,,1
IND,Lakshadweep,7906864,Women with any anemia,46,1,IA,India,2015,IA2015DHS,AN_ANEM_W_ANY,114603010,I,413044,1413440,Region,Lakshadweep,0,,0,1,ANANEMWANY,IADHS2015413044,2015-16,DHS,43,1063,,,1
IND,Puducherry,5620073,Women with any anemia,52.4,1,IA,India,2015,IA2015DHS,AN_ANEM_W_ANY,114603010,I,413045,1413450,Region,Puducherry,0,,0,1,ANANEMWANY,IADHS2015413045,2015-16,DHS,791,3990,,,1
IND,New Delhi,1084789,Women with mild anemia,23.9,1,IA,India,2015,IA2015DHS,AN_ANEM_W_MLD,114603020,I,413000,1413000,Region,New Delhi,0,,0,1,ANANEMWMLD,IADHS2015413000,2015-16,DHS,8395,4635,,,1
IND,Haryana,4865828,Women with mild anemia,23.4,1,IA,India,2015,IA2015DHS,AN_ANEM_W_MLD,114603020,I,413001,1413010,Region,Haryana,0,,0,1,ANANEMWMLD,IADHS2015413001,2015-16,DHS,15333,21354,,,1
IND,Himachal Pradesh,3124926,Women with mild anemia,24.8,1,IA,India,2015,IA2015DHS,AN_ANEM_W_MLD,114603020,I,413002,1413020,Region,Himachal Pradesh,0,,0,1,ANANEMWMLD,IADHS2015413002,2015-16,DHS,3747,9682,,,1
IND,"Jammu, Kashmir & Ladakh",3893181,Women with mild anemia,20.7,1,IA,India,2015,IA2015DHS,AN_ANEM_W_MLD,114603020,I,413003,1413030,Region,"Jammu, Kashmir & Ladakh",0,,0,1,ANANEMWMLD,IADHS2015413003,2015-16,DHS,6700,23407,,,1
IND,Punjab,503035,Women with mild anemia,25.4,1,IA,India,2015,IA2015DHS,AN_ANEM_W_MLD,114603020,I,413005,1413050,Region,Punjab,0,,0,1,ANANEMWMLD,IADHS2015413005,2015-16,DHS,15089,19282,,,1
IND,Rajasthan,5859131,Women with mild anemia,21.9,1,IA,India,2015,IA2015DHS,AN_ANEM_W_MLD,114603020,I,413006,1413060,Region,Rajasthan,0,,0,1,ANANEMWMLD,IADHS2015413006,2015-16,DHS,36142,41512,,,1
IND,"Madhya Pradesh, inc Chhattisgarh",7346748,Women with mild anemia,24.5,1,IA,India,2015,IA2015DHS,AN_ANEM_W_MLD,114603020,I,413007,1413070,Region,"Madhya Pradesh, inc Chhattisgarh",0,,0,1,ANANEMWMLD,IADHS2015413007,2015-16,DHS,59333,86754,,,
IND,Madhya Pradesh,4339507,Women with mild anemia,24.5,1,IA,India,2015,IA2015DHS,AN_ANEM_W_MLD,114603020,I,413008,1413080,Region,..Madhya Pradesh,0,,0,1,ANANEMWMLD,IADHS2015413008,2015-16,DHS,43008,61831,,,1
IND,Chhattisgarh,3140376,Women with mild anemia,24.7,1,IA,India,2015,IA2015DHS,AN_ANEM_W_MLD,114603020,I,413009,1413090,Region,..Chhattisgarh,0,,0,1,ANANEMWMLD,IADHS2015413009,2015-16,DHS,16325,24923,,,1
IND,"Uttar Pradesh, inc Uttarakhand",6339510,Women with mild anemia,24.6,1,IA,India,2015,IA2015DHS,AN_ANEM_W_MLD,114603020,I,413010,1413100,Region,"Uttar Pradesh, inc Uttarakhand",0,,0,1,ANANEMWMLD,IADHS2015413010,2015-16,DHS,109571,113445,,,
IND,Uttar Pradesh,7408682,Women with mild anemia,24.7,1,IA,India,2015,IA2015DHS,AN_ANEM_W_MLD,114603020,I,413011,1413110,Region,..Uttar Pradesh,0,,0,1,ANANEMWMLD,IADHS2015413011,2015-16,DHS,103782,96500,,,1
IND,Uttarakhand,5014989,Women with mild anemia,21.6,1,IA,India,2015,IA2015DHS,AN_ANEM_W_MLD,114603020,I,413012,1413120,Region,..Uttarakhand,0,,0,1,ANANEMWMLD,IADHS2015413012,2015-16,DHS,5789,16945,,,1
IND,"Bihar, inc Jharkhand",3148195,Women with mild anemia,28.5,1,IA,India,2015,IA2015DHS,AN_ANEM_W_MLD,114603020,I,413013,1413130,Region,"Bihar, inc Jharkhand",0,,0,1,ANANEMWMLD,IADHS2015413013,2015-16,DHS,72707,73787,,,
IND,Bihar,411914,Women with mild anemia,28.3,1,IA,India,2015,IA2015DHS,AN_ANEM_W_MLD,114603020,I,413014,1413140,Region,..Bihar,0,,0,1,ANANEMWMLD,IADHS2015413014,2015-16,DHS,55485,45299,,,1
IND,Jharkhand,7602199,Women with mild anemia,29,1,IA,India,2015,IA2015DHS,AN_ANEM_W_MLD,114603020,I,413015,1413150,Region,..Jharkhand,0,,0,1,ANANEMWMLD,IADHS2015413015,2015-16,DHS,17222,28488,,,1
IND,Odisha,1421712,Women with mild anemia,25.9,1,IA,India,2015,IA2015DHS,AN_ANEM_W_MLD,114603020,I,413016,1413160,Region,Odisha,0,,0,1,ANANEMWMLD,IADHS2015413016,2015-16,DHS,24451,33091,,,1
IND,West Bengal,6081420,Women with mild anemia,29.9,1,IA,India,2015,IA2015DHS,AN_ANEM_W_MLD,114603020,I,413017,1413170,Region,West Bengal,0,,0,1,ANANEMWMLD,IADHS2015413017,2015-16,DHS,53730,17093,,,1
IND,Arunachal Pradesh,5960018,Women with mild anemia,21.5,1,IA,India,2015,IA2015DHS,AN_ANEM_W_MLD,114603020,I,413018,1413180,Region,Arunachal Pradesh,0,,0,1,ANANEMWMLD,IADHS2015413018,2015-16,DHS,585,13865,,,1
IND,Assam,5432538,Women with mild anemia,24.2,1,IA,India,2015,IA2015DHS,AN_ANEM_W_MLD,114603020,I,413019,1413190,Region,Assam,0,,0,1,ANANEMWMLD,IADHS2015413019,2015-16,DHS,16767,27610,,,1
IND,Manipur,4858351,Women with mild anemia,16,1,IA,India,2015,IA2015DHS,AN_ANEM_W_MLD,114603020,I,413020,1413200,Region,Manipur,0,,0,1,ANANEMWMLD,IADHS2015413020,2015-16,DHS,1217,13532,,,1
IND,Meghalaya,3131264,Women with mild anemia,23.4,1,IA,India,2015,IA2015DHS,AN_ANEM_W_MLD,114603020,I,413021,1413210,Region,Meghalaya,0,,0,1,ANANEMWMLD,IADHS2015413021,2015-16,DHS,1538,8905,,,1
IND,Mizoram,4016618,Women with mild anemia,14.7,1,IA,India,2015,IA2015DHS,AN_ANEM_W_MLD,114603020,I,413022,1413220,Region,Mizoram,0,,0,1,ANANEMWMLD,IADHS2015413022,2015-16,DHS,569,12146,,,1
IND,Nagaland,848224,Women with mild anemia,15.6,1,IA,India,2015,IA2015DHS,AN_ANEM_W_MLD,114603020,I,413023,1413230,Region,Nagaland,0,,0,1,ANANEMWMLD,IADHS2015413023,2015-16,DHS,767,10383,,,1
IND,Sikkim,1605219,Women with mild anemia,17.8,1,IA,India,2015,IA2015DHS,AN_ANEM_W_MLD,114603020,I,413024,1413240,Region,Sikkim,0,,0,1,ANANEMWMLD,IADHS2015413024,2015-16,DHS,317,5261,,,1
IND,Tripura,7899473,Women with mild anemia,26.8,1,IA,India,2015,IA2015DHS,AN_ANEM_W_MLD,114603020,I,413025,1413250,Region,Tripura,0,,0,1,ANANEMWMLD,IADHS2015413025,2015-16,DHS,2097,4650,,,1
IND,Goa,1213766,Women with mild anemia,17.3,1,IA,India,2015,IA2015DHS,AN_ANEM_W_MLD,114603020,I,413026,1413260,Region,Goa,0,,0,1,ANANEMWMLD,IADHS2015413026,2015-16,DHS,858,1686,,,1
IND,Gujarat,825219,Women with mild anemia,25,1,IA,India,2015,IA2015DHS,AN_ANEM_W_MLD,114603020,I,413027,1413270,Region,Gujarat,0,,0,1,ANANEMWMLD,IADHS2015413027,2015-16,DHS,31411,22223,,,1
IND,Maharashtra,3131279,Women with mild anemia,23.7,1,IA,India,2015,IA2015DHS,AN_ANEM_W_MLD,114603020,I,413028,1413280,Region,Maharashtra,0,,0,1,ANANEMWMLD,IADHS2015413028,2015-16,DHS,64465,28648,,,1
IND,Andhra Pradesh including Telangana,3829228,Women with mild anemia,23.1,1,IA,India,2015,IA2015DHS,AN_ANEM_W_MLD,114603020,I,413029,1413290,Region,Andhra Pradesh including Telangana,0,,0,1,ANANEMWMLD,IADHS2015413029,2015-16,DHS,47765,16532,,,
IND,Andhra Pradesh,4786346,Women with mild anemia,23.3,1,IA,India,2015,IA2015DHS,AN_ANEM_W_MLD,114603020,I,413046,1413292,Region,..Andhra Pradesh,0,,0,1,ANANEMWMLD,IADHS2015413046,2015-16,DHS,27897,9542,,,1
IND,Telangana,5379463,Women with mild anemia,22.9,1,IA,India,2015,IA2015DHS,AN_ANEM_W_MLD,114603020,I,413047,1413295,Region,..Telangana,0,,0,1,ANANEMWMLD,IADHS2015413047,2015-16,DHS,19867,6990,,,1
IND,Karnataka,7395593,Women with mild anemia,21,1,IA,India,2015,IA2015DHS,AN_ANEM_W_MLD,114603020,I,413030,1413300,Region,Karnataka,0,,0,1,ANANEMWMLD,IADHS2015413030,2015-16,DHS,33939,25506,,,1
IND,Kerala,5028493,Women with mild anemia,20.8,1,IA,India,2015,IA2015DHS,AN_ANEM_W_MLD,114603020,I,413031,1413310,Region,Kerala,0,,0,1,ANANEMWMLD,IADHS2015413031,2015-16,DHS,18964,10822,,,1
IND,Tamil Nadu,3148197,Women with mild anemia,24.1,1,IA,India,2015,IA2015DHS,AN_ANEM_W_MLD,114603020,I,413032,1413320,Region,Tamil Nadu,0,,0,1,ANANEMWMLD,IADHS2015413032,2015-16,DHS,51159,28531,,,1
IND,Andaman and Nicobar Islands,3131266,Women with mild anemia,22.2,1,IA,India,2015,IA2015DHS,AN_ANEM_W_MLD,114603020,I,413040,1413400,Region,Andaman and Nicobar Islands,0,,0,1,ANANEMWMLD,IADHS2015413040,2015-16,DHS,230,2793,,,1
IND,Chandigarh,6786046,Women with mild anemia,29.5,1,IA,India,2015,IA2015DHS,AN_ANEM_W_MLD,114603020,I,413041,1413410,Region,Chandigarh,0,,0,1,ANANEMWMLD,IADHS2015413041,2015-16,DHS,504,657,,,1
IND,Dadra and Nagar Haveli,3369727,Women with mild anemia,31.9,1,IA,India,2015,IA2015DHS,AN_ANEM_W_MLD,114603020,I,413042,1413420,Region,Dadra and Nagar Haveli,0,,0,1,ANANEMWMLD,IADHS2015413042,2015-16,DHS,178,780,,,1
IND,Daman and Diu,2129,Women with mild anemia,26.9,1,IA,India,2015,IA2015DHS,AN_ANEM_W_MLD,114603020,I,413043,1413430,Region,Daman and Diu,0,,0,1,ANANEMWMLD,IADHS2015413043,2015-16,DHS,83,1288,,,1
IND,Lakshadweep,7906865,Women with mild anemia,24,1,IA,India,2015,IA2015DHS,AN_ANEM_W_MLD,114603020,I,413044,1413440,Region,Lakshadweep,0,,0,1,ANANEMWMLD,IADHS2015413044,2015-16,DHS,43,1063,,,1
IND,Puducherry,5620062,Women with mild anemia,25,1,IA,India,2015,IA2015DHS,AN_ANEM_W_MLD,114603020,I,413045,1413450,Region,Puducherry,0,,0,1,ANANEMWMLD,IADHS2015413045,2015-16,DHS,791,3990,,,1
IND,New Delhi,1084786,Women with moderate anemia,27.5,1,IA,India,2015,IA2015DHS,AN_ANEM_W_MOD,114603030,I,413000,1413000,Region,New Delhi,0,,0,1,ANANEMWMOD,IADHS2015413000,2015-16,DHS,8395,4635,,,1
IND,Haryana,4865826,Women with moderate anemia,35.9,1,IA,India,2015,IA2015DHS,AN_ANEM_W_MOD,114603030,I,413001,1413010,Region,Haryana,0,,0,1,ANANEMWMOD,IADHS2015413001,2015-16,DHS,15333,21354,,,1
IND,Himachal Pradesh,3124903,Women with moderate anemia,26.7,1,IA,India,2015,IA2015DHS,AN_ANEM_W_MOD,114603030,I,413002,1413020,Region,Himachal Pradesh,0,,0,1,ANANEMWMOD,IADHS2015413002,2015-16,DHS,3747,9682,,,1
IND,"Jammu, Kashmir & Ladakh",3893183,Women with moderate anemia,25.4,1,IA,India,2015,IA2015DHS,AN_ANEM_W_MOD,114603030,I,413003,1413030,Region,"Jammu, Kashmir & Ladakh",0,,0,1,ANANEMWMOD,IADHS2015413003,2015-16,DHS,6700,23407,,,1
IND,Punjab,503033,Women with moderate anemia,26.7,1,IA,India,2015,IA2015DHS,AN_ANEM_W_MOD,114603030,I,413005,1413050,Region,Punjab,0,,0,1,ANANEMWMOD,IADHS2015413005,2015-16,DHS,15089,19282,,,1
IND,Rajasthan,5859128,Women with moderate anemia,22.7,1,IA,India,2015,IA2015DHS,AN_ANEM_W_MOD,114603030,I,413006,1413060,Region,Rajasthan,0,,0,1,ANANEMWMOD,IADHS2015413006,2015-16,DHS,36142,41512,,,1
IND,"Madhya Pradesh, inc Chhattisgarh",7346624,Women with moderate anemia,24.3,1,IA,India,2015,IA2015DHS,AN_ANEM_W_MOD,114603030,I,413007,1413070,Region,"Madhya Pradesh, inc Chhattisgarh",0,,0,1,ANANEMWMOD,IADHS2015413007,2015-16,DHS,59333,86754,,,
IND,Madhya Pradesh,4339488,Women with moderate anemia,25.7,1,IA,India,2015,IA2015DHS,AN_ANEM_W_MOD,114603030,I,413008,1413080,Region,..Madhya Pradesh,0,,0,1,ANANEMWMOD,IADHS2015413008,2015-16,DHS,43008,61831,,,1
IND,Chhattisgarh,3140366,Women with moderate anemia,20.7,1,IA,India,2015,IA2015DHS,AN_ANEM_W_MOD,114603030,I,413009,1413090,Region,..Chhattisgarh,0,,0,1,ANANEMWMOD,IADHS2015413009,2015-16,DHS,16325,24923,,,1
IND,"Uttar Pradesh, inc Uttarakhand",6339511,Women with moderate anemia,25,1,IA,India,2015,IA2015DHS,AN_ANEM_W_MOD,114603030,I,413010,1413100,Region,"Uttar Pradesh, inc Uttarakhand",0,,0,1,ANANEMWMOD,IADHS2015413010,2015-16,DHS,109571,113445,,,
IND,Uttar Pradesh,7408677,Women with moderate anemia,25.2,1,IA,India,2015,IA2015DHS,AN_ANEM_W_MOD,114603030,I,413011,1413110,Region,..Uttar Pradesh,0,,0,1,ANANEMWMOD,IADHS2015413011,2015-16,DHS,103782,96500,,,1
IND,Uttarakhand,5014987,Women with moderate anemia,21.3,1,IA,India,2015,IA2015DHS,AN_ANEM_W_MOD,114603030,I,413012,1413120,Region,..Uttarakhand,0,,0,1,ANANEMWMOD,IADHS2015413012,2015-16,DHS,5789,16945,,,1
IND,"Bihar, inc Jharkhand",3148192,Women with moderate anemia,31,1,IA,India,2015,IA2015DHS,AN_ANEM_W_MOD,114603030,I,413013,1413130,Region,"Bihar, inc Jharkhand",0,,0,1,ANANEMWMOD,IADHS2015413013,2015-16,DHS,72707,73787,,,
IND,Bihar,411911,Women with moderate anemia,30.1,1,IA,India,2015,IA2015DHS,AN_ANEM_W_MOD,114603030,I,413014,1413140,Region,..Bihar,0,,0,1,ANANEMWMOD,IADHS2015413014,2015-16,DHS,55485,45299,,,1
IND,Jharkhand,7602186,Women with moderate anemia,34,1,IA,India,2015,IA2015DHS,AN_ANEM_W_MOD,114603030,I,413015,1413150,Region,..Jharkhand,0,,0,1,ANANEMWMOD,IADHS2015413015,2015-16,DHS,17222,28488,,,1
IND,Odisha,1421713,Women with moderate anemia,23.5,1,IA,India,2015,IA2015DHS,AN_ANEM_W_MOD,114603030,I,413016,1413160,Region,Odisha,0,,0,1,ANANEMWMOD,IADHS2015413016,2015-16,DHS,24451,33091,,,1
IND,West Bengal,6081421,Women with moderate anemia,30.8,1,IA,India,2015,IA2015DHS,AN_ANEM_W_MOD,114603030,I,413017,1413170,Region,West Bengal,0,,0,1,ANANEMWMOD,IADHS2015413017,2015-16,DHS,53730,17093,,,1
IND,Arunachal Pradesh,5960019,Women with moderate anemia,20,1,IA,India,2015,IA2015DHS,AN_ANEM_W_MOD,114603030,I,413018,1413180,Region,Arunachal Pradesh,0,,0,1,ANANEMWMOD,IADHS2015413018,2015-16,DHS,585,13865,,,1
IND,Assam,5432575,Women with moderate anemia,20.3,1,IA,India,2015,IA2015DHS,AN_ANEM_W_MOD,114603030,I,413019,1413190,Region,Assam,0,,0,1,ANANEMWMOD,IADHS2015413019,2015-16,DHS,16767,27610,,,1
IND,Manipur,4858309,Women with moderate anemia,9.7,1,IA,India,2015,IA2015DHS,AN_ANEM_W_MOD,114603030,I,413020,1413200,Region,Manipur,0,,0,1,ANANEMWMOD,IADHS2015413020,2015-16,DHS,1217,13532,,,1
IND,Meghalaya,3131262,Women with moderate anemia,29.3,1,IA,India,2015,IA2015DHS,AN_ANEM_W_MOD,114603030,I,413021,1413210,Region,Meghalaya,0,,0,1,ANANEMWMOD,IADHS2015413021,2015-16,DHS,1538,8905,,,1
IND,Mizoram,4016616,Women with moderate anemia,9.5,1,IA,India,2015,IA2015DHS,AN_ANEM_W_MOD,114603030,I,413022,1413220,Region,Mizoram,0,,0,1,ANANEMWMOD,IADHS2015413022,2015-16,DHS,569,12146,,,1
IND,Nagaland,848222,Women with moderate anemia,11,1,IA,India,2015,IA2015DHS,AN_ANEM_W_MOD,114603030,I,413023,1413230,Region,Nagaland,0,,0,1,ANANEMWMOD,IADHS2015413023,2015-16,DHS,767,10383,,,1
IND,Sikkim,1605217,Women with moderate anemia,15.5,1,IA,India,2015,IA2015DHS,AN_ANEM_W_MOD,114603030,I,413024,1413240,Region,Sikkim,0,,0,1,ANANEMWMOD,IADHS2015413024,2015-16,DHS,317,5261,,,1
IND,Tripura,7899514,Women with moderate anemia,26,1,IA,India,2015,IA2015DHS,AN_ANEM_W_MOD,114603030,I,413025,1413250,Region,Tripura,0,,0,1,ANANEMWMOD,IADHS2015413025,2015-16,DHS,2097,4650,,,1
IND,Goa,1213767,Women with moderate anemia,12.3,1,IA,India,2015,IA2015DHS,AN_ANEM_W_MOD,114603030,I,413026,1413260,Region,Goa,0,,0,1,ANANEMWMOD,IADHS2015413026,2015-16,DHS,858,1686,,,1
IND,Gujarat,825220,Women with moderate anemia,26.9,1,IA,India,2015,IA2015DHS,AN_ANEM_W_MOD,114603030,I,413027,1413270,Region,Gujarat,0,,0,1,ANANEMWMOD,IADHS2015413027,2015-16,DHS,31411,22223,,,1
IND,Maharashtra,3131291,Women with moderate anemia,22.4,1,IA,India,2015,IA2015DHS,AN_ANEM_W_MOD,114603030,I,413028,1413280,Region,Maharashtra,0,,0,1,ANANEMWMOD,IADHS2015413028,2015-16,DHS,64465,28648,,,1
IND,Andhra Pradesh including Telangana,3829230,Women with moderate anemia,30.7,1,IA,India,2015,IA2015DHS,AN_ANEM_W_MOD,114603030,I,413029,1413290,Region,Andhra Pradesh including Telangana,0,,0,1,ANANEMWMOD,IADHS2015413029,2015-16,DHS,47765,16532,,,
IND,Andhra Pradesh,4786343,Women with moderate anemia,32.1,1,IA,India,2015,IA2015DHS,AN_ANEM_W_MOD,114603030,I,413046,1413292,Region,..Andhra Pradesh,0,,0,1,ANANEMWMOD,IADHS2015413046,2015-16,DHS,27897,9542,,,1
IND,Telangana,5379460,Women with moderate anemia,28.7,1,IA,India,2015,IA2015DHS,AN_ANEM_W_MOD,114603030,I,413047,1413295,Region,..Telangana,0,,0,1,ANANEMWMOD,IADHS2015413047,2015-16,DHS,19867,6990,,,1
IND,Karnataka,7395649,Women with moderate anemia,21.4,1,IA,India,2015,IA2015DHS,AN_ANEM_W_MOD,114603030,I,413030,1413300,Region,Karnataka,0,,0,1,ANANEMWMOD,IADHS2015413030,2015-16,DHS,33939,25506,,,1
IND,Kerala,5028501,Women with moderate anemia,12.8,1,IA,India,2015,IA2015DHS,AN_ANEM_W_MOD,114603030,I,413031,1413310,Region,Kerala,0,,0,1,ANANEMWMOD,IADHS2015413031,2015-16,DHS,18964,10822,,,1
IND,Tamil Nadu,3148198,Women with moderate anemia,27.9,1,IA,India,2015,IA2015DHS,AN_ANEM_W_MOD,114603030,I,413032,1413320,Region,Tamil Nadu,0,,0,1,ANANEMWMOD,IADHS2015413032,2015-16,DHS,51159,28531,,,1
IND,Andaman and Nicobar Islands,3131267,Women with moderate anemia,39.5,1,IA,India,2015,IA2015DHS,AN_ANEM_W_MOD,114603030,I,413040,1413400,Region,Andaman and Nicobar Islands,0,,0,1,ANANEMWMOD,IADHS2015413040,2015-16,DHS,230,2793,,,1
IND,Chandigarh,6786047,Women with moderate anemia,43.5,1,IA,India,2015,IA2015DHS,AN_ANEM_W_MOD,114603030,I,413041,1413410,Region,Chandigarh,0,,0,1,ANANEMWMOD,IADHS2015413041,2015-16,DHS,504,657,,,1
IND,Dadra and Nagar Haveli,3369728,Women with moderate anemia,44.2,1,IA,India,2015,IA2015DHS,AN_ANEM_W_MOD,114603030,I,413042,1413420,Region,Dadra and Nagar Haveli,0,,0,1,ANANEMWMOD,IADHS2015413042,2015-16,DHS,178,780,,,1
IND,Daman and Diu,2130,Women with moderate anemia,29.8,1,IA,India,2015,IA2015DHS,AN_ANEM_W_MOD,114603030,I,413043,1413430,Region,Daman and Diu,0,,0,1,ANANEMWMOD,IADHS2015413043,2015-16,DHS,83,1288,,,1
IND,Lakshadweep,7906866,Women with moderate anemia,19.9,1,IA,India,2015,IA2015DHS,AN_ANEM_W_MOD,114603030,I,413044,1413440,Region,Lakshadweep,0,,0,1,ANANEMWMOD,IADHS2015413044,2015-16,DHS,43,1063,,,1
IND,Puducherry,5620060,Women with moderate anemia,26.2,1,IA,India,2015,IA2015DHS,AN_ANEM_W_MOD,114603030,I,413045,1413450,Region,Puducherry,0,,0,1,ANANEMWMOD,IADHS2015413045,2015-16,DHS,791,3990,,,1
IND,New Delhi,1084787,Women with severe anemia,2.9,1,IA,India,2015,IA2015DHS,AN_ANEM_W_SEV,114603040,I,413000,1413000,Region,New Delhi,0,,0,1,ANANEMWSEV,IADHS2015413000,2015-16,DHS,8395,4635,,,1
IND,Haryana,4865827,Women with severe anemia,3.4,1,IA,India,2015,IA2015DHS,AN_ANEM_W_SEV,114603040,I,413001,1413010,Region,Haryana,0,,0,1,ANANEMWSEV,IADHS2015413001,2015-16,DHS,15333,21354,,,1
IND,Himachal Pradesh,3124904,Women with severe anemia,2,1,IA,India,2015,IA2015DHS,AN_ANEM_W_SEV,114603040,I,413002,1413020,Region,Himachal Pradesh,0,,0,1,ANANEMWSEV,IADHS2015413002,2015-16,DHS,3747,9682,,,1
IND,"Jammu, Kashmir & Ladakh",3893184,Women with severe anemia,3.3,1,IA,India,2015,IA2015DHS,AN_ANEM_W_SEV,114603040,I,413003,1413030,Region,"Jammu, Kashmir & Ladakh",0,,0,1,ANANEMWSEV,IADHS2015413003,2015-16,DHS,6700,23407,,,1
IND,Punjab,503034,Women with severe anemia,1.4,1,IA,India,2015,IA2015DHS,AN_ANEM_W_SEV,114603040,I,413005,1413050,Region,Punjab,0,,0,1,ANANEMWSEV,IADHS2015413005,2015-16,DHS,15089,19282,,,1
IND,Rajasthan,5859129,Women with severe anemia,2.3,1,IA,India,2015,IA2015DHS,AN_ANEM_W_SEV,114603040,I,413006,1413060,Region,Rajasthan,0,,0,1,ANANEMWSEV,IADHS2015413006,2015-16,DHS,36142,41512,,,1
IND,"Madhya Pradesh, inc Chhattisgarh",7346746,Women with severe anemia,2.2,1,IA,India,2015,IA2015DHS,AN_ANEM_W_SEV,114603040,I,413007,1413070,Region,"Madhya Pradesh, inc Chhattisgarh",0,,0,1,ANANEMWSEV,IADHS2015413007,2015-16,DHS,59333,86754,,,
IND,Madhya Pradesh,4339506,Women with severe anemia,2.4,1,IA,India,2015,IA2015DHS,AN_ANEM_W_SEV,114603040,I,413008,1413080,Region,..Madhya Pradesh,0,,0,1,ANANEMWSEV,IADHS2015413008,2015-16,DHS,43008,61831,,,1
IND,Chhattisgarh,3140373,Women with severe anemia,1.7,1,IA,India,2015,IA2015DHS,AN_ANEM_W_SEV,114603040,I,413009,1413090,Region,..Chhattisgarh,0,,0,1,ANANEMWSEV,IADHS2015413009,2015-16,DHS,16325,24923,,,1
IND,"Uttar Pradesh, inc Uttarakhand",6339614,Women with severe anemia,2.5,1,IA,India,2015,IA2015DHS,AN_ANEM_W_SEV,114603040,I,413010,1413100,Region,"Uttar Pradesh, inc Uttarakhand",0,,0,1,ANANEMWSEV,IADHS2015413010,2015-16,DHS,109571,113445,,,
IND,Uttar Pradesh,7408679,Women with severe anemia,2.5,1,IA,India,2015,IA2015DHS,AN_ANEM_W_SEV,114603040,I,413011,1413110,Region,..Uttar Pradesh,0,,0,1,ANANEMWSEV,IADHS2015413011,2015-16,DHS,103782,96500,,,1
IND,Uttarakhand,5014988,Women with severe anemia,2.3,1,IA,India,2015,IA2015DHS,AN_ANEM_W_SEV,114603040,I,413012,1413120,Region,..Uttarakhand,0,,0,1,ANANEMWSEV,IADHS2015413012,2015-16,DHS,5789,16945,,,1
IND,"Bihar, inc Jharkhand",3148194,Women with severe anemia,2,1,IA,India,2015,IA2015DHS,AN_ANEM_W_SEV,114603040,I,413013,1413130,Region,"Bihar, inc Jharkhand",0,,0,1,ANANEMWSEV,IADHS2015413013,2015-16,DHS,72707,73787,,,
IND,Bihar,411912,Women with severe anemia,1.9,1,IA,India,2015,IA2015DHS,AN_ANEM_W_SEV,114603040,I,413014,1413140,Region,..Bihar,0,,0,1,ANANEMWSEV,IADHS2015413014,2015-16,DHS,55485,45299,,,1
IND,Jharkhand,7602187,Women with severe anemia,2.2,1,IA,India,2015,IA2015DHS,AN_ANEM_W_SEV,114603040,I,413015,1413150,Region,..Jharkhand,0,,0,1,ANANEMWSEV,IADHS2015413015,2015-16,DHS,17222,28488,,,1
IND,Odisha,1421714,Women with severe anemia,1.7,1,IA,India,2015,IA2015DHS,AN_ANEM_W_SEV,114603040,I,413016,1413160,Region,Odisha,0,,0,1,ANANEMWSEV,IADHS2015413016,2015-16,DHS,24451,33091,,,1
IND,West Bengal,6081422,Women with severe anemia,1.8,1,IA,India,2015,IA2015DHS,AN_ANEM_W_SEV,114603040,I,413017,1413170,Region,West Bengal,0,,0,1,ANANEMWSEV,IADHS2015413017,2015-16,DHS,53730,17093,,,1
IND,Arunachal Pradesh,5960020,Women with severe anemia,1.7,1,IA,India,2015,IA2015DHS,AN_ANEM_W_SEV,114603040,I,413018,1413180,Region,Arunachal Pradesh,0,,0,1,ANANEMWSEV,IADHS2015413018,2015-16,DHS,585,13865,,,1
IND,Assam,5432576,Women with severe anemia,1.5,1,IA,India,2015,IA2015DHS,AN_ANEM_W_SEV,114603040,I,413019,1413190,Region,Assam,0,,0,1,ANANEMWSEV,IADHS2015413019,2015-16,DHS,16767,27610,,,1
IND,Manipur,4858350,Women with severe anemia,0.7,1,IA,India,2015,IA2015DHS,AN_ANEM_W_SEV,114603040,I,413020,1413200,Region,Manipur,0,,0,1,ANANEMWSEV,IADHS2015413020,2015-16,DHS,1217,13532,,,1
IND,Meghalaya,3131263,Women with severe anemia,3.4,1,IA,India,2015,IA2015DHS,AN_ANEM_W_SEV,114603040,I,413021,1413210,Region,Meghalaya,0,,0,1,ANANEMWSEV,IADHS2015413021,2015-16,DHS,1538,8905,,,1
IND,Mizoram,4016617,Women with severe anemia,0.7,1,IA,India,2015,IA2015DHS,AN_ANEM_W_SEV,114603040,I,413022,1413220,Region,Mizoram,0,,0,1,ANANEMWSEV,IADHS2015413022,2015-16,DHS,569,12146,,,1
IND,Nagaland,848223,Women with severe anemia,1.2,1,IA,India,2015,IA2015DHS,AN_ANEM_W_SEV,114603040,I,413023,1413230,Region,Nagaland,0,,0,1,ANANEMWSEV,IADHS2015413023,2015-16,DHS,767,10383,,,1
IND,Sikkim,1605218,Women with severe anemia,1.6,1,IA,India,2015,IA2015DHS,AN_ANEM_W_SEV,114603040,I,413024,1413240,Region,Sikkim,0,,0,1,ANANEMWSEV,IADHS2015413024,2015-16,DHS,317,5261,,,1
IND,Tripura,7899515,Women with severe anemia,1.7,1,IA,India,2015,IA2015DHS,AN_ANEM_W_SEV,114603040,I,413025,1413250,Region,Tripura,0,,0,1,ANANEMWSEV,IADHS2015413025,2015-16,DHS,2097,4650,,,1
IND,Goa,1213768,Women with severe anemia,1.7,1,IA,India,2015,IA2015DHS,AN_ANEM_W_SEV,114603040,I,413026,1413260,Region,Goa,0,,0,1,ANANEMWSEV,IADHS2015413026,2015-16,DHS,858,1686,,,1
IND,Gujarat,825221,Women with severe anemia,3.1,1,IA,India,2015,IA2015DHS,AN_ANEM_W_SEV,114603040,I,413027,1413270,Region,Gujarat,0,,0,1,ANANEMWSEV,IADHS2015413027,2015-16,DHS,31411,22223,,,1
IND,Maharashtra,3131292,Women with severe anemia,1.9,1,IA,India,2015,IA2015DHS,AN_ANEM_W_SEV,114603040,I,413028,1413280,Region,Maharashtra,0,,0,1,ANANEMWSEV,IADHS2015413028,2015-16,DHS,64465,28648,,,1
IND,Andhra Pradesh including Telangana,3829231,Women with severe anemia,4.7,1,IA,India,2015,IA2015DHS,AN_ANEM_W_SEV,114603040,I,413029,1413290,Region,Andhra Pradesh including Telangana,0,,0,1,ANANEMWSEV,IADHS2015413029,2015-16,DHS,47765,16532,,,
IND,Andhra Pradesh,4786344,Women with severe anemia,4.6,1,IA,India,2015,IA2015DHS,AN_ANEM_W_SEV,114603040,I,413046,1413292,Region,..Andhra Pradesh,0,,0,1,ANANEMWSEV,IADHS2015413046,2015-16,DHS,27897,9542,,,1
IND,Telangana,5379469,Women with severe anemia,5,1,IA,India,2015,IA2015DHS,AN_ANEM_W_SEV,114603040,I,413047,1413295,Region,..Telangana,0,,0,1,ANANEMWSEV,IADHS2015413047,2015-16,DHS,19867,6990,,,1
IND,Karnataka,7395650,Women with severe anemia,2.4,1,IA,India,2015,IA2015DHS,AN_ANEM_W_SEV,114603040,I,413030,1413300,Region,Karnataka,0,,0,1,ANANEMWSEV,IADHS2015413030,2015-16,DHS,33939,25506,,,1
IND,Kerala,5028502,Women with severe anemia,0.8,1,IA,India,2015,IA2015DHS,AN_ANEM_W_SEV,114603040,I,413031,1413310,Region,Kerala,0,,0,1,ANANEMWSEV,IADHS2015413031,2015-16,DHS,18964,10822,,,1
IND,Tamil Nadu,3148199,Women with severe anemia,3,1,IA,India,2015,IA2015DHS,AN_ANEM_W_SEV,114603040,I,413032,1413320,Region,Tamil Nadu,0,,0,1,ANANEMWSEV,IADHS2015413032,2015-16,DHS,51159,28531,,,1
IND,Andaman and Nicobar Islands,3131268,Women with severe anemia,4,1,IA,India,2015,IA2015DHS,AN_ANEM_W_SEV,114603040,I,413040,1413400,Region,Andaman and Nicobar Islands,0,,0,1,ANANEMWSEV,IADHS2015413040,2015-16,DHS,230,2793,,,1
IND,Chandigarh,6786048,Women with severe anemia,3,1,IA,India,2015,IA2015DHS,AN_ANEM_W_SEV,114603040,I,413041,1413410,Region,Chandigarh,0,,0,1,ANANEMWSEV,IADHS2015413041,2015-16,DHS,504,657,,,1
IND,Dadra and Nagar Haveli,3369732,Women with severe anemia,3.4,1,IA,India,2015,IA2015DHS,AN_ANEM_W_SEV,114603040,I,413042,1413420,Region,Dadra and Nagar Haveli,0,,0,1,ANANEMWSEV,IADHS2015413042,2015-16,DHS,178,780,,,1
IND,Daman and Diu,2131,Women with severe anemia,2.2,1,IA,India,2015,IA2015DHS,AN_ANEM_W_SEV,114603040,I,413043,1413430,Region,Daman and Diu,0,,0,1,ANANEMWSEV,IADHS2015413043,2015-16,DHS,83,1288,,,1
IND,Lakshadweep,7906894,Women with severe anemia,2.2,1,IA,India,2015,IA2015DHS,AN_ANEM_W_SEV,114603040,I,413044,1413440,Region,Lakshadweep,0,,0,1,ANANEMWSEV,IADHS2015413044,2015-16,DHS,43,1063,,,1
IND,Puducherry,5620061,Women with severe anemia,1.2,1,IA,India,2015,IA2015DHS,AN_ANEM_W_SEV,114603040,I,413045,1413450,Region,Puducherry,0,,0,1,ANANEMWSEV,IADHS2015413045,2015-16,DHS,791,3990,,,1
IND,New Delhi,1084761,Number of women,8395,0,IA,India,2015,IA2015DHS,AN_ANEM_W_NUM,114603050,D,413000,1413000,Region,New Delhi,0,,0,1,ANANEMWNUM,IADHS2015413000,2015-16,DHS,,4635,,,1
IND,Haryana,3131286,Number of women,15333,0,IA,India,2015,IA2015DHS,AN_ANEM_W_NUM,114603050,D,413001,1413010,Region,Haryana,0,,0,1,ANANEMWNUM,IADHS2015413001,2015-16,DHS,,21354,,,1
IND,Himachal Pradesh,3124905,Number of women,3747,0,IA,India,2015,IA2015DHS,AN_ANEM_W_NUM,114603050,D,413002,1413020,Region,Himachal Pradesh,0,,0,1,ANANEMWNUM,IADHS2015413002,2015-16,DHS,,9682,,,1
IND,"Jammu, Kashmir & Ladakh",4278902,Number of women,6700,0,IA,India,2015,IA2015DHS,AN_ANEM_W_NUM,114603050,D,413003,1413030,Region,"Jammu, Kashmir & Ladakh",0,,0,1,ANANEMWNUM,IADHS2015413003,2015-16,DHS,,23407,,,1
IND,Punjab,528231,Number of women,15089,0,IA,India,2015,IA2015DHS,AN_ANEM_W_NUM,114603050,D,413005,1413050,Region,Punjab,0,,0,1,ANANEMWNUM,IADHS2015413005,2015-16,DHS,,19282,,,1
IND,Rajasthan,5859130,Number of women,36142,0,IA,India,2015,IA2015DHS,AN_ANEM_W_NUM,114603050,D,413006,1413060,Region,Rajasthan,0,,0,1,ANANEMWNUM,IADHS2015413006,2015-16,DHS,,41512,,,1
IND,"Madhya Pradesh, inc Chhattisgarh",7460706,Number of women,59333,0,IA,India,2015,IA2015DHS,AN_ANEM_W_NUM,114603050,D,413007,1413070,Region,"Madhya Pradesh, inc Chhattisgarh",0,,0,1,ANANEMWNUM,IADHS2015413007,2015-16,DHS,,86754,,,
IND,Madhya Pradesh,3131334,Number of women,43008,0,IA,India,2015,IA2015DHS,AN_ANEM_W_NUM,114603050,D,413008,1413080,Region,..Madhya Pradesh,0,,0,1,ANANEMWNUM,IADHS2015413008,2015-16,DHS,,61831,,,1
IND,Chhattisgarh,3140375,Number of women,16325,0,IA,India,2015,IA2015DHS,AN_ANEM_W_NUM,114603050,D,413009,1413090,Region,..Chhattisgarh,0,,0,1,ANANEMWNUM,IADHS2015413009,2015-16,DHS,,24923,,,1
IND,"Uttar Pradesh, inc Uttarakhand",6424964,Number of women,109571,0,IA,India,2015,IA2015DHS,AN_ANEM_W_NUM,114603050,D,413010,1413100,Region,"Uttar Pradesh, inc Uttarakhand",0,,0,1,ANANEMWNUM,IADHS2015413010,2015-16,DHS,,113445,,,
IND,Uttar Pradesh,7408680,Number of women,103782,0,IA,India,2015,IA2015DHS,AN_ANEM_W_NUM,114603050,D,413011,1413110,Region,..Uttar Pradesh,0,,0,1,ANANEMWNUM,IADHS2015413011,2015-16,DHS,,96500,,,1
IND,Uttarakhand,5074427,Number of women,5789,0,IA,India,2015,IA2015DHS,AN_ANEM_W_NUM,114603050,D,413012,1413120,Region,..Uttarakhand,0,,0,1,ANANEMWNUM,IADHS2015413012,2015-16,DHS,,16945,,,1
IND,"Bihar, inc Jharkhand",3148193,Number of women,72707,0,IA,India,2015,IA2015DHS,AN_ANEM_W_NUM,114603050,D,413013,1413130,Region,"Bihar, inc Jharkhand",0,,0,1,ANANEMWNUM,IADHS2015413013,2015-16,DHS,,73787,,,
IND,Bihar,440888,Number of women,55485,0,IA,India,2015,IA2015DHS,AN_ANEM_W_NUM,114603050,D,413014,1413140,Region,..Bihar,0,,0,1,ANANEMWNUM,IADHS2015413014,2015-16,DHS,,45299,,,1
IND,Jharkhand,7600818,Number of women,17222,0,IA,India,2015,IA2015DHS,AN_ANEM_W_NUM,114603050,D,413015,1413150,Region,..Jharkhand,0,,0,1,ANANEMWNUM,IADHS2015413015,2015-16,DHS,,28488,,,1
IND,Odisha,1421715,Number of women,24451,0,IA,India,2015,IA2015DHS,AN_ANEM_W_NUM,114603050,D,413016,1413160,Region,Odisha,0,,0,1,ANANEMWNUM,IADHS2015413016,2015-16,DHS,,33091,,,1
IND,West Bengal,6137853,Number of women,53730,0,IA,India,2015,IA2015DHS,AN_ANEM_W_NUM,114603050,D,413017,1413170,Region,West Bengal,0,,0,1,ANANEMWNUM,IADHS2015413017,2015-16,DHS,,17093,,,1
IND,Arunachal Pradesh,5960016,Number of women,585,0,IA,India,2015,IA2015DHS,AN_ANEM_W_NUM,114603050,D,413018,1413180,Region,Arunachal Pradesh,0,,0,1,ANANEMWNUM,IADHS2015413018,2015-16,DHS,,13865,,,1
IND,Assam,5548598,Number of women,16767,0,IA,India,2015,IA2015DHS,AN_ANEM_W_NUM,114603050,D,413019,1413190,Region,Assam,0,,0,1,ANANEMWNUM,IADHS2015413019,2015-16,DHS,,27610,,,1
IND,Manipur,3140388,Number of women,1217,0,IA,India,2015,IA2015DHS,AN_ANEM_W_NUM,114603050,D,413020,1413200,Region,Manipur,0,,0,1,ANANEMWNUM,IADHS2015413020,2015-16,DHS,,13532,,,1
IND,Meghalaya,3131333,Number of women,1538,0,IA,India,2015,IA2015DHS,AN_ANEM_W_NUM,114603050,D,413021,1413210,Region,Meghalaya,0,,0,1,ANANEMWNUM,IADHS2015413021,2015-16,DHS,,8905,,,1
IND,Mizoram,3124919,Number of women,569,0,IA,India,2015,IA2015DHS,AN_ANEM_W_NUM,114603050,D,413022,1413220,Region,Mizoram,0,,0,1,ANANEMWNUM,IADHS2015413022,2015-16,DHS,,12146,,,1
IND,Nagaland,848234,Number of women,767,0,IA,India,2015,IA2015DHS,AN_ANEM_W_NUM,114603050,D,413023,1413230,Region,Nagaland,0,,0,1,ANANEMWNUM,IADHS2015413023,2015-16,DHS,,10383,,,1
IND,Sikkim,15934,Number of women,317,0,IA,India,2015,IA2015DHS,AN_ANEM_W_NUM,114603050,D,413024,1413240,Region,Sikkim,0,,0,1,ANANEMWNUM,IADHS2015413024,2015-16,DHS,,5261,,,1
IND,Tripura,7899516,Number of women,2097,0,IA,India,2015,IA2015DHS,AN_ANEM_W_NUM,114603050,D,413025,1413250,Region,Tripura,0,,0,1,ANANEMWNUM,IADHS2015413025,2015-16,DHS,,4650,,,1
IND,Goa,1213796,Number of women,858,0,IA,India,2015,IA2015DHS,AN_ANEM_W_NUM,114603050,D,413026,1413260,Region,Goa,0,,0,1,ANANEMWNUM,IADHS2015413026,2015-16,DHS,,1686,,,1
IND,Gujarat,825261,Number of women,31411,0,IA,India,2015,IA2015DHS,AN_ANEM_W_NUM,114603050,D,413027,1413270,Region,Gujarat,0,,0,1,ANANEMWNUM,IADHS2015413027,2015-16,DHS,,22223,,,1
IND,Maharashtra,3131293,Number of women,64465,0,IA,India,2015,IA2015DHS,AN_ANEM_W_NUM,114603050,D,413028,1413280,Region,Maharashtra,0,,0,1,ANANEMWNUM,IADHS2015413028,2015-16,DHS,,28648,,,1
IND,Andhra Pradesh including Telangana,3140404,Number of women,47765,0,IA,India,2015,IA2015DHS,AN_ANEM_W_NUM,114603050,D,413029,1413290,Region,Andhra Pradesh including Telangana,0,,0,1,ANANEMWNUM,IADHS2015413029,2015-16,DHS,,16532,,,
IND,Andhra Pradesh,3131287,Number of women,27897,0,IA,India,2015,IA2015DHS,AN_ANEM_W_NUM,114603050,D,413046,1413292,Region,..Andhra Pradesh,0,,0,1,ANANEMWNUM,IADHS2015413046,2015-16,DHS,,9542,,,1
IND,Telangana,5379461,Number of women,19867,0,IA,India,2015,IA2015DHS,AN_ANEM_W_NUM,114603050,D,413047,1413295,Region,..Telangana,0,,0,1,ANANEMWNUM,IADHS2015413047,2015-16,DHS,,6990,,,1
IND,Karnataka,7395594,Number of women,33939,0,IA,India,2015,IA2015DHS,AN_ANEM_W_NUM,114603050,D,413030,1413300,Region,Karnataka,0,,0,1,ANANEMWNUM,IADHS2015413030,2015-16,DHS,,25506,,,1
IND,Kerala,5097030,Number of women,18964,0,IA,India,2015,IA2015DHS,AN_ANEM_W_NUM,114603050,D,413031,1413310,Region,Kerala,0,,0,1,ANANEMWNUM,IADHS2015413031,2015-16,DHS,,10822,,,1
IND,Tamil Nadu,3148233,Number of women,51159,0,IA,India,2015,IA2015DHS,AN_ANEM_W_NUM,114603050,D,413032,1413320,Region,Tamil Nadu,0,,0,1,ANANEMWNUM,IADHS2015413032,2015-16,DHS,,28531,,,1
IND,Andaman and Nicobar Islands,3131335,Number of women,230,0,IA,India,2015,IA2015DHS,AN_ANEM_W_NUM,114603050,D,413040,1413400,Region,Andaman and Nicobar Islands,0,,0,1,ANANEMWNUM,IADHS2015413040,2015-16,DHS,,2793,,,1
IND,Chandigarh,6866386,Number of women,504,0,IA,India,2015,IA2015DHS,AN_ANEM_W_NUM,114603050,D,413041,1413410,Region,Chandigarh,0,,0,1,ANANEMWNUM,IADHS2015413041,2015-16,DHS,,657,,,1
IND,Dadra and Nagar Haveli,3124908,Number of women,178,0,IA,India,2015,IA2015DHS,AN_ANEM_W_NUM,114603050,D,413042,1413420,Region,Dadra and Nagar Haveli,0,,0,1,ANANEMWNUM,IADHS2015413042,2015-16,DHS,,780,,,1
IND,Daman and Diu,1322,Number of women,83,0,IA,India,2015,IA2015DHS,AN_ANEM_W_NUM,114603050,D,413043,1413430,Region,Daman and Diu,0,,0,1,ANANEMWNUM,IADHS2015413043,2015-16,DHS,,1288,,,1
IND,Lakshadweep,7785408,Number of women,43,0,IA,India,2015,IA2015DHS,AN_ANEM_W_NUM,114603050,D,413044,1413440,Region,Lakshadweep,0,,0,1,ANANEMWNUM,IADHS2015413044,2015-16,DHS,,1063,,,1
IND,Puducherry,5708940,Number of women,791,0,IA,India,2015,IA2015DHS,AN_ANEM_W_NUM,114603050,D,413045,1413450,Region,Puducherry,0,,0,1,ANANEMWNUM,IADHS2015413045,2015-16,DHS,,3990,,,1
IND,New Delhi,1113947,Number of women (unweighted),4635,0,IA,India,2015,IA2015DHS,AN_ANEM_W_UNW,114603060,U,413000,1413000,Region,New Delhi,0,,0,1,ANANEMWUNW,IADHS2015413000,2015-16,DHS,8395,,,,1
IND,Haryana,4865904,Number of women (unweighted),21354,0,IA,India,2015,IA2015DHS,AN_ANEM_W_UNW,114603060,U,413001,1413010,Region,Haryana,0,,0,1,ANANEMWUNW,IADHS2015413001,2015-16,DHS,15333,,,,1
IND,Himachal Pradesh,3124928,Number of women (unweighted),9682,0,IA,India,2015,IA2015DHS,AN_ANEM_W_UNW,114603060,U,413002,1413020,Region,Himachal Pradesh,0,,0,1,ANANEMWUNW,IADHS2015413002,2015-16,DHS,3747,,,,1
IND,"Jammu, Kashmir & Ladakh",5612370,Number of women (unweighted),23407,0,IA,India,2015,IA2015DHS,AN_ANEM_W_UNW,114603060,U,413003,1413030,Region,"Jammu, Kashmir & Ladakh",0,,0,1,ANANEMWUNW,IADHS2015413003,2015-16,DHS,6700,,,,1
IND,Punjab,3542889,Number of women (unweighted),19282,0,IA,India,2015,IA2015DHS,AN_ANEM_W_UNW,114603060,U,413005,1413050,Region,Punjab,0,,0,1,ANANEMWUNW,IADHS2015413005,2015-16,DHS,15089,,,,1
IND,Rajasthan,3131277,Number of women (unweighted),41512,0,IA,India,2015,IA2015DHS,AN_ANEM_W_UNW,114603060,U,413006,1413060,Region,Rajasthan,0,,0,1,ANANEMWUNW,IADHS2015413006,2015-16,DHS,36142,,,,1
IND,"Madhya Pradesh, inc Chhattisgarh",4832392,Number of women (unweighted),86754,0,IA,India,2015,IA2015DHS,AN_ANEM_W_UNW,114603060,U,413007,1413070,Region,"Madhya Pradesh, inc Chhattisgarh",0,,0,1,ANANEMWUNW,IADHS2015413007,2015-16,DHS,59333,,,,
IND,Madhya Pradesh,4339489,Number of women (unweighted),61831,0,IA,India,2015,IA2015DHS,AN_ANEM_W_UNW,114603060,U,413008,1413080,Region,..Madhya Pradesh,0,,0,1,ANANEMWUNW,IADHS2015413008,2015-16,DHS,43008,,,,1
IND,Chhattisgarh,3140377,Number of women (unweighted),24923,0,IA,India,2015,IA2015DHS,AN_ANEM_W_UNW,114603060,U,413009,1413090,Region,..Chhattisgarh,0,,0,1,ANANEMWUNW,IADHS2015413009,2015-16,DHS,16325,,,,1
IND,"Uttar Pradesh, inc Uttarakhand",3829213,Number of women (unweighted),113445,0,IA,India,2015,IA2015DHS,AN_ANEM_W_UNW,114603060,U,413010,1413100,Region,"Uttar Pradesh, inc Uttarakhand",0,,0,1,ANANEMWUNW,IADHS2015413010,2015-16,DHS,109571,,,,
IND,Uttar Pradesh,3148201,Number of women (unweighted),96500,0,IA,India,2015,IA2015DHS,AN_ANEM_W_UNW,114603060,U,413011,1413110,Region,..Uttar Pradesh,0,,0,1,ANANEMWUNW,IADHS2015413011,2015-16,DHS,103782,,,,1
IND,Uttarakhand,3757118,Number of women (unweighted),16945,0,IA,India,2015,IA2015DHS,AN_ANEM_W_UNW,114603060,U,413012,1413120,Region,..Uttarakhand,0,,0,1,ANANEMWUNW,IADHS2015413012,2015-16,DHS,5789,,,,1
IND,"Bihar, inc Jharkhand",3148253,Number of women (unweighted),73787,0,IA,India,2015,IA2015DHS,AN_ANEM_W_UNW,114603060,U,413013,1413130,Region,"Bihar, inc Jharkhand",0,,0,1,ANANEMWUNW,IADHS2015413013,2015-16,DHS,72707,,,,
IND,Bihar,4067975,Number of women (unweighted),45299,0,IA,India,2015,IA2015DHS,AN_ANEM_W_UNW,114603060,U,413014,1413140,Region,..Bihar,0,,0,1,ANANEMWUNW,IADHS2015413014,2015-16,DHS,55485,,,,1
IND,Jharkhand,4661091,Number of women (unweighted),28488,0,IA,India,2015,IA2015DHS,AN_ANEM_W_UNW,114603060,U,413015,1413150,Region,..Jharkhand,0,,0,1,ANANEMWUNW,IADHS2015413015,2015-16,DHS,17222,,,,1
IND,Odisha,3148216,Number of women (unweighted),33091,0,IA,India,2015,IA2015DHS,AN_ANEM_W_UNW,114603060,U,413016,1413160,Region,Odisha,0,,0,1,ANANEMWUNW,IADHS2015413016,2015-16,DHS,24451,,,,1
IND,West Bengal,3352450,Number of women (unweighted),17093,0,IA,India,2015,IA2015DHS,AN_ANEM_W_UNW,114603060,U,413017,1413170,Region,West Bengal,0,,0,1,ANANEMWUNW,IADHS2015413017,2015-16,DHS,53730,,,,1
IND,Arunachal Pradesh,3131273,Number of women (unweighted),13865,0,IA,India,2015,IA2015DHS,AN_ANEM_W_UNW,114603060,U,413018,1413180,Region,Arunachal Pradesh,0,,0,1,ANANEMWUNW,IADHS2015413018,2015-16,DHS,585,,,,1
IND,Assam,4331692,Number of women (unweighted),27610,0,IA,India,2015,IA2015DHS,AN_ANEM_W_UNW,114603060,U,413019,1413190,Region,Assam,0,,0,1,ANANEMWUNW,IADHS2015413019,2015-16,DHS,16767,,,,1
IND,Manipur,4858352,Number of women (unweighted),13532,0,IA,India,2015,IA2015DHS,AN_ANEM_W_UNW,114603060,U,413020,1413200,Region,Manipur,0,,0,1,ANANEMWUNW,IADHS2015413020,2015-16,DHS,1217,,,,1
IND,Meghalaya,3131271,Number of women (unweighted),8905,0,IA,India,2015,IA2015DHS,AN_ANEM_W_UNW,114603060,U,413021,1413210,Region,Meghalaya,0,,0,1,ANANEMWUNW,IADHS2015413021,2015-16,DHS,1538,,,,1
IND,Mizoram,4016619,Number of women (unweighted),12146,0,IA,India,2015,IA2015DHS,AN_ANEM_W_UNW,114603060,U,413022,1413220,Region,Mizoram,0,,0,1,ANANEMWUNW,IADHS2015413022,2015-16,DHS,569,,,,1
IND,Nagaland,868920,Number of women (unweighted),10383,0,IA,India,2015,IA2015DHS,AN_ANEM_W_UNW,114603060,U,413023,1413230,Region,Nagaland,0,,0,1,ANANEMWUNW,IADHS2015413023,2015-16,DHS,767,,,,1
IND,Sikkim,3542890,Number of women (unweighted),5261,0,IA,India,2015,IA2015DHS,AN_ANEM_W_UNW,114603060,U,413024,1413240,Region,Sikkim,0,,0,1,ANANEMWUNW,IADHS2015413024,2015-16,DHS,317,,,,1
IND,Tripura,3124918,Number of women (unweighted),4650,0,IA,India,2015,IA2015DHS,AN_ANEM_W_UNW,114603060,U,413025,1413250,Region,Tripura,0,,0,1,ANANEMWUNW,IADHS2015413025,2015-16,DHS,2097,,,,1
IND,Goa,1213363,Number of women (unweighted),1686,0,IA,India,2015,IA2015DHS,AN_ANEM_W_UNW,114603060,U,413026,1413260,Region,Goa,0,,0,1,ANANEMWUNW,IADHS2015413026,2015-16,DHS,858,,,,1
IND,Gujarat,826395,Number of women (unweighted),22223,0,IA,India,2015,IA2015DHS,AN_ANEM_W_UNW,114603060,U,413027,1413270,Region,Gujarat,0,,0,1,ANANEMWUNW,IADHS2015413027,2015-16,DHS,31411,,,,1
IND,Maharashtra,3131316,Number of women (unweighted),28648,0,IA,India,2015,IA2015DHS,AN_ANEM_W_UNW,114603060,U,413028,1413280,Region,Maharashtra,0,,0,1,ANANEMWUNW,IADHS2015413028,2015-16,DHS,64465,,,,1
IND,Andhra Pradesh including Telangana,3829214,Number of women (unweighted),16532,0,IA,India,2015,IA2015DHS,AN_ANEM_W_UNW,114603060,U,413029,1413290,Region,Andhra Pradesh including Telangana,0,,0,1,ANANEMWUNW,IADHS2015413029,2015-16,DHS,47765,,,,
IND,Andhra Pradesh,4786347,Number of women (unweighted),9542,0,IA,India,2015,IA2015DHS,AN_ANEM_W_UNW,114603060,U,413046,1413292,Region,..Andhra Pradesh,0,,0,1,ANANEMWUNW,IADHS2015413046,2015-16,DHS,27897,,,,1
IND,Telangana,3148239,Number of women (unweighted),6990,0,IA,India,2015,IA2015DHS,AN_ANEM_W_UNW,114603060,U,413047,1413295,Region,..Telangana,0,,0,1,ANANEMWUNW,IADHS2015413047,2015-16,DHS,19867,,,,1
IND,Karnataka,3131347,Number of women (unweighted),25506,0,IA,India,2015,IA2015DHS,AN_ANEM_W_UNW,114603060,U,413030,1413300,Region,Karnataka,0,,0,1,ANANEMWUNW,IADHS2015413030,2015-16,DHS,33939,,,,1
IND,Kerala,3763316,Number of women (unweighted),10822,0,IA,India,2015,IA2015DHS,AN_ANEM_W_UNW,114603060,U,413031,1413310,Region,Kerala,0,,0,1,ANANEMWUNW,IADHS2015413031,2015-16,DHS,18964,,,,1
IND,Tamil Nadu,3148230,Number of women (unweighted),28531,0,IA,India,2015,IA2015DHS,AN_ANEM_W_UNW,114603060,U,413032,1413320,Region,Tamil Nadu,0,,0,1,ANANEMWUNW,IADHS2015413032,2015-16,DHS,51159,,,,1
IND,Andaman and Nicobar Islands,3131301,Number of women (unweighted),2793,0,IA,India,2015,IA2015DHS,AN_ANEM_W_UNW,114603060,U,413040,1413400,Region,Andaman and Nicobar Islands,0,,0,1,ANANEMWUNW,IADHS2015413040,2015-16,DHS,230,,,,1
IND,Chandigarh,4016620,Number of women (unweighted),657,0,IA,India,2015,IA2015DHS,AN_ANEM_W_UNW,114603060,U,413041,1413410,Region,Chandigarh,0,,0,1,ANANEMWUNW,IADHS2015413041,2015-16,DHS,504,,,,1
IND,Dadra and Nagar Haveli,3369730,Number of women (unweighted),780,0,IA,India,2015,IA2015DHS,AN_ANEM_W_UNW,114603060,U,413042,1413420,Region,Dadra and Nagar Haveli,0,,0,1,ANANEMWUNW,IADHS2015413042,2015-16,DHS,178,,,,1
IND,Daman and Diu,4937995,Number of women (unweighted),1288,0,IA,India,2015,IA2015DHS,AN_ANEM_W_UNW,114603060,U,413043,1413430,Region,Daman and Diu,0,,0,1,ANANEMWUNW,IADHS2015413043,2015-16,DHS,83,,,,1
IND,Lakshadweep,6620167,Number of women (unweighted),1063,0,IA,India,2015,IA2015DHS,AN_ANEM_W_UNW,114603060,U,413044,1413440,Region,Lakshadweep,0,,0,1,ANANEMWUNW,IADHS2015413044,2015-16,DHS,43,,,,1
IND,Puducherry,4228844,Number of women (unweighted),3990,0,IA,India,2015,IA2015DHS,AN_ANEM_W_UNW,114603060,U,413045,1413450,Region,Puducherry,0,,0,1,ANANEMWUNW,IADHS2015413045,2015-16,DHS,791,,,,1
IND,New Delhi,1145180,Men with any anemia,21.6,1,IA,India,2015,IA2015DHS,AN_ANEM_M_ANY,114604070,I,413000,1413000,Region,New Delhi,0,,0,1,ANANEMMANY,IADHS2015413000,2015-16,DHS,1185,478,,,1
IND,Haryana,5173475,Men with any anemia,20.9,1,IA,India,2015,IA2015DHS,AN_ANEM_M_ANY,114604070,I,413001,1413010,Region,Haryana,0,,0,1,ANANEMMANY,IADHS2015413001,2015-16,DHS,2334,3320,,,1
IND,Himachal Pradesh,3598079,Men with any anemia,20.1,1,IA,India,2015,IA2015DHS,AN_ANEM_M_ANY,114604070,I,413002,1413020,Region,Himachal Pradesh,0,,0,1,ANANEMMANY,IADHS2015413002,2015-16,DHS,847,2106,,,1
IND,"Jammu, Kashmir & Ladakh",7017555,Men with any anemia,20.6,1,IA,India,2015,IA2015DHS,AN_ANEM_M_ANY,114604070,I,413003,1413030,Region,"Jammu, Kashmir & Ladakh",0,,0,1,ANANEMMANY,IADHS2015413003,2015-16,DHS,1576,5418,,,1
IND,Punjab,7987917,Men with any anemia,25.9,1,IA,India,2015,IA2015DHS,AN_ANEM_M_ANY,114604070,I,413005,1413050,Region,Punjab,0,,0,1,ANANEMMANY,IADHS2015413005,2015-16,DHS,2355,2980,,,1
IND,Rajasthan,43831,Men with any anemia,17.2,1,IA,India,2015,IA2015DHS,AN_ANEM_M_ANY,114604070,I,413006,1413060,Region,Rajasthan,0,,0,1,ANANEMMANY,IADHS2015413006,2015-16,DHS,4924,5796,,,1
IND,"Madhya Pradesh, inc Chhattisgarh",6170388,Men with any anemia,24.6,1,IA,India,2015,IA2015DHS,AN_ANEM_M_ANY,114604070,I,413007,1413070,Region,"Madhya Pradesh, inc Chhattisgarh",0,,0,1,ANANEMMANY,IADHS2015413007,2015-16,DHS,8420,12723,,,
IND,Madhya Pradesh,5554333,Men with any anemia,25.5,1,IA,India,2015,IA2015DHS,AN_ANEM_M_ANY,114604070,I,413008,1413080,Region,..Madhya Pradesh,0,,0,1,ANANEMMANY,IADHS2015413008,2015-16,DHS,6176,9270,,,1
IND,Chhattisgarh,4406718,Men with any anemia,22.2,1,IA,India,2015,IA2015DHS,AN_ANEM_M_ANY,114604070,I,413009,1413090,Region,..Chhattisgarh,0,,0,1,ANANEMMANY,IADHS2015413009,2015-16,DHS,2244,3453,,,1
IND,"Uttar Pradesh, inc Uttarakhand",3140382,Men with any anemia,23.3,1,IA,India,2015,IA2015DHS,AN_ANEM_M_ANY,114604070,I,413010,1413100,Region,"Uttar Pradesh, inc Uttarakhand",0,,0,1,ANANEMMANY,IADHS2015413010,2015-16,DHS,14238,14613,,,
IND,Uttar Pradesh,6816052,Men with any anemia,23.7,1,IA,India,2015,IA2015DHS,AN_ANEM_M_ANY,114604070,I,413011,1413110,Region,..Uttar Pradesh,0,,0,1,ANANEMMANY,IADHS2015413011,2015-16,DHS,13521,12698,,,1
IND,Uttarakhand,4601862,Men with any anemia,15.5,1,IA,India,2015,IA2015DHS,AN_ANEM_M_ANY,114604070,I,413012,1413120,Region,..Uttarakhand,0,,0,1,ANANEMMANY,IADHS2015413012,2015-16,DHS,717,1915,,,1
IND,"Bihar, inc Jharkhand",4930086,Men with any anemia,31.7,1,IA,India,2015,IA2015DHS,AN_ANEM_M_ANY,114604070,I,413013,1413130,Region,"Bihar, inc Jharkhand",0,,0,1,ANANEMMANY,IADHS2015413013,2015-16,DHS,8587,9044,,,
IND,Bihar,5787960,Men with any anemia,32.3,1,IA,India,2015,IA2015DHS,AN_ANEM_M_ANY,114604070,I,413014,1413140,Region,..Bihar,0,,0,1,ANANEMMANY,IADHS2015413014,2015-16,DHS,6334,5352,,,1
IND,Jharkhand,1533498,Men with any anemia,29.9,1,IA,India,2015,IA2015DHS,AN_ANEM_M_ANY,114604070,I,413015,1413150,Region,..Jharkhand,0,,0,1,ANANEMMANY,IADHS2015413015,2015-16,DHS,2252,3692,,,1
IND,Odisha,4805879,Men with any anemia,28.4,1,IA,India,2015,IA2015DHS,AN_ANEM_M_ANY,114604070,I,413016,1413160,Region,Odisha,0,,0,1,ANANEMMANY,IADHS2015413016,2015-16,DHS,2913,4036,,,1
IND,West Bengal,7976985,Men with any anemia,30.3,1,IA,India,2015,IA2015DHS,AN_ANEM_M_ANY,114604070,I,413017,1413170,Region,West Bengal,0,,0,1,ANANEMMANY,IADHS2015413017,2015-16,DHS,7043,2309,,,1
IND,Arunachal Pradesh,6571109,Men with any anemia,18.6,1,IA,India,2015,IA2015DHS,AN_ANEM_M_ANY,114604070,I,413018,1413180,Region,Arunachal Pradesh,0,,0,1,ANANEMMANY,IADHS2015413018,2015-16,DHS,77,1821,,,1
IND,Assam,7151688,Men with any anemia,25.4,1,IA,India,2015,IA2015DHS,AN_ANEM_M_ANY,114604070,I,413019,1413190,Region,Assam,0,,0,1,ANANEMMANY,IADHS2015413019,2015-16,DHS,2242,3680,,,1
IND,Manipur,5159946,Men with any anemia,9.5,1,IA,India,2015,IA2015DHS,AN_ANEM_M_ANY,114604070,I,413020,1413200,Region,Manipur,0,,0,1,ANANEMMANY,IADHS2015413020,2015-16,DHS,151,1724,,,1
IND,Meghalaya,3605849,Men with any anemia,32.4,1,IA,India,2015,IA2015DHS,AN_ANEM_M_ANY,114604070,I,413021,1413210,Region,Meghalaya,0,,0,1,ANANEMMANY,IADHS2015413021,2015-16,DHS,185,1091,,,1
IND,Mizoram,441793,Men with any anemia,12.1,1,IA,India,2015,IA2015DHS,AN_ANEM_M_ANY,114604070,I,413022,1413220,Region,Mizoram,0,,0,1,ANANEMMANY,IADHS2015413022,2015-16,DHS,72,1588,,,1
IND,Nagaland,869053,Men with any anemia,11.6,1,IA,India,2015,IA2015DHS,AN_ANEM_M_ANY,114604070,I,413023,1413230,Region,Nagaland,0,,0,1,ANANEMMANY,IADHS2015413023,2015-16,DHS,90,1302,,,1
IND,Sikkim,7987918,Men with any anemia,15.7,1,IA,India,2015,IA2015DHS,AN_ANEM_M_ANY,114604070,I,413024,1413240,Region,Sikkim,0,,0,1,ANANEMMANY,IADHS2015413024,2015-16,DHS,44,796,,,1
IND,Tripura,36758,Men with any anemia,24.7,1,IA,India,2015,IA2015DHS,AN_ANEM_M_ANY,114604070,I,413025,1413250,Region,Tripura,0,,0,1,ANANEMMANY,IADHS2015413025,2015-16,DHS,358,783,,,1
IND,Goa,1213742,Men with any anemia,11,1,IA,India,2015,IA2015DHS,AN_ANEM_M_ANY,114604070,I,413026,1413260,Region,Goa,0,,0,1,ANANEMMANY,IADHS2015413026,2015-16,DHS,376,760,,,1
IND,Gujarat,824861,Men with any anemia,21.7,1,IA,India,2015,IA2015DHS,AN_ANEM_M_ANY,114604070,I,413027,1413270,Region,Gujarat,0,,0,1,ANANEMMANY,IADHS2015413027,2015-16,DHS,7801,5314,,,1
IND,Maharashtra,3131294,Men with any anemia,17.6,1,IA,India,2015,IA2015DHS,AN_ANEM_M_ANY,114604070,I,413028,1413280,Region,Maharashtra,0,,0,1,ANANEMMANY,IADHS2015413028,2015-16,DHS,9721,4199,,,1
IND,Andhra Pradesh including Telangana,3140401,Men with any anemia,22,1,IA,India,2015,IA2015DHS,AN_ANEM_M_ANY,114604070,I,413029,1413290,Region,Andhra Pradesh including Telangana,0,,0,1,ANANEMMANY,IADHS2015413029,2015-16,DHS,6738,2242,,,
IND,Andhra Pradesh,5418837,Men with any anemia,26.9,1,IA,India,2015,IA2015DHS,AN_ANEM_M_ANY,114604070,I,413046,1413292,Region,..Andhra Pradesh,0,,0,1,ANANEMMANY,IADHS2015413046,2015-16,DHS,3885,1278,,,1
IND,Telangana,3148237,Men with any anemia,15.3,1,IA,India,2015,IA2015DHS,AN_ANEM_M_ANY,114604070,I,413047,1413295,Region,..Telangana,0,,0,1,ANANEMMANY,IADHS2015413047,2015-16,DHS,2853,964,,,1
IND,Karnataka,3951822,Men with any anemia,18.2,1,IA,India,2015,IA2015DHS,AN_ANEM_M_ANY,114604070,I,413030,1413300,Region,Karnataka,0,,0,1,ANANEMMANY,IADHS2015413030,2015-16,DHS,4776,3552,,,1
IND,Kerala,3148224,Men with any anemia,11.7,1,IA,India,2015,IA2015DHS,AN_ANEM_M_ANY,114604070,I,413031,1413310,Region,Kerala,0,,0,1,ANANEMMANY,IADHS2015413031,2015-16,DHS,3101,1816,,,1
IND,Tamil Nadu,3562791,Men with any anemia,20.4,1,IA,India,2015,IA2015DHS,AN_ANEM_M_ANY,114604070,I,413032,1413320,Region,Tamil Nadu,0,,0,1,ANANEMMANY,IADHS2015413032,2015-16,DHS,8243,4696,,,1
IND,Andaman and Nicobar Islands,3131297,Men with any anemia,30.8,1,IA,India,2015,IA2015DHS,AN_ANEM_M_ANY,114604070,I,413040,1413400,Region,Andaman and Nicobar Islands,0,,0,1,ANANEMMANY,IADHS2015413040,2015-16,DHS,31,408,,,1
IND,Chandigarh,441796,Men with any anemia,19.3,1,IA,India,2015,IA2015DHS,AN_ANEM_M_ANY,114604070,I,413041,1413410,Region,Chandigarh,0,,0,1,ANANEMMANY,IADHS2015413041,2015-16,DHS,86,110,,,1
IND,Dadra and Nagar Haveli,7501549,Men with any anemia,30.7,1,IA,India,2015,IA2015DHS,AN_ANEM_M_ANY,114604070,I,413042,1413420,Region,Dadra and Nagar Haveli,0,,0,1,ANANEMMANY,IADHS2015413042,2015-16,DHS,47,188,,,1
IND,Daman and Diu,1414611,Men with any anemia,23.6,1,IA,India,2015,IA2015DHS,AN_ANEM_M_ANY,114604070,I,413043,1413430,Region,Daman and Diu,0,,0,1,ANANEMMANY,IADHS2015413043,2015-16,DHS,36,391,,,1
IND,Lakshadweep,71770,Men with any anemia,11.4,1,IA,India,2015,IA2015DHS,AN_ANEM_M_ANY,114604070,I,413044,1413440,Region,Lakshadweep,0,,0,1,ANANEMMANY,IADHS2015413044,2015-16,DHS,6,149,,,1
IND,Puducherry,5873138,Men with any anemia,15.9,1,IA,India,2015,IA2015DHS,AN_ANEM_M_ANY,114604070,I,413045,1413450,Region,Puducherry,0,,0,1,ANANEMMANY,IADHS2015413045,2015-16,DHS,122,609,,,1
IND,New Delhi,1114266,Number of men,1185,0,IA,India,2015,IA2015DHS,AN_ANEM_M_NUM,114604080,D,413000,1413000,Region,New Delhi,0,,0,1,ANANEMMNUM,IADHS2015413000,2015-16,DHS,,478,,,1
IND,Haryana,5258871,Number of men,2334,0,IA,India,2015,IA2015DHS,AN_ANEM_M_NUM,114604080,D,413001,1413010,Region,Haryana,0,,0,1,ANANEMMNUM,IADHS2015413001,2015-16,DHS,,3320,,,1
IND,Himachal Pradesh,3124927,Number of men,847,0,IA,India,2015,IA2015DHS,AN_ANEM_M_NUM,114604080,D,413002,1413020,Region,Himachal Pradesh,0,,0,1,ANANEMMNUM,IADHS2015413002,2015-16,DHS,,2106,,,1
IND,"Jammu, Kashmir & Ladakh",6931687,Number of men,1576,0,IA,India,2015,IA2015DHS,AN_ANEM_M_NUM,114604080,D,413003,1413030,Region,"Jammu, Kashmir & Ladakh",0,,0,1,ANANEMMNUM,IADHS2015413003,2015-16,DHS,,5418,,,1
IND,Punjab,1366694,Number of men,2355,0,IA,India,2015,IA2015DHS,AN_ANEM_M_NUM,114604080,D,413005,1413050,Region,Punjab,0,,0,1,ANANEMMNUM,IADHS2015413005,2015-16,DHS,,2980,,,1
IND,Rajasthan,49732,Number of men,4924,0,IA,India,2015,IA2015DHS,AN_ANEM_M_NUM,114604080,D,413006,1413060,Region,Rajasthan,0,,0,1,ANANEMMNUM,IADHS2015413006,2015-16,DHS,,5796,,,1
IND,"Madhya Pradesh, inc Chhattisgarh",6168835,Number of men,8420,0,IA,India,2015,IA2015DHS,AN_ANEM_M_NUM,114604080,D,413007,1413070,Region,"Madhya Pradesh, inc Chhattisgarh",0,,0,1,ANANEMMNUM,IADHS2015413007,2015-16,DHS,,12723,,,
IND,Madhya Pradesh,5667270,Number of men,6176,0,IA,India,2015,IA2015DHS,AN_ANEM_M_NUM,114604080,D,413008,1413080,Region,..Madhya Pradesh,0,,0,1,ANANEMMNUM,IADHS2015413008,2015-16,DHS,,9270,,,1
IND,Chhattisgarh,3140378,Number of men,2244,0,IA,India,2015,IA2015DHS,AN_ANEM_M_NUM,114604080,D,413009,1413090,Region,..Chhattisgarh,0,,0,1,ANANEMMNUM,IADHS2015413009,2015-16,DHS,,3453,,,1
IND,"Uttar Pradesh, inc Uttarakhand",3140383,Number of men,14238,0,IA,India,2015,IA2015DHS,AN_ANEM_M_NUM,114604080,D,413010,1413100,Region,"Uttar Pradesh, inc Uttarakhand",0,,0,1,ANANEMMNUM,IADHS2015413010,2015-16,DHS,,14613,,,
IND,Uttar Pradesh,6881106,Number of men,13521,0,IA,India,2015,IA2015DHS,AN_ANEM_M_NUM,114604080,D,413011,1413110,Region,..Uttar Pradesh,0,,0,1,ANANEMMNUM,IADHS2015413011,2015-16,DHS,,12698,,,1
IND,Uttarakhand,3140391,Number of men,717,0,IA,India,2015,IA2015DHS,AN_ANEM_M_NUM,114604080,D,413012,1413120,Region,..Uttarakhand,0,,0,1,ANANEMMNUM,IADHS2015413012,2015-16,DHS,,1915,,,1
IND,"Bihar, inc Jharkhand",3148231,Number of men,8587,0,IA,India,2015,IA2015DHS,AN_ANEM_M_NUM,114604080,D,413013,1413130,Region,"Bihar, inc Jharkhand",0,,0,1,ANANEMMNUM,IADHS2015413013,2015-16,DHS,,9044,,,
IND,Bihar,5879352,Number of men,6334,0,IA,India,2015,IA2015DHS,AN_ANEM_M_NUM,114604080,D,413014,1413140,Region,..Bihar,0,,0,1,ANANEMMNUM,IADHS2015413014,2015-16,DHS,,5352,,,1
IND,Jharkhand,1561582,Number of men,2252,0,IA,India,2015,IA2015DHS,AN_ANEM_M_NUM,114604080,D,413015,1413150,Region,..Jharkhand,0,,0,1,ANANEMMNUM,IADHS2015413015,2015-16,DHS,,3692,,,1
IND,Odisha,3148215,Number of men,2913,0,IA,India,2015,IA2015DHS,AN_ANEM_M_NUM,114604080,D,413016,1413160,Region,Odisha,0,,0,1,ANANEMMNUM,IADHS2015413016,2015-16,DHS,,4036,,,1
IND,West Bengal,7976986,Number of men,7043,0,IA,India,2015,IA2015DHS,AN_ANEM_M_NUM,114604080,D,413017,1413170,Region,West Bengal,0,,0,1,ANANEMMNUM,IADHS2015413017,2015-16,DHS,,2309,,,1
IND,Arunachal Pradesh,6571110,Number of men,77,0,IA,India,2015,IA2015DHS,AN_ANEM_M_NUM,114604080,D,413018,1413180,Region,Arunachal Pradesh,0,,0,1,ANANEMMNUM,IADHS2015413018,2015-16,DHS,,1821,,,1
IND,Assam,7151689,Number of men,2242,0,IA,India,2015,IA2015DHS,AN_ANEM_M_NUM,114604080,D,413019,1413190,Region,Assam,0,,0,1,ANANEMMNUM,IADHS2015413019,2015-16,DHS,,3680,,,1
IND,Manipur,5244400,Number of men,151,0,IA,India,2015,IA2015DHS,AN_ANEM_M_NUM,114604080,D,413020,1413200,Region,Manipur,0,,0,1,ANANEMMNUM,IADHS2015413020,2015-16,DHS,,1724,,,1
IND,Meghalaya,3131272,Number of men,185,0,IA,India,2015,IA2015DHS,AN_ANEM_M_NUM,114604080,D,413021,1413210,Region,Meghalaya,0,,0,1,ANANEMMNUM,IADHS2015413021,2015-16,DHS,,1091,,,1
IND,Mizoram,441794,Number of men,72,0,IA,India,2015,IA2015DHS,AN_ANEM_M_NUM,114604080,D,413022,1413220,Region,Mizoram,0,,0,1,ANANEMMNUM,IADHS2015413022,2015-16,DHS,,1588,,,1
IND,Nagaland,868859,Number of men,90,0,IA,India,2015,IA2015DHS,AN_ANEM_M_NUM,114604080,D,413023,1413230,Region,Nagaland,0,,0,1,ANANEMMNUM,IADHS2015413023,2015-16,DHS,,1302,,,1
IND,Sikkim,1366695,Number of men,44,0,IA,India,2015,IA2015DHS,AN_ANEM_M_NUM,114604080,D,413024,1413240,Region,Sikkim,0,,0,1,ANANEMMNUM,IADHS2015413024,2015-16,DHS,,796,,,1
IND,Tripura,42334,Number of men,358,0,IA,India,2015,IA2015DHS,AN_ANEM_M_NUM,114604080,D,413025,1413250,Region,Tripura,0,,0,1,ANANEMMNUM,IADHS2015413025,2015-16,DHS,,783,,,1
IND,Goa,1213714,Number of men,376,0,IA,India,2015,IA2015DHS,AN_ANEM_M_NUM,114604080,D,413026,1413260,Region,Goa,0,,0,1,ANANEMMNUM,IADHS2015413026,2015-16,DHS,,760,,,1
IND,Gujarat,824842,Number of men,7801,0,IA,India,2015,IA2015DHS,AN_ANEM_M_NUM,114604080,D,413027,1413270,Region,Gujarat,0,,0,1,ANANEMMNUM,IADHS2015413027,2015-16,DHS,,5314,,,1
IND,Maharashtra,3131295,Number of men,9721,0,IA,India,2015,IA2015DHS,AN_ANEM_M_NUM,114604080,D,413028,1413280,Region,Maharashtra,0,,0,1,ANANEMMNUM,IADHS2015413028,2015-16,DHS,,4199,,,1
IND,Andhra Pradesh including Telangana,3140384,Number of men,6738,0,IA,India,2015,IA2015DHS,AN_ANEM_M_NUM,114604080,D,413029,1413290,Region,Andhra Pradesh including Telangana,0,,0,1,ANANEMMNUM,IADHS2015413029,2015-16,DHS,,2242,,,
IND,Andhra Pradesh,5555510,Number of men,3885,0,IA,India,2015,IA2015DHS,AN_ANEM_M_NUM,114604080,D,413046,1413292,Region,..Andhra Pradesh,0,,0,1,ANANEMMNUM,IADHS2015413046,2015-16,DHS,,1278,,,1
IND,Telangana,3148223,Number of men,2853,0,IA,India,2015,IA2015DHS,AN_ANEM_M_NUM,114604080,D,413047,1413295,Region,..Telangana,0,,0,1,ANANEMMNUM,IADHS2015413047,2015-16,DHS,,964,,,1
IND,Karnataka,3131288,Number of men,4776,0,IA,India,2015,IA2015DHS,AN_ANEM_M_NUM,114604080,D,413030,1413300,Region,Karnataka,0,,0,1,ANANEMMNUM,IADHS2015413030,2015-16,DHS,,3552,,,1
IND,Kerala,3148222,Number of men,3101,0,IA,India,2015,IA2015DHS,AN_ANEM_M_NUM,114604080,D,413031,1413310,Region,Kerala,0,,0,1,ANANEMMNUM,IADHS2015413031,2015-16,DHS,,1816,,,1
IND,Tamil Nadu,3148232,Number of men,8243,0,IA,India,2015,IA2015DHS,AN_ANEM_M_NUM,114604080,D,413032,1413320,Region,Tamil Nadu,0,,0,1,ANANEMMNUM,IADHS2015413032,2015-16,DHS,,4696,,,1
IND,Andaman and Nicobar Islands,3131299,Number of men,31,0,IA,India,2015,IA2015DHS,AN_ANEM_M_NUM,114604080,D,413040,1413400,Region,Andaman and Nicobar Islands,0,,0,1,ANANEMMNUM,IADHS2015413040,2015-16,DHS,,408,,,1
IND,Chandigarh,441795,Number of men,86,0,IA,India,2015,IA2015DHS,AN_ANEM_M_NUM,114604080,D,413041,1413410,Region,Chandigarh,0,,0,1,ANANEMMNUM,IADHS2015413041,2015-16,DHS,,110,,,1
IND,Dadra and Nagar Haveli,7617801,Number of men,47,0,IA,India,2015,IA2015DHS,AN_ANEM_M_NUM,114604080,D,413042,1413420,Region,Dadra and Nagar Haveli,0,,0,1,ANANEMMNUM,IADHS2015413042,2015-16,DHS,,188,,,1
IND,Daman and Diu,1414610,Number of men,36,0,IA,India,2015,IA2015DHS,AN_ANEM_M_NUM,114604080,D,413043,1413430,Region,Daman and Diu,0,,0,1,ANANEMMNUM,IADHS2015413043,2015-16,DHS,,391,,,1
IND,Lakshadweep,79994,Number of men,6,0,IA,India,2015,IA2015DHS,AN_ANEM_M_NUM,114604080,D,413044,1413440,Region,Lakshadweep,0,,0,1,ANANEMMNUM,IADHS2015413044,2015-16,DHS,,149,,,1
IND,Puducherry,5994782,Number of men,122,0,IA,India,2015,IA2015DHS,AN_ANEM_M_NUM,114604080,D,413045,1413450,Region,Puducherry,0,,0,1,ANANEMMNUM,IADHS2015413045,2015-16,DHS,,609,,,1
IND,New Delhi,1145181,Number of men (unweighted),478,0,IA,India,2015,IA2015DHS,AN_ANEM_M_UNW,114604090,U,413000,1413000,Region,New Delhi,0,,0,1,ANANEMMUNW,IADHS2015413000,2015-16,DHS,1185,,,,1
IND,Haryana,3665215,Number of men (unweighted),3320,0,IA,India,2015,IA2015DHS,AN_ANEM_M_UNW,114604090,U,413001,1413010,Region,Haryana,0,,0,1,ANANEMMUNW,IADHS2015413001,2015-16,DHS,2334,,,,1
IND,Himachal Pradesh,3598080,Number of men (unweighted),2106,0,IA,India,2015,IA2015DHS,AN_ANEM_M_UNW,114604090,U,413002,1413020,Region,Himachal Pradesh,0,,0,1,ANANEMMUNW,IADHS2015413002,2015-16,DHS,847,,,,1
IND,"Jammu, Kashmir & Ladakh",5692769,Number of men (unweighted),5418,0,IA,India,2015,IA2015DHS,AN_ANEM_M_UNW,114604090,U,413003,1413030,Region,"Jammu, Kashmir & Ladakh",0,,0,1,ANANEMMUNW,IADHS2015413003,2015-16,DHS,1576,,,,1
IND,Punjab,3374889,Number of men (unweighted),2980,0,IA,India,2015,IA2015DHS,AN_ANEM_M_UNW,114604090,U,413005,1413050,Region,Punjab,0,,0,1,ANANEMMUNW,IADHS2015413005,2015-16,DHS,2355,,,,1
IND,Rajasthan,2874404,Number of men (unweighted),5796,0,IA,India,2015,IA2015DHS,AN_ANEM_M_UNW,114604090,U,413006,1413060,Region,Rajasthan,0,,0,1,ANANEMMUNW,IADHS2015413006,2015-16,DHS,4924,,,,1
IND,"Madhya Pradesh, inc Chhattisgarh",4888112,Number of men (unweighted),12723,0,IA,India,2015,IA2015DHS,AN_ANEM_M_UNW,114604090,U,413007,1413070,Region,"Madhya Pradesh, inc Chhattisgarh",0,,0,1,ANANEMMUNW,IADHS2015413007,2015-16,DHS,8420,,,,
IND,Madhya Pradesh,4286178,Number of men (unweighted),9270,0,IA,India,2015,IA2015DHS,AN_ANEM_M_UNW,114604090,U,413008,1413080,Region,..Madhya Pradesh,0,,0,1,ANANEMMUNW,IADHS2015413008,2015-16,DHS,6176,,,,1
IND,Chhattisgarh,4406716,Number of men (unweighted),3453,0,IA,India,2015,IA2015DHS,AN_ANEM_M_UNW,114604090,U,413009,1413090,Region,..Chhattisgarh,0,,0,1,ANANEMMUNW,IADHS2015413009,2015-16,DHS,2244,,,,1
IND,"Uttar Pradesh, inc Uttarakhand",3140405,Number of men (unweighted),14613,0,IA,India,2015,IA2015DHS,AN_ANEM_M_UNW,114604090,U,413010,1413100,Region,"Uttar Pradesh, inc Uttarakhand",0,,0,1,ANANEMMUNW,IADHS2015413010,2015-16,DHS,14238,,,,
IND,Uttar Pradesh,3899618,Number of men (unweighted),12698,0,IA,India,2015,IA2015DHS,AN_ANEM_M_UNW,114604090,U,413011,1413110,Region,..Uttar Pradesh,0,,0,1,ANANEMMUNW,IADHS2015413011,2015-16,DHS,13521,,,,1
IND,Uttarakhand,4601902,Number of men (unweighted),1915,0,IA,India,2015,IA2015DHS,AN_ANEM_M_UNW,114604090,U,413012,1413120,Region,..Uttarakhand,0,,0,1,ANANEMMUNW,IADHS2015413012,2015-16,DHS,717,,,,1
IND,"Bihar, inc Jharkhand",4930087,Number of men (unweighted),9044,0,IA,India,2015,IA2015DHS,AN_ANEM_M_UNW,114604090,U,413013,1413130,Region,"Bihar, inc Jharkhand",0,,0,1,ANANEMMUNW,IADHS2015413013,2015-16,DHS,8587,,,,
IND,Bihar,3621306,Number of men (unweighted),5352,0,IA,India,2015,IA2015DHS,AN_ANEM_M_UNW,114604090,U,413014,1413140,Region,..Bihar,0,,0,1,ANANEMMUNW,IADHS2015413014,2015-16,DHS,6334,,,,1
IND,Jharkhand,4433043,Number of men (unweighted),3692,0,IA,India,2015,IA2015DHS,AN_ANEM_M_UNW,114604090,U,413015,1413150,Region,..Jharkhand,0,,0,1,ANANEMMUNW,IADHS2015413015,2015-16,DHS,2252,,,,1
IND,Odisha,4805880,Number of men (unweighted),4036,0,IA,India,2015,IA2015DHS,AN_ANEM_M_UNW,114604090,U,413016,1413160,Region,Odisha,0,,0,1,ANANEMMUNW,IADHS2015413016,2015-16,DHS,2913,,,,1
IND,West Bengal,3140419,Number of men (unweighted),2309,0,IA,India,2015,IA2015DHS,AN_ANEM_M_UNW,114604090,U,413017,1413170,Region,West Bengal,0,,0,1,ANANEMMUNW,IADHS2015413017,2015-16,DHS,7043,,,,1
IND,Arunachal Pradesh,3131336,Number of men (unweighted),1821,0,IA,India,2015,IA2015DHS,AN_ANEM_M_UNW,114604090,U,413018,1413180,Region,Arunachal Pradesh,0,,0,1,ANANEMMUNW,IADHS2015413018,2015-16,DHS,77,,,,1
IND,Assam,3124923,Number of men (unweighted),3680,0,IA,India,2015,IA2015DHS,AN_ANEM_M_UNW,114604090,U,413019,1413190,Region,Assam,0,,0,1,ANANEMMUNW,IADHS2015413019,2015-16,DHS,2242,,,,1
IND,Manipur,3672294,Number of men (unweighted),1724,0,IA,India,2015,IA2015DHS,AN_ANEM_M_UNW,114604090,U,413020,1413200,Region,Manipur,0,,0,1,ANANEMMUNW,IADHS2015413020,2015-16,DHS,151,,,,1
IND,Meghalaya,3605850,Number of men (unweighted),1091,0,IA,India,2015,IA2015DHS,AN_ANEM_M_UNW,114604090,U,413021,1413210,Region,Meghalaya,0,,0,1,ANANEMMUNW,IADHS2015413021,2015-16,DHS,185,,,,1
IND,Mizoram,3124920,Number of men (unweighted),1588,0,IA,India,2015,IA2015DHS,AN_ANEM_M_UNW,114604090,U,413022,1413220,Region,Mizoram,0,,0,1,ANANEMMUNW,IADHS2015413022,2015-16,DHS,72,,,,1
IND,Nagaland,868942,Number of men (unweighted),1302,0,IA,India,2015,IA2015DHS,AN_ANEM_M_UNW,114604090,U,413023,1413230,Region,Nagaland,0,,0,1,ANANEMMUNW,IADHS2015413023,2015-16,DHS,90,,,,1
IND,Sikkim,3374890,Number of men (unweighted),796,0,IA,India,2015,IA2015DHS,AN_ANEM_M_UNW,114604090,U,413024,1413240,Region,Sikkim,0,,0,1,ANANEMMUNW,IADHS2015413024,2015-16,DHS,44,,,,1
IND,Tripura,3315674,Number of men (unweighted),783,0,IA,India,2015,IA2015DHS,AN_ANEM_M_UNW,114604090,U,413025,1413250,Region,Tripura,0,,0,1,ANANEMMUNW,IADHS2015413025,2015-16,DHS,358,,,,1
IND,Goa,1213143,Number of men (unweighted),760,0,IA,India,2015,IA2015DHS,AN_ANEM_M_UNW,114604090,U,413026,1413260,Region,Goa,0,,0,1,ANANEMMUNW,IADHS2015413026,2015-16,DHS,376,,,,1
IND,Gujarat,826396,Number of men (unweighted),5314,0,IA,India,2015,IA2015DHS,AN_ANEM_M_UNW,114604090,U,413027,1413270,Region,Gujarat,0,,0,1,ANANEMMUNW,IADHS2015413027,2015-16,DHS,7801,,,,1
IND,Maharashtra,3131315,Number of men (unweighted),4199,0,IA,India,2015,IA2015DHS,AN_ANEM_M_UNW,114604090,U,413028,1413280,Region,Maharashtra,0,,0,1,ANANEMMUNW,IADHS2015413028,2015-16,DHS,9721,,,,1
IND,Andhra Pradesh including Telangana,3140402,Number of men (unweighted),2242,0,IA,India,2015,IA2015DHS,AN_ANEM_M_UNW,114604090,U,413029,1413290,Region,Andhra Pradesh including Telangana,0,,0,1,ANANEMMUNW,IADHS2015413029,2015-16,DHS,6738,,,,
IND,Andhra Pradesh,4339641,Number of men (unweighted),1278,0,IA,India,2015,IA2015DHS,AN_ANEM_M_UNW,114604090,U,413046,1413292,Region,..Andhra Pradesh,0,,0,1,ANANEMMUNW,IADHS2015413046,2015-16,DHS,3885,,,,1
IND,Telangana,3148244,Number of men (unweighted),964,0,IA,India,2015,IA2015DHS,AN_ANEM_M_UNW,114604090,U,413047,1413295,Region,..Telangana,0,,0,1,ANANEMMUNW,IADHS2015413047,2015-16,DHS,2853,,,,1
IND,Karnataka,3951760,Number of men (unweighted),3552,0,IA,India,2015,IA2015DHS,AN_ANEM_M_UNW,114604090,U,413030,1413300,Region,Karnataka,0,,0,1,ANANEMMUNW,IADHS2015413030,2015-16,DHS,4776,,,,1
IND,Kerala,3148241,Number of men (unweighted),1816,0,IA,India,2015,IA2015DHS,AN_ANEM_M_UNW,114604090,U,413031,1413310,Region,Kerala,0,,0,1,ANANEMMUNW,IADHS2015413031,2015-16,DHS,3101,,,,1
IND,Tamil Nadu,3562792,Number of men (unweighted),4696,0,IA,India,2015,IA2015DHS,AN_ANEM_M_UNW,114604090,U,413032,1413320,Region,Tamil Nadu,0,,0,1,ANANEMMUNW,IADHS2015413032,2015-16,DHS,8243,,,,1
IND,Andaman and Nicobar Islands,3131302,Number of men (unweighted),408,0,IA,India,2015,IA2015DHS,AN_ANEM_M_UNW,114604090,U,413040,1413400,Region,Andaman and Nicobar Islands,0,,0,1,ANANEMMUNW,IADHS2015413040,2015-16,DHS,31,,,,1
IND,Chandigarh,3124922,Number of men (unweighted),110,0,IA,India,2015,IA2015DHS,AN_ANEM_M_UNW,114604090,U,413041,1413410,Region,Chandigarh,0,,0,1,ANANEMMUNW,IADHS2015413041,2015-16,DHS,86,,,,1
IND,Dadra and Nagar Haveli,4679524,Number of men (unweighted),188,0,IA,India,2015,IA2015DHS,AN_ANEM_M_UNW,114604090,U,413042,1413420,Region,Dadra and Nagar Haveli,0,,0,1,ANANEMMUNW,IADHS2015413042,2015-16,DHS,47,,,,1
IND,Daman and Diu,3140418,Number of men (unweighted),391,0,IA,India,2015,IA2015DHS,AN_ANEM_M_UNW,114604090,U,413043,1413430,Region,Daman and Diu,0,,0,1,ANANEMMUNW,IADHS2015413043,2015-16,DHS,36,,,,1
IND,Lakshadweep,6635841,Number of men (unweighted),149,0,IA,India,2015,IA2015DHS,AN_ANEM_M_UNW,114604090,U,413044,1413440,Region,Lakshadweep,0,,0,1,ANANEMMUNW,IADHS2015413044,2015-16,DHS,6,,,,1
IND,Puducherry,4888153,Number of men (unweighted),609,0,IA,India,2015,IA2015DHS,AN_ANEM_M_UNW,114604090,U,413045,1413450,Region,Puducherry,0,,0,1,ANANEMMUNW,IADHS2015413045,2015-16,DHS,122,,,,1
IND,New Delhi,1146205,Children with hemoglobin lower than 8.0 g/dl,11.1,1,IA,India,2015,IA2015DHS,ML_HEMO_C_HL8,125106010,I,413000,1413000,Region,New Delhi,0,,0,1,MLHEMOCHL8,IADHS2015413000,2015-16,DHS,1663,1050,,,1
IND,Haryana,4787802,Children with hemoglobin lower than 8.0 g/dl,8.4,1,IA,India,2015,IA2015DHS,ML_HEMO_C_HL8,125106010,I,413001,1413010,Region,Haryana,0,,0,1,MLHEMOCHL8,IADHS2015413001,2015-16,DHS,4855,6679,,,1
IND,Himachal Pradesh,7413376,Children with hemoglobin lower than 8.0 g/dl,6.7,1,IA,India,2015,IA2015DHS,ML_HEMO_C_HL8,125106010,I,413002,1413020,Region,Himachal Pradesh,0,,0,1,MLHEMOCHL8,IADHS2015413002,2015-16,DHS,899,2372,,,1
IND,"Jammu, Kashmir & Ladakh",596320,Children with hemoglobin lower than 8.0 g/dl,6.2,1,IA,India,2015,IA2015DHS,ML_HEMO_C_HL8,125106010,I,413003,1413030,Region,"Jammu, Kashmir & Ladakh",0,,0,1,MLHEMOCHL8,IADHS2015413003,2015-16,DHS,1860,6976,,,1
IND,Punjab,4075473,Children with hemoglobin lower than 8.0 g/dl,4.5,1,IA,India,2015,IA2015DHS,ML_HEMO_C_HL8,125106010,I,413005,1413050,Region,Punjab,0,,0,1,MLHEMOCHL8,IADHS2015413005,2015-16,DHS,3602,4550,,,1
IND,Rajasthan,2608660,Children with hemoglobin lower than 8.0 g/dl,5.7,1,IA,India,2015,IA2015DHS,ML_HEMO_C_HL8,125106010,I,413006,1413060,Region,Rajasthan,0,,0,1,MLHEMOCHL8,IADHS2015413006,2015-16,DHS,12443,14344,,,1
IND,"Madhya Pradesh, inc Chhattisgarh",6391332,Children with hemoglobin lower than 8.0 g/dl,5.5,1,IA,India,2015,IA2015DHS,ML_HEMO_C_HL8,125106010,I,413007,1413070,Region,"Madhya Pradesh, inc Chhattisgarh",0,,0,1,MLHEMOCHL8,IADHS2015413007,2015-16,DHS,19341,28229,,,
IND,Madhya Pradesh,7476821,Children with hemoglobin lower than 8.0 g/dl,6.6,1,IA,India,2015,IA2015DHS,ML_HEMO_C_HL8,125106010,I,413008,1413080,Region,..Madhya Pradesh,0,,0,1,MLHEMOCHL8,IADHS2015413008,2015-16,DHS,14424,20891,,,1
IND,Chhattisgarh,5538966,Children with hemoglobin lower than 8.0 g/dl,2.3,1,IA,India,2015,IA2015DHS,ML_HEMO_C_HL8,125106010,I,413009,1413090,Region,..Chhattisgarh,0,,0,1,MLHEMOCHL8,IADHS2015413009,2015-16,DHS,4917,7338,,,1
IND,"Uttar Pradesh, inc Uttarakhand",5562229,Children with hemoglobin lower than 8.0 g/dl,7,1,IA,India,2015,IA2015DHS,ML_HEMO_C_HL8,125106010,I,413010,1413100,Region,"Uttar Pradesh, inc Uttarakhand",0,,0,1,MLHEMOCHL8,IADHS2015413010,2015-16,DHS,38500,39635,,,
IND,Uttar Pradesh,7624795,Children with hemoglobin lower than 8.0 g/dl,7,1,IA,India,2015,IA2015DHS,ML_HEMO_C_HL8,125106010,I,413011,1413110,Region,..Uttar Pradesh,0,,0,1,MLHEMOCHL8,IADHS2015413011,2015-16,DHS,36851,34754,,,1
IND,Uttarakhand,7487494,Children with hemoglobin lower than 8.0 g/dl,6.7,1,IA,India,2015,IA2015DHS,ML_HEMO_C_HL8,125106010,I,413012,1413120,Region,..Uttarakhand,0,,0,1,MLHEMOCHL8,IADHS2015413012,2015-16,DHS,1649,4881,,,1
IND,"Bihar, inc Jharkhand",673833,Children with hemoglobin lower than 8.0 g/dl,4.8,1,IA,India,2015,IA2015DHS,ML_HEMO_C_HL8,125106010,I,413013,1413130,Region,"Bihar, inc Jharkhand",0,,0,1,MLHEMOCHL8,IADHS2015413013,2015-16,DHS,32766,32001,,,
IND,Bihar,6363454,Children with hemoglobin lower than 8.0 g/dl,4.9,1,IA,India,2015,IA2015DHS,ML_HEMO_C_HL8,125106010,I,413014,1413140,Region,..Bihar,0,,0,1,MLHEMOCHL8,IADHS2015413014,2015-16,DHS,26662,21686,,,1
IND,Jharkhand,5878357,Children with hemoglobin lower than 8.0 g/dl,4.4,1,IA,India,2015,IA2015DHS,ML_HEMO_C_HL8,125106010,I,413015,1413150,Region,..Jharkhand,0,,0,1,MLHEMOCHL8,IADHS2015413015,2015-16,DHS,6104,10315,,,1
IND,Odisha,1498546,Children with hemoglobin lower than 8.0 g/dl,2.4,1,IA,India,2015,IA2015DHS,ML_HEMO_C_HL8,125106010,I,413016,1413160,Region,Odisha,0,,0,1,MLHEMOCHL8,IADHS2015413016,2015-16,DHS,6724,9219,,,1
IND,West Bengal,4854750,Children with hemoglobin lower than 8.0 g/dl,2.3,1,IA,India,2015,IA2015DHS,ML_HEMO_C_HL8,125106010,I,413017,1413170,Region,West Bengal,0,,0,1,MLHEMOCHL8,IADHS2015413017,2015-16,DHS,14001,4490,,,1
IND,Arunachal Pradesh,2608677,Children with hemoglobin lower than 8.0 g/dl,2.8,1,IA,India,2015,IA2015DHS,ML_HEMO_C_HL8,125106010,I,413018,1413180,Region,Arunachal Pradesh,0,,0,1,MLHEMOCHL8,IADHS2015413018,2015-16,DHS,159,3934,,,1
IND,Assam,218090,Children with hemoglobin lower than 8.0 g/dl,1,1,IA,India,2015,IA2015DHS,ML_HEMO_C_HL8,125106010,I,413019,1413190,Region,Assam,0,,0,1,MLHEMOCHL8,IADHS2015413019,2015-16,DHS,4761,8103,,,1
IND,Manipur,5273251,Children with hemoglobin lower than 8.0 g/dl,0.6,1,IA,India,2015,IA2015DHS,ML_HEMO_C_HL8,125106010,I,413020,1413200,Region,Manipur,0,,0,1,MLHEMOCHL8,IADHS2015413020,2015-16,DHS,424,4972,,,1
IND,Meghalaya,6248078,Children with hemoglobin lower than 8.0 g/dl,1.8,1,IA,India,2015,IA2015DHS,ML_HEMO_C_HL8,125106010,I,413021,1413210,Region,Meghalaya,0,,0,1,MLHEMOCHL8,IADHS2015413021,2015-16,DHS,613,3606,,,1
IND,Mizoram,612684,Children with hemoglobin lower than 8.0 g/dl,1,1,IA,India,2015,IA2015DHS,ML_HEMO_C_HL8,125106010,I,413022,1413220,Region,Mizoram,0,,0,1,MLHEMOCHL8,IADHS2015413022,2015-16,DHS,183,4322,,,1
IND,Nagaland,849617,Children with hemoglobin lower than 8.0 g/dl,1.4,1,IA,India,2015,IA2015DHS,ML_HEMO_C_HL8,125106010,I,413023,1413230,Region,Nagaland,0,,0,1,MLHEMOCHL8,IADHS2015413023,2015-16,DHS,262,3654,,,1
IND,Sikkim,4075474,Children with hemoglobin lower than 8.0 g/dl,2.1,1,IA,India,2015,IA2015DHS,ML_HEMO_C_HL8,125106010,I,413024,1413240,Region,Sikkim,0,,0,1,MLHEMOCHL8,IADHS2015413024,2015-16,DHS,51,835,,,1
IND,Tripura,2615017,Children with hemoglobin lower than 8.0 g/dl,0.6,1,IA,India,2015,IA2015DHS,ML_HEMO_C_HL8,125106010,I,413025,1413250,Region,Tripura,0,,0,1,MLHEMOCHL8,IADHS2015413025,2015-16,DHS,460,1079,,,1
IND,Goa,1213599,Children with hemoglobin lower than 8.0 g/dl,1.6,1,IA,India,2015,IA2015DHS,ML_HEMO_C_HL8,125106010,I,413026,1413260,Region,Goa,0,,0,1,MLHEMOCHL8,IADHS2015413026,2015-16,DHS,187,363,,,1
IND,Gujarat,826074,Children with hemoglobin lower than 8.0 g/dl,5.7,1,IA,India,2015,IA2015DHS,ML_HEMO_C_HL8,125106010,I,413027,1413270,Region,Gujarat,0,,0,1,MLHEMOCHL8,IADHS2015413027,2015-16,DHS,8334,6339,,,1
IND,Maharashtra,5033837,Children with hemoglobin lower than 8.0 g/dl,3.4,1,IA,India,2015,IA2015DHS,ML_HEMO_C_HL8,125106010,I,413028,1413280,Region,Maharashtra,0,,0,1,MLHEMOCHL8,IADHS2015413028,2015-16,DHS,16997,8051,,,1
IND,Andhra Pradesh including Telangana,3666871,Children with hemoglobin lower than 8.0 g/dl,6.4,1,IA,India,2015,IA2015DHS,ML_HEMO_C_HL8,125106010,I,413029,1413290,Region,Andhra Pradesh including Telangana,0,,0,1,MLHEMOCHL8,IADHS2015413029,2015-16,DHS,10965,4017,,,
IND,Andhra Pradesh,2608735,Children with hemoglobin lower than 8.0 g/dl,5.6,1,IA,India,2015,IA2015DHS,ML_HEMO_C_HL8,125106010,I,413046,1413292,Region,..Andhra Pradesh,0,,0,1,MLHEMOCHL8,IADHS2015413046,2015-16,DHS,6115,2208,,,1
IND,Telangana,5039908,Children with hemoglobin lower than 8.0 g/dl,7.4,1,IA,India,2015,IA2015DHS,ML_HEMO_C_HL8,125106010,I,413047,1413295,Region,..Telangana,0,,0,1,MLHEMOCHL8,IADHS2015413047,2015-16,DHS,4850,1809,,,1
IND,Karnataka,7613255,Children with hemoglobin lower than 8.0 g/dl,3.5,1,IA,India,2015,IA2015DHS,ML_HEMO_C_HL8,125106010,I,413030,1413300,Region,Karnataka,0,,0,1,MLHEMOCHL8,IADHS2015413030,2015-16,DHS,8354,6513,,,1
IND,Kerala,7494498,Children with hemoglobin lower than 8.0 g/dl,1.5,1,IA,India,2015,IA2015DHS,ML_HEMO_C_HL8,125106010,I,413031,1413310,Region,Kerala,0,,0,1,MLHEMOCHL8,IADHS2015413031,2015-16,DHS,3721,2114,,,1
IND,Tamil Nadu,665524,Children with hemoglobin lower than 8.0 g/dl,3.1,1,IA,India,2015,IA2015DHS,ML_HEMO_C_HL8,125106010,I,413032,1413320,Region,Tamil Nadu,0,,0,1,MLHEMOCHL8,IADHS2015413032,2015-16,DHS,12479,6956,,,1
IND,Andaman and Nicobar Islands,6248079,Children with hemoglobin lower than 8.0 g/dl,2.3,1,IA,India,2015,IA2015DHS,ML_HEMO_C_HL8,125106010,I,413040,1413400,Region,Andaman and Nicobar Islands,0,,0,1,MLHEMOCHL8,IADHS2015413040,2015-16,DHS,44,617,,,1
IND,Chandigarh,7845354,Children with hemoglobin lower than 8.0 g/dl,11.8,1,IA,India,2015,IA2015DHS,ML_HEMO_C_HL8,125106010,I,413041,1413410,Region,Chandigarh,0,,0,1,MLHEMOCHL8,IADHS2015413041,2015-16,DHS,106,158,,,1
IND,Dadra and Nagar Haveli,5726297,Children with hemoglobin lower than 8.0 g/dl,5.5,1,IA,India,2015,IA2015DHS,ML_HEMO_C_HL8,125106010,I,413042,1413420,Region,Dadra and Nagar Haveli,0,,0,1,MLHEMOCHL8,IADHS2015413042,2015-16,DHS,62,274,,,1
IND,Daman and Diu,4081910,Children with hemoglobin lower than 8.0 g/dl,3.4,1,IA,India,2015,IA2015DHS,ML_HEMO_C_HL8,125106010,I,413043,1413430,Region,Daman and Diu,0,,0,1,MLHEMOCHL8,IADHS2015413043,2015-16,DHS,19,293,,,1
IND,Lakshadweep,5333985,Children with hemoglobin lower than 8.0 g/dl,2.7,1,IA,India,2015,IA2015DHS,ML_HEMO_C_HL8,125106010,I,413044,1413440,Region,Lakshadweep,0,,0,1,MLHEMOCHL8,IADHS2015413044,2015-16,DHS,10,241,,,1
IND,Puducherry,115314,Children with hemoglobin lower than 8.0 g/dl,1.8,1,IA,India,2015,IA2015DHS,ML_HEMO_C_HL8,125106010,I,413045,1413450,Region,Puducherry,0,,0,1,MLHEMOCHL8,IADHS2015413045,2015-16,DHS,191,959,,,1
IND,New Delhi,1146218,Number of children age 6-59 months,1663,0,IA,India,2015,IA2015DHS,ML_HEMO_C_NUM,125106020,D,413000,1413000,Region,New Delhi,0,,0,1,MLHEMOCNUM,IADHS2015413000,2015-16,DHS,,1050,,,1
IND,Haryana,2608695,Number of children age 6-59 months,4855,0,IA,India,2015,IA2015DHS,ML_HEMO_C_NUM,125106020,D,413001,1413010,Region,Haryana,0,,0,1,MLHEMOCNUM,IADHS2015413001,2015-16,DHS,,6679,,,1
IND,Himachal Pradesh,7416153,Number of children age 6-59 months,899,0,IA,India,2015,IA2015DHS,ML_HEMO_C_NUM,125106020,D,413002,1413020,Region,Himachal Pradesh,0,,0,1,MLHEMOCNUM,IADHS2015413002,2015-16,DHS,,2372,,,1
IND,"Jammu, Kashmir & Ladakh",592515,Number of children age 6-59 months,1860,0,IA,India,2015,IA2015DHS,ML_HEMO_C_NUM,125106020,D,413003,1413030,Region,"Jammu, Kashmir & Ladakh",0,,0,1,MLHEMOCNUM,IADHS2015413003,2015-16,DHS,,6976,,,1
IND,Punjab,2615009,Number of children age 6-59 months,3602,0,IA,India,2015,IA2015DHS,ML_HEMO_C_NUM,125106020,D,413005,1413050,Region,Punjab,0,,0,1,MLHEMOCNUM,IADHS2015413005,2015-16,DHS,,4550,,,1
IND,Rajasthan,2608661,Number of children age 6-59 months,12443,0,IA,India,2015,IA2015DHS,ML_HEMO_C_NUM,125106020,D,413006,1413060,Region,Rajasthan,0,,0,1,MLHEMOCNUM,IADHS2015413006,2015-16,DHS,,14344,,,1
IND,"Madhya Pradesh, inc Chhattisgarh",6391333,Number of children age 6-59 months,19341,0,IA,India,2015,IA2015DHS,ML_HEMO_C_NUM,125106020,D,413007,1413070,Region,"Madhya Pradesh, inc Chhattisgarh",0,,0,1,MLHEMOCNUM,IADHS2015413007,2015-16,DHS,,28229,,,
IND,Madhya Pradesh,7476822,Number of children age 6-59 months,14424,0,IA,India,2015,IA2015DHS,ML_HEMO_C_NUM,125106020,D,413008,1413080,Region,..Madhya Pradesh,0,,0,1,MLHEMOCNUM,IADHS2015413008,2015-16,DHS,,20891,,,1
IND,Chhattisgarh,5872552,Number of children age 6-59 months,4917,0,IA,India,2015,IA2015DHS,ML_HEMO_C_NUM,125106020,D,413009,1413090,Region,..Chhattisgarh,0,,0,1,MLHEMOCNUM,IADHS2015413009,2015-16,DHS,,7338,,,1
IND,"Uttar Pradesh, inc Uttarakhand",5645890,Number of children age 6-59 months,38500,0,IA,India,2015,IA2015DHS,ML_HEMO_C_NUM,125106020,D,413010,1413100,Region,"Uttar Pradesh, inc Uttarakhand",0,,0,1,MLHEMOCNUM,IADHS2015413010,2015-16,DHS,,39635,,,
IND,Uttar Pradesh,7627435,Number of children age 6-59 months,36851,0,IA,India,2015,IA2015DHS,ML_HEMO_C_NUM,125106020,D,413011,1413110,Region,..Uttar Pradesh,0,,0,1,MLHEMOCNUM,IADHS2015413011,2015-16,DHS,,34754,,,1
IND,Uttarakhand,7571111,Number of children age 6-59 months,1649,0,IA,India,2015,IA2015DHS,ML_HEMO_C_NUM,125106020,D,413012,1413120,Region,..Uttarakhand,0,,0,1,MLHEMOCNUM,IADHS2015413012,2015-16,DHS,,4881,,,1
IND,"Bihar, inc Jharkhand",673832,Number of children age 6-59 months,32766,0,IA,India,2015,IA2015DHS,ML_HEMO_C_NUM,125106020,D,413013,1413130,Region,"Bihar, inc Jharkhand",0,,0,1,MLHEMOCNUM,IADHS2015413013,2015-16,DHS,,32001,,,
IND,Bihar,6446111,Number of children age 6-59 months,26662,0,IA,India,2015,IA2015DHS,ML_HEMO_C_NUM,125106020,D,413014,1413140,Region,..Bihar,0,,0,1,MLHEMOCNUM,IADHS2015413014,2015-16,DHS,,21686,,,1
IND,Jharkhand,5907488,Number of children age 6-59 months,6104,0,IA,India,2015,IA2015DHS,ML_HEMO_C_NUM,125106020,D,413015,1413150,Region,..Jharkhand,0,,0,1,MLHEMOCNUM,IADHS2015413015,2015-16,DHS,,10315,,,1
IND,Odisha,1526565,Number of children age 6-59 months,6724,0,IA,India,2015,IA2015DHS,ML_HEMO_C_NUM,125106020,D,413016,1413160,Region,Odisha,0,,0,1,MLHEMOCNUM,IADHS2015413016,2015-16,DHS,,9219,,,1
IND,West Bengal,2622751,Number of children age 6-59 months,14001,0,IA,India,2015,IA2015DHS,ML_HEMO_C_NUM,125106020,D,413017,1413170,Region,West Bengal,0,,0,1,MLHEMOCNUM,IADHS2015413017,2015-16,DHS,,4490,,,1
IND,Arunachal Pradesh,2608681,Number of children age 6-59 months,159,0,IA,India,2015,IA2015DHS,ML_HEMO_C_NUM,125106020,D,413018,1413180,Region,Arunachal Pradesh,0,,0,1,MLHEMOCNUM,IADHS2015413018,2015-16,DHS,,3934,,,1
IND,Assam,221174,Number of children age 6-59 months,4761,0,IA,India,2015,IA2015DHS,ML_HEMO_C_NUM,125106020,D,413019,1413190,Region,Assam,0,,0,1,MLHEMOCNUM,IADHS2015413019,2015-16,DHS,,8103,,,1
IND,Manipur,5331787,Number of children age 6-59 months,424,0,IA,India,2015,IA2015DHS,ML_HEMO_C_NUM,125106020,D,413020,1413200,Region,Manipur,0,,0,1,MLHEMOCNUM,IADHS2015413020,2015-16,DHS,,4972,,,1
IND,Meghalaya,6277057,Number of children age 6-59 months,613,0,IA,India,2015,IA2015DHS,ML_HEMO_C_NUM,125106020,D,413021,1413210,Region,Meghalaya,0,,0,1,MLHEMOCNUM,IADHS2015413021,2015-16,DHS,,3606,,,1
IND,Mizoram,612683,Number of children age 6-59 months,183,0,IA,India,2015,IA2015DHS,ML_HEMO_C_NUM,125106020,D,413022,1413220,Region,Mizoram,0,,0,1,MLHEMOCNUM,IADHS2015413022,2015-16,DHS,,4322,,,1
IND,Nagaland,849656,Number of children age 6-59 months,262,0,IA,India,2015,IA2015DHS,ML_HEMO_C_NUM,125106020,D,413023,1413230,Region,Nagaland,0,,0,1,MLHEMOCNUM,IADHS2015413023,2015-16,DHS,,3654,,,1
IND,Sikkim,2615007,Number of children age 6-59 months,51,0,IA,India,2015,IA2015DHS,ML_HEMO_C_NUM,125106020,D,413024,1413240,Region,Sikkim,0,,0,1,MLHEMOCNUM,IADHS2015413024,2015-16,DHS,,835,,,1
IND,Tripura,2615020,Number of children age 6-59 months,460,0,IA,India,2015,IA2015DHS,ML_HEMO_C_NUM,125106020,D,413025,1413250,Region,Tripura,0,,0,1,MLHEMOCNUM,IADHS2015413025,2015-16,DHS,,1079,,,1
IND,Goa,1213596,Number of children age 6-59 months,187,0,IA,India,2015,IA2015DHS,ML_HEMO_C_NUM,125106020,D,413026,1413260,Region,Goa,0,,0,1,MLHEMOCNUM,IADHS2015413026,2015-16,DHS,,363,,,1
IND,Gujarat,825989,Number of children age 6-59 months,8334,0,IA,India,2015,IA2015DHS,ML_HEMO_C_NUM,125106020,D,413027,1413270,Region,Gujarat,0,,0,1,MLHEMOCNUM,IADHS2015413027,2015-16,DHS,,6339,,,1
IND,Maharashtra,5061151,Number of children age 6-59 months,16997,0,IA,India,2015,IA2015DHS,ML_HEMO_C_NUM,125106020,D,413028,1413280,Region,Maharashtra,0,,0,1,MLHEMOCNUM,IADHS2015413028,2015-16,DHS,,8051,,,1
IND,Andhra Pradesh including Telangana,2622763,Number of children age 6-59 months,10965,0,IA,India,2015,IA2015DHS,ML_HEMO_C_NUM,125106020,D,413029,1413290,Region,Andhra Pradesh including Telangana,0,,0,1,MLHEMOCNUM,IADHS2015413029,2015-16,DHS,,4017,,,
IND,Andhra Pradesh,2608699,Number of children age 6-59 months,6115,0,IA,India,2015,IA2015DHS,ML_HEMO_C_NUM,125106020,D,413046,1413292,Region,..Andhra Pradesh,0,,0,1,MLHEMOCNUM,IADHS2015413046,2015-16,DHS,,2208,,,1
IND,Telangana,5067604,Number of children age 6-59 months,4850,0,IA,India,2015,IA2015DHS,ML_HEMO_C_NUM,125106020,D,413047,1413295,Region,..Telangana,0,,0,1,MLHEMOCNUM,IADHS2015413047,2015-16,DHS,,1809,,,1
IND,Karnataka,7613254,Number of children age 6-59 months,8354,0,IA,India,2015,IA2015DHS,ML_HEMO_C_NUM,125106020,D,413030,1413300,Region,Karnataka,0,,0,1,MLHEMOCNUM,IADHS2015413030,2015-16,DHS,,6513,,,1
IND,Kerala,7570858,Number of children age 6-59 months,3721,0,IA,India,2015,IA2015DHS,ML_HEMO_C_NUM,125106020,D,413031,1413310,Region,Kerala,0,,0,1,MLHEMOCNUM,IADHS2015413031,2015-16,DHS,,2114,,,1
IND,Tamil Nadu,673831,Number of children age 6-59 months,12479,0,IA,India,2015,IA2015DHS,ML_HEMO_C_NUM,125106020,D,413032,1413320,Region,Tamil Nadu,0,,0,1,MLHEMOCNUM,IADHS2015413032,2015-16,DHS,,6956,,,1
IND,Andaman and Nicobar Islands,6277058,Number of children age 6-59 months,44,0,IA,India,2015,IA2015DHS,ML_HEMO_C_NUM,125106020,D,413040,1413400,Region,Andaman and Nicobar Islands,0,,0,1,MLHEMOCNUM,IADHS2015413040,2015-16,DHS,,617,,,1
IND,Chandigarh,7845355,Number of children age 6-59 months,106,0,IA,India,2015,IA2015DHS,ML_HEMO_C_NUM,125106020,D,413041,1413410,Region,Chandigarh,0,,0,1,MLHEMOCNUM,IADHS2015413041,2015-16,DHS,,158,,,1
IND,Dadra and Nagar Haveli,5809028,Number of children age 6-59 months,62,0,IA,India,2015,IA2015DHS,ML_HEMO_C_NUM,125106020,D,413042,1413420,Region,Dadra and Nagar Haveli,0,,0,1,MLHEMOCNUM,IADHS2015413042,2015-16,DHS,,274,,,1
IND,Daman and Diu,2622753,Number of children age 6-59 months,19,0,IA,India,2015,IA2015DHS,ML_HEMO_C_NUM,125106020,D,413043,1413430,Region,Daman and Diu,0,,0,1,MLHEMOCNUM,IADHS2015413043,2015-16,DHS,,293,,,1
IND,Lakshadweep,5306152,Number of children age 6-59 months,10,0,IA,India,2015,IA2015DHS,ML_HEMO_C_NUM,125106020,D,413044,1413440,Region,Lakshadweep,0,,0,1,MLHEMOCNUM,IADHS2015413044,2015-16,DHS,,241,,,1
IND,Puducherry,140173,Number of children age 6-59 months,191,0,IA,India,2015,IA2015DHS,ML_HEMO_C_NUM,125106020,D,413045,1413450,Region,Puducherry,0,,0,1,MLHEMOCNUM,IADHS2015413045,2015-16,DHS,,959,,,1
IND,New Delhi,1114041,Number of children age 6-59 months (unweighted),1050,0,IA,India,2015,IA2015DHS,ML_HEMO_C_UNW,125106030,U,413000,1413000,Region,New Delhi,0,,0,1,MLHEMOCUNW,IADHS2015413000,2015-16,DHS,1663,,,,1
IND,Haryana,4787800,Number of children age 6-59 months (unweighted),6679,0,IA,India,2015,IA2015DHS,ML_HEMO_C_UNW,125106030,U,413001,1413010,Region,Haryana,0,,0,1,MLHEMOCUNW,IADHS2015413001,2015-16,DHS,4855,,,,1
IND,Himachal Pradesh,3402410,Number of children age 6-59 months (unweighted),2372,0,IA,India,2015,IA2015DHS,ML_HEMO_C_UNW,125106030,U,413002,1413020,Region,Himachal Pradesh,0,,0,1,MLHEMOCUNW,IADHS2015413002,2015-16,DHS,899,,,,1
IND,"Jammu, Kashmir & Ladakh",5612999,Number of children age 6-59 months (unweighted),6976,0,IA,India,2015,IA2015DHS,ML_HEMO_C_UNW,125106030,U,413003,1413030,Region,"Jammu, Kashmir & Ladakh",0,,0,1,MLHEMOCUNW,IADHS2015413003,2015-16,DHS,1860,,,,1
IND,Punjab,4075475,Number of children age 6-59 months (unweighted),4550,0,IA,India,2015,IA2015DHS,ML_HEMO_C_UNW,125106030,U,413005,1413050,Region,Punjab,0,,0,1,MLHEMOCUNW,IADHS2015413005,2015-16,DHS,3602,,,,1
IND,Rajasthan,2608689,Number of children age 6-59 months (unweighted),14344,0,IA,India,2015,IA2015DHS,ML_HEMO_C_UNW,125106030,U,413006,1413060,Region,Rajasthan,0,,0,1,MLHEMOCUNW,IADHS2015413006,2015-16,DHS,12443,,,,1
IND,"Madhya Pradesh, inc Chhattisgarh",2622783,Number of children age 6-59 months (unweighted),28229,0,IA,India,2015,IA2015DHS,ML_HEMO_C_UNW,125106030,U,413007,1413070,Region,"Madhya Pradesh, inc Chhattisgarh",0,,0,1,MLHEMOCUNW,IADHS2015413007,2015-16,DHS,19341,,,,
IND,Madhya Pradesh,2608702,Number of children age 6-59 months (unweighted),20891,0,IA,India,2015,IA2015DHS,ML_HEMO_C_UNW,125106030,U,413008,1413080,Region,..Madhya Pradesh,0,,0,1,MLHEMOCUNW,IADHS2015413008,2015-16,DHS,14424,,,,1
IND,Chhattisgarh,3700128,Number of children age 6-59 months (unweighted),7338,0,IA,India,2015,IA2015DHS,ML_HEMO_C_UNW,125106030,U,413009,1413090,Region,..Chhattisgarh,0,,0,1,MLHEMOCUNW,IADHS2015413009,2015-16,DHS,4917,,,,1
IND,"Uttar Pradesh, inc Uttarakhand",4910384,Number of children age 6-59 months (unweighted),39635,0,IA,India,2015,IA2015DHS,ML_HEMO_C_UNW,125106030,U,413010,1413100,Region,"Uttar Pradesh, inc Uttarakhand",0,,0,1,MLHEMOCUNW,IADHS2015413010,2015-16,DHS,38500,,,,
IND,Uttar Pradesh,3451258,Number of children age 6-59 months (unweighted),34754,0,IA,India,2015,IA2015DHS,ML_HEMO_C_UNW,125106030,U,413011,1413110,Region,..Uttar Pradesh,0,,0,1,MLHEMOCUNW,IADHS2015413011,2015-16,DHS,36851,,,,1
IND,Uttarakhand,4629643,Number of children age 6-59 months (unweighted),4881,0,IA,India,2015,IA2015DHS,ML_HEMO_C_UNW,125106030,U,413012,1413120,Region,..Uttarakhand,0,,0,1,MLHEMOCUNW,IADHS2015413012,2015-16,DHS,1649,,,,1
IND,"Bihar, inc Jharkhand",2622278,Number of children age 6-59 months (unweighted),32001,0,IA,India,2015,IA2015DHS,ML_HEMO_C_UNW,125106030,U,413013,1413130,Region,"Bihar, inc Jharkhand",0,,0,1,MLHEMOCUNW,IADHS2015413013,2015-16,DHS,32766,,,,
IND,Bihar,4372751,Number of children age 6-59 months (unweighted),21686,0,IA,India,2015,IA2015DHS,ML_HEMO_C_UNW,125106030,U,413014,1413140,Region,..Bihar,0,,0,1,MLHEMOCUNW,IADHS2015413014,2015-16,DHS,26662,,,,1
IND,Jharkhand,3618876,Number of children age 6-59 months (unweighted),10315,0,IA,India,2015,IA2015DHS,ML_HEMO_C_UNW,125106030,U,413015,1413150,Region,..Jharkhand,0,,0,1,MLHEMOCUNW,IADHS2015413015,2015-16,DHS,6104,,,,1
IND,Odisha,4498805,Number of children age 6-59 months (unweighted),9219,0,IA,India,2015,IA2015DHS,ML_HEMO_C_UNW,125106030,U,413016,1413160,Region,Odisha,0,,0,1,MLHEMOCUNW,IADHS2015413016,2015-16,DHS,6724,,,,1
IND,West Bengal,4854787,Number of children age 6-59 months (unweighted),4490,0,IA,India,2015,IA2015DHS,ML_HEMO_C_UNW,125106030,U,413017,1413170,Region,West Bengal,0,,0,1,MLHEMOCUNW,IADHS2015413017,2015-16,DHS,14001,,,,1
IND,Arunachal Pradesh,2608703,Number of children age 6-59 months (unweighted),3934,0,IA,India,2015,IA2015DHS,ML_HEMO_C_UNW,125106030,U,413018,1413180,Region,Arunachal Pradesh,0,,0,1,MLHEMOCUNW,IADHS2015413018,2015-16,DHS,159,,,,1
IND,Assam,4158033,Number of children age 6-59 months (unweighted),8103,0,IA,India,2015,IA2015DHS,ML_HEMO_C_UNW,125106030,U,413019,1413190,Region,Assam,0,,0,1,MLHEMOCUNW,IADHS2015413019,2015-16,DHS,4761,,,,1
IND,Manipur,4800946,Number of children age 6-59 months (unweighted),4972,0,IA,India,2015,IA2015DHS,ML_HEMO_C_UNW,125106030,U,413020,1413200,Region,Manipur,0,,0,1,MLHEMOCUNW,IADHS2015413020,2015-16,DHS,424,,,,1
IND,Meghalaya,3387742,Number of children age 6-59 months (unweighted),3606,0,IA,India,2015,IA2015DHS,ML_HEMO_C_UNW,125106030,U,413021,1413210,Region,Meghalaya,0,,0,1,MLHEMOCUNW,IADHS2015413021,2015-16,DHS,613,,,,1
IND,Mizoram,2615027,Number of children age 6-59 months (unweighted),4322,0,IA,India,2015,IA2015DHS,ML_HEMO_C_UNW,125106030,U,413022,1413220,Region,Mizoram,0,,0,1,MLHEMOCUNW,IADHS2015413022,2015-16,DHS,183,,,,1
IND,Nagaland,868921,Number of children age 6-59 months (unweighted),3654,0,IA,India,2015,IA2015DHS,ML_HEMO_C_UNW,125106030,U,413023,1413230,Region,Nagaland,0,,0,1,MLHEMOCUNW,IADHS2015413023,2015-16,DHS,262,,,,1
IND,Sikkim,4075476,Number of children age 6-59 months (unweighted),835,0,IA,India,2015,IA2015DHS,ML_HEMO_C_UNW,125106030,U,413024,1413240,Region,Sikkim,0,,0,1,MLHEMOCUNW,IADHS2015413024,2015-16,DHS,51,,,,1
IND,Tripura,2615028,Number of children age 6-59 months (unweighted),1079,0,IA,India,2015,IA2015DHS,ML_HEMO_C_UNW,125106030,U,413025,1413250,Region,Tripura,0,,0,1,MLHEMOCUNW,IADHS2015413025,2015-16,DHS,460,,,,1
IND,Goa,1213325,Number of children age 6-59 months (unweighted),363,0,IA,India,2015,IA2015DHS,ML_HEMO_C_UNW,125106030,U,413026,1413260,Region,Goa,0,,0,1,MLHEMOCUNW,IADHS2015413026,2015-16,DHS,187,,,,1
IND,Gujarat,826643,Number of children age 6-59 months (unweighted),6339,0,IA,India,2015,IA2015DHS,ML_HEMO_C_UNW,125106030,U,413027,1413270,Region,Gujarat,0,,0,1,MLHEMOCUNW,IADHS2015413027,2015-16,DHS,8334,,,,1
IND,Maharashtra,3692515,Number of children age 6-59 months (unweighted),8051,0,IA,India,2015,IA2015DHS,ML_HEMO_C_UNW,125106030,U,413028,1413280,Region,Maharashtra,0,,0,1,MLHEMOCUNW,IADHS2015413028,2015-16,DHS,16997,,,,1
IND,Andhra Pradesh including Telangana,3666872,Number of children age 6-59 months (unweighted),4017,0,IA,India,2015,IA2015DHS,ML_HEMO_C_UNW,125106030,U,413029,1413290,Region,Andhra Pradesh including Telangana,0,,0,1,MLHEMOCUNW,IADHS2015413029,2015-16,DHS,10965,,,,
IND,Andhra Pradesh,2608734,Number of children age 6-59 months (unweighted),2208,0,IA,India,2015,IA2015DHS,ML_HEMO_C_UNW,125106030,U,413046,1413292,Region,..Andhra Pradesh,0,,0,1,MLHEMOCUNW,IADHS2015413046,2015-16,DHS,6115,,,,1
IND,Telangana,3706775,Number of children age 6-59 months (unweighted),1809,0,IA,India,2015,IA2015DHS,ML_HEMO_C_UNW,125106030,U,413047,1413295,Region,..Telangana,0,,0,1,MLHEMOCUNW,IADHS2015413047,2015-16,DHS,4850,,,,1
IND,Karnataka,2608733,Number of children age 6-59 months (unweighted),6513,0,IA,India,2015,IA2015DHS,ML_HEMO_C_UNW,125106030,U,413030,1413300,Region,Karnataka,0,,0,1,MLHEMOCUNW,IADHS2015413030,2015-16,DHS,8354,,,,1
IND,Kerala,4636509,Number of children age 6-59 months (unweighted),2114,0,IA,India,2015,IA2015DHS,ML_HEMO_C_UNW,125106030,U,413031,1413310,Region,Kerala,0,,0,1,MLHEMOCUNW,IADHS2015413031,2015-16,DHS,3721,,,,1
IND,Tamil Nadu,3423093,Number of children age 6-59 months (unweighted),6956,0,IA,India,2015,IA2015DHS,ML_HEMO_C_UNW,125106030,U,413032,1413320,Region,Tamil Nadu,0,,0,1,MLHEMOCUNW,IADHS2015413032,2015-16,DHS,12479,,,,1
IND,Andaman and Nicobar Islands,3387743,Number of children age 6-59 months (unweighted),617,0,IA,India,2015,IA2015DHS,ML_HEMO_C_UNW,125106030,U,413040,1413400,Region,Andaman and Nicobar Islands,0,,0,1,MLHEMOCUNW,IADHS2015413040,2015-16,DHS,44,,,,1
IND,Chandigarh,2615029,Number of children age 6-59 months (unweighted),158,0,IA,India,2015,IA2015DHS,ML_HEMO_C_UNW,125106030,U,413041,1413410,Region,Chandigarh,0,,0,1,MLHEMOCUNW,IADHS2015413041,2015-16,DHS,106,,,,1
IND,Dadra and Nagar Haveli,4420336,Number of children age 6-59 months (unweighted),274,0,IA,India,2015,IA2015DHS,ML_HEMO_C_UNW,125106030,U,413042,1413420,Region,Dadra and Nagar Haveli,0,,0,1,MLHEMOCUNW,IADHS2015413042,2015-16,DHS,62,,,,1
IND,Daman and Diu,4081913,Number of children age 6-59 months (unweighted),293,0,IA,India,2015,IA2015DHS,ML_HEMO_C_UNW,125106030,U,413043,1413430,Region,Daman and Diu,0,,0,1,MLHEMOCUNW,IADHS2015413043,2015-16,DHS,19,,,,1
IND,Lakshadweep,6588338,Number of children age 6-59 months (unweighted),241,0,IA,India,2015,IA2015DHS,ML_HEMO_C_UNW,125106030,U,413044,1413440,Region,Lakshadweep,0,,0,1,MLHEMOCUNW,IADHS2015413044,2015-16,DHS,10,,,,1
IND,Puducherry,4083666,Number of children age 6-59 months (unweighted),959,0,IA,India,2015,IA2015DHS,ML_HEMO_C_UNW,125106030,U,413045,1413450,Region,Puducherry,0,,0,1,MLHEMOCUNW,IADHS2015413045,2015-16,DHS,191,,,,1
IND,New Delhi,4763679,Children with any anemia,69.6,1,IA,India,2020,IA2020DHS,CN_ANMC_C_ANY,104466010,I,413000,1413000,Region,New Delhi,0,,0,1,CNANMCCANY,IADHS2020413000,2019-21,DHS,2108,2154,,,1
IND,Haryana,6573022,Children with any anemia,70.8,1,IA,India,2020,IA2020DHS,CN_ANMC_C_ANY,104466010,I,413001,1413010,Region,Haryana,0,,0,1,CNANMCCANY,IADHS2020413001,2019-21,DHS,3304,5258,,,1
IND,Himachal Pradesh,1305163,Children with any anemia,55.1,1,IA,India,2020,IA2020DHS,CN_ANMC_C_ANY,104466010,I,413002,1413020,Region,Himachal Pradesh,0,,0,1,CNANMCCANY,IADHS2020413002,2019-21,DHS,801,2208,,,1
IND,"Jammu, Kashmir & Ladakh",6488747,Children with any anemia,73,1,IA,India,2020,IA2020DHS,CN_ANMC_C_ANY,104466010,I,413003,1413030,Region,"Jammu, Kashmir & Ladakh",0,,0,1,CNANMCCANY,IADHS2020413003,2019-21,DHS,1400,5407,,,1
IND,Jammu & Kashmir,3517432,Children with any anemia,72.7,1,IA,India,2020,IA2020DHS,CN_ANMC_C_ANY,104466010,I,413050,1413035,Region,..Jammu & Kashmir,0,,0,1,CNANMCCANY,IADHS2020413050,2019-21,DHS,1377,4962,,,1
IND,Ladakh,6935093,Children with any anemia,92,1,IA,India,2020,IA2020DHS,CN_ANMC_C_ANY,104466010,I,413051,1413045,Region,..Ladakh,0,,0,1,CNANMCCANY,IADHS2020413051,2019-21,DHS,23,445,,,1
IND,Punjab,5900768,Children with any anemia,71.5,1,IA,India,2020,IA2020DHS,CN_ANMC_C_ANY,104466010,I,413005,1413050,Region,Punjab,0,,0,1,CNANMCCANY,IADHS2020413005,2019-21,DHS,2948,4268,,,1
IND,Rajasthan,6637474,Children with any anemia,71.5,1,IA,India,2020,IA2020DHS,CN_ANMC_C_ANY,104466010,I,413006,1413060,Region,Rajasthan,0,,0,1,CNANMCCANY,IADHS2020413006,2019-21,DHS,11821,11602,,,1
IND,"Madhya Pradesh, inc Chhattisgarh",4720987,Children with any anemia,72,1,IA,India,2020,IA2020DHS,CN_ANMC_C_ANY,104466010,I,413007,1413070,Region,"Madhya Pradesh, inc Chhattisgarh",0,,0,1,CNANMCCANY,IADHS2020413007,2019-21,DHS,14132,19010,,,
IND,Madhya Pradesh,6880499,Children with any anemia,73.6,1,IA,India,2020,IA2020DHS,CN_ANMC_C_ANY,104466010,I,413008,1413080,Region,..Madhya Pradesh,0,,0,1,CNANMCCANY,IADHS2020413008,2019-21,DHS,10083,12220,,,1
IND,Chhattisgarh,3411374,Children with any anemia,68.1,1,IA,India,2020,IA2020DHS,CN_ANMC_C_ANY,104466010,I,413009,1413090,Region,..Chhattisgarh,0,,0,1,CNANMCCANY,IADHS2020413009,2019-21,DHS,4049,6790,,,1
IND,"Uttar Pradesh, inc Uttarakhand",593133,Children with any anemia,66.9,1,IA,India,2020,IA2020DHS,CN_ANMC_C_ANY,104466010,I,413010,1413100,Region,"Uttar Pradesh, inc Uttarakhand",0,,0,1,CNANMCCANY,IADHS2020413010,2019-21,DHS,34301,29483,,,
IND,Uttar Pradesh,1080991,Children with any anemia,67.2,1,IA,India,2020,IA2020DHS,CN_ANMC_C_ANY,104466010,I,413011,1413110,Region,..Uttar Pradesh,0,,0,1,CNANMCCANY,IADHS2020413011,2019-21,DHS,33061,26585,,,1
IND,Uttarakhand,3539678,Children with any anemia,58.8,1,IA,India,2020,IA2020DHS,CN_ANMC_C_ANY,104466010,I,413012,1413120,Region,..Uttarakhand,0,,0,1,CNANMCCANY,IADHS2020413012,2019-21,DHS,1240,2898,,,1
IND,"Bihar, inc Jharkhand",223098,Children with any anemia,70.2,1,IA,India,2020,IA2020DHS,CN_ANMC_C_ANY,104466010,I,413013,1413130,Region,"Bihar, inc Jharkhand",0,,0,1,CNANMCCANY,IADHS2020413013,2019-21,DHS,29068,24474,,,
IND,Bihar,4956711,Children with any anemia,70.5,1,IA,India,2020,IA2020DHS,CN_ANMC_C_ANY,104466010,I,413014,1413140,Region,..Bihar,0,,0,1,CNANMCCANY,IADHS2020413014,2019-21,DHS,23615,16633,,,1
IND,Jharkhand,6240513,Children with any anemia,69.2,1,IA,India,2020,IA2020DHS,CN_ANMC_C_ANY,104466010,I,413015,1413150,Region,..Jharkhand,0,,0,1,CNANMCCANY,IADHS2020413015,2019-21,DHS,5453,7841,,,1
IND,Odisha,3755070,Children with any anemia,65.4,1,IA,India,2020,IA2020DHS,CN_ANMC_C_ANY,104466010,I,413016,1413160,Region,Odisha,0,,0,1,CNANMCCANY,IADHS2020413016,2019-21,DHS,5785,6940,,,1
IND,West Bengal,5929374,Children with any anemia,69.1,1,IA,India,2020,IA2020DHS,CN_ANMC_C_ANY,104466010,I,413017,1413170,Region,West Bengal,0,,0,1,CNANMCCANY,IADHS2020413017,2019-21,DHS,13309,4696,,,1
IND,Arunachal Pradesh,7575182,Children with any anemia,56.1,1,IA,India,2020,IA2020DHS,CN_ANMC_C_ANY,104466010,I,413018,1413180,Region,Arunachal Pradesh,0,,0,1,CNANMCCANY,IADHS2020413018,2019-21,DHS,146,4649,,,1
IND,Assam,4756467,Children with any anemia,70.3,1,IA,India,2020,IA2020DHS,CN_ANMC_C_ANY,104466010,I,413019,1413190,Region,Assam,0,,0,1,CNANMCCANY,IADHS2020413019,2019-21,DHS,4862,8763,,,1
IND,Manipur,163451,Children with any anemia,43.1,1,IA,India,2020,IA2020DHS,CN_ANMC_C_ANY,104466010,I,413020,1413200,Region,Manipur,0,,0,1,CNANMCCANY,IADHS2020413020,2019-21,DHS,386,2764,,,1
IND,Meghalaya,3815188,Children with any anemia,44.2,1,IA,India,2020,IA2020DHS,CN_ANMC_C_ANY,104466010,I,413021,1413210,Region,Meghalaya,0,,0,1,CNANMCCANY,IADHS2020413021,2019-21,DHS,700,5523,,,1
IND,Mizoram,6495994,Children with any anemia,48.3,1,IA,India,2020,IA2020DHS,CN_ANMC_C_ANY,104466010,I,413022,1413220,Region,Mizoram,0,,0,1,CNANMCCANY,IADHS2020413022,2019-21,DHS,142,2054,,,1
IND,Nagaland,1517345,Children with any anemia,42.7,1,IA,India,2020,IA2020DHS,CN_ANMC_C_ANY,104466010,I,413023,1413230,Region,Nagaland,0,,0,1,CNANMCCANY,IADHS2020413023,2019-21,DHS,186,2613,,,1
IND,Sikkim,4248663,Children with any anemia,55.6,1,IA,India,2020,IA2020DHS,CN_ANMC_C_ANY,104466010,I,413024,1413240,Region,Sikkim,0,,0,1,CNANMCCANY,IADHS2020413024,2019-21,DHS,40,477,,,1
IND,Tripura,6633905,Children with any anemia,64.4,1,IA,India,2020,IA2020DHS,CN_ANMC_C_ANY,104466010,I,413025,1413250,Region,Tripura,0,,0,1,CNANMCCANY,IADHS2020413025,2019-21,DHS,511,1751,,,1
IND,Goa,4714487,Children with any anemia,53.5,1,IA,India,2020,IA2020DHS,CN_ANMC_C_ANY,104466010,I,413026,1413260,Region,Goa,0,,0,1,CNANMCCANY,IADHS2020413026,2019-21,DHS,151,275,,,1
IND,Gujarat,6873174,Children with any anemia,80.1,1,IA,India,2020,IA2020DHS,CN_ANMC_C_ANY,104466010,I,413027,1413270,Region,Gujarat,0,,0,1,CNANMCCANY,IADHS2020413027,2019-21,DHS,8019,8086,,,1
IND,Maharashtra,7433318,Children with any anemia,69.9,1,IA,India,2020,IA2020DHS,CN_ANMC_C_ANY,104466010,I,413028,1413280,Region,Maharashtra,0,,0,1,CNANMCCANY,IADHS2020413028,2019-21,DHS,14633,7764,,,1
IND,Andhra Pradesh including Telangana,607747,Children with any anemia,66.6,1,IA,India,2020,IA2020DHS,CN_ANMC_C_ANY,104466010,I,413029,1413290,Region,Andhra Pradesh including Telangana,0,,0,1,CNANMCCANY,IADHS2020413029,2019-21,DHS,9290,7635,,,
IND,Andhra Pradesh,6858141,Children with any anemia,64.2,1,IA,India,2020,IA2020DHS,CN_ANMC_C_ANY,104466010,I,413046,1413292,Region,..Andhra Pradesh,0,,0,1,CNANMCCANY,IADHS2020413046,2019-21,DHS,5628,2166,,,1
IND,Telangana,7447665,Children with any anemia,70.3,1,IA,India,2020,IA2020DHS,CN_ANMC_C_ANY,104466010,I,413047,1413295,Region,..Telangana,0,,0,1,CNANMCCANY,IADHS2020413047,2019-21,DHS,3661,5469,,,1
IND,Karnataka,4992469,Children with any anemia,66.3,1,IA,India,2020,IA2020DHS,CN_ANMC_C_ANY,104466010,I,413030,1413300,Region,Karnataka,0,,0,1,CNANMCCANY,IADHS2020413030,2019-21,DHS,7929,6634,,,1
IND,Kerala,3533411,Children with any anemia,39.4,1,IA,India,2020,IA2020DHS,CN_ANMC_C_ANY,104466010,I,413031,1413310,Region,Kerala,0,,0,1,CNANMCCANY,IADHS2020413031,2019-21,DHS,3677,2242,,,1
IND,Tamil Nadu,6935051,Children with any anemia,57.5,1,IA,India,2020,IA2020DHS,CN_ANMC_C_ANY,104466010,I,413032,1413320,Region,Tamil Nadu,0,,0,1,CNANMCCANY,IADHS2020413032,2019-21,DHS,8892,5348,,,1
IND,Andaman and Nicobar Islands,7072023,Children with any anemia,40,1,IA,India,2020,IA2020DHS,CN_ANMC_C_ANY,104466010,I,413040,1413400,Region,Andaman and Nicobar Islands,0,,0,1,CNANMCCANY,IADHS2020413040,2019-21,DHS,34,385,,,1
IND,Chandigarh,6450435,Children with any anemia,53.7,1,IA,India,2020,IA2020DHS,CN_ANMC_C_ANY,104466010,I,413041,1413410,Region,Chandigarh,0,,0,1,CNANMCCANY,IADHS2020413041,2019-21,DHS,85,128,,,1
IND,"Dadra and Nagar Haveli, Daman and Diu",1295073,Children with any anemia,77,1,IA,India,2020,IA2020DHS,CN_ANMC_C_ANY,104466010,I,413052,1413415,Region,"Dadra and Nagar Haveli, Daman and Diu",0,,0,1,CNANMCCANY,IADHS2020413052,2019-21,DHS,74,664,,,1
IND,Lakshadweep,5629561,Children with any anemia,43.1,1,IA,India,2020,IA2020DHS,CN_ANMC_C_ANY,104466010,I,413044,1413440,Region,Lakshadweep,0,,0,1,CNANMCCANY,IADHS2020413044,2019-21,DHS,8,220,,,1
IND,Puducherry,3513157,Children with any anemia,64,1,IA,India,2020,IA2020DHS,CN_ANMC_C_ANY,104466010,I,413045,1413450,Region,Puducherry,0,,0,1,CNANMCCANY,IADHS2020413045,2019-21,DHS,120,641,,,1
IND,New Delhi,4763680,Children with mild anemia,26.7,1,IA,India,2020,IA2020DHS,CN_ANMC_C_MLD,104466020,I,413000,1413000,Region,New Delhi,0,,0,1,CNANMCCMLD,IADHS2020413000,2019-21,DHS,2108,2154,,,1
IND,Haryana,6573020,Children with mild anemia,26.3,1,IA,India,2020,IA2020DHS,CN_ANMC_C_MLD,104466020,I,413001,1413010,Region,Haryana,0,,0,1,CNANMCCMLD,IADHS2020413001,2019-21,DHS,3304,5258,,,1
IND,Himachal Pradesh,1305017,Children with mild anemia,26.2,1,IA,India,2020,IA2020DHS,CN_ANMC_C_MLD,104466020,I,413002,1413020,Region,Himachal Pradesh,0,,0,1,CNANMCCMLD,IADHS2020413002,2019-21,DHS,801,2208,,,1
IND,"Jammu, Kashmir & Ladakh",6488745,Children with mild anemia,22.8,1,IA,India,2020,IA2020DHS,CN_ANMC_C_MLD,104466020,I,413003,1413030,Region,"Jammu, Kashmir & Ladakh",0,,0,1,CNANMCCMLD,IADHS2020413003,2019-21,DHS,1400,5407,,,1
IND,Jammu & Kashmir,3517435,Children with mild anemia,23.1,1,IA,India,2020,IA2020DHS,CN_ANMC_C_MLD,104466020,I,413050,1413035,Region,..Jammu & Kashmir,0,,0,1,CNANMCCMLD,IADHS2020413050,2019-21,DHS,1377,4962,,,1
IND,Ladakh,6935095,Children with mild anemia,6.5,1,IA,India,2020,IA2020DHS,CN_ANMC_C_MLD,104466020,I,413051,1413045,Region,..Ladakh,0,,0,1,CNANMCCMLD,IADHS2020413051,2019-21,DHS,23,445,,,1
IND,Punjab,5900766,Children with mild anemia,25.5,1,IA,India,2020,IA2020DHS,CN_ANMC_C_MLD,104466020,I,413005,1413050,Region,Punjab,0,,0,1,CNANMCCMLD,IADHS2020413005,2019-21,DHS,2948,4268,,,1
IND,Rajasthan,6637469,Children with mild anemia,31,1,IA,India,2020,IA2020DHS,CN_ANMC_C_MLD,104466020,I,413006,1413060,Region,Rajasthan,0,,0,1,CNANMCCMLD,IADHS2020413006,2019-21,DHS,11821,11602,,,1
IND,"Madhya Pradesh, inc Chhattisgarh",4720979,Children with mild anemia,27.8,1,IA,India,2020,IA2020DHS,CN_ANMC_C_MLD,104466020,I,413007,1413070,Region,"Madhya Pradesh, inc Chhattisgarh",0,,0,1,CNANMCCMLD,IADHS2020413007,2019-21,DHS,14132,19010,,,
IND,Madhya Pradesh,6880451,Children with mild anemia,27.7,1,IA,India,2020,IA2020DHS,CN_ANMC_C_MLD,104466020,I,413008,1413080,Region,..Madhya Pradesh,0,,0,1,CNANMCCMLD,IADHS2020413008,2019-21,DHS,10083,12220,,,1
IND,Chhattisgarh,3411346,Children with mild anemia,28.1,1,IA,India,2020,IA2020DHS,CN_ANMC_C_MLD,104466020,I,413009,1413090,Region,..Chhattisgarh,0,,0,1,CNANMCCMLD,IADHS2020413009,2019-21,DHS,4049,6790,,,1
IND,"Uttar Pradesh, inc Uttarakhand",593121,Children with mild anemia,28.3,1,IA,India,2020,IA2020DHS,CN_ANMC_C_MLD,104466020,I,413010,1413100,Region,"Uttar Pradesh, inc Uttarakhand",0,,0,1,CNANMCCMLD,IADHS2020413010,2019-21,DHS,34301,29483,,,
IND,Uttar Pradesh,1080989,Children with mild anemia,28.4,1,IA,India,2020,IA2020DHS,CN_ANMC_C_MLD,104466020,I,413011,1413110,Region,..Uttar Pradesh,0,,0,1,CNANMCCMLD,IADHS2020413011,2019-21,DHS,33061,26585,,,1
IND,Uttarakhand,3539671,Children with mild anemia,24.4,1,IA,India,2020,IA2020DHS,CN_ANMC_C_MLD,104466020,I,413012,1413120,Region,..Uttarakhand,0,,0,1,CNANMCCMLD,IADHS2020413012,2019-21,DHS,1240,2898,,,1
IND,"Bihar, inc Jharkhand",223105,Children with mild anemia,30.9,1,IA,India,2020,IA2020DHS,CN_ANMC_C_MLD,104466020,I,413013,1413130,Region,"Bihar, inc Jharkhand",0,,0,1,CNANMCCMLD,IADHS2020413013,2019-21,DHS,29068,24474,,,
IND,Bihar,4956720,Children with mild anemia,30.7,1,IA,India,2020,IA2020DHS,CN_ANMC_C_MLD,104466020,I,413014,1413140,Region,..Bihar,0,,0,1,CNANMCCMLD,IADHS2020413014,2019-21,DHS,23615,16633,,,1
IND,Jharkhand,6240514,Children with mild anemia,31.7,1,IA,India,2020,IA2020DHS,CN_ANMC_C_MLD,104466020,I,413015,1413150,Region,..Jharkhand,0,,0,1,CNANMCCMLD,IADHS2020413015,2019-21,DHS,5453,7841,,,1
IND,Odisha,3755072,Children with mild anemia,31.9,1,IA,India,2020,IA2020DHS,CN_ANMC_C_MLD,104466020,I,413016,1413160,Region,Odisha,0,,0,1,CNANMCCMLD,IADHS2020413016,2019-21,DHS,5785,6940,,,1
IND,West Bengal,5929372,Children with mild anemia,35,1,IA,India,2020,IA2020DHS,CN_ANMC_C_MLD,104466020,I,413017,1413170,Region,West Bengal,0,,0,1,CNANMCCMLD,IADHS2020413017,2019-21,DHS,13309,4696,,,1
IND,Arunachal Pradesh,7575219,Children with mild anemia,28.4,1,IA,India,2020,IA2020DHS,CN_ANMC_C_MLD,104466020,I,413018,1413180,Region,Arunachal Pradesh,0,,0,1,CNANMCCMLD,IADHS2020413018,2019-21,DHS,146,4649,,,1
IND,Assam,4756489,Children with mild anemia,36.3,1,IA,India,2020,IA2020DHS,CN_ANMC_C_MLD,104466020,I,413019,1413190,Region,Assam,0,,0,1,CNANMCCMLD,IADHS2020413019,2019-21,DHS,4862,8763,,,1
IND,Manipur,163454,Children with mild anemia,25.4,1,IA,India,2020,IA2020DHS,CN_ANMC_C_MLD,104466020,I,413020,1413200,Region,Manipur,0,,0,1,CNANMCCMLD,IADHS2020413020,2019-21,DHS,386,2764,,,1
IND,Meghalaya,3815190,Children with mild anemia,24.3,1,IA,India,2020,IA2020DHS,CN_ANMC_C_MLD,104466020,I,413021,1413210,Region,Meghalaya,0,,0,1,CNANMCCMLD,IADHS2020413021,2019-21,DHS,700,5523,,,1
IND,Mizoram,6495996,Children with mild anemia,25.1,1,IA,India,2020,IA2020DHS,CN_ANMC_C_MLD,104466020,I,413022,1413220,Region,Mizoram,0,,0,1,CNANMCCMLD,IADHS2020413022,2019-21,DHS,142,2054,,,1
IND,Nagaland,1517347,Children with mild anemia,26.9,1,IA,India,2020,IA2020DHS,CN_ANMC_C_MLD,104466020,I,413023,1413230,Region,Nagaland,0,,0,1,CNANMCCMLD,IADHS2020413023,2019-21,DHS,186,2613,,,1
IND,Sikkim,4248661,Children with mild anemia,25.6,1,IA,India,2020,IA2020DHS,CN_ANMC_C_MLD,104466020,I,413024,1413240,Region,Sikkim,0,,0,1,CNANMCCMLD,IADHS2020413024,2019-21,DHS,40,477,,,1
IND,Tripura,6633906,Children with mild anemia,33.8,1,IA,India,2020,IA2020DHS,CN_ANMC_C_MLD,104466020,I,413025,1413250,Region,Tripura,0,,0,1,CNANMCCMLD,IADHS2020413025,2019-21,DHS,511,1751,,,1
IND,Goa,4714483,Children with mild anemia,25.9,1,IA,India,2020,IA2020DHS,CN_ANMC_C_MLD,104466020,I,413026,1413260,Region,Goa,0,,0,1,CNANMCCMLD,IADHS2020413026,2019-21,DHS,151,275,,,1
IND,Gujarat,6873173,Children with mild anemia,27.4,1,IA,India,2020,IA2020DHS,CN_ANMC_C_MLD,104466020,I,413027,1413270,Region,Gujarat,0,,0,1,CNANMCCMLD,IADHS2020413027,2019-21,DHS,8019,8086,,,1
IND,Maharashtra,7433292,Children with mild anemia,29.2,1,IA,India,2020,IA2020DHS,CN_ANMC_C_MLD,104466020,I,413028,1413280,Region,Maharashtra,0,,0,1,CNANMCCMLD,IADHS2020413028,2019-21,DHS,14633,7764,,,1
IND,Andhra Pradesh including Telangana,607746,Children with mild anemia,26,1,IA,India,2020,IA2020DHS,CN_ANMC_C_MLD,104466020,I,413029,1413290,Region,Andhra Pradesh including Telangana,0,,0,1,CNANMCCMLD,IADHS2020413029,2019-21,DHS,9290,7635,,,
IND,Andhra Pradesh,6858144,Children with mild anemia,26.6,1,IA,India,2020,IA2020DHS,CN_ANMC_C_MLD,104466020,I,413046,1413292,Region,..Andhra Pradesh,0,,0,1,CNANMCCMLD,IADHS2020413046,2019-21,DHS,5628,2166,,,1
IND,Telangana,7447667,Children with mild anemia,25,1,IA,India,2020,IA2020DHS,CN_ANMC_C_MLD,104466020,I,413047,1413295,Region,..Telangana,0,,0,1,CNANMCCMLD,IADHS2020413047,2019-21,DHS,3661,5469,,,1
IND,Karnataka,4992468,Children with mild anemia,27.4,1,IA,India,2020,IA2020DHS,CN_ANMC_C_MLD,104466020,I,413030,1413300,Region,Karnataka,0,,0,1,CNANMCCMLD,IADHS2020413030,2019-21,DHS,7929,6634,,,1
IND,Kerala,3533370,Children with mild anemia,24,1,IA,India,2020,IA2020DHS,CN_ANMC_C_MLD,104466020,I,413031,1413310,Region,Kerala,0,,0,1,CNANMCCMLD,IADHS2020413031,2019-21,DHS,3677,2242,,,1
IND,Tamil Nadu,6935049,Children with mild anemia,27,1,IA,India,2020,IA2020DHS,CN_ANMC_C_MLD,104466020,I,413032,1413320,Region,Tamil Nadu,0,,0,1,CNANMCCMLD,IADHS2020413032,2019-21,DHS,8892,5348,,,1
IND,Andaman and Nicobar Islands,7072025,Children with mild anemia,27,1,IA,India,2020,IA2020DHS,CN_ANMC_C_MLD,104466020,I,413040,1413400,Region,Andaman and Nicobar Islands,0,,0,1,CNANMCCMLD,IADHS2020413040,2019-21,DHS,34,385,,,1
IND,Chandigarh,6450433,Children with mild anemia,25.6,1,IA,India,2020,IA2020DHS,CN_ANMC_C_MLD,104466020,I,413041,1413410,Region,Chandigarh,0,,0,1,CNANMCCMLD,IADHS2020413041,2019-21,DHS,85,128,,,1
IND,"Dadra and Nagar Haveli, Daman and Diu",1295081,Children with mild anemia,32.3,1,IA,India,2020,IA2020DHS,CN_ANMC_C_MLD,104466020,I,413052,1413415,Region,"Dadra and Nagar Haveli, Daman and Diu",0,,0,1,CNANMCCMLD,IADHS2020413052,2019-21,DHS,74,664,,,1
IND,Lakshadweep,5629558,Children with mild anemia,31.8,1,IA,India,2020,IA2020DHS,CN_ANMC_C_MLD,104466020,I,413044,1413440,Region,Lakshadweep,0,,0,1,CNANMCCMLD,IADHS2020413044,2019-21,DHS,8,220,,,1
IND,Puducherry,3513156,Children with mild anemia,23.3,1,IA,India,2020,IA2020DHS,CN_ANMC_C_MLD,104466020,I,413045,1413450,Region,Puducherry,0,,0,1,CNANMCCMLD,IADHS2020413045,2019-21,DHS,120,641,,,1
IND,New Delhi,4763678,Children with moderate anemia,38,1,IA,India,2020,IA2020DHS,CN_ANMC_C_MOD,104466030,I,413000,1413000,Region,New Delhi,0,,0,1,CNANMCCMOD,IADHS2020413000,2019-21,DHS,2108,2154,,,1
IND,Haryana,6573023,Children with moderate anemia,40.9,1,IA,India,2020,IA2020DHS,CN_ANMC_C_MOD,104466030,I,413001,1413010,Region,Haryana,0,,0,1,CNANMCCMOD,IADHS2020413001,2019-21,DHS,3304,5258,,,1
IND,Himachal Pradesh,1305187,Children with moderate anemia,26.8,1,IA,India,2020,IA2020DHS,CN_ANMC_C_MOD,104466030,I,413002,1413020,Region,Himachal Pradesh,0,,0,1,CNANMCCMOD,IADHS2020413002,2019-21,DHS,801,2208,,,1
IND,"Jammu, Kashmir & Ladakh",6488748,Children with moderate anemia,46,1,IA,India,2020,IA2020DHS,CN_ANMC_C_MOD,104466030,I,413003,1413030,Region,"Jammu, Kashmir & Ladakh",0,,0,1,CNANMCCMOD,IADHS2020413003,2019-21,DHS,1400,5407,,,1
IND,Jammu & Kashmir,3517434,Children with moderate anemia,45.9,1,IA,India,2020,IA2020DHS,CN_ANMC_C_MOD,104466030,I,413050,1413035,Region,..Jammu & Kashmir,0,,0,1,CNANMCCMOD,IADHS2020413050,2019-21,DHS,1377,4962,,,1
IND,Ladakh,6935094,Children with moderate anemia,47.8,1,IA,India,2020,IA2020DHS,CN_ANMC_C_MOD,104466030,I,413051,1413045,Region,..Ladakh,0,,0,1,CNANMCCMOD,IADHS2020413051,2019-21,DHS,23,445,,,1
IND,Punjab,5900772,Children with moderate anemia,40.9,1,IA,India,2020,IA2020DHS,CN_ANMC_C_MOD,104466030,I,413005,1413050,Region,Punjab,0,,0,1,CNANMCCMOD,IADHS2020413005,2019-21,DHS,2948,4268,,,1
IND,Rajasthan,6637475,Children with moderate anemia,38.5,1,IA,India,2020,IA2020DHS,CN_ANMC_C_MOD,104466030,I,413006,1413060,Region,Rajasthan,0,,0,1,CNANMCCMOD,IADHS2020413006,2019-21,DHS,11821,11602,,,1
IND,"Madhya Pradesh, inc Chhattisgarh",4720988,Children with moderate anemia,41.4,1,IA,India,2020,IA2020DHS,CN_ANMC_C_MOD,104466030,I,413007,1413070,Region,"Madhya Pradesh, inc Chhattisgarh",0,,0,1,CNANMCCMOD,IADHS2020413007,2019-21,DHS,14132,19010,,,
IND,Madhya Pradesh,6880500,Children with moderate anemia,42.6,1,IA,India,2020,IA2020DHS,CN_ANMC_C_MOD,104466030,I,413008,1413080,Region,..Madhya Pradesh,0,,0,1,CNANMCCMOD,IADHS2020413008,2019-21,DHS,10083,12220,,,1
IND,Chhattisgarh,3411376,Children with moderate anemia,38.3,1,IA,India,2020,IA2020DHS,CN_ANMC_C_MOD,104466030,I,413009,1413090,Region,..Chhattisgarh,0,,0,1,CNANMCCMOD,IADHS2020413009,2019-21,DHS,4049,6790,,,1
IND,"Uttar Pradesh, inc Uttarakhand",593134,Children with moderate anemia,36.5,1,IA,India,2020,IA2020DHS,CN_ANMC_C_MOD,104466030,I,413010,1413100,Region,"Uttar Pradesh, inc Uttarakhand",0,,0,1,CNANMCCMOD,IADHS2020413010,2019-21,DHS,34301,29483,,,
IND,Uttar Pradesh,1080992,Children with moderate anemia,36.7,1,IA,India,2020,IA2020DHS,CN_ANMC_C_MOD,104466030,I,413011,1413110,Region,..Uttar Pradesh,0,,0,1,CNANMCCMOD,IADHS2020413011,2019-21,DHS,33061,26585,,,1
IND,Uttarakhand,3539670,Children with moderate anemia,31.5,1,IA,India,2020,IA2020DHS,CN_ANMC_C_MOD,104466030,I,413012,1413120,Region,..Uttarakhand,0,,0,1,CNANMCCMOD,IADHS2020413012,2019-21,DHS,1240,2898,,,1
IND,"Bihar, inc Jharkhand",223104,Children with moderate anemia,37.7,1,IA,India,2020,IA2020DHS,CN_ANMC_C_MOD,104466030,I,413013,1413130,Region,"Bihar, inc Jharkhand",0,,0,1,CNANMCCMOD,IADHS2020413013,2019-21,DHS,29068,24474,,,
IND,Bihar,4956719,Children with moderate anemia,38.1,1,IA,India,2020,IA2020DHS,CN_ANMC_C_MOD,104466030,I,413014,1413140,Region,..Bihar,0,,0,1,CNANMCCMOD,IADHS2020413014,2019-21,DHS,23615,16633,,,1
IND,Jharkhand,6240521,Children with moderate anemia,36.3,1,IA,India,2020,IA2020DHS,CN_ANMC_C_MOD,104466030,I,413015,1413150,Region,..Jharkhand,0,,0,1,CNANMCCMOD,IADHS2020413015,2019-21,DHS,5453,7841,,,1
IND,Odisha,3755071,Children with moderate anemia,32.4,1,IA,India,2020,IA2020DHS,CN_ANMC_C_MOD,104466030,I,413016,1413160,Region,Odisha,0,,0,1,CNANMCCMOD,IADHS2020413016,2019-21,DHS,5785,6940,,,1
IND,West Bengal,5929375,Children with moderate anemia,33.2,1,IA,India,2020,IA2020DHS,CN_ANMC_C_MOD,104466030,I,413017,1413170,Region,West Bengal,0,,0,1,CNANMCCMOD,IADHS2020413017,2019-21,DHS,13309,4696,,,1
IND,Arunachal Pradesh,7575221,Children with moderate anemia,25.7,1,IA,India,2020,IA2020DHS,CN_ANMC_C_MOD,104466030,I,413018,1413180,Region,Arunachal Pradesh,0,,0,1,CNANMCCMOD,IADHS2020413018,2019-21,DHS,146,4649,,,1
IND,Assam,4756468,Children with moderate anemia,33.2,1,IA,India,2020,IA2020DHS,CN_ANMC_C_MOD,104466030,I,413019,1413190,Region,Assam,0,,0,1,CNANMCCMOD,IADHS2020413019,2019-21,DHS,4862,8763,,,1
IND,Manipur,163453,Children with moderate anemia,17.2,1,IA,India,2020,IA2020DHS,CN_ANMC_C_MOD,104466030,I,413020,1413200,Region,Manipur,0,,0,1,CNANMCCMOD,IADHS2020413020,2019-21,DHS,386,2764,,,1
IND,Meghalaya,3815189,Children with moderate anemia,19.3,1,IA,India,2020,IA2020DHS,CN_ANMC_C_MOD,104466030,I,413021,1413210,Region,Meghalaya,0,,0,1,CNANMCCMOD,IADHS2020413021,2019-21,DHS,700,5523,,,1
IND,Mizoram,6495995,Children with moderate anemia,22.9,1,IA,India,2020,IA2020DHS,CN_ANMC_C_MOD,104466030,I,413022,1413220,Region,Mizoram,0,,0,1,CNANMCCMOD,IADHS2020413022,2019-21,DHS,142,2054,,,1
IND,Nagaland,1517346,Children with moderate anemia,15.3,1,IA,India,2020,IA2020DHS,CN_ANMC_C_MOD,104466030,I,413023,1413230,Region,Nagaland,0,,0,1,CNANMCCMOD,IADHS2020413023,2019-21,DHS,186,2613,,,1
IND,Sikkim,4248664,Children with moderate anemia,29,1,IA,India,2020,IA2020DHS,CN_ANMC_C_MOD,104466030,I,413024,1413240,Region,Sikkim,0,,0,1,CNANMCCMOD,IADHS2020413024,2019-21,DHS,40,477,,,1
IND,Tripura,6633937,Children with moderate anemia,30.1,1,IA,India,2020,IA2020DHS,CN_ANMC_C_MOD,104466030,I,413025,1413250,Region,Tripura,0,,0,1,CNANMCCMOD,IADHS2020413025,2019-21,DHS,511,1751,,,1
IND,Goa,4714488,Children with moderate anemia,26,1,IA,India,2020,IA2020DHS,CN_ANMC_C_MOD,104466030,I,413026,1413260,Region,Goa,0,,0,1,CNANMCCMOD,IADHS2020413026,2019-21,DHS,151,275,,,1
IND,Gujarat,6873177,Children with moderate anemia,49.5,1,IA,India,2020,IA2020DHS,CN_ANMC_C_MOD,104466030,I,413027,1413270,Region,Gujarat,0,,0,1,CNANMCCMOD,IADHS2020413027,2019-21,DHS,8019,8086,,,1
IND,Maharashtra,7433319,Children with moderate anemia,38.2,1,IA,India,2020,IA2020DHS,CN_ANMC_C_MOD,104466030,I,413028,1413280,Region,Maharashtra,0,,0,1,CNANMCCMOD,IADHS2020413028,2019-21,DHS,14633,7764,,,1
IND,Andhra Pradesh including Telangana,607748,Children with moderate anemia,37.8,1,IA,India,2020,IA2020DHS,CN_ANMC_C_MOD,104466030,I,413029,1413290,Region,Andhra Pradesh including Telangana,0,,0,1,CNANMCCMOD,IADHS2020413029,2019-21,DHS,9290,7635,,,
IND,Andhra Pradesh,6858142,Children with moderate anemia,35.3,1,IA,India,2020,IA2020DHS,CN_ANMC_C_MOD,104466030,I,413046,1413292,Region,..Andhra Pradesh,0,,0,1,CNANMCCMOD,IADHS2020413046,2019-21,DHS,5628,2166,,,1
IND,Telangana,7447666,Children with moderate anemia,41.7,1,IA,India,2020,IA2020DHS,CN_ANMC_C_MOD,104466030,I,413047,1413295,Region,..Telangana,0,,0,1,CNANMCCMOD,IADHS2020413047,2019-21,DHS,3661,5469,,,1
IND,Karnataka,4992470,Children with moderate anemia,36.1,1,IA,India,2020,IA2020DHS,CN_ANMC_C_MOD,104466030,I,413030,1413300,Region,Karnataka,0,,0,1,CNANMCCMOD,IADHS2020413030,2019-21,DHS,7929,6634,,,1
IND,Kerala,3533412,Children with moderate anemia,14.7,1,IA,India,2020,IA2020DHS,CN_ANMC_C_MOD,104466030,I,413031,1413310,Region,Kerala,0,,0,1,CNANMCCMOD,IADHS2020413031,2019-21,DHS,3677,2242,,,1
IND,Tamil Nadu,6935091,Children with moderate anemia,28.6,1,IA,India,2020,IA2020DHS,CN_ANMC_C_MOD,104466030,I,413032,1413320,Region,Tamil Nadu,0,,0,1,CNANMCCMOD,IADHS2020413032,2019-21,DHS,8892,5348,,,1
IND,Andaman and Nicobar Islands,7072024,Children with moderate anemia,13,1,IA,India,2020,IA2020DHS,CN_ANMC_C_MOD,104466030,I,413040,1413400,Region,Andaman and Nicobar Islands,0,,0,1,CNANMCCMOD,IADHS2020413040,2019-21,DHS,34,385,,,1
IND,Chandigarh,6450436,Children with moderate anemia,26.6,1,IA,India,2020,IA2020DHS,CN_ANMC_C_MOD,104466030,I,413041,1413410,Region,Chandigarh,0,,0,1,CNANMCCMOD,IADHS2020413041,2019-21,DHS,85,128,,,1
IND,"Dadra and Nagar Haveli, Daman and Diu",1295074,Children with moderate anemia,43.2,1,IA,India,2020,IA2020DHS,CN_ANMC_C_MOD,104466030,I,413052,1413415,Region,"Dadra and Nagar Haveli, Daman and Diu",0,,0,1,CNANMCCMOD,IADHS2020413052,2019-21,DHS,74,664,,,1
IND,Lakshadweep,5629562,Children with moderate anemia,10.9,1,IA,India,2020,IA2020DHS,CN_ANMC_C_MOD,104466030,I,413044,1413440,Region,Lakshadweep,0,,0,1,CNANMCCMOD,IADHS2020413044,2019-21,DHS,8,220,,,1
IND,Puducherry,3513158,Children with moderate anemia,38.6,1,IA,India,2020,IA2020DHS,CN_ANMC_C_MOD,104466030,I,413045,1413450,Region,Puducherry,0,,0,1,CNANMCCMOD,IADHS2020413045,2019-21,DHS,120,641,,,1
IND,New Delhi,4763737,Children with severe anemia,4.8,1,IA,India,2020,IA2020DHS,CN_ANMC_C_SEV,104466040,I,413000,1413000,Region,New Delhi,0,,0,1,CNANMCCSEV,IADHS2020413000,2019-21,DHS,2108,2154,,,1
IND,Haryana,6573021,Children with severe anemia,3.6,1,IA,India,2020,IA2020DHS,CN_ANMC_C_SEV,104466040,I,413001,1413010,Region,Haryana,0,,0,1,CNANMCCSEV,IADHS2020413001,2019-21,DHS,3304,5258,,,1
IND,Himachal Pradesh,1305018,Children with severe anemia,2.1,1,IA,India,2020,IA2020DHS,CN_ANMC_C_SEV,104466040,I,413002,1413020,Region,Himachal Pradesh,0,,0,1,CNANMCCSEV,IADHS2020413002,2019-21,DHS,801,2208,,,1
IND,"Jammu, Kashmir & Ladakh",6488746,Children with severe anemia,4.2,1,IA,India,2020,IA2020DHS,CN_ANMC_C_SEV,104466040,I,413003,1413030,Region,"Jammu, Kashmir & Ladakh",0,,0,1,CNANMCCSEV,IADHS2020413003,2019-21,DHS,1400,5407,,,1
IND,Jammu & Kashmir,3517433,Children with severe anemia,3.7,1,IA,India,2020,IA2020DHS,CN_ANMC_C_SEV,104466040,I,413050,1413035,Region,..Jammu & Kashmir,0,,0,1,CNANMCCSEV,IADHS2020413050,2019-21,DHS,1377,4962,,,1
IND,Ladakh,6935092,Children with severe anemia,37.6,1,IA,India,2020,IA2020DHS,CN_ANMC_C_SEV,104466040,I,413051,1413045,Region,..Ladakh,0,,0,1,CNANMCCSEV,IADHS2020413051,2019-21,DHS,23,445,,,1
IND,Punjab,5900767,Children with severe anemia,5,1,IA,India,2020,IA2020DHS,CN_ANMC_C_SEV,104466040,I,413005,1413050,Region,Punjab,0,,0,1,CNANMCCSEV,IADHS2020413005,2019-21,DHS,2948,4268,,,1
IND,Rajasthan,6637473,Children with severe anemia,2,1,IA,India,2020,IA2020DHS,CN_ANMC_C_SEV,104466040,I,413006,1413060,Region,Rajasthan,0,,0,1,CNANMCCSEV,IADHS2020413006,2019-21,DHS,11821,11602,,,1
IND,"Madhya Pradesh, inc Chhattisgarh",4720980,Children with severe anemia,2.8,1,IA,India,2020,IA2020DHS,CN_ANMC_C_SEV,104466040,I,413007,1413070,Region,"Madhya Pradesh, inc Chhattisgarh",0,,0,1,CNANMCCSEV,IADHS2020413007,2019-21,DHS,14132,19010,,,
IND,Madhya Pradesh,6880498,Children with severe anemia,3.2,1,IA,India,2020,IA2020DHS,CN_ANMC_C_SEV,104466040,I,413008,1413080,Region,..Madhya Pradesh,0,,0,1,CNANMCCSEV,IADHS2020413008,2019-21,DHS,10083,12220,,,1
IND,Chhattisgarh,3411373,Children with severe anemia,1.6,1,IA,India,2020,IA2020DHS,CN_ANMC_C_SEV,104466040,I,413009,1413090,Region,..Chhattisgarh,0,,0,1,CNANMCCSEV,IADHS2020413009,2019-21,DHS,4049,6790,,,1
IND,"Uttar Pradesh, inc Uttarakhand",593132,Children with severe anemia,2.1,1,IA,India,2020,IA2020DHS,CN_ANMC_C_SEV,104466040,I,413010,1413100,Region,"Uttar Pradesh, inc Uttarakhand",0,,0,1,CNANMCCSEV,IADHS2020413010,2019-21,DHS,34301,29483,,,
IND,Uttar Pradesh,1080990,Children with severe anemia,2.1,1,IA,India,2020,IA2020DHS,CN_ANMC_C_SEV,104466040,I,413011,1413110,Region,..Uttar Pradesh,0,,0,1,CNANMCCSEV,IADHS2020413011,2019-21,DHS,33061,26585,,,1
IND,Uttarakhand,3539672,Children with severe anemia,2.9,1,IA,India,2020,IA2020DHS,CN_ANMC_C_SEV,104466040,I,413012,1413120,Region,..Uttarakhand,0,,0,1,CNANMCCSEV,IADHS2020413012,2019-21,DHS,1240,2898,,,1
IND,"Bihar, inc Jharkhand",223106,Children with severe anemia,1.6,1,IA,India,2020,IA2020DHS,CN_ANMC_C_SEV,104466040,I,413013,1413130,Region,"Bihar, inc Jharkhand",0,,0,1,CNANMCCSEV,IADHS2020413013,2019-21,DHS,29068,24474,,,
IND,Bihar,4956721,Children with severe anemia,1.7,1,IA,India,2020,IA2020DHS,CN_ANMC_C_SEV,104466040,I,413014,1413140,Region,..Bihar,0,,0,1,CNANMCCSEV,IADHS2020413014,2019-21,DHS,23615,16633,,,1
IND,Jharkhand,6240520,Children with severe anemia,1.2,1,IA,India,2020,IA2020DHS,CN_ANMC_C_SEV,104466040,I,413015,1413150,Region,..Jharkhand,0,,0,1,CNANMCCSEV,IADHS2020413015,2019-21,DHS,5453,7841,,,1
IND,Odisha,3755073,Children with severe anemia,1,1,IA,India,2020,IA2020DHS,CN_ANMC_C_SEV,104466040,I,413016,1413160,Region,Odisha,0,,0,1,CNANMCCSEV,IADHS2020413016,2019-21,DHS,5785,6940,,,1
IND,West Bengal,5929373,Children with severe anemia,0.9,1,IA,India,2020,IA2020DHS,CN_ANMC_C_SEV,104466040,I,413017,1413170,Region,West Bengal,0,,0,1,CNANMCCSEV,IADHS2020413017,2019-21,DHS,13309,4696,,,1
IND,Arunachal Pradesh,7575220,Children with severe anemia,2,1,IA,India,2020,IA2020DHS,CN_ANMC_C_SEV,104466040,I,413018,1413180,Region,Arunachal Pradesh,0,,0,1,CNANMCCSEV,IADHS2020413018,2019-21,DHS,146,4649,,,1
IND,Assam,4756490,Children with severe anemia,0.8,1,IA,India,2020,IA2020DHS,CN_ANMC_C_SEV,104466040,I,413019,1413190,Region,Assam,0,,0,1,CNANMCCSEV,IADHS2020413019,2019-21,DHS,4862,8763,,,1
IND,Manipur,163452,Children with severe anemia,0.5,1,IA,India,2020,IA2020DHS,CN_ANMC_C_SEV,104466040,I,413020,1413200,Region,Manipur,0,,0,1,CNANMCCSEV,IADHS2020413020,2019-21,DHS,386,2764,,,1
IND,Meghalaya,3815478,Children with severe anemia,0.5,1,IA,India,2020,IA2020DHS,CN_ANMC_C_SEV,104466040,I,413021,1413210,Region,Meghalaya,0,,0,1,CNANMCCSEV,IADHS2020413021,2019-21,DHS,700,5523,,,1
IND,Mizoram,6495972,Children with severe anemia,0.3,1,IA,India,2020,IA2020DHS,CN_ANMC_C_SEV,104466040,I,413022,1413220,Region,Mizoram,0,,0,1,CNANMCCSEV,IADHS2020413022,2019-21,DHS,142,2054,,,1
IND,Nagaland,1517344,Children with severe anemia,0.5,1,IA,India,2020,IA2020DHS,CN_ANMC_C_SEV,104466040,I,413023,1413230,Region,Nagaland,0,,0,1,CNANMCCSEV,IADHS2020413023,2019-21,DHS,186,2613,,,1
IND,Sikkim,4248662,Children with severe anemia,0.9,1,IA,India,2020,IA2020DHS,CN_ANMC_C_SEV,104466040,I,413024,1413240,Region,Sikkim,0,,0,1,CNANMCCSEV,IADHS2020413024,2019-21,DHS,40,477,,,1
IND,Tripura,6633903,Children with severe anemia,0.6,1,IA,India,2020,IA2020DHS,CN_ANMC_C_SEV,104466040,I,413025,1413250,Region,Tripura,0,,0,1,CNANMCCSEV,IADHS2020413025,2019-21,DHS,511,1751,,,1
IND,Goa,4714486,Children with severe anemia,1.5,1,IA,India,2020,IA2020DHS,CN_ANMC_C_SEV,104466040,I,413026,1413260,Region,Goa,0,,0,1,CNANMCCSEV,IADHS2020413026,2019-21,DHS,151,275,,,1
IND,Gujarat,6873176,Children with severe anemia,3.2,1,IA,India,2020,IA2020DHS,CN_ANMC_C_SEV,104466040,I,413027,1413270,Region,Gujarat,0,,0,1,CNANMCCSEV,IADHS2020413027,2019-21,DHS,8019,8086,,,1
IND,Maharashtra,7433293,Children with severe anemia,2.5,1,IA,India,2020,IA2020DHS,CN_ANMC_C_SEV,104466040,I,413028,1413280,Region,Maharashtra,0,,0,1,CNANMCCSEV,IADHS2020413028,2019-21,DHS,14633,7764,,,1
IND,Andhra Pradesh including Telangana,607745,Children with severe anemia,2.8,1,IA,India,2020,IA2020DHS,CN_ANMC_C_SEV,104466040,I,413029,1413290,Region,Andhra Pradesh including Telangana,0,,0,1,CNANMCCSEV,IADHS2020413029,2019-21,DHS,9290,7635,,,
IND,Andhra Pradesh,6858140,Children with severe anemia,2.3,1,IA,India,2020,IA2020DHS,CN_ANMC_C_SEV,104466040,I,413046,1413292,Region,..Andhra Pradesh,0,,0,1,CNANMCCSEV,IADHS2020413046,2019-21,DHS,5628,2166,,,1
IND,Telangana,7447664,Children with severe anemia,3.6,1,IA,India,2020,IA2020DHS,CN_ANMC_C_SEV,104466040,I,413047,1413295,Region,..Telangana,0,,0,1,CNANMCCSEV,IADHS2020413047,2019-21,DHS,3661,5469,,,1
IND,Karnataka,4992467,Children with severe anemia,2.8,1,IA,India,2020,IA2020DHS,CN_ANMC_C_SEV,104466040,I,413030,1413300,Region,Karnataka,0,,0,1,CNANMCCSEV,IADHS2020413030,2019-21,DHS,7929,6634,,,1
IND,Kerala,3533413,Children with severe anemia,0.7,1,IA,India,2020,IA2020DHS,CN_ANMC_C_SEV,104466040,I,413031,1413310,Region,Kerala,0,,0,1,CNANMCCSEV,IADHS2020413031,2019-21,DHS,3677,2242,,,1
IND,Tamil Nadu,6935050,Children with severe anemia,1.8,1,IA,India,2020,IA2020DHS,CN_ANMC_C_SEV,104466040,I,413032,1413320,Region,Tamil Nadu,0,,0,1,CNANMCCSEV,IADHS2020413032,2019-21,DHS,8892,5348,,,1
IND,Andaman and Nicobar Islands,7071899,Children with severe anemia,0,1,IA,India,2020,IA2020DHS,CN_ANMC_C_SEV,104466040,I,413040,1413400,Region,Andaman and Nicobar Islands,0,,0,1,CNANMCCSEV,IADHS2020413040,2019-21,DHS,34,385,,,1
IND,Chandigarh,6450434,Children with severe anemia,1.4,1,IA,India,2020,IA2020DHS,CN_ANMC_C_SEV,104466040,I,413041,1413410,Region,Chandigarh,0,,0,1,CNANMCCSEV,IADHS2020413041,2019-21,DHS,85,128,,,1
IND,"Dadra and Nagar Haveli, Daman and Diu",1295072,Children with severe anemia,1.6,1,IA,India,2020,IA2020DHS,CN_ANMC_C_SEV,104466040,I,413052,1413415,Region,"Dadra and Nagar Haveli, Daman and Diu",0,,0,1,CNANMCCSEV,IADHS2020413052,2019-21,DHS,74,664,,,1
IND,Lakshadweep,5629559,Children with severe anemia,0.5,1,IA,India,2020,IA2020DHS,CN_ANMC_C_SEV,104466040,I,413044,1413440,Region,Lakshadweep,0,,0,1,CNANMCCSEV,IADHS2020413044,2019-21,DHS,8,220,,,1
IND,Puducherry,3513159,Children with severe anemia,2.2,1,IA,India,2020,IA2020DHS,CN_ANMC_C_SEV,104466040,I,413045,1413450,Region,Puducherry,0,,0,1,CNANMCCSEV,IADHS2020413045,2019-21,DHS,120,641,,,1
IND,New Delhi,1295077,Number of children under age 5,2108,0,IA,India,2020,IA2020DHS,CN_ANMC_C_NUM,104466050,D,413000,1413000,Region,New Delhi,0,,0,1,CNANMCCNUM,IADHS2020413000,2019-21,DHS,,2154,,,1
IND,Haryana,6573019,Number of children under age 5,3304,0,IA,India,2020,IA2020DHS,CN_ANMC_C_NUM,104466050,D,413001,1413010,Region,Haryana,0,,0,1,CNANMCCNUM,IADHS2020413001,2019-21,DHS,,5258,,,1
IND,Himachal Pradesh,1305019,Number of children under age 5,801,0,IA,India,2020,IA2020DHS,CN_ANMC_C_NUM,104466050,D,413002,1413020,Region,Himachal Pradesh,0,,0,1,CNANMCCNUM,IADHS2020413002,2019-21,DHS,,2208,,,1
IND,"Jammu, Kashmir & Ladakh",6547968,Number of children under age 5,1400,0,IA,India,2020,IA2020DHS,CN_ANMC_C_NUM,104466050,D,413003,1413030,Region,"Jammu, Kashmir & Ladakh",0,,0,1,CNANMCCNUM,IADHS2020413003,2019-21,DHS,,5407,,,1
IND,Jammu & Kashmir,1295103,Number of children under age 5,1377,0,IA,India,2020,IA2020DHS,CN_ANMC_C_NUM,104466050,D,413050,1413035,Region,..Jammu & Kashmir,0,,0,1,CNANMCCNUM,IADHS2020413050,2019-21,DHS,,4962,,,1
IND,Ladakh,7016206,Number of children under age 5,23,0,IA,India,2020,IA2020DHS,CN_ANMC_C_NUM,104466050,D,413051,1413045,Region,..Ladakh,0,,0,1,CNANMCCNUM,IADHS2020413051,2019-21,DHS,,445,,,1
IND,Punjab,6013830,Number of children under age 5,2948,0,IA,India,2020,IA2020DHS,CN_ANMC_C_NUM,104466050,D,413005,1413050,Region,Punjab,0,,0,1,CNANMCCNUM,IADHS2020413005,2019-21,DHS,,4268,,,1
IND,Rajasthan,6720592,Number of children under age 5,11821,0,IA,India,2020,IA2020DHS,CN_ANMC_C_NUM,104466050,D,413006,1413060,Region,Rajasthan,0,,0,1,CNANMCCNUM,IADHS2020413006,2019-21,DHS,,11602,,,1
IND,"Madhya Pradesh, inc Chhattisgarh",1303191,Number of children under age 5,14132,0,IA,India,2020,IA2020DHS,CN_ANMC_C_NUM,104466050,D,413007,1413070,Region,"Madhya Pradesh, inc Chhattisgarh",0,,0,1,CNANMCCNUM,IADHS2020413007,2019-21,DHS,,19010,,,
IND,Madhya Pradesh,6880450,Number of children under age 5,10083,0,IA,India,2020,IA2020DHS,CN_ANMC_C_NUM,104466050,D,413008,1413080,Region,..Madhya Pradesh,0,,0,1,CNANMCCNUM,IADHS2020413008,2019-21,DHS,,12220,,,1
IND,Chhattisgarh,1305074,Number of children under age 5,4049,0,IA,India,2020,IA2020DHS,CN_ANMC_C_NUM,104466050,D,413009,1413090,Region,..Chhattisgarh,0,,0,1,CNANMCCNUM,IADHS2020413009,2019-21,DHS,,6790,,,1
IND,"Uttar Pradesh, inc Uttarakhand",622182,Number of children under age 5,34301,0,IA,India,2020,IA2020DHS,CN_ANMC_C_NUM,104466050,D,413010,1413100,Region,"Uttar Pradesh, inc Uttarakhand",0,,0,1,CNANMCCNUM,IADHS2020413010,2019-21,DHS,,29483,,,
IND,Uttar Pradesh,1080941,Number of children under age 5,33061,0,IA,India,2020,IA2020DHS,CN_ANMC_C_NUM,104466050,D,413011,1413110,Region,..Uttar Pradesh,0,,0,1,CNANMCCNUM,IADHS2020413011,2019-21,DHS,,26585,,,1
IND,Uttarakhand,1303265,Number of children under age 5,1240,0,IA,India,2020,IA2020DHS,CN_ANMC_C_NUM,104466050,D,413012,1413120,Region,..Uttarakhand,0,,0,1,CNANMCCNUM,IADHS2020413012,2019-21,DHS,,2898,,,1
IND,"Bihar, inc Jharkhand",251472,Number of children under age 5,29068,0,IA,India,2020,IA2020DHS,CN_ANMC_C_NUM,104466050,D,413013,1413130,Region,"Bihar, inc Jharkhand",0,,0,1,CNANMCCNUM,IADHS2020413013,2019-21,DHS,,24474,,,
IND,Bihar,1303209,Number of children under age 5,23615,0,IA,India,2020,IA2020DHS,CN_ANMC_C_NUM,104466050,D,413014,1413140,Region,..Bihar,0,,0,1,CNANMCCNUM,IADHS2020413014,2019-21,DHS,,16633,,,1
IND,Jharkhand,6318731,Number of children under age 5,5453,0,IA,India,2020,IA2020DHS,CN_ANMC_C_NUM,104466050,D,413015,1413150,Region,..Jharkhand,0,,0,1,CNANMCCNUM,IADHS2020413015,2019-21,DHS,,7841,,,1
IND,Odisha,1305125,Number of children under age 5,5785,0,IA,India,2020,IA2020DHS,CN_ANMC_C_NUM,104466050,D,413016,1413160,Region,Odisha,0,,0,1,CNANMCCNUM,IADHS2020413016,2019-21,DHS,,6940,,,1
IND,West Bengal,5992948,Number of children under age 5,13309,0,IA,India,2020,IA2020DHS,CN_ANMC_C_NUM,104466050,D,413017,1413170,Region,West Bengal,0,,0,1,CNANMCCNUM,IADHS2020413017,2019-21,DHS,,4696,,,1
IND,Arunachal Pradesh,7603956,Number of children under age 5,146,0,IA,India,2020,IA2020DHS,CN_ANMC_C_NUM,104466050,D,413018,1413180,Region,Arunachal Pradesh,0,,0,1,CNANMCCNUM,IADHS2020413018,2019-21,DHS,,4649,,,1
IND,Assam,1287229,Number of children under age 5,4862,0,IA,India,2020,IA2020DHS,CN_ANMC_C_NUM,104466050,D,413019,1413190,Region,Assam,0,,0,1,CNANMCCNUM,IADHS2020413019,2019-21,DHS,,8763,,,1
IND,Manipur,190592,Number of children under age 5,386,0,IA,India,2020,IA2020DHS,CN_ANMC_C_NUM,104466050,D,413020,1413200,Region,Manipur,0,,0,1,CNANMCCNUM,IADHS2020413020,2019-21,DHS,,2764,,,1
IND,Meghalaya,1295109,Number of children under age 5,700,0,IA,India,2020,IA2020DHS,CN_ANMC_C_NUM,104466050,D,413021,1413210,Region,Meghalaya,0,,0,1,CNANMCCNUM,IADHS2020413021,2019-21,DHS,,5523,,,1
IND,Mizoram,6554504,Number of children under age 5,142,0,IA,India,2020,IA2020DHS,CN_ANMC_C_NUM,104466050,D,413022,1413220,Region,Mizoram,0,,0,1,CNANMCCNUM,IADHS2020413022,2019-21,DHS,,2054,,,1
IND,Nagaland,1521738,Number of children under age 5,186,0,IA,India,2020,IA2020DHS,CN_ANMC_C_NUM,104466050,D,413023,1413230,Region,Nagaland,0,,0,1,CNANMCCNUM,IADHS2020413023,2019-21,DHS,,2613,,,1
IND,Sikkim,1295106,Number of children under age 5,40,0,IA,India,2020,IA2020DHS,CN_ANMC_C_NUM,104466050,D,413024,1413240,Region,Sikkim,0,,0,1,CNANMCCNUM,IADHS2020413024,2019-21,DHS,,477,,,1
IND,Tripura,6714301,Number of children under age 5,511,0,IA,India,2020,IA2020DHS,CN_ANMC_C_NUM,104466050,D,413025,1413250,Region,Tripura,0,,0,1,CNANMCCNUM,IADHS2020413025,2019-21,DHS,,1751,,,1
IND,Goa,1305220,Number of children under age 5,151,0,IA,India,2020,IA2020DHS,CN_ANMC_C_NUM,104466050,D,413026,1413260,Region,Goa,0,,0,1,CNANMCCNUM,IADHS2020413026,2019-21,DHS,,275,,,1
IND,Gujarat,6873175,Number of children under age 5,8019,0,IA,India,2020,IA2020DHS,CN_ANMC_C_NUM,104466050,D,413027,1413270,Region,Gujarat,0,,0,1,CNANMCCNUM,IADHS2020413027,2019-21,DHS,,8086,,,1
IND,Maharashtra,7492029,Number of children under age 5,14633,0,IA,India,2020,IA2020DHS,CN_ANMC_C_NUM,104466050,D,413028,1413280,Region,Maharashtra,0,,0,1,CNANMCCNUM,IADHS2020413028,2019-21,DHS,,7764,,,1
IND,Andhra Pradesh including Telangana,636013,Number of children under age 5,9290,0,IA,India,2020,IA2020DHS,CN_ANMC_C_NUM,104466050,D,413029,1413290,Region,Andhra Pradesh including Telangana,0,,0,1,CNANMCCNUM,IADHS2020413029,2019-21,DHS,,7635,,,
IND,Andhra Pradesh,6858143,Number of children under age 5,5628,0,IA,India,2020,IA2020DHS,CN_ANMC_C_NUM,104466050,D,413046,1413292,Region,..Andhra Pradesh,0,,0,1,CNANMCCNUM,IADHS2020413046,2019-21,DHS,,2166,,,1
IND,Telangana,7506945,Number of children under age 5,3661,0,IA,India,2020,IA2020DHS,CN_ANMC_C_NUM,104466050,D,413047,1413295,Region,..Telangana,0,,0,1,CNANMCCNUM,IADHS2020413047,2019-21,DHS,,5469,,,1
IND,Karnataka,5074031,Number of children under age 5,7929,0,IA,India,2020,IA2020DHS,CN_ANMC_C_NUM,104466050,D,413030,1413300,Region,Karnataka,0,,0,1,CNANMCCNUM,IADHS2020413030,2019-21,DHS,,6634,,,1
IND,Kerala,3665672,Number of children under age 5,3677,0,IA,India,2020,IA2020DHS,CN_ANMC_C_NUM,104466050,D,413031,1413310,Region,Kerala,0,,0,1,CNANMCCNUM,IADHS2020413031,2019-21,DHS,,2242,,,1
IND,Tamil Nadu,7016205,Number of children under age 5,8892,0,IA,India,2020,IA2020DHS,CN_ANMC_C_NUM,104466050,D,413032,1413320,Region,Tamil Nadu,0,,0,1,CNANMCCNUM,IADHS2020413032,2019-21,DHS,,5348,,,1
IND,Andaman and Nicobar Islands,7158335,Number of children under age 5,34,0,IA,India,2020,IA2020DHS,CN_ANMC_C_NUM,104466050,D,413040,1413400,Region,Andaman and Nicobar Islands,0,,0,1,CNANMCCNUM,IADHS2020413040,2019-21,DHS,,385,,,1
IND,Chandigarh,6562110,Number of children under age 5,85,0,IA,India,2020,IA2020DHS,CN_ANMC_C_NUM,104466050,D,413041,1413410,Region,Chandigarh,0,,0,1,CNANMCCNUM,IADHS2020413041,2019-21,DHS,,128,,,1
IND,"Dadra and Nagar Haveli, Daman and Diu",4248639,Number of children under age 5,74,0,IA,India,2020,IA2020DHS,CN_ANMC_C_NUM,104466050,D,413052,1413415,Region,"Dadra and Nagar Haveli, Daman and Diu",0,,0,1,CNANMCCNUM,IADHS2020413052,2019-21,DHS,,664,,,1
IND,Lakshadweep,5721728,Number of children under age 5,8,0,IA,India,2020,IA2020DHS,CN_ANMC_C_NUM,104466050,D,413044,1413440,Region,Lakshadweep,0,,0,1,CNANMCCNUM,IADHS2020413044,2019-21,DHS,,220,,,1
IND,Puducherry,1295111,Number of children under age 5,120,0,IA,India,2020,IA2020DHS,CN_ANMC_C_NUM,104466050,D,413045,1413450,Region,Puducherry,0,,0,1,CNANMCCNUM,IADHS2020413045,2019-21,DHS,,641,,,1
IND,New Delhi,4763637,Number of children under age 5 (unweighted),2154,0,IA,India,2020,IA2020DHS,CN_ANMC_C_UNW,104466060,U,413000,1413000,Region,New Delhi,0,,0,1,CNANMCCUNW,IADHS2020413000,2019-21,DHS,2108,,,,1
IND,Haryana,1287240,Number of children under age 5 (unweighted),5258,0,IA,India,2020,IA2020DHS,CN_ANMC_C_UNW,104466060,U,413001,1413010,Region,Haryana,0,,0,1,CNANMCCUNW,IADHS2020413001,2019-21,DHS,3304,,,,1
IND,Himachal Pradesh,1305232,Number of children under age 5 (unweighted),2208,0,IA,India,2020,IA2020DHS,CN_ANMC_C_UNW,104466060,U,413002,1413020,Region,Himachal Pradesh,0,,0,1,CNANMCCUNW,IADHS2020413002,2019-21,DHS,801,,,,1
IND,"Jammu, Kashmir & Ladakh",3665604,Number of children under age 5 (unweighted),5407,0,IA,India,2020,IA2020DHS,CN_ANMC_C_UNW,104466060,U,413003,1413030,Region,"Jammu, Kashmir & Ladakh",0,,0,1,CNANMCCUNW,IADHS2020413003,2019-21,DHS,1400,,,,1
IND,Jammu & Kashmir,3517439,Number of children under age 5 (unweighted),4962,0,IA,India,2020,IA2020DHS,CN_ANMC_C_UNW,104466060,U,413050,1413035,Region,..Jammu & Kashmir,0,,0,1,CNANMCCUNW,IADHS2020413050,2019-21,DHS,1377,,,,1
IND,Ladakh,4342663,Number of children under age 5 (unweighted),445,0,IA,India,2020,IA2020DHS,CN_ANMC_C_UNW,104466060,U,413051,1413045,Region,..Ladakh,0,,0,1,CNANMCCUNW,IADHS2020413051,2019-21,DHS,23,,,,1
IND,Punjab,4268644,Number of children under age 5 (unweighted),4268,0,IA,India,2020,IA2020DHS,CN_ANMC_C_UNW,104466060,U,413005,1413050,Region,Punjab,0,,0,1,CNANMCCUNW,IADHS2020413005,2019-21,DHS,2948,,,,1
IND,Rajasthan,4238702,Number of children under age 5 (unweighted),11602,0,IA,India,2020,IA2020DHS,CN_ANMC_C_UNW,104466060,U,413006,1413060,Region,Rajasthan,0,,0,1,CNANMCCUNW,IADHS2020413006,2019-21,DHS,11821,,,,1
IND,"Madhya Pradesh, inc Chhattisgarh",4720989,Number of children under age 5 (unweighted),19010,0,IA,India,2020,IA2020DHS,CN_ANMC_C_UNW,104466060,U,413007,1413070,Region,"Madhya Pradesh, inc Chhattisgarh",0,,0,1,CNANMCCUNW,IADHS2020413007,2019-21,DHS,14132,,,,
IND,Madhya Pradesh,1303297,Number of children under age 5 (unweighted),12220,0,IA,India,2020,IA2020DHS,CN_ANMC_C_UNW,104466060,U,413008,1413080,Region,..Madhya Pradesh,0,,0,1,CNANMCCUNW,IADHS2020413008,2019-21,DHS,10083,,,,1
IND,Chhattisgarh,3411375,Number of children under age 5 (unweighted),6790,0,IA,India,2020,IA2020DHS,CN_ANMC_C_UNW,104466060,U,413009,1413090,Region,..Chhattisgarh,0,,0,1,CNANMCCUNW,IADHS2020413009,2019-21,DHS,4049,,,,1
IND,"Uttar Pradesh, inc Uttarakhand",3981232,Number of children under age 5 (unweighted),29483,0,IA,India,2020,IA2020DHS,CN_ANMC_C_UNW,104466060,U,413010,1413100,Region,"Uttar Pradesh, inc Uttarakhand",0,,0,1,CNANMCCUNW,IADHS2020413010,2019-21,DHS,34301,,,,
IND,Uttar Pradesh,1081059,Number of children under age 5 (unweighted),26585,0,IA,India,2020,IA2020DHS,CN_ANMC_C_UNW,104466060,U,413011,1413110,Region,..Uttar Pradesh,0,,0,1,CNANMCCUNW,IADHS2020413011,2019-21,DHS,33061,,,,1
IND,Uttarakhand,3539675,Number of children under age 5 (unweighted),2898,0,IA,India,2020,IA2020DHS,CN_ANMC_C_UNW,104466060,U,413012,1413120,Region,..Uttarakhand,0,,0,1,CNANMCCUNW,IADHS2020413012,2019-21,DHS,1240,,,,1
IND,"Bihar, inc Jharkhand",4364867,Number of children under age 5 (unweighted),24474,0,IA,India,2020,IA2020DHS,CN_ANMC_C_UNW,104466060,U,413013,1413130,Region,"Bihar, inc Jharkhand",0,,0,1,CNANMCCUNW,IADHS2020413013,2019-21,DHS,29068,,,,
IND,Bihar,4956710,Number of children under age 5 (unweighted),16633,0,IA,India,2020,IA2020DHS,CN_ANMC_C_UNW,104466060,U,413014,1413140,Region,..Bihar,0,,0,1,CNANMCCUNW,IADHS2020413014,2019-21,DHS,23615,,,,1
IND,Jharkhand,3890474,Number of children under age 5 (unweighted),7841,0,IA,India,2020,IA2020DHS,CN_ANMC_C_UNW,104466060,U,413015,1413150,Region,..Jharkhand,0,,0,1,CNANMCCUNW,IADHS2020413015,2019-21,DHS,5453,,,,1
IND,Odisha,3755068,Number of children under age 5 (unweighted),6940,0,IA,India,2020,IA2020DHS,CN_ANMC_C_UNW,104466060,U,413016,1413160,Region,Odisha,0,,0,1,CNANMCCUNW,IADHS2020413016,2019-21,DHS,5785,,,,1
IND,West Bengal,3714616,Number of children under age 5 (unweighted),4696,0,IA,India,2020,IA2020DHS,CN_ANMC_C_UNW,104466060,U,413017,1413170,Region,West Bengal,0,,0,1,CNANMCCUNW,IADHS2020413017,2019-21,DHS,13309,,,,1
IND,Arunachal Pradesh,5183193,Number of children under age 5 (unweighted),4649,0,IA,India,2020,IA2020DHS,CN_ANMC_C_UNW,104466060,U,413018,1413180,Region,Arunachal Pradesh,0,,0,1,CNANMCCUNW,IADHS2020413018,2019-21,DHS,146,,,,1
IND,Assam,4756463,Number of children under age 5 (unweighted),8763,0,IA,India,2020,IA2020DHS,CN_ANMC_C_UNW,104466060,U,413019,1413190,Region,Assam,0,,0,1,CNANMCCUNW,IADHS2020413019,2019-21,DHS,4862,,,,1
IND,Manipur,4330490,Number of children under age 5 (unweighted),2764,0,IA,India,2020,IA2020DHS,CN_ANMC_C_UNW,104466060,U,413020,1413200,Region,Manipur,0,,0,1,CNANMCCUNW,IADHS2020413020,2019-21,DHS,386,,,,1
IND,Meghalaya,3815246,Number of children under age 5 (unweighted),5523,0,IA,India,2020,IA2020DHS,CN_ANMC_C_UNW,104466060,U,413021,1413210,Region,Meghalaya,0,,0,1,CNANMCCUNW,IADHS2020413021,2019-21,DHS,700,,,,1
IND,Mizoram,3678451,Number of children under age 5 (unweighted),2054,0,IA,India,2020,IA2020DHS,CN_ANMC_C_UNW,104466060,U,413022,1413220,Region,Mizoram,0,,0,1,CNANMCCUNW,IADHS2020413022,2019-21,DHS,142,,,,1
IND,Nagaland,3374174,Number of children under age 5 (unweighted),2613,0,IA,India,2020,IA2020DHS,CN_ANMC_C_UNW,104466060,U,413023,1413230,Region,Nagaland,0,,0,1,CNANMCCUNW,IADHS2020413023,2019-21,DHS,186,,,,1
IND,Sikkim,4248620,Number of children under age 5 (unweighted),477,0,IA,India,2020,IA2020DHS,CN_ANMC_C_UNW,104466060,U,413024,1413240,Region,Sikkim,0,,0,1,CNANMCCUNW,IADHS2020413024,2019-21,DHS,40,,,,1
IND,Tripura,4061085,Number of children under age 5 (unweighted),1751,0,IA,India,2020,IA2020DHS,CN_ANMC_C_UNW,104466060,U,413025,1413250,Region,Tripura,0,,0,1,CNANMCCUNW,IADHS2020413025,2019-21,DHS,511,,,,1
IND,Goa,4714484,Number of children under age 5 (unweighted),275,0,IA,India,2020,IA2020DHS,CN_ANMC_C_UNW,104466060,U,413026,1413260,Region,Goa,0,,0,1,CNANMCCUNW,IADHS2020413026,2019-21,DHS,151,,,,1
IND,Gujarat,1287239,Number of children under age 5 (unweighted),8086,0,IA,India,2020,IA2020DHS,CN_ANMC_C_UNW,104466060,U,413027,1413270,Region,Gujarat,0,,0,1,CNANMCCUNW,IADHS2020413027,2019-21,DHS,8019,,,,1
IND,Maharashtra,3411354,Number of children under age 5 (unweighted),7764,0,IA,India,2020,IA2020DHS,CN_ANMC_C_UNW,104466060,U,413028,1413280,Region,Maharashtra,0,,0,1,CNANMCCUNW,IADHS2020413028,2019-21,DHS,14633,,,,1
IND,Andhra Pradesh including Telangana,3888339,Number of children under age 5 (unweighted),7635,0,IA,India,2020,IA2020DHS,CN_ANMC_C_UNW,104466060,U,413029,1413290,Region,Andhra Pradesh including Telangana,0,,0,1,CNANMCCUNW,IADHS2020413029,2019-21,DHS,9290,,,,
IND,Andhra Pradesh,1305343,Number of children under age 5 (unweighted),2166,0,IA,India,2020,IA2020DHS,CN_ANMC_C_UNW,104466060,U,413046,1413292,Region,..Andhra Pradesh,0,,0,1,CNANMCCUNW,IADHS2020413046,2019-21,DHS,5628,,,,1
IND,Telangana,3418328,Number of children under age 5 (unweighted),5469,0,IA,India,2020,IA2020DHS,CN_ANMC_C_UNW,104466060,U,413047,1413295,Region,..Telangana,0,,0,1,CNANMCCUNW,IADHS2020413047,2019-21,DHS,3661,,,,1
IND,Karnataka,4831573,Number of children under age 5 (unweighted),6634,0,IA,India,2020,IA2020DHS,CN_ANMC_C_UNW,104466060,U,413030,1413300,Region,Karnataka,0,,0,1,CNANMCCUNW,IADHS2020413030,2019-21,DHS,7929,,,,1
IND,Kerala,3533414,Number of children under age 5 (unweighted),2242,0,IA,India,2020,IA2020DHS,CN_ANMC_C_UNW,104466060,U,413031,1413310,Region,Kerala,0,,0,1,CNANMCCUNW,IADHS2020413031,2019-21,DHS,3677,,,,1
IND,Tamil Nadu,4342662,Number of children under age 5 (unweighted),5348,0,IA,India,2020,IA2020DHS,CN_ANMC_C_UNW,104466060,U,413032,1413320,Region,Tamil Nadu,0,,0,1,CNANMCCUNW,IADHS2020413032,2019-21,DHS,8892,,,,1
IND,Andaman and Nicobar Islands,3807574,Number of children under age 5 (unweighted),385,0,IA,India,2020,IA2020DHS,CN_ANMC_C_UNW,104466060,U,413040,1413400,Region,Andaman and Nicobar Islands,0,,0,1,CNANMCCUNW,IADHS2020413040,2019-21,DHS,34,,,,1
IND,Chandigarh,4492496,Number of children under age 5 (unweighted),128,0,IA,India,2020,IA2020DHS,CN_ANMC_C_UNW,104466060,U,413041,1413410,Region,Chandigarh,0,,0,1,CNANMCCUNW,IADHS2020413041,2019-21,DHS,85,,,,1
IND,"Dadra and Nagar Haveli, Daman and Diu",5661355,Number of children under age 5 (unweighted),664,0,IA,India,2020,IA2020DHS,CN_ANMC_C_UNW,104466060,U,413052,1413415,Region,"Dadra and Nagar Haveli, Daman and Diu",0,,0,1,CNANMCCUNW,IADHS2020413052,2019-21,DHS,74,,,,1
IND,Lakshadweep,4046069,Number of children under age 5 (unweighted),220,0,IA,India,2020,IA2020DHS,CN_ANMC_C_UNW,104466060,U,413044,1413440,Region,Lakshadweep,0,,0,1,CNANMCCUNW,IADHS2020413044,2019-21,DHS,8,,,,1
IND,Puducherry,3513177,Number of children under age 5 (unweighted),641,0,IA,India,2020,IA2020DHS,CN_ANMC_C_UNW,104466060,U,413045,1413450,Region,Puducherry,0,,0,1,CNANMCCUNW,IADHS2020413045,2019-21,DHS,120,,,,1
IND,New Delhi,4960045,Women with any anemia,49.9,1,IA,India,2020,IA2020DHS,AN_ANEM_W_ANY,114603010,I,413000,1413000,Region,New Delhi,0,,0,1,ANANEMWANY,IADHS2020413000,2019-21,DHS,9713,9811,,,1
IND,Haryana,7970825,Women with any anemia,60.4,1,IA,India,2020,IA2020DHS,AN_ANEM_W_ANY,114603010,I,413001,1413010,Region,Haryana,0,,0,1,ANANEMWANY,IADHS2020413001,2019-21,DHS,13132,20432,,,1
IND,Himachal Pradesh,461939,Women with any anemia,53,1,IA,India,2020,IA2020DHS,AN_ANEM_W_ANY,114603010,I,413002,1413020,Region,Himachal Pradesh,0,,0,1,ANANEMWANY,IADHS2020413002,2019-21,DHS,3786,10158,,,1
IND,"Jammu, Kashmir & Ladakh",7946366,Women with any anemia,66.4,1,IA,India,2020,IA2020DHS,AN_ANEM_W_ANY,114603010,I,413003,1413030,Region,"Jammu, Kashmir & Ladakh",0,,0,1,ANANEMWANY,IADHS2020413003,2019-21,DHS,6499,24558,,,1
IND,Jammu & Kashmir,1399741,Women with any anemia,65.9,1,IA,India,2020,IA2020DHS,AN_ANEM_W_ANY,114603010,I,413050,1413035,Region,..Jammu & Kashmir,0,,0,1,ANANEMWANY,IADHS2020413050,2019-21,DHS,6381,22262,,,1
IND,Ladakh,5886742,Women with any anemia,92.8,1,IA,India,2020,IA2020DHS,AN_ANEM_W_ANY,114603010,I,413051,1413045,Region,..Ladakh,0,,0,1,ANANEMWANY,IADHS2020413051,2019-21,DHS,117,2296,,,1
IND,Punjab,3540101,Women with any anemia,58.6,1,IA,India,2020,IA2020DHS,AN_ANEM_W_ANY,114603010,I,413005,1413050,Region,Punjab,0,,0,1,ANANEMWANY,IADHS2020413005,2019-21,DHS,13918,19792,,,1
IND,Rajasthan,3803966,Women with any anemia,54.4,1,IA,India,2020,IA2020DHS,AN_ANEM_W_ANY,114603010,I,413006,1413060,Region,Rajasthan,0,,0,1,ANANEMWANY,IADHS2020413006,2019-21,DHS,42774,41691,,,1
IND,"Madhya Pradesh, inc Chhattisgarh",5170112,Women with any anemia,56.5,1,IA,India,2020,IA2020DHS,AN_ANEM_W_ANY,114603010,I,413007,1413070,Region,"Madhya Pradesh, inc Chhattisgarh",0,,0,1,ANANEMWANY,IADHS2020413007,2019-21,DHS,55175,72385,,,
IND,Madhya Pradesh,1303572,Women with any anemia,54.7,1,IA,India,2020,IA2020DHS,AN_ANEM_W_ANY,114603010,I,413008,1413080,Region,..Madhya Pradesh,0,,0,1,ANANEMWANY,IADHS2020413008,2019-21,DHS,38569,44981,,,1
IND,Chhattisgarh,6860956,Women with any anemia,60.8,1,IA,India,2020,IA2020DHS,AN_ANEM_W_ANY,114603010,I,413009,1413090,Region,..Chhattisgarh,0,,0,1,ANANEMWANY,IADHS2020413009,2019-21,DHS,16606,27404,,,1
IND,"Uttar Pradesh, inc Uttarakhand",7913725,Women with any anemia,50.1,1,IA,India,2020,IA2020DHS,AN_ANEM_W_ANY,114603010,I,413010,1413100,Region,"Uttar Pradesh, inc Uttarakhand",0,,0,1,ANANEMWANY,IADHS2020413010,2019-21,DHS,117120,99689,,,
IND,Uttar Pradesh,1081008,Women with any anemia,50.4,1,IA,India,2020,IA2020DHS,AN_ANEM_W_ANY,114603010,I,413011,1413110,Region,..Uttar Pradesh,0,,0,1,ANANEMWANY,IADHS2020413011,2019-21,DHS,111650,87226,,,1
IND,Uttarakhand,5207432,Women with any anemia,42.6,1,IA,India,2020,IA2020DHS,AN_ANEM_W_ANY,114603010,I,413012,1413120,Region,..Uttarakhand,0,,0,1,ANANEMWANY,IADHS2020413012,2019-21,DHS,5471,12463,,,1
IND,"Bihar, inc Jharkhand",6174347,Women with any anemia,63.9,1,IA,India,2020,IA2020DHS,AN_ANEM_W_ANY,114603010,I,413013,1413130,Region,"Bihar, inc Jharkhand",0,,0,1,ANANEMWANY,IADHS2020413013,2019-21,DHS,76661,66020,,,
IND,Bihar,7192465,Women with any anemia,63.5,1,IA,India,2020,IA2020DHS,AN_ANEM_W_ANY,114603010,I,413014,1413140,Region,..Bihar,0,,0,1,ANANEMWANY,IADHS2020413014,2019-21,DHS,59040,40851,,,1
IND,Jharkhand,1303577,Women with any anemia,65.3,1,IA,India,2020,IA2020DHS,AN_ANEM_W_ANY,114603010,I,413015,1413150,Region,..Jharkhand,0,,0,1,ANANEMWANY,IADHS2020413015,2019-21,DHS,17620,25169,,,1
IND,Odisha,7055416,Women with any anemia,64.3,1,IA,India,2020,IA2020DHS,AN_ANEM_W_ANY,114603010,I,413016,1413160,Region,Odisha,0,,0,1,ANANEMWANY,IADHS2020413016,2019-21,DHS,23340,27134,,,1
IND,West Bengal,7097460,Women with any anemia,71.4,1,IA,India,2020,IA2020DHS,AN_ANEM_W_ANY,114603010,I,413017,1413170,Region,West Bengal,0,,0,1,ANANEMWANY,IADHS2020413017,2019-21,DHS,58034,20642,,,1
IND,Arunachal Pradesh,89464,Women with any anemia,40.3,1,IA,India,2020,IA2020DHS,AN_ANEM_W_ANY,114603010,I,413018,1413180,Region,Arunachal Pradesh,0,,0,1,ANANEMWANY,IADHS2020413018,2019-21,DHS,579,19236,,,1
IND,Assam,5530651,Women with any anemia,65.9,1,IA,India,2020,IA2020DHS,AN_ANEM_W_ANY,114603010,I,413019,1413190,Region,Assam,0,,0,1,ANANEMWANY,IADHS2020413019,2019-21,DHS,18534,33843,,,1
IND,Manipur,7993365,Women with any anemia,29.4,1,IA,India,2020,IA2020DHS,AN_ANEM_W_ANY,114603010,I,413020,1413200,Region,Manipur,0,,0,1,ANANEMWANY,IADHS2020413020,2019-21,DHS,1248,7898,,,1
IND,Meghalaya,448145,Women with any anemia,53.8,1,IA,India,2020,IA2020DHS,AN_ANEM_W_ANY,114603010,I,413021,1413210,Region,Meghalaya,0,,0,1,ANANEMWANY,IADHS2020413021,2019-21,DHS,1701,12712,,,1
IND,Mizoram,7961081,Women with any anemia,34.8,1,IA,India,2020,IA2020DHS,AN_ANEM_W_ANY,114603010,I,413022,1413220,Region,Mizoram,0,,0,1,ANANEMWANY,IADHS2020413022,2019-21,DHS,555,7111,,,1
IND,Nagaland,6379135,Women with any anemia,28.9,1,IA,India,2020,IA2020DHS,AN_ANEM_W_ANY,114603010,I,413023,1413230,Region,Nagaland,0,,0,1,ANANEMWANY,IADHS2020413023,2019-21,DHS,752,9461,,,1
IND,Sikkim,4930338,Women with any anemia,41.9,1,IA,India,2020,IA2020DHS,AN_ANEM_W_ANY,114603010,I,413024,1413240,Region,Sikkim,0,,0,1,ANANEMWANY,IADHS2020413024,2019-21,DHS,304,3046,,,1
IND,Tripura,3784845,Women with any anemia,67.2,1,IA,India,2020,IA2020DHS,AN_ANEM_W_ANY,114603010,I,413025,1413250,Region,Tripura,0,,0,1,ANANEMWANY,IADHS2020413025,2019-21,DHS,2164,7128,,,1
IND,Goa,5106921,Women with any anemia,38.9,1,IA,India,2020,IA2020DHS,AN_ANEM_W_ANY,114603010,I,413026,1413260,Region,Goa,0,,0,1,ANANEMWANY,IADHS2020413026,2019-21,DHS,1031,1949,,,1
IND,Gujarat,5669394,Women with any anemia,65,1,IA,India,2020,IA2020DHS,AN_ANEM_W_ANY,114603010,I,413027,1413270,Region,Gujarat,0,,0,1,ANANEMWANY,IADHS2020413027,2019-21,DHS,32362,32469,,,1
IND,Maharashtra,6745018,Women with any anemia,54.2,1,IA,India,2020,IA2020DHS,AN_ANEM_W_ANY,114603010,I,413028,1413280,Region,Maharashtra,0,,0,1,ANANEMWANY,IADHS2020413028,2019-21,DHS,62135,32245,,,1
IND,Andhra Pradesh including Telangana,7928551,Women with any anemia,58.4,1,IA,India,2020,IA2020DHS,AN_ANEM_W_ANY,114603010,I,413029,1413290,Region,Andhra Pradesh including Telangana,0,,0,1,ANANEMWANY,IADHS2020413029,2019-21,DHS,44636,36142,,,
IND,Andhra Pradesh,5676745,Women with any anemia,58.8,1,IA,India,2020,IA2020DHS,AN_ANEM_W_ANY,114603010,I,413046,1413292,Region,..Andhra Pradesh,0,,0,1,ANANEMWANY,IADHS2020413046,2019-21,DHS,27226,10448,,,1
IND,Telangana,208479,Women with any anemia,57.6,1,IA,India,2020,IA2020DHS,AN_ANEM_W_ANY,114603010,I,413047,1413295,Region,..Telangana,0,,0,1,ANANEMWANY,IADHS2020413047,2019-21,DHS,17411,25694,,,1
IND,Karnataka,4887535,Women with any anemia,47.8,1,IA,India,2020,IA2020DHS,AN_ANEM_W_ANY,114603010,I,413030,1413300,Region,Karnataka,0,,0,1,ANANEMWANY,IADHS2020413030,2019-21,DHS,35761,29052,,,1
IND,Kerala,1406303,Women with any anemia,36.3,1,IA,India,2020,IA2020DHS,AN_ANEM_W_ANY,114603010,I,413031,1413310,Region,Kerala,0,,0,1,ANANEMWANY,IADHS2020413031,2019-21,DHS,17170,10440,,,1
IND,Tamil Nadu,6160852,Women with any anemia,53.4,1,IA,India,2020,IA2020DHS,AN_ANEM_W_ANY,114603010,I,413032,1413320,Region,Tamil Nadu,0,,0,1,ANANEMWANY,IADHS2020413032,2019-21,DHS,41293,24730,,,1
IND,Andaman and Nicobar Islands,1537774,Women with any anemia,57.5,1,IA,India,2020,IA2020DHS,AN_ANEM_W_ANY,114603010,I,413040,1413400,Region,Andaman and Nicobar Islands,0,,0,1,ANANEMWANY,IADHS2020413040,2019-21,DHS,195,2339,,,1
IND,Chandigarh,7952819,Women with any anemia,60.3,1,IA,India,2020,IA2020DHS,AN_ANEM_W_ANY,114603010,I,413041,1413410,Region,Chandigarh,0,,0,1,ANANEMWANY,IADHS2020413041,2019-21,DHS,494,630,,,1
IND,"Dadra and Nagar Haveli, Daman and Diu",7094336,Women with any anemia,62.5,1,IA,India,2020,IA2020DHS,AN_ANEM_W_ANY,114603010,I,413052,1413415,Region,"Dadra and Nagar Haveli, Daman and Diu",0,,0,1,ANANEMWANY,IADHS2020413052,2019-21,DHS,257,2613,,,1
IND,Lakshadweep,1295224,Women with any anemia,25.8,1,IA,India,2020,IA2020DHS,AN_ANEM_W_ANY,114603010,I,413044,1413440,Region,Lakshadweep,0,,0,1,ANANEMWANY,IADHS2020413044,2019-21,DHS,43,1202,,,1
IND,Puducherry,5111911,Women with any anemia,55.1,1,IA,India,2020,IA2020DHS,AN_ANEM_W_ANY,114603010,I,413045,1413450,Region,Puducherry,0,,0,1,ANANEMWANY,IADHS2020413045,2019-21,DHS,668,3595,,,1
IND,New Delhi,4960044,Women with mild anemia,23.1,1,IA,India,2020,IA2020DHS,AN_ANEM_W_MLD,114603020,I,413000,1413000,Region,New Delhi,0,,0,1,ANANEMWMLD,IADHS2020413000,2019-21,DHS,9713,9811,,,1
IND,Haryana,7970824,Women with mild anemia,25.1,1,IA,India,2020,IA2020DHS,AN_ANEM_W_MLD,114603020,I,413001,1413010,Region,Haryana,0,,0,1,ANANEMWMLD,IADHS2020413001,2019-21,DHS,13132,20432,,,1
IND,Himachal Pradesh,461938,Women with mild anemia,27.1,1,IA,India,2020,IA2020DHS,AN_ANEM_W_MLD,114603020,I,413002,1413020,Region,Himachal Pradesh,0,,0,1,ANANEMWMLD,IADHS2020413002,2019-21,DHS,3786,10158,,,1
IND,"Jammu, Kashmir & Ladakh",7946365,Women with mild anemia,25.1,1,IA,India,2020,IA2020DHS,AN_ANEM_W_MLD,114603020,I,413003,1413030,Region,"Jammu, Kashmir & Ladakh",0,,0,1,ANANEMWMLD,IADHS2020413003,2019-21,DHS,6499,24558,,,1
IND,Jammu & Kashmir,1399740,Women with mild anemia,25.3,1,IA,India,2020,IA2020DHS,AN_ANEM_W_MLD,114603020,I,413050,1413035,Region,..Jammu & Kashmir,0,,0,1,ANANEMWMLD,IADHS2020413050,2019-21,DHS,6381,22262,,,1
IND,Ladakh,5886739,Women with mild anemia,13.5,1,IA,India,2020,IA2020DHS,AN_ANEM_W_MLD,114603020,I,413051,1413045,Region,..Ladakh,0,,0,1,ANANEMWMLD,IADHS2020413051,2019-21,DHS,117,2296,,,1
IND,Punjab,3540098,Women with mild anemia,24.6,1,IA,India,2020,IA2020DHS,AN_ANEM_W_MLD,114603020,I,413005,1413050,Region,Punjab,0,,0,1,ANANEMWMLD,IADHS2020413005,2019-21,DHS,13918,19792,,,1
IND,Rajasthan,3804018,Women with mild anemia,24.1,1,IA,India,2020,IA2020DHS,AN_ANEM_W_MLD,114603020,I,413006,1413060,Region,Rajasthan,0,,0,1,ANANEMWMLD,IADHS2020413006,2019-21,DHS,42774,41691,,,1
IND,"Madhya Pradesh, inc Chhattisgarh",5170103,Women with mild anemia,26.1,1,IA,India,2020,IA2020DHS,AN_ANEM_W_MLD,114603020,I,413007,1413070,Region,"Madhya Pradesh, inc Chhattisgarh",0,,0,1,ANANEMWMLD,IADHS2020413007,2019-21,DHS,55175,72385,,,
IND,Madhya Pradesh,1303571,Women with mild anemia,25.7,1,IA,India,2020,IA2020DHS,AN_ANEM_W_MLD,114603020,I,413008,1413080,Region,..Madhya Pradesh,0,,0,1,ANANEMWMLD,IADHS2020413008,2019-21,DHS,38569,44981,,,1
IND,Chhattisgarh,6860954,Women with mild anemia,27.1,1,IA,India,2020,IA2020DHS,AN_ANEM_W_MLD,114603020,I,413009,1413090,Region,..Chhattisgarh,0,,0,1,ANANEMWMLD,IADHS2020413009,2019-21,DHS,16606,27404,,,1
IND,"Uttar Pradesh, inc Uttarakhand",7913724,Women with mild anemia,24.2,1,IA,India,2020,IA2020DHS,AN_ANEM_W_MLD,114603020,I,413010,1413100,Region,"Uttar Pradesh, inc Uttarakhand",0,,0,1,ANANEMWMLD,IADHS2020413010,2019-21,DHS,117120,99689,,,
IND,Uttar Pradesh,1080996,Women with mild anemia,24.3,1,IA,India,2020,IA2020DHS,AN_ANEM_W_MLD,114603020,I,413011,1413110,Region,..Uttar Pradesh,0,,0,1,ANANEMWMLD,IADHS2020413011,2019-21,DHS,111650,87226,,,1
IND,Uttarakhand,5207429,Women with mild anemia,21.2,1,IA,India,2020,IA2020DHS,AN_ANEM_W_MLD,114603020,I,413012,1413120,Region,..Uttarakhand,0,,0,1,ANANEMWMLD,IADHS2020413012,2019-21,DHS,5471,12463,,,1
IND,"Bihar, inc Jharkhand",6174336,Women with mild anemia,29.6,1,IA,India,2020,IA2020DHS,AN_ANEM_W_MLD,114603020,I,413013,1413130,Region,"Bihar, inc Jharkhand",0,,0,1,ANANEMWMLD,IADHS2020413013,2019-21,DHS,76661,66020,,,
IND,Bihar,7192468,Women with mild anemia,29.7,1,IA,India,2020,IA2020DHS,AN_ANEM_W_MLD,114603020,I,413014,1413140,Region,..Bihar,0,,0,1,ANANEMWMLD,IADHS2020413014,2019-21,DHS,59040,40851,,,1
IND,Jharkhand,1303576,Women with mild anemia,29.4,1,IA,India,2020,IA2020DHS,AN_ANEM_W_MLD,114603020,I,413015,1413150,Region,..Jharkhand,0,,0,1,ANANEMWMLD,IADHS2020413015,2019-21,DHS,17620,25169,,,1
IND,Odisha,7055415,Women with mild anemia,29,1,IA,India,2020,IA2020DHS,AN_ANEM_W_MLD,114603020,I,413016,1413160,Region,Odisha,0,,0,1,ANANEMWMLD,IADHS2020413016,2019-21,DHS,23340,27134,,,1
IND,West Bengal,7097459,Women with mild anemia,30.1,1,IA,India,2020,IA2020DHS,AN_ANEM_W_MLD,114603020,I,413017,1413170,Region,West Bengal,0,,0,1,ANANEMWMLD,IADHS2020413017,2019-21,DHS,58034,20642,,,1
IND,Arunachal Pradesh,89463,Women with mild anemia,22,1,IA,India,2020,IA2020DHS,AN_ANEM_W_MLD,114603020,I,413018,1413180,Region,Arunachal Pradesh,0,,0,1,ANANEMWMLD,IADHS2020413018,2019-21,DHS,579,19236,,,1
IND,Assam,5530650,Women with mild anemia,28.8,1,IA,India,2020,IA2020DHS,AN_ANEM_W_MLD,114603020,I,413019,1413190,Region,Assam,0,,0,1,ANANEMWMLD,IADHS2020413019,2019-21,DHS,18534,33843,,,1
IND,Manipur,7993364,Women with mild anemia,18.5,1,IA,India,2020,IA2020DHS,AN_ANEM_W_MLD,114603020,I,413020,1413200,Region,Manipur,0,,0,1,ANANEMWMLD,IADHS2020413020,2019-21,DHS,1248,7898,,,1
IND,Meghalaya,448144,Women with mild anemia,23.6,1,IA,India,2020,IA2020DHS,AN_ANEM_W_MLD,114603020,I,413021,1413210,Region,Meghalaya,0,,0,1,ANANEMWMLD,IADHS2020413021,2019-21,DHS,1701,12712,,,1
IND,Mizoram,7961080,Women with mild anemia,19.5,1,IA,India,2020,IA2020DHS,AN_ANEM_W_MLD,114603020,I,413022,1413220,Region,Mizoram,0,,0,1,ANANEMWMLD,IADHS2020413022,2019-21,DHS,555,7111,,,1
IND,Nagaland,6379121,Women with mild anemia,17.9,1,IA,India,2020,IA2020DHS,AN_ANEM_W_MLD,114603020,I,413023,1413230,Region,Nagaland,0,,0,1,ANANEMWMLD,IADHS2020413023,2019-21,DHS,752,9461,,,1
IND,Sikkim,4930337,Women with mild anemia,20.2,1,IA,India,2020,IA2020DHS,AN_ANEM_W_MLD,114603020,I,413024,1413240,Region,Sikkim,0,,0,1,ANANEMWMLD,IADHS2020413024,2019-21,DHS,304,3046,,,1
IND,Tripura,3784900,Women with mild anemia,30.9,1,IA,India,2020,IA2020DHS,AN_ANEM_W_MLD,114603020,I,413025,1413250,Region,Tripura,0,,0,1,ANANEMWMLD,IADHS2020413025,2019-21,DHS,2164,7128,,,1
IND,Goa,5106920,Women with mild anemia,23.2,1,IA,India,2020,IA2020DHS,AN_ANEM_W_MLD,114603020,I,413026,1413260,Region,Goa,0,,0,1,ANANEMWMLD,IADHS2020413026,2019-21,DHS,1031,1949,,,1
IND,Gujarat,5669391,Women with mild anemia,25.9,1,IA,India,2020,IA2020DHS,AN_ANEM_W_MLD,114603020,I,413027,1413270,Region,Gujarat,0,,0,1,ANANEMWMLD,IADHS2020413027,2019-21,DHS,32362,32469,,,1
IND,Maharashtra,6745017,Women with mild anemia,24.1,1,IA,India,2020,IA2020DHS,AN_ANEM_W_MLD,114603020,I,413028,1413280,Region,Maharashtra,0,,0,1,ANANEMWMLD,IADHS2020413028,2019-21,DHS,62135,32245,,,1
IND,Andhra Pradesh including Telangana,7928550,Women with mild anemia,23.9,1,IA,India,2020,IA2020DHS,AN_ANEM_W_MLD,114603020,I,413029,1413290,Region,Andhra Pradesh including Telangana,0,,0,1,ANANEMWMLD,IADHS2020413029,2019-21,DHS,44636,36142,,,
IND,Andhra Pradesh,5676744,Women with mild anemia,25.1,1,IA,India,2020,IA2020DHS,AN_ANEM_W_MLD,114603020,I,413046,1413292,Region,..Andhra Pradesh,0,,0,1,ANANEMWMLD,IADHS2020413046,2019-21,DHS,27226,10448,,,1
IND,Telangana,208478,Women with mild anemia,22.1,1,IA,India,2020,IA2020DHS,AN_ANEM_W_MLD,114603020,I,413047,1413295,Region,..Telangana,0,,0,1,ANANEMWMLD,IADHS2020413047,2019-21,DHS,17411,25694,,,1
IND,Karnataka,4887534,Women with mild anemia,22.1,1,IA,India,2020,IA2020DHS,AN_ANEM_W_MLD,114603020,I,413030,1413300,Region,Karnataka,0,,0,1,ANANEMWMLD,IADHS2020413030,2019-21,DHS,35761,29052,,,1
IND,Kerala,1406302,Women with mild anemia,21,1,IA,India,2020,IA2020DHS,AN_ANEM_W_MLD,114603020,I,413031,1413310,Region,Kerala,0,,0,1,ANANEMWMLD,IADHS2020413031,2019-21,DHS,17170,10440,,,1
IND,Tamil Nadu,6160851,Women with mild anemia,23.9,1,IA,India,2020,IA2020DHS,AN_ANEM_W_MLD,114603020,I,413032,1413320,Region,Tamil Nadu,0,,0,1,ANANEMWMLD,IADHS2020413032,2019-21,DHS,41293,24730,,,1
IND,Andaman and Nicobar Islands,1537773,Women with mild anemia,26.5,1,IA,India,2020,IA2020DHS,AN_ANEM_W_MLD,114603020,I,413040,1413400,Region,Andaman and Nicobar Islands,0,,0,1,ANANEMWMLD,IADHS2020413040,2019-21,DHS,195,2339,,,1
IND,Chandigarh,7952816,Women with mild anemia,28.2,1,IA,India,2020,IA2020DHS,AN_ANEM_W_MLD,114603020,I,413041,1413410,Region,Chandigarh,0,,0,1,ANANEMWMLD,IADHS2020413041,2019-21,DHS,494,630,,,1
IND,"Dadra and Nagar Haveli, Daman and Diu",7094324,Women with mild anemia,29.5,1,IA,India,2020,IA2020DHS,AN_ANEM_W_MLD,114603020,I,413052,1413415,Region,"Dadra and Nagar Haveli, Daman and Diu",0,,0,1,ANANEMWMLD,IADHS2020413052,2019-21,DHS,257,2613,,,1
IND,Lakshadweep,1295225,Women with mild anemia,14.3,1,IA,India,2020,IA2020DHS,AN_ANEM_W_MLD,114603020,I,413044,1413440,Region,Lakshadweep,0,,0,1,ANANEMWMLD,IADHS2020413044,2019-21,DHS,43,1202,,,1
IND,Puducherry,5111912,Women with mild anemia,24,1,IA,India,2020,IA2020DHS,AN_ANEM_W_MLD,114603020,I,413045,1413450,Region,Puducherry,0,,0,1,ANANEMWMLD,IADHS2020413045,2019-21,DHS,668,3595,,,1
IND,New Delhi,4960041,Women with moderate anemia,24,1,IA,India,2020,IA2020DHS,AN_ANEM_W_MOD,114603030,I,413000,1413000,Region,New Delhi,0,,0,1,ANANEMWMOD,IADHS2020413000,2019-21,DHS,9713,9811,,,1
IND,Haryana,7970822,Women with moderate anemia,31.5,1,IA,India,2020,IA2020DHS,AN_ANEM_W_MOD,114603030,I,413001,1413010,Region,Haryana,0,,0,1,ANANEMWMOD,IADHS2020413001,2019-21,DHS,13132,20432,,,1
IND,Himachal Pradesh,461916,Women with moderate anemia,24.1,1,IA,India,2020,IA2020DHS,AN_ANEM_W_MOD,114603030,I,413002,1413020,Region,Himachal Pradesh,0,,0,1,ANANEMWMOD,IADHS2020413002,2019-21,DHS,3786,10158,,,1
IND,"Jammu, Kashmir & Ladakh",7946363,Women with moderate anemia,38,1,IA,India,2020,IA2020DHS,AN_ANEM_W_MOD,114603030,I,413003,1413030,Region,"Jammu, Kashmir & Ladakh",0,,0,1,ANANEMWMOD,IADHS2020413003,2019-21,DHS,6499,24558,,,1
IND,Jammu & Kashmir,1399726,Women with moderate anemia,37.8,1,IA,India,2020,IA2020DHS,AN_ANEM_W_MOD,114603030,I,413050,1413035,Region,..Jammu & Kashmir,0,,0,1,ANANEMWMOD,IADHS2020413050,2019-21,DHS,6381,22262,,,1
IND,Ladakh,5886740,Women with moderate anemia,49.9,1,IA,India,2020,IA2020DHS,AN_ANEM_W_MOD,114603030,I,413051,1413045,Region,..Ladakh,0,,0,1,ANANEMWMOD,IADHS2020413051,2019-21,DHS,117,2296,,,1
IND,Punjab,3540099,Women with moderate anemia,31.1,1,IA,India,2020,IA2020DHS,AN_ANEM_W_MOD,114603030,I,413005,1413050,Region,Punjab,0,,0,1,ANANEMWMOD,IADHS2020413005,2019-21,DHS,13918,19792,,,1
IND,Rajasthan,3803967,Women with moderate anemia,27.9,1,IA,India,2020,IA2020DHS,AN_ANEM_W_MOD,114603030,I,413006,1413060,Region,Rajasthan,0,,0,1,ANANEMWMOD,IADHS2020413006,2019-21,DHS,42774,41691,,,1
IND,"Madhya Pradesh, inc Chhattisgarh",5170101,Women with moderate anemia,28,1,IA,India,2020,IA2020DHS,AN_ANEM_W_MOD,114603030,I,413007,1413070,Region,"Madhya Pradesh, inc Chhattisgarh",0,,0,1,ANANEMWMOD,IADHS2020413007,2019-21,DHS,55175,72385,,,
IND,Madhya Pradesh,1303561,Women with moderate anemia,26.6,1,IA,India,2020,IA2020DHS,AN_ANEM_W_MOD,114603030,I,413008,1413080,Region,..Madhya Pradesh,0,,0,1,ANANEMWMOD,IADHS2020413008,2019-21,DHS,38569,44981,,,1
IND,Chhattisgarh,6860922,Women with moderate anemia,31.2,1,IA,India,2020,IA2020DHS,AN_ANEM_W_MOD,114603030,I,413009,1413090,Region,..Chhattisgarh,0,,0,1,ANANEMWMOD,IADHS2020413009,2019-21,DHS,16606,27404,,,1
IND,"Uttar Pradesh, inc Uttarakhand",7913726,Women with moderate anemia,23.7,1,IA,India,2020,IA2020DHS,AN_ANEM_W_MOD,114603030,I,413010,1413100,Region,"Uttar Pradesh, inc Uttarakhand",0,,0,1,ANANEMWMOD,IADHS2020413010,2019-21,DHS,117120,99689,,,
IND,Uttar Pradesh,1080994,Women with moderate anemia,23.9,1,IA,India,2020,IA2020DHS,AN_ANEM_W_MOD,114603030,I,413011,1413110,Region,..Uttar Pradesh,0,,0,1,ANANEMWMOD,IADHS2020413011,2019-21,DHS,111650,87226,,,1
IND,Uttarakhand,5207430,Women with moderate anemia,19.1,1,IA,India,2020,IA2020DHS,AN_ANEM_W_MOD,114603030,I,413012,1413120,Region,..Uttarakhand,0,,0,1,ANANEMWMOD,IADHS2020413012,2019-21,DHS,5471,12463,,,1
IND,"Bihar, inc Jharkhand",6174337,Women with moderate anemia,32.3,1,IA,India,2020,IA2020DHS,AN_ANEM_W_MOD,114603030,I,413013,1413130,Region,"Bihar, inc Jharkhand",0,,0,1,ANANEMWMOD,IADHS2020413013,2019-21,DHS,76661,66020,,,
IND,Bihar,7192466,Women with moderate anemia,31.7,1,IA,India,2020,IA2020DHS,AN_ANEM_W_MOD,114603030,I,413014,1413140,Region,..Bihar,0,,0,1,ANANEMWMOD,IADHS2020413014,2019-21,DHS,59040,40851,,,1
IND,Jharkhand,1303574,Women with moderate anemia,34,1,IA,India,2020,IA2020DHS,AN_ANEM_W_MOD,114603030,I,413015,1413150,Region,..Jharkhand,0,,0,1,ANANEMWMOD,IADHS2020413015,2019-21,DHS,17620,25169,,,1
IND,Odisha,7055394,Women with moderate anemia,32.8,1,IA,India,2020,IA2020DHS,AN_ANEM_W_MOD,114603030,I,413016,1413160,Region,Odisha,0,,0,1,ANANEMWMOD,IADHS2020413016,2019-21,DHS,23340,27134,,,1
IND,West Bengal,7097457,Women with moderate anemia,39,1,IA,India,2020,IA2020DHS,AN_ANEM_W_MOD,114603030,I,413017,1413170,Region,West Bengal,0,,0,1,ANANEMWMOD,IADHS2020413017,2019-21,DHS,58034,20642,,,1
IND,Arunachal Pradesh,89431,Women with moderate anemia,17,1,IA,India,2020,IA2020DHS,AN_ANEM_W_MOD,114603030,I,413018,1413180,Region,Arunachal Pradesh,0,,0,1,ANANEMWMOD,IADHS2020413018,2019-21,DHS,579,19236,,,1
IND,Assam,5530631,Women with moderate anemia,34.8,1,IA,India,2020,IA2020DHS,AN_ANEM_W_MOD,114603030,I,413019,1413190,Region,Assam,0,,0,1,ANANEMWMOD,IADHS2020413019,2019-21,DHS,18534,33843,,,1
IND,Manipur,7993351,Women with moderate anemia,9.9,1,IA,India,2020,IA2020DHS,AN_ANEM_W_MOD,114603030,I,413020,1413200,Region,Manipur,0,,0,1,ANANEMWMOD,IADHS2020413020,2019-21,DHS,1248,7898,,,1
IND,Meghalaya,448097,Women with moderate anemia,27.8,1,IA,India,2020,IA2020DHS,AN_ANEM_W_MOD,114603030,I,413021,1413210,Region,Meghalaya,0,,0,1,ANANEMWMOD,IADHS2020413021,2019-21,DHS,1701,12712,,,1
IND,Mizoram,7961050,Women with moderate anemia,14,1,IA,India,2020,IA2020DHS,AN_ANEM_W_MOD,114603030,I,413022,1413220,Region,Mizoram,0,,0,1,ANANEMWMOD,IADHS2020413022,2019-21,DHS,555,7111,,,1
IND,Nagaland,6379119,Women with moderate anemia,10.3,1,IA,India,2020,IA2020DHS,AN_ANEM_W_MOD,114603030,I,413023,1413230,Region,Nagaland,0,,0,1,ANANEMWMOD,IADHS2020413023,2019-21,DHS,752,9461,,,1
IND,Sikkim,4930335,Women with moderate anemia,19.4,1,IA,India,2020,IA2020DHS,AN_ANEM_W_MOD,114603030,I,413024,1413240,Region,Sikkim,0,,0,1,ANANEMWMOD,IADHS2020413024,2019-21,DHS,304,3046,,,1
IND,Tripura,3784901,Women with moderate anemia,34.2,1,IA,India,2020,IA2020DHS,AN_ANEM_W_MOD,114603030,I,413025,1413250,Region,Tripura,0,,0,1,ANANEMWMOD,IADHS2020413025,2019-21,DHS,2164,7128,,,1
IND,Goa,5106918,Women with moderate anemia,14.8,1,IA,India,2020,IA2020DHS,AN_ANEM_W_MOD,114603030,I,413026,1413260,Region,Goa,0,,0,1,ANANEMWMOD,IADHS2020413026,2019-21,DHS,1031,1949,,,1
IND,Gujarat,5669392,Women with moderate anemia,35.2,1,IA,India,2020,IA2020DHS,AN_ANEM_W_MOD,114603030,I,413027,1413270,Region,Gujarat,0,,0,1,ANANEMWMOD,IADHS2020413027,2019-21,DHS,32362,32469,,,1
IND,Maharashtra,6745015,Women with moderate anemia,27.3,1,IA,India,2020,IA2020DHS,AN_ANEM_W_MOD,114603030,I,413028,1413280,Region,Maharashtra,0,,0,1,ANANEMWMOD,IADHS2020413028,2019-21,DHS,62135,32245,,,1
IND,Andhra Pradesh including Telangana,7928548,Women with moderate anemia,29.7,1,IA,India,2020,IA2020DHS,AN_ANEM_W_MOD,114603030,I,413029,1413290,Region,Andhra Pradesh including Telangana,0,,0,1,ANANEMWMOD,IADHS2020413029,2019-21,DHS,44636,36142,,,
IND,Andhra Pradesh,5676746,Women with moderate anemia,29.1,1,IA,India,2020,IA2020DHS,AN_ANEM_W_MOD,114603030,I,413046,1413292,Region,..Andhra Pradesh,0,,0,1,ANANEMWMOD,IADHS2020413046,2019-21,DHS,27226,10448,,,1
IND,Telangana,208480,Women with moderate anemia,30.8,1,IA,India,2020,IA2020DHS,AN_ANEM_W_MOD,114603030,I,413047,1413295,Region,..Telangana,0,,0,1,ANANEMWMOD,IADHS2020413047,2019-21,DHS,17411,25694,,,1
IND,Karnataka,4887514,Women with moderate anemia,22.7,1,IA,India,2020,IA2020DHS,AN_ANEM_W_MOD,114603030,I,413030,1413300,Region,Karnataka,0,,0,1,ANANEMWMOD,IADHS2020413030,2019-21,DHS,35761,29052,,,1
IND,Kerala,1406300,Women with moderate anemia,14.1,1,IA,India,2020,IA2020DHS,AN_ANEM_W_MOD,114603030,I,413031,1413310,Region,Kerala,0,,0,1,ANANEMWMOD,IADHS2020413031,2019-21,DHS,17170,10440,,,1
IND,Tamil Nadu,6160825,Women with moderate anemia,25.9,1,IA,India,2020,IA2020DHS,AN_ANEM_W_MOD,114603030,I,413032,1413320,Region,Tamil Nadu,0,,0,1,ANANEMWMOD,IADHS2020413032,2019-21,DHS,41293,24730,,,1
IND,Andaman and Nicobar Islands,1537759,Women with moderate anemia,28.1,1,IA,India,2020,IA2020DHS,AN_ANEM_W_MOD,114603030,I,413040,1413400,Region,Andaman and Nicobar Islands,0,,0,1,ANANEMWMOD,IADHS2020413040,2019-21,DHS,195,2339,,,1
IND,Chandigarh,7952817,Women with moderate anemia,29.3,1,IA,India,2020,IA2020DHS,AN_ANEM_W_MOD,114603030,I,413041,1413410,Region,Chandigarh,0,,0,1,ANANEMWMOD,IADHS2020413041,2019-21,DHS,494,630,,,1
IND,"Dadra and Nagar Haveli, Daman and Diu",7094325,Women with moderate anemia,30.8,1,IA,India,2020,IA2020DHS,AN_ANEM_W_MOD,114603030,I,413052,1413415,Region,"Dadra and Nagar Haveli, Daman and Diu",0,,0,1,ANANEMWMOD,IADHS2020413052,2019-21,DHS,257,2613,,,1
IND,Lakshadweep,1295227,Women with moderate anemia,10.8,1,IA,India,2020,IA2020DHS,AN_ANEM_W_MOD,114603030,I,413044,1413440,Region,Lakshadweep,0,,0,1,ANANEMWMOD,IADHS2020413044,2019-21,DHS,43,1202,,,1
IND,Puducherry,5111931,Women with moderate anemia,27.5,1,IA,India,2020,IA2020DHS,AN_ANEM_W_MOD,114603030,I,413045,1413450,Region,Puducherry,0,,0,1,ANANEMWMOD,IADHS2020413045,2019-21,DHS,668,3595,,,1
IND,New Delhi,4960042,Women with severe anemia,2.9,1,IA,India,2020,IA2020DHS,AN_ANEM_W_SEV,114603040,I,413000,1413000,Region,New Delhi,0,,0,1,ANANEMWSEV,IADHS2020413000,2019-21,DHS,9713,9811,,,1
IND,Haryana,7970823,Women with severe anemia,3.9,1,IA,India,2020,IA2020DHS,AN_ANEM_W_SEV,114603040,I,413001,1413010,Region,Haryana,0,,0,1,ANANEMWSEV,IADHS2020413001,2019-21,DHS,13132,20432,,,1
IND,Himachal Pradesh,461937,Women with severe anemia,1.8,1,IA,India,2020,IA2020DHS,AN_ANEM_W_SEV,114603040,I,413002,1413020,Region,Himachal Pradesh,0,,0,1,ANANEMWSEV,IADHS2020413002,2019-21,DHS,3786,10158,,,1
IND,"Jammu, Kashmir & Ladakh",7946364,Women with severe anemia,3.3,1,IA,India,2020,IA2020DHS,AN_ANEM_W_SEV,114603040,I,413003,1413030,Region,"Jammu, Kashmir & Ladakh",0,,0,1,ANANEMWSEV,IADHS2020413003,2019-21,DHS,6499,24558,,,1
IND,Jammu & Kashmir,1399739,Women with severe anemia,2.8,1,IA,India,2020,IA2020DHS,AN_ANEM_W_SEV,114603040,I,413050,1413035,Region,..Jammu & Kashmir,0,,0,1,ANANEMWSEV,IADHS2020413050,2019-21,DHS,6381,22262,,,1
IND,Ladakh,5886741,Women with severe anemia,29.4,1,IA,India,2020,IA2020DHS,AN_ANEM_W_SEV,114603040,I,413051,1413045,Region,..Ladakh,0,,0,1,ANANEMWSEV,IADHS2020413051,2019-21,DHS,117,2296,,,1
IND,Punjab,3540100,Women with severe anemia,3,1,IA,India,2020,IA2020DHS,AN_ANEM_W_SEV,114603040,I,413005,1413050,Region,Punjab,0,,0,1,ANANEMWSEV,IADHS2020413005,2019-21,DHS,13918,19792,,,1
IND,Rajasthan,3804017,Women with severe anemia,2.3,1,IA,India,2020,IA2020DHS,AN_ANEM_W_SEV,114603040,I,413006,1413060,Region,Rajasthan,0,,0,1,ANANEMWSEV,IADHS2020413006,2019-21,DHS,42774,41691,,,1
IND,"Madhya Pradesh, inc Chhattisgarh",5170102,Women with severe anemia,2.4,1,IA,India,2020,IA2020DHS,AN_ANEM_W_SEV,114603040,I,413007,1413070,Region,"Madhya Pradesh, inc Chhattisgarh",0,,0,1,ANANEMWSEV,IADHS2020413007,2019-21,DHS,55175,72385,,,
IND,Madhya Pradesh,1303570,Women with severe anemia,2.3,1,IA,India,2020,IA2020DHS,AN_ANEM_W_SEV,114603040,I,413008,1413080,Region,..Madhya Pradesh,0,,0,1,ANANEMWSEV,IADHS2020413008,2019-21,DHS,38569,44981,,,1
IND,Chhattisgarh,6860953,Women with severe anemia,2.6,1,IA,India,2020,IA2020DHS,AN_ANEM_W_SEV,114603040,I,413009,1413090,Region,..Chhattisgarh,0,,0,1,ANANEMWSEV,IADHS2020413009,2019-21,DHS,16606,27404,,,1
IND,"Uttar Pradesh, inc Uttarakhand",7913802,Women with severe anemia,2.1,1,IA,India,2020,IA2020DHS,AN_ANEM_W_SEV,114603040,I,413010,1413100,Region,"Uttar Pradesh, inc Uttarakhand",0,,0,1,ANANEMWSEV,IADHS2020413010,2019-21,DHS,117120,99689,,,
IND,Uttar Pradesh,1080995,Women with severe anemia,2.1,1,IA,India,2020,IA2020DHS,AN_ANEM_W_SEV,114603040,I,413011,1413110,Region,..Uttar Pradesh,0,,0,1,ANANEMWSEV,IADHS2020413011,2019-21,DHS,111650,87226,,,1
IND,Uttarakhand,5207431,Women with severe anemia,2.3,1,IA,India,2020,IA2020DHS,AN_ANEM_W_SEV,114603040,I,413012,1413120,Region,..Uttarakhand,0,,0,1,ANANEMWSEV,IADHS2020413012,2019-21,DHS,5471,12463,,,1
IND,"Bihar, inc Jharkhand",6174338,Women with severe anemia,2,1,IA,India,2020,IA2020DHS,AN_ANEM_W_SEV,114603040,I,413013,1413130,Region,"Bihar, inc Jharkhand",0,,0,1,ANANEMWSEV,IADHS2020413013,2019-21,DHS,76661,66020,,,
IND,Bihar,7192467,Women with severe anemia,2.1,1,IA,India,2020,IA2020DHS,AN_ANEM_W_SEV,114603040,I,413014,1413140,Region,..Bihar,0,,0,1,ANANEMWSEV,IADHS2020413014,2019-21,DHS,59040,40851,,,1
IND,Jharkhand,1303575,Women with severe anemia,1.9,1,IA,India,2020,IA2020DHS,AN_ANEM_W_SEV,114603040,I,413015,1413150,Region,..Jharkhand,0,,0,1,ANANEMWSEV,IADHS2020413015,2019-21,DHS,17620,25169,,,1
IND,Odisha,7055414,Women with severe anemia,2.5,1,IA,India,2020,IA2020DHS,AN_ANEM_W_SEV,114603040,I,413016,1413160,Region,Odisha,0,,0,1,ANANEMWSEV,IADHS2020413016,2019-21,DHS,23340,27134,,,1
IND,West Bengal,7097458,Women with severe anemia,2.2,1,IA,India,2020,IA2020DHS,AN_ANEM_W_SEV,114603040,I,413017,1413170,Region,West Bengal,0,,0,1,ANANEMWSEV,IADHS2020413017,2019-21,DHS,58034,20642,,,1
IND,Arunachal Pradesh,89462,Women with severe anemia,1.3,1,IA,India,2020,IA2020DHS,AN_ANEM_W_SEV,114603040,I,413018,1413180,Region,Arunachal Pradesh,0,,0,1,ANANEMWSEV,IADHS2020413018,2019-21,DHS,579,19236,,,1
IND,Assam,5530632,Women with severe anemia,2.3,1,IA,India,2020,IA2020DHS,AN_ANEM_W_SEV,114603040,I,413019,1413190,Region,Assam,0,,0,1,ANANEMWSEV,IADHS2020413019,2019-21,DHS,18534,33843,,,1
IND,Manipur,7993363,Women with severe anemia,1,1,IA,India,2020,IA2020DHS,AN_ANEM_W_SEV,114603040,I,413020,1413200,Region,Manipur,0,,0,1,ANANEMWSEV,IADHS2020413020,2019-21,DHS,1248,7898,,,1
IND,Meghalaya,448143,Women with severe anemia,2.4,1,IA,India,2020,IA2020DHS,AN_ANEM_W_SEV,114603040,I,413021,1413210,Region,Meghalaya,0,,0,1,ANANEMWSEV,IADHS2020413021,2019-21,DHS,1701,12712,,,1
IND,Mizoram,7961057,Women with severe anemia,1.3,1,IA,India,2020,IA2020DHS,AN_ANEM_W_SEV,114603040,I,413022,1413220,Region,Mizoram,0,,0,1,ANANEMWSEV,IADHS2020413022,2019-21,DHS,555,7111,,,1
IND,Nagaland,6379120,Women with severe anemia,0.7,1,IA,India,2020,IA2020DHS,AN_ANEM_W_SEV,114603040,I,413023,1413230,Region,Nagaland,0,,0,1,ANANEMWSEV,IADHS2020413023,2019-21,DHS,752,9461,,,1
IND,Sikkim,4930336,Women with severe anemia,2.3,1,IA,India,2020,IA2020DHS,AN_ANEM_W_SEV,114603040,I,413024,1413240,Region,Sikkim,0,,0,1,ANANEMWSEV,IADHS2020413024,2019-21,DHS,304,3046,,,1
IND,Tripura,3784844,Women with severe anemia,2.1,1,IA,India,2020,IA2020DHS,AN_ANEM_W_SEV,114603040,I,413025,1413250,Region,Tripura,0,,0,1,ANANEMWSEV,IADHS2020413025,2019-21,DHS,2164,7128,,,1
IND,Goa,5106919,Women with severe anemia,1,1,IA,India,2020,IA2020DHS,AN_ANEM_W_SEV,114603040,I,413026,1413260,Region,Goa,0,,0,1,ANANEMWSEV,IADHS2020413026,2019-21,DHS,1031,1949,,,1
IND,Gujarat,5669393,Women with severe anemia,3.9,1,IA,India,2020,IA2020DHS,AN_ANEM_W_SEV,114603040,I,413027,1413270,Region,Gujarat,0,,0,1,ANANEMWSEV,IADHS2020413027,2019-21,DHS,32362,32469,,,1
IND,Maharashtra,6745016,Women with severe anemia,2.8,1,IA,India,2020,IA2020DHS,AN_ANEM_W_SEV,114603040,I,413028,1413280,Region,Maharashtra,0,,0,1,ANANEMWSEV,IADHS2020413028,2019-21,DHS,62135,32245,,,1
IND,Andhra Pradesh including Telangana,7928549,Women with severe anemia,4.7,1,IA,India,2020,IA2020DHS,AN_ANEM_W_SEV,114603040,I,413029,1413290,Region,Andhra Pradesh including Telangana,0,,0,1,ANANEMWSEV,IADHS2020413029,2019-21,DHS,44636,36142,,,
IND,Andhra Pradesh,5676762,Women with severe anemia,4.6,1,IA,India,2020,IA2020DHS,AN_ANEM_W_SEV,114603040,I,413046,1413292,Region,..Andhra Pradesh,0,,0,1,ANANEMWSEV,IADHS2020413046,2019-21,DHS,27226,10448,,,1
IND,Telangana,208496,Women with severe anemia,4.8,1,IA,India,2020,IA2020DHS,AN_ANEM_W_SEV,114603040,I,413047,1413295,Region,..Telangana,0,,0,1,ANANEMWSEV,IADHS2020413047,2019-21,DHS,17411,25694,,,1
IND,Karnataka,4887515,Women with severe anemia,2.9,1,IA,India,2020,IA2020DHS,AN_ANEM_W_SEV,114603040,I,413030,1413300,Region,Karnataka,0,,0,1,ANANEMWSEV,IADHS2020413030,2019-21,DHS,35761,29052,,,1
IND,Kerala,1406301,Women with severe anemia,1.2,1,IA,India,2020,IA2020DHS,AN_ANEM_W_SEV,114603040,I,413031,1413310,Region,Kerala,0,,0,1,ANANEMWSEV,IADHS2020413031,2019-21,DHS,17170,10440,,,1
IND,Tamil Nadu,6160853,Women with severe anemia,3.5,1,IA,India,2020,IA2020DHS,AN_ANEM_W_SEV,114603040,I,413032,1413320,Region,Tamil Nadu,0,,0,1,ANANEMWSEV,IADHS2020413032,2019-21,DHS,41293,24730,,,1
IND,Andaman and Nicobar Islands,1537772,Women with severe anemia,2.9,1,IA,India,2020,IA2020DHS,AN_ANEM_W_SEV,114603040,I,413040,1413400,Region,Andaman and Nicobar Islands,0,,0,1,ANANEMWSEV,IADHS2020413040,2019-21,DHS,195,2339,,,1
IND,Chandigarh,7952818,Women with severe anemia,2.8,1,IA,India,2020,IA2020DHS,AN_ANEM_W_SEV,114603040,I,413041,1413410,Region,Chandigarh,0,,0,1,ANANEMWSEV,IADHS2020413041,2019-21,DHS,494,630,,,1
IND,"Dadra and Nagar Haveli, Daman and Diu",7094335,Women with severe anemia,2.2,1,IA,India,2020,IA2020DHS,AN_ANEM_W_SEV,114603040,I,413052,1413415,Region,"Dadra and Nagar Haveli, Daman and Diu",0,,0,1,ANANEMWSEV,IADHS2020413052,2019-21,DHS,257,2613,,,1
IND,Lakshadweep,1295228,Women with severe anemia,0.7,1,IA,India,2020,IA2020DHS,AN_ANEM_W_SEV,114603040,I,413044,1413440,Region,Lakshadweep,0,,0,1,ANANEMWSEV,IADHS2020413044,2019-21,DHS,43,1202,,,1
IND,Puducherry,5111932,Women with severe anemia,3.7,1,IA,India,2020,IA2020DHS,AN_ANEM_W_SEV,114603040,I,413045,1413450,Region,Puducherry,0,,0,1,ANANEMWSEV,IADHS2020413045,2019-21,DHS,668,3595,,,1
IND,New Delhi,5107569,Number of women,9713,0,IA,India,2020,IA2020DHS,AN_ANEM_W_NUM,114603050,D,413000,1413000,Region,New Delhi,0,,0,1,ANANEMWNUM,IADHS2020413000,2019-21,DHS,,9811,,,1
IND,Haryana,1376481,Number of women,13132,0,IA,India,2020,IA2020DHS,AN_ANEM_W_NUM,114603050,D,413001,1413010,Region,Haryana,0,,0,1,ANANEMWNUM,IADHS2020413001,2019-21,DHS,,20432,,,1
IND,Himachal Pradesh,488656,Number of women,3786,0,IA,India,2020,IA2020DHS,AN_ANEM_W_NUM,114603050,D,413002,1413020,Region,Himachal Pradesh,0,,0,1,ANANEMWNUM,IADHS2020413002,2019-21,DHS,,10158,,,1
IND,"Jammu, Kashmir & Ladakh",1350490,Number of women,6499,0,IA,India,2020,IA2020DHS,AN_ANEM_W_NUM,114603050,D,413003,1413030,Region,"Jammu, Kashmir & Ladakh",0,,0,1,ANANEMWNUM,IADHS2020413003,2019-21,DHS,,24558,,,1
IND,Jammu & Kashmir,1426848,Number of women,6381,0,IA,India,2020,IA2020DHS,AN_ANEM_W_NUM,114603050,D,413050,1413035,Region,..Jammu & Kashmir,0,,0,1,ANANEMWNUM,IADHS2020413050,2019-21,DHS,,22262,,,1
IND,Ladakh,5958347,Number of women,117,0,IA,India,2020,IA2020DHS,AN_ANEM_W_NUM,114603050,D,413051,1413045,Region,..Ladakh,0,,0,1,ANANEMWNUM,IADHS2020413051,2019-21,DHS,,2296,,,1
IND,Punjab,1303573,Number of women,13918,0,IA,India,2020,IA2020DHS,AN_ANEM_W_NUM,114603050,D,413005,1413050,Region,Punjab,0,,0,1,ANANEMWNUM,IADHS2020413005,2019-21,DHS,,19792,,,1
IND,Rajasthan,1303595,Number of women,42774,0,IA,India,2020,IA2020DHS,AN_ANEM_W_NUM,114603050,D,413006,1413060,Region,Rajasthan,0,,0,1,ANANEMWNUM,IADHS2020413006,2019-21,DHS,,41691,,,1
IND,"Madhya Pradesh, inc Chhattisgarh",5249597,Number of women,55175,0,IA,India,2020,IA2020DHS,AN_ANEM_W_NUM,114603050,D,413007,1413070,Region,"Madhya Pradesh, inc Chhattisgarh",0,,0,1,ANANEMWNUM,IADHS2020413007,2019-21,DHS,,72385,,,
IND,Madhya Pradesh,1303569,Number of women,38569,0,IA,India,2020,IA2020DHS,AN_ANEM_W_NUM,114603050,D,413008,1413080,Region,..Madhya Pradesh,0,,0,1,ANANEMWNUM,IADHS2020413008,2019-21,DHS,,44981,,,1
IND,Chhattisgarh,6857045,Number of women,16606,0,IA,India,2020,IA2020DHS,AN_ANEM_W_NUM,114603050,D,413009,1413090,Region,..Chhattisgarh,0,,0,1,ANANEMWNUM,IADHS2020413009,2019-21,DHS,,27404,,,1
IND,"Uttar Pradesh, inc Uttarakhand",7968817,Number of women,117120,0,IA,India,2020,IA2020DHS,AN_ANEM_W_NUM,114603050,D,413010,1413100,Region,"Uttar Pradesh, inc Uttarakhand",0,,0,1,ANANEMWNUM,IADHS2020413010,2019-21,DHS,,99689,,,
IND,Uttar Pradesh,1083263,Number of women,111650,0,IA,India,2020,IA2020DHS,AN_ANEM_W_NUM,114603050,D,413011,1413110,Region,..Uttar Pradesh,0,,0,1,ANANEMWNUM,IADHS2020413011,2019-21,DHS,,87226,,,1
IND,Uttarakhand,5237492,Number of women,5471,0,IA,India,2020,IA2020DHS,AN_ANEM_W_NUM,114603050,D,413012,1413120,Region,..Uttarakhand,0,,0,1,ANANEMWNUM,IADHS2020413012,2019-21,DHS,,12463,,,1
IND,"Bihar, inc Jharkhand",6174348,Number of women,76661,0,IA,India,2020,IA2020DHS,AN_ANEM_W_NUM,114603050,D,413013,1413130,Region,"Bihar, inc Jharkhand",0,,0,1,ANANEMWNUM,IADHS2020413013,2019-21,DHS,,66020,,,
IND,Bihar,7324006,Number of women,59040,0,IA,India,2020,IA2020DHS,AN_ANEM_W_NUM,114603050,D,413014,1413140,Region,..Bihar,0,,0,1,ANANEMWNUM,IADHS2020413014,2019-21,DHS,,40851,,,1
IND,Jharkhand,1303592,Number of women,17620,0,IA,India,2020,IA2020DHS,AN_ANEM_W_NUM,114603050,D,413015,1413150,Region,..Jharkhand,0,,0,1,ANANEMWNUM,IADHS2020413015,2019-21,DHS,,25169,,,1
IND,Odisha,7055395,Number of women,23340,0,IA,India,2020,IA2020DHS,AN_ANEM_W_NUM,114603050,D,413016,1413160,Region,Odisha,0,,0,1,ANANEMWNUM,IADHS2020413016,2019-21,DHS,,27134,,,1
IND,West Bengal,7164673,Number of women,58034,0,IA,India,2020,IA2020DHS,AN_ANEM_W_NUM,114603050,D,413017,1413170,Region,West Bengal,0,,0,1,ANANEMWNUM,IADHS2020413017,2019-21,DHS,,20642,,,1
IND,Arunachal Pradesh,85275,Number of women,579,0,IA,India,2020,IA2020DHS,AN_ANEM_W_NUM,114603050,D,413018,1413180,Region,Arunachal Pradesh,0,,0,1,ANANEMWNUM,IADHS2020413018,2019-21,DHS,,19236,,,1
IND,Assam,5666138,Number of women,18534,0,IA,India,2020,IA2020DHS,AN_ANEM_W_NUM,114603050,D,413019,1413190,Region,Assam,0,,0,1,ANANEMWNUM,IADHS2020413019,2019-21,DHS,,33843,,,1
IND,Manipur,1369384,Number of women,1248,0,IA,India,2020,IA2020DHS,AN_ANEM_W_NUM,114603050,D,413020,1413200,Region,Manipur,0,,0,1,ANANEMWNUM,IADHS2020413020,2019-21,DHS,,7898,,,1
IND,Meghalaya,473411,Number of women,1701,0,IA,India,2020,IA2020DHS,AN_ANEM_W_NUM,114603050,D,413021,1413210,Region,Meghalaya,0,,0,1,ANANEMWNUM,IADHS2020413021,2019-21,DHS,,12712,,,1
IND,Mizoram,1343481,Number of women,555,0,IA,India,2020,IA2020DHS,AN_ANEM_W_NUM,114603050,D,413022,1413220,Region,Mizoram,0,,0,1,ANANEMWNUM,IADHS2020413022,2019-21,DHS,,7111,,,1
IND,Nagaland,6468217,Number of women,752,0,IA,India,2020,IA2020DHS,AN_ANEM_W_NUM,114603050,D,413023,1413230,Region,Nagaland,0,,0,1,ANANEMWNUM,IADHS2020413023,2019-21,DHS,,9461,,,1
IND,Sikkim,1295286,Number of women,304,0,IA,India,2020,IA2020DHS,AN_ANEM_W_NUM,114603050,D,413024,1413240,Region,Sikkim,0,,0,1,ANANEMWNUM,IADHS2020413024,2019-21,DHS,,3046,,,1
IND,Tripura,1287516,Number of women,2164,0,IA,India,2020,IA2020DHS,AN_ANEM_W_NUM,114603050,D,413025,1413250,Region,Tripura,0,,0,1,ANANEMWNUM,IADHS2020413025,2019-21,DHS,,7128,,,1
IND,Goa,5243311,Number of women,1031,0,IA,India,2020,IA2020DHS,AN_ANEM_W_NUM,114603050,D,413026,1413260,Region,Goa,0,,0,1,ANANEMWNUM,IADHS2020413026,2019-21,DHS,,1949,,,1
IND,Gujarat,5669450,Number of women,32362,0,IA,India,2020,IA2020DHS,AN_ANEM_W_NUM,114603050,D,413027,1413270,Region,Gujarat,0,,0,1,ANANEMWNUM,IADHS2020413027,2019-21,DHS,,32469,,,1
IND,Maharashtra,6857018,Number of women,62135,0,IA,India,2020,IA2020DHS,AN_ANEM_W_NUM,114603050,D,413028,1413280,Region,Maharashtra,0,,0,1,ANANEMWNUM,IADHS2020413028,2019-21,DHS,,32245,,,1
IND,Andhra Pradesh including Telangana,7975366,Number of women,44636,0,IA,India,2020,IA2020DHS,AN_ANEM_W_NUM,114603050,D,413029,1413290,Region,Andhra Pradesh including Telangana,0,,0,1,ANANEMWNUM,IADHS2020413029,2019-21,DHS,,36142,,,
IND,Andhra Pradesh,5676743,Number of women,27226,0,IA,India,2020,IA2020DHS,AN_ANEM_W_NUM,114603050,D,413046,1413292,Region,..Andhra Pradesh,0,,0,1,ANANEMWNUM,IADHS2020413046,2019-21,DHS,,10448,,,1
IND,Telangana,237894,Number of women,17411,0,IA,India,2020,IA2020DHS,AN_ANEM_W_NUM,114603050,D,413047,1413295,Region,..Telangana,0,,0,1,ANANEMWNUM,IADHS2020413047,2019-21,DHS,,25694,,,1
IND,Karnataka,1305613,Number of women,35761,0,IA,India,2020,IA2020DHS,AN_ANEM_W_NUM,114603050,D,413030,1413300,Region,Karnataka,0,,0,1,ANANEMWNUM,IADHS2020413030,2019-21,DHS,,29052,,,1
IND,Kerala,1380712,Number of women,17170,0,IA,India,2020,IA2020DHS,AN_ANEM_W_NUM,114603050,D,413031,1413310,Region,Kerala,0,,0,1,ANANEMWNUM,IADHS2020413031,2019-21,DHS,,10440,,,1
IND,Tamil Nadu,6160854,Number of women,41293,0,IA,India,2020,IA2020DHS,AN_ANEM_W_NUM,114603050,D,413032,1413320,Region,Tamil Nadu,0,,0,1,ANANEMWNUM,IADHS2020413032,2019-21,DHS,,24730,,,1
IND,Andaman and Nicobar Islands,1569211,Number of women,195,0,IA,India,2020,IA2020DHS,AN_ANEM_W_NUM,114603050,D,413040,1413400,Region,Andaman and Nicobar Islands,0,,0,1,ANANEMWNUM,IADHS2020413040,2019-21,DHS,,2339,,,1
IND,Chandigarh,1357746,Number of women,494,0,IA,India,2020,IA2020DHS,AN_ANEM_W_NUM,114603050,D,413041,1413410,Region,Chandigarh,0,,0,1,ANANEMWNUM,IADHS2020413041,2019-21,DHS,,630,,,1
IND,"Dadra and Nagar Haveli, Daman and Diu",7119403,Number of women,257,0,IA,India,2020,IA2020DHS,AN_ANEM_W_NUM,114603050,D,413052,1413415,Region,"Dadra and Nagar Haveli, Daman and Diu",0,,0,1,ANANEMWNUM,IADHS2020413052,2019-21,DHS,,2613,,,1
IND,Lakshadweep,1295229,Number of women,43,0,IA,India,2020,IA2020DHS,AN_ANEM_W_NUM,114603050,D,413044,1413440,Region,Lakshadweep,0,,0,1,ANANEMWNUM,IADHS2020413044,2019-21,DHS,,1202,,,1
IND,Puducherry,5249971,Number of women,668,0,IA,India,2020,IA2020DHS,AN_ANEM_W_NUM,114603050,D,413045,1413450,Region,Puducherry,0,,0,1,ANANEMWNUM,IADHS2020413045,2019-21,DHS,,3595,,,1
IND,New Delhi,4472983,Number of women (unweighted),9811,0,IA,India,2020,IA2020DHS,AN_ANEM_W_UNW,114603060,U,413000,1413000,Region,New Delhi,0,,0,1,ANANEMWUNW,IADHS2020413000,2019-21,DHS,9713,,,,1
IND,Haryana,4255362,Number of women (unweighted),20432,0,IA,India,2020,IA2020DHS,AN_ANEM_W_UNW,114603060,U,413001,1413010,Region,Haryana,0,,0,1,ANANEMWUNW,IADHS2020413001,2019-21,DHS,13132,,,,1
IND,Himachal Pradesh,4287251,Number of women (unweighted),10158,0,IA,India,2020,IA2020DHS,AN_ANEM_W_UNW,114603060,U,413002,1413020,Region,Himachal Pradesh,0,,0,1,ANANEMWUNW,IADHS2020413002,2019-21,DHS,3786,,,,1
IND,"Jammu, Kashmir & Ladakh",3528432,Number of women (unweighted),24558,0,IA,India,2020,IA2020DHS,AN_ANEM_W_UNW,114603060,U,413003,1413030,Region,"Jammu, Kashmir & Ladakh",0,,0,1,ANANEMWUNW,IADHS2020413003,2019-21,DHS,6499,,,,1
IND,Jammu & Kashmir,3313847,Number of women (unweighted),22262,0,IA,India,2020,IA2020DHS,AN_ANEM_W_UNW,114603060,U,413050,1413035,Region,..Jammu & Kashmir,0,,0,1,ANANEMWUNW,IADHS2020413050,2019-21,DHS,6381,,,,1
IND,Ladakh,3589719,Number of women (unweighted),2296,0,IA,India,2020,IA2020DHS,AN_ANEM_W_UNW,114603060,U,413051,1413045,Region,..Ladakh,0,,0,1,ANANEMWUNW,IADHS2020413051,2019-21,DHS,117,,,,1
IND,Punjab,3540046,Number of women (unweighted),19792,0,IA,India,2020,IA2020DHS,AN_ANEM_W_UNW,114603060,U,413005,1413050,Region,Punjab,0,,0,1,ANANEMWUNW,IADHS2020413005,2019-21,DHS,13918,,,,1
IND,Rajasthan,3804012,Number of women (unweighted),41691,0,IA,India,2020,IA2020DHS,AN_ANEM_W_UNW,114603060,U,413006,1413060,Region,Rajasthan,0,,0,1,ANANEMWUNW,IADHS2020413006,2019-21,DHS,42774,,,,1
IND,"Madhya Pradesh, inc Chhattisgarh",3742843,Number of women (unweighted),72385,0,IA,India,2020,IA2020DHS,AN_ANEM_W_UNW,114603060,U,413007,1413070,Region,"Madhya Pradesh, inc Chhattisgarh",0,,0,1,ANANEMWUNW,IADHS2020413007,2019-21,DHS,55175,,,,
IND,Madhya Pradesh,1303583,Number of women (unweighted),44981,0,IA,India,2020,IA2020DHS,AN_ANEM_W_UNW,114603060,U,413008,1413080,Region,..Madhya Pradesh,0,,0,1,ANANEMWUNW,IADHS2020413008,2019-21,DHS,38569,,,,1
IND,Chhattisgarh,4603871,Number of women (unweighted),27404,0,IA,India,2020,IA2020DHS,AN_ANEM_W_UNW,114603060,U,413009,1413090,Region,..Chhattisgarh,0,,0,1,ANANEMWUNW,IADHS2020413009,2019-21,DHS,16606,,,,1
IND,"Uttar Pradesh, inc Uttarakhand",3361330,Number of women (unweighted),99689,0,IA,India,2020,IA2020DHS,AN_ANEM_W_UNW,114603060,U,413010,1413100,Region,"Uttar Pradesh, inc Uttarakhand",0,,0,1,ANANEMWUNW,IADHS2020413010,2019-21,DHS,117120,,,,
IND,Uttar Pradesh,1081010,Number of women (unweighted),87226,0,IA,India,2020,IA2020DHS,AN_ANEM_W_UNW,114603060,U,413011,1413110,Region,..Uttar Pradesh,0,,0,1,ANANEMWUNW,IADHS2020413011,2019-21,DHS,111650,,,,1
IND,Uttarakhand,2879551,Number of women (unweighted),12463,0,IA,India,2020,IA2020DHS,AN_ANEM_W_UNW,114603060,U,413012,1413120,Region,..Uttarakhand,0,,0,1,ANANEMWUNW,IADHS2020413012,2019-21,DHS,5471,,,,1
IND,"Bihar, inc Jharkhand",1303606,Number of women (unweighted),66020,0,IA,India,2020,IA2020DHS,AN_ANEM_W_UNW,114603060,U,413013,1413130,Region,"Bihar, inc Jharkhand",0,,0,1,ANANEMWUNW,IADHS2020413013,2019-21,DHS,76661,,,,
IND,Bihar,4889526,Number of women (unweighted),40851,0,IA,India,2020,IA2020DHS,AN_ANEM_W_UNW,114603060,U,413014,1413140,Region,..Bihar,0,,0,1,ANANEMWUNW,IADHS2020413014,2019-21,DHS,59040,,,,1
IND,Jharkhand,1303602,Number of women (unweighted),25169,0,IA,India,2020,IA2020DHS,AN_ANEM_W_UNW,114603060,U,413015,1413150,Region,..Jharkhand,0,,0,1,ANANEMWUNW,IADHS2020413015,2019-21,DHS,17620,,,,1
IND,Odisha,1305750,Number of women (unweighted),27134,0,IA,India,2020,IA2020DHS,AN_ANEM_W_UNW,114603060,U,413016,1413160,Region,Odisha,0,,0,1,ANANEMWUNW,IADHS2020413016,2019-21,DHS,23340,,,,1
IND,West Bengal,3730548,Number of women (unweighted),20642,0,IA,India,2020,IA2020DHS,AN_ANEM_W_UNW,114603060,U,413017,1413170,Region,West Bengal,0,,0,1,ANANEMWUNW,IADHS2020413017,2019-21,DHS,58034,,,,1
IND,Arunachal Pradesh,5215276,Number of women (unweighted),19236,0,IA,India,2020,IA2020DHS,AN_ANEM_W_UNW,114603060,U,413018,1413180,Region,Arunachal Pradesh,0,,0,1,ANANEMWUNW,IADHS2020413018,2019-21,DHS,579,,,,1
IND,Assam,4480195,Number of women (unweighted),33843,0,IA,India,2020,IA2020DHS,AN_ANEM_W_UNW,114603060,U,413019,1413190,Region,Assam,0,,0,1,ANANEMWUNW,IADHS2020413019,2019-21,DHS,18534,,,,1
IND,Manipur,3597557,Number of women (unweighted),7898,0,IA,India,2020,IA2020DHS,AN_ANEM_W_UNW,114603060,U,413020,1413200,Region,Manipur,0,,0,1,ANANEMWUNW,IADHS2020413020,2019-21,DHS,1248,,,,1
IND,Meghalaya,4272305,Number of women (unweighted),12712,0,IA,India,2020,IA2020DHS,AN_ANEM_W_UNW,114603060,U,413021,1413210,Region,Meghalaya,0,,0,1,ANANEMWUNW,IADHS2020413021,2019-21,DHS,1701,,,,1
IND,Mizoram,3513220,Number of women (unweighted),7111,0,IA,India,2020,IA2020DHS,AN_ANEM_W_UNW,114603060,U,413022,1413220,Region,Mizoram,0,,0,1,ANANEMWUNW,IADHS2020413022,2019-21,DHS,555,,,,1
IND,Nagaland,3934277,Number of women (unweighted),9461,0,IA,India,2020,IA2020DHS,AN_ANEM_W_UNW,114603060,U,413023,1413230,Region,Nagaland,0,,0,1,ANANEMWUNW,IADHS2020413023,2019-21,DHS,752,,,,1
IND,Sikkim,4930361,Number of women (unweighted),3046,0,IA,India,2020,IA2020DHS,AN_ANEM_W_UNW,114603060,U,413024,1413240,Region,Sikkim,0,,0,1,ANANEMWUNW,IADHS2020413024,2019-21,DHS,304,,,,1
IND,Tripura,3784846,Number of women (unweighted),7128,0,IA,India,2020,IA2020DHS,AN_ANEM_W_UNW,114603060,U,413025,1413250,Region,Tripura,0,,0,1,ANANEMWUNW,IADHS2020413025,2019-21,DHS,2164,,,,1
IND,Goa,4227567,Number of women (unweighted),1949,0,IA,India,2020,IA2020DHS,AN_ANEM_W_UNW,114603060,U,413026,1413260,Region,Goa,0,,0,1,ANANEMWUNW,IADHS2020413026,2019-21,DHS,1031,,,,1
IND,Gujarat,1287530,Number of women (unweighted),32469,0,IA,India,2020,IA2020DHS,AN_ANEM_W_UNW,114603060,U,413027,1413270,Region,Gujarat,0,,0,1,ANANEMWUNW,IADHS2020413027,2019-21,DHS,32362,,,,1
IND,Maharashtra,4405108,Number of women (unweighted),32245,0,IA,India,2020,IA2020DHS,AN_ANEM_W_UNW,114603060,U,413028,1413280,Region,Maharashtra,0,,0,1,ANANEMWUNW,IADHS2020413028,2019-21,DHS,62135,,,,1
IND,Andhra Pradesh including Telangana,3367989,Number of women (unweighted),36142,0,IA,India,2020,IA2020DHS,AN_ANEM_W_UNW,114603060,U,413029,1413290,Region,Andhra Pradesh including Telangana,0,,0,1,ANANEMWUNW,IADHS2020413029,2019-21,DHS,44636,,,,
IND,Andhra Pradesh,1305625,Number of women (unweighted),10448,0,IA,India,2020,IA2020DHS,AN_ANEM_W_UNW,114603060,U,413046,1413292,Region,..Andhra Pradesh,0,,0,1,ANANEMWUNW,IADHS2020413046,2019-21,DHS,27226,,,,1
IND,Telangana,4398417,Number of women (unweighted),25694,0,IA,India,2020,IA2020DHS,AN_ANEM_W_UNW,114603060,U,413047,1413295,Region,..Telangana,0,,0,1,ANANEMWUNW,IADHS2020413047,2019-21,DHS,17411,,,,1
IND,Karnataka,4887546,Number of women (unweighted),29052,0,IA,India,2020,IA2020DHS,AN_ANEM_W_UNW,114603060,U,413030,1413300,Region,Karnataka,0,,0,1,ANANEMWUNW,IADHS2020413030,2019-21,DHS,35761,,,,1
IND,Kerala,2872743,Number of women (unweighted),10440,0,IA,India,2020,IA2020DHS,AN_ANEM_W_UNW,114603060,U,413031,1413310,Region,Kerala,0,,0,1,ANANEMWUNW,IADHS2020413031,2019-21,DHS,17170,,,,1
IND,Tamil Nadu,1287561,Number of women (unweighted),24730,0,IA,India,2020,IA2020DHS,AN_ANEM_W_UNW,114603060,U,413032,1413320,Region,Tamil Nadu,0,,0,1,ANANEMWUNW,IADHS2020413032,2019-21,DHS,41293,,,,1
IND,Andaman and Nicobar Islands,4646338,Number of women (unweighted),2339,0,IA,India,2020,IA2020DHS,AN_ANEM_W_UNW,114603060,U,413040,1413400,Region,Andaman and Nicobar Islands,0,,0,1,ANANEMWUNW,IADHS2020413040,2019-21,DHS,195,,,,1
IND,Chandigarh,3520366,Number of women (unweighted),630,0,IA,India,2020,IA2020DHS,AN_ANEM_W_UNW,114603060,U,413041,1413410,Region,Chandigarh,0,,0,1,ANANEMWUNW,IADHS2020413041,2019-21,DHS,494,,,,1
IND,"Dadra and Nagar Haveli, Daman and Diu",5576013,Number of women (unweighted),2613,0,IA,India,2020,IA2020DHS,AN_ANEM_W_UNW,114603060,U,413052,1413415,Region,"Dadra and Nagar Haveli, Daman and Diu",0,,0,1,ANANEMWUNW,IADHS2020413052,2019-21,DHS,257,,,,1
IND,Lakshadweep,1295230,Number of women (unweighted),1202,0,IA,India,2020,IA2020DHS,AN_ANEM_W_UNW,114603060,U,413044,1413440,Region,Lakshadweep,0,,0,1,ANANEMWUNW,IADHS2020413044,2019-21,DHS,43,,,,1
IND,Puducherry,4415363,Number of women (unweighted),3595,0,IA,India,2020,IA2020DHS,AN_ANEM_W_UNW,114603060,U,413045,1413450,Region,Puducherry,0,,0,1,ANANEMWUNW,IADHS2020413045,2019-21,DHS,668,,,,1
IND,New Delhi,1579128,Men with any anemia,12.8,1,IA,India,2020,IA2020DHS,AN_ANEM_M_ANY,114604070,I,413000,1413000,Region,New Delhi,0,,0,1,ANANEMMANY,IADHS2020413000,2019-21,DHS,655,1317,,,1
IND,Haryana,5388633,Men with any anemia,19,1,IA,India,2020,IA2020DHS,AN_ANEM_M_ANY,114604070,I,413001,1413010,Region,Haryana,0,,0,1,ANANEMMANY,IADHS2020413001,2019-21,DHS,840,2714,,,1
IND,Himachal Pradesh,5847612,Men with any anemia,18.6,1,IA,India,2020,IA2020DHS,AN_ANEM_M_ANY,114604070,I,413002,1413020,Region,Himachal Pradesh,0,,0,1,ANANEMMANY,IADHS2020413002,2019-21,DHS,695,1282,,,1
IND,"Jammu, Kashmir & Ladakh",394547,Men with any anemia,37.4,1,IA,India,2020,IA2020DHS,AN_ANEM_M_ANY,114604070,I,413003,1413030,Region,"Jammu, Kashmir & Ladakh",0,,0,1,ANANEMMANY,IADHS2020413003,2019-21,DHS,1261,3015,,,1
IND,Jammu & Kashmir,7560915,Men with any anemia,36.7,1,IA,India,2020,IA2020DHS,AN_ANEM_M_ANY,114604070,I,413050,1413035,Region,..Jammu & Kashmir,0,,0,1,ANANEMMANY,IADHS2020413050,2019-21,DHS,1239,2741,,,1
IND,Ladakh,1287556,Men with any anemia,75.6,1,IA,India,2020,IA2020DHS,AN_ANEM_M_ANY,114604070,I,413051,1413045,Region,..Ladakh,0,,0,1,ANANEMMANY,IADHS2020413051,2019-21,DHS,22,274,,,1
IND,Punjab,1303579,Men with any anemia,22.6,1,IA,India,2020,IA2020DHS,AN_ANEM_M_ANY,114604070,I,413005,1413050,Region,Punjab,0,,0,1,ANANEMMANY,IADHS2020413005,2019-21,DHS,965,2666,,,1
IND,Rajasthan,4144179,Men with any anemia,23.2,1,IA,India,2020,IA2020DHS,AN_ANEM_M_ANY,114604070,I,413006,1413060,Region,Rajasthan,0,,0,1,ANANEMMANY,IADHS2020413006,2019-21,DHS,2593,5563,,,1
IND,"Madhya Pradesh, inc Chhattisgarh",6203064,Men with any anemia,23.9,1,IA,India,2020,IA2020DHS,AN_ANEM_M_ANY,114604070,I,413007,1413070,Region,"Madhya Pradesh, inc Chhattisgarh",0,,0,1,ANANEMMANY,IADHS2020413007,2019-21,DHS,3366,9503,,,
IND,Madhya Pradesh,5560374,Men with any anemia,22.5,1,IA,India,2020,IA2020DHS,AN_ANEM_M_ANY,114604070,I,413008,1413080,Region,..Madhya Pradesh,0,,0,1,ANANEMMANY,IADHS2020413008,2019-21,DHS,2347,5851,,,1
IND,Chhattisgarh,4487146,Men with any anemia,27,1,IA,India,2020,IA2020DHS,AN_ANEM_M_ANY,114604070,I,413009,1413090,Region,..Chhattisgarh,0,,0,1,ANANEMMANY,IADHS2020413009,2019-21,DHS,1019,3652,,,1
IND,"Uttar Pradesh, inc Uttarakhand",5770214,Men with any anemia,21.2,1,IA,India,2020,IA2020DHS,AN_ANEM_M_ANY,114604070,I,413010,1413100,Region,"Uttar Pradesh, inc Uttarakhand",0,,0,1,ANANEMMANY,IADHS2020413010,2019-21,DHS,6378,11427,,,
IND,Uttar Pradesh,1079892,Men with any anemia,21.4,1,IA,India,2020,IA2020DHS,AN_ANEM_M_ANY,114604070,I,413011,1413110,Region,..Uttar Pradesh,0,,0,1,ANANEMMANY,IADHS2020413011,2019-21,DHS,6092,10140,,,1
IND,Uttarakhand,7565791,Men with any anemia,15.1,1,IA,India,2020,IA2020DHS,AN_ANEM_M_ANY,114604070,I,413012,1413120,Region,..Uttarakhand,0,,0,1,ANANEMMANY,IADHS2020413012,2019-21,DHS,286,1287,,,1
IND,"Bihar, inc Jharkhand",1303607,Men with any anemia,29.5,1,IA,India,2020,IA2020DHS,AN_ANEM_M_ANY,114604070,I,413013,1413130,Region,"Bihar, inc Jharkhand",0,,0,1,ANANEMMANY,IADHS2020413013,2019-21,DHS,10227,7077,,,
IND,Bihar,5815152,Men with any anemia,29.5,1,IA,India,2020,IA2020DHS,AN_ANEM_M_ANY,114604070,I,413014,1413140,Region,..Bihar,0,,0,1,ANANEMMANY,IADHS2020413014,2019-21,DHS,9282,4180,,,1
IND,Jharkhand,5011647,Men with any anemia,29.6,1,IA,India,2020,IA2020DHS,AN_ANEM_M_ANY,114604070,I,413015,1413150,Region,..Jharkhand,0,,0,1,ANANEMMANY,IADHS2020413015,2019-21,DHS,945,2897,,,1
IND,Odisha,4463889,Men with any anemia,28.5,1,IA,India,2020,IA2020DHS,AN_ANEM_M_ANY,114604070,I,413016,1413160,Region,Odisha,0,,0,1,ANANEMMANY,IADHS2020413016,2019-21,DHS,1288,3325,,,1
IND,West Bengal,1303580,Men with any anemia,39,1,IA,India,2020,IA2020DHS,AN_ANEM_M_ANY,114604070,I,413017,1413170,Region,West Bengal,0,,0,1,ANANEMMANY,IADHS2020413017,2019-21,DHS,10559,2557,,,1
IND,Arunachal Pradesh,5276401,Men with any anemia,21.4,1,IA,India,2020,IA2020DHS,AN_ANEM_M_ANY,114604070,I,413018,1413180,Region,Arunachal Pradesh,0,,0,1,ANANEMMANY,IADHS2020413018,2019-21,DHS,32,2465,,,1
IND,Assam,1571126,Men with any anemia,36,1,IA,India,2020,IA2020DHS,AN_ANEM_M_ANY,114604070,I,413019,1413190,Region,Assam,0,,0,1,ANANEMMANY,IADHS2020413019,2019-21,DHS,3528,4322,,,1
IND,Manipur,7902216,Men with any anemia,6,1,IA,India,2020,IA2020DHS,AN_ANEM_M_ANY,114604070,I,413020,1413200,Region,Manipur,0,,0,1,ANANEMMANY,IADHS2020413020,2019-21,DHS,246,1034,,,1
IND,Meghalaya,5865924,Men with any anemia,25.5,1,IA,India,2020,IA2020DHS,AN_ANEM_M_ANY,114604070,I,413021,1413210,Region,Meghalaya,0,,0,1,ANANEMMANY,IADHS2020413021,2019-21,DHS,310,1648,,,1
IND,Mizoram,360843,Men with any anemia,15.6,1,IA,India,2020,IA2020DHS,AN_ANEM_M_ANY,114604070,I,413022,1413220,Region,Mizoram,0,,0,1,ANANEMMANY,IADHS2020413022,2019-21,DHS,107,990,,,1
IND,Nagaland,4876265,Men with any anemia,10,1,IA,India,2020,IA2020DHS,AN_ANEM_M_ANY,114604070,I,413023,1413230,Region,Nagaland,0,,0,1,ANANEMMANY,IADHS2020413023,2019-21,DHS,146,1267,,,1
IND,Sikkim,6925995,Men with any anemia,18.7,1,IA,India,2020,IA2020DHS,AN_ANEM_M_ANY,114604070,I,413024,1413240,Region,Sikkim,0,,0,1,ANANEMMANY,IADHS2020413024,2019-21,DHS,57,395,,,1
IND,Tripura,1287727,Men with any anemia,36.8,1,IA,India,2020,IA2020DHS,AN_ANEM_M_ANY,114604070,I,413025,1413250,Region,Tripura,0,,0,1,ANANEMMANY,IADHS2020413025,2019-21,DHS,414,873,,,1
IND,Goa,6197101,Men with any anemia,12,1,IA,India,2020,IA2020DHS,AN_ANEM_M_ANY,114604070,I,413026,1413260,Region,Goa,0,,0,1,ANANEMMANY,IADHS2020413026,2019-21,DHS,176,255,,,1
IND,Gujarat,5553602,Men with any anemia,26.6,1,IA,India,2020,IA2020DHS,AN_ANEM_M_ANY,114604070,I,413027,1413270,Region,Gujarat,0,,0,1,ANANEMMANY,IADHS2020413027,2019-21,DHS,7083,4742,,,1
IND,Maharashtra,5394450,Men with any anemia,21.9,1,IA,India,2020,IA2020DHS,AN_ANEM_M_ANY,114604070,I,413028,1413280,Region,Maharashtra,0,,0,1,ANANEMMANY,IADHS2020413028,2019-21,DHS,13143,4631,,,1
IND,Andhra Pradesh including Telangana,5796703,Men with any anemia,15.9,1,IA,India,2020,IA2020DHS,AN_ANEM_M_ANY,114604070,I,413029,1413290,Region,Andhra Pradesh including Telangana,0,,0,1,ANANEMMANY,IADHS2020413029,2019-21,DHS,8344,4423,,,
IND,Andhra Pradesh,5540252,Men with any anemia,16.3,1,IA,India,2020,IA2020DHS,AN_ANEM_M_ANY,114604070,I,413046,1413292,Region,..Andhra Pradesh,0,,0,1,ANANEMMANY,IADHS2020413046,2019-21,DHS,5191,1289,,,1
IND,Telangana,5468473,Men with any anemia,15.3,1,IA,India,2020,IA2020DHS,AN_ANEM_M_ANY,114604070,I,413047,1413295,Region,..Telangana,0,,0,1,ANANEMMANY,IADHS2020413047,2019-21,DHS,3153,3134,,,1
IND,Karnataka,1332056,Men with any anemia,19.6,1,IA,India,2020,IA2020DHS,AN_ANEM_M_ANY,114604070,I,413030,1413300,Region,Karnataka,0,,0,1,ANANEMMANY,IADHS2020413030,2019-21,DHS,6984,3715,,,1
IND,Kerala,7552816,Men with any anemia,17.6,1,IA,India,2020,IA2020DHS,AN_ANEM_M_ANY,114604070,I,413031,1413310,Region,Kerala,0,,0,1,ANANEMMANY,IADHS2020413031,2019-21,DHS,3013,1207,,,1
IND,Tamil Nadu,1287558,Men with any anemia,15.2,1,IA,India,2020,IA2020DHS,AN_ANEM_M_ANY,114604070,I,413032,1413320,Region,Tamil Nadu,0,,0,1,ANANEMMANY,IADHS2020413032,2019-21,DHS,2219,2824,,,1
IND,Andaman and Nicobar Islands,6072782,Men with any anemia,16.1,1,IA,India,2020,IA2020DHS,AN_ANEM_M_ANY,114604070,I,413040,1413400,Region,Andaman and Nicobar Islands,0,,0,1,ANANEMMANY,IADHS2020413040,2019-21,DHS,42,327,,,1
IND,Chandigarh,7086069,Men with any anemia,9.2,1,IA,India,2020,IA2020DHS,AN_ANEM_M_ANY,114604070,I,413041,1413410,Region,Chandigarh,0,,0,1,ANANEMMANY,IADHS2020413041,2019-21,DHS,41,85,,,1
IND,"Dadra and Nagar Haveli, Daman and Diu",7761009,Men with any anemia,24.6,1,IA,India,2020,IA2020DHS,AN_ANEM_M_ANY,114604070,I,413052,1413415,Region,"Dadra and Nagar Haveli, Daman and Diu",0,,0,1,ANANEMMANY,IADHS2020413052,2019-21,DHS,65,372,,,1
IND,Lakshadweep,1295231,Men with any anemia,5.6,1,IA,India,2020,IA2020DHS,AN_ANEM_M_ANY,114604070,I,413044,1413440,Region,Lakshadweep,0,,0,1,ANANEMMANY,IADHS2020413044,2019-21,DHS,6,121,,,1
IND,Puducherry,103644,Men with any anemia,19.5,1,IA,India,2020,IA2020DHS,AN_ANEM_M_ANY,114604070,I,413045,1413450,Region,Puducherry,0,,0,1,ANANEMMANY,IADHS2020413045,2019-21,DHS,38,440,,,1
IND,New Delhi,15181,Number of men,655,0,IA,India,2020,IA2020DHS,AN_ANEM_M_NUM,114604080,D,413000,1413000,Region,New Delhi,0,,0,1,ANANEMMNUM,IADHS2020413000,2019-21,DHS,,1317,,,1
IND,Haryana,5388632,Number of men,840,0,IA,India,2020,IA2020DHS,AN_ANEM_M_NUM,114604080,D,413001,1413010,Region,Haryana,0,,0,1,ANANEMMNUM,IADHS2020413001,2019-21,DHS,,2714,,,1
IND,Himachal Pradesh,5943996,Number of men,695,0,IA,India,2020,IA2020DHS,AN_ANEM_M_NUM,114604080,D,413002,1413020,Region,Himachal Pradesh,0,,0,1,ANANEMMNUM,IADHS2020413002,2019-21,DHS,,1282,,,1
IND,"Jammu, Kashmir & Ladakh",394548,Number of men,1261,0,IA,India,2020,IA2020DHS,AN_ANEM_M_NUM,114604080,D,413003,1413030,Region,"Jammu, Kashmir & Ladakh",0,,0,1,ANANEMMNUM,IADHS2020413003,2019-21,DHS,,3015,,,1
IND,Jammu & Kashmir,7591800,Number of men,1239,0,IA,India,2020,IA2020DHS,AN_ANEM_M_NUM,114604080,D,413050,1413035,Region,..Jammu & Kashmir,0,,0,1,ANANEMMNUM,IADHS2020413050,2019-21,DHS,,2741,,,1
IND,Ladakh,1287557,Number of men,22,0,IA,India,2020,IA2020DHS,AN_ANEM_M_NUM,114604080,D,413051,1413045,Region,..Ladakh,0,,0,1,ANANEMMNUM,IADHS2020413051,2019-21,DHS,,274,,,1
IND,Punjab,1303594,Number of men,965,0,IA,India,2020,IA2020DHS,AN_ANEM_M_NUM,114604080,D,413005,1413050,Region,Punjab,0,,0,1,ANANEMMNUM,IADHS2020413005,2019-21,DHS,,2666,,,1
IND,Rajasthan,1303639,Number of men,2593,0,IA,India,2020,IA2020DHS,AN_ANEM_M_NUM,114604080,D,413006,1413060,Region,Rajasthan,0,,0,1,ANANEMMNUM,IADHS2020413006,2019-21,DHS,,5563,,,1
IND,"Madhya Pradesh, inc Chhattisgarh",6286458,Number of men,3366,0,IA,India,2020,IA2020DHS,AN_ANEM_M_NUM,114604080,D,413007,1413070,Region,"Madhya Pradesh, inc Chhattisgarh",0,,0,1,ANANEMMNUM,IADHS2020413007,2019-21,DHS,,9503,,,
IND,Madhya Pradesh,5560373,Number of men,2347,0,IA,India,2020,IA2020DHS,AN_ANEM_M_NUM,114604080,D,413008,1413080,Region,..Madhya Pradesh,0,,0,1,ANANEMMNUM,IADHS2020413008,2019-21,DHS,,5851,,,1
IND,Chhattisgarh,1305748,Number of men,1019,0,IA,India,2020,IA2020DHS,AN_ANEM_M_NUM,114604080,D,413009,1413090,Region,..Chhattisgarh,0,,0,1,ANANEMMNUM,IADHS2020413009,2019-21,DHS,,3652,,,1
IND,"Uttar Pradesh, inc Uttarakhand",5828867,Number of men,6378,0,IA,India,2020,IA2020DHS,AN_ANEM_M_NUM,114604080,D,413010,1413100,Region,"Uttar Pradesh, inc Uttarakhand",0,,0,1,ANANEMMNUM,IADHS2020413010,2019-21,DHS,,11427,,,
IND,Uttar Pradesh,1079890,Number of men,6092,0,IA,India,2020,IA2020DHS,AN_ANEM_M_NUM,114604080,D,413011,1413110,Region,..Uttar Pradesh,0,,0,1,ANANEMMNUM,IADHS2020413011,2019-21,DHS,,10140,,,1
IND,Uttarakhand,7599042,Number of men,286,0,IA,India,2020,IA2020DHS,AN_ANEM_M_NUM,114604080,D,413012,1413120,Region,..Uttarakhand,0,,0,1,ANANEMMNUM,IADHS2020413012,2019-21,DHS,,1287,,,1
IND,"Bihar, inc Jharkhand",1303603,Number of men,10227,0,IA,India,2020,IA2020DHS,AN_ANEM_M_NUM,114604080,D,413013,1413130,Region,"Bihar, inc Jharkhand",0,,0,1,ANANEMMNUM,IADHS2020413013,2019-21,DHS,,7077,,,
IND,Bihar,5870736,Number of men,9282,0,IA,India,2020,IA2020DHS,AN_ANEM_M_NUM,114604080,D,413014,1413140,Region,..Bihar,0,,0,1,ANANEMMNUM,IADHS2020413014,2019-21,DHS,,4180,,,1
IND,Jharkhand,5095924,Number of men,945,0,IA,India,2020,IA2020DHS,AN_ANEM_M_NUM,114604080,D,413015,1413150,Region,..Jharkhand,0,,0,1,ANANEMMNUM,IADHS2020413015,2019-21,DHS,,2897,,,1
IND,Odisha,1305749,Number of men,1288,0,IA,India,2020,IA2020DHS,AN_ANEM_M_NUM,114604080,D,413016,1413160,Region,Odisha,0,,0,1,ANANEMMNUM,IADHS2020413016,2019-21,DHS,,3325,,,1
IND,West Bengal,1303578,Number of men,10559,0,IA,India,2020,IA2020DHS,AN_ANEM_M_NUM,114604080,D,413017,1413170,Region,West Bengal,0,,0,1,ANANEMMNUM,IADHS2020413017,2019-21,DHS,,2557,,,1
IND,Arunachal Pradesh,5304158,Number of men,32,0,IA,India,2020,IA2020DHS,AN_ANEM_M_NUM,114604080,D,413018,1413180,Region,Arunachal Pradesh,0,,0,1,ANANEMMNUM,IADHS2020413018,2019-21,DHS,,2465,,,1
IND,Assam,7485,Number of men,3528,0,IA,India,2020,IA2020DHS,AN_ANEM_M_NUM,114604080,D,413019,1413190,Region,Assam,0,,0,1,ANANEMMNUM,IADHS2020413019,2019-21,DHS,,4322,,,1
IND,Manipur,7902295,Number of men,246,0,IA,India,2020,IA2020DHS,AN_ANEM_M_NUM,114604080,D,413020,1413200,Region,Manipur,0,,0,1,ANANEMMNUM,IADHS2020413020,2019-21,DHS,,1034,,,1
IND,Meghalaya,5951211,Number of men,310,0,IA,India,2020,IA2020DHS,AN_ANEM_M_NUM,114604080,D,413021,1413210,Region,Meghalaya,0,,0,1,ANANEMMNUM,IADHS2020413021,2019-21,DHS,,1648,,,1
IND,Mizoram,386917,Number of men,107,0,IA,India,2020,IA2020DHS,AN_ANEM_M_NUM,114604080,D,413022,1413220,Region,Mizoram,0,,0,1,ANANEMMNUM,IADHS2020413022,2019-21,DHS,,990,,,1
IND,Nagaland,1295233,Number of men,146,0,IA,India,2020,IA2020DHS,AN_ANEM_M_NUM,114604080,D,413023,1413230,Region,Nagaland,0,,0,1,ANANEMMNUM,IADHS2020413023,2019-21,DHS,,1267,,,1
IND,Sikkim,7063162,Number of men,57,0,IA,India,2020,IA2020DHS,AN_ANEM_M_NUM,114604080,D,413024,1413240,Region,Sikkim,0,,0,1,ANANEMMNUM,IADHS2020413024,2019-21,DHS,,395,,,1
IND,Tripura,1287728,Number of men,414,0,IA,India,2020,IA2020DHS,AN_ANEM_M_NUM,114604080,D,413025,1413250,Region,Tripura,0,,0,1,ANANEMMNUM,IADHS2020413025,2019-21,DHS,,873,,,1
IND,Goa,6280050,Number of men,176,0,IA,India,2020,IA2020DHS,AN_ANEM_M_NUM,114604080,D,413026,1413260,Region,Goa,0,,0,1,ANANEMMNUM,IADHS2020413026,2019-21,DHS,,255,,,1
IND,Gujarat,5553603,Number of men,7083,0,IA,India,2020,IA2020DHS,AN_ANEM_M_NUM,114604080,D,413027,1413270,Region,Gujarat,0,,0,1,ANANEMMNUM,IADHS2020413027,2019-21,DHS,,4742,,,1
IND,Maharashtra,5508138,Number of men,13143,0,IA,India,2020,IA2020DHS,AN_ANEM_M_NUM,114604080,D,413028,1413280,Region,Maharashtra,0,,0,1,ANANEMMNUM,IADHS2020413028,2019-21,DHS,,4631,,,1
IND,Andhra Pradesh including Telangana,5842470,Number of men,8344,0,IA,India,2020,IA2020DHS,AN_ANEM_M_NUM,114604080,D,413029,1413290,Region,Andhra Pradesh including Telangana,0,,0,1,ANANEMMNUM,IADHS2020413029,2019-21,DHS,,4423,,,
IND,Andhra Pradesh,5540251,Number of men,5191,0,IA,India,2020,IA2020DHS,AN_ANEM_M_NUM,114604080,D,413046,1413292,Region,..Andhra Pradesh,0,,0,1,ANANEMMNUM,IADHS2020413046,2019-21,DHS,,1289,,,1
IND,Telangana,5500365,Number of men,3153,0,IA,India,2020,IA2020DHS,AN_ANEM_M_NUM,114604080,D,413047,1413295,Region,..Telangana,0,,0,1,ANANEMMNUM,IADHS2020413047,2019-21,DHS,,3134,,,1
IND,Karnataka,1413895,Number of men,6984,0,IA,India,2020,IA2020DHS,AN_ANEM_M_NUM,114604080,D,413030,1413300,Region,Karnataka,0,,0,1,ANANEMMNUM,IADHS2020413030,2019-21,DHS,,3715,,,1
IND,Kerala,7550907,Number of men,3013,0,IA,India,2020,IA2020DHS,AN_ANEM_M_NUM,114604080,D,413031,1413310,Region,Kerala,0,,0,1,ANANEMMNUM,IADHS2020413031,2019-21,DHS,,1207,,,1
IND,Tamil Nadu,1287559,Number of men,2219,0,IA,India,2020,IA2020DHS,AN_ANEM_M_NUM,114604080,D,413032,1413320,Region,Tamil Nadu,0,,0,1,ANANEMMNUM,IADHS2020413032,2019-21,DHS,,2824,,,1
IND,Andaman and Nicobar Islands,6160858,Number of men,42,0,IA,India,2020,IA2020DHS,AN_ANEM_M_NUM,114604080,D,413040,1413400,Region,Andaman and Nicobar Islands,0,,0,1,ANANEMMNUM,IADHS2020413040,2019-21,DHS,,327,,,1
IND,Chandigarh,7141704,Number of men,41,0,IA,India,2020,IA2020DHS,AN_ANEM_M_NUM,114604080,D,413041,1413410,Region,Chandigarh,0,,0,1,ANANEMMNUM,IADHS2020413041,2019-21,DHS,,85,,,1
IND,"Dadra and Nagar Haveli, Daman and Diu",7676079,Number of men,65,0,IA,India,2020,IA2020DHS,AN_ANEM_M_NUM,114604080,D,413052,1413415,Region,"Dadra and Nagar Haveli, Daman and Diu",0,,0,1,ANANEMMNUM,IADHS2020413052,2019-21,DHS,,372,,,1
IND,Lakshadweep,1295344,Number of men,6,0,IA,India,2020,IA2020DHS,AN_ANEM_M_NUM,114604080,D,413044,1413440,Region,Lakshadweep,0,,0,1,ANANEMMNUM,IADHS2020413044,2019-21,DHS,,121,,,1
IND,Puducherry,103645,Number of men,38,0,IA,India,2020,IA2020DHS,AN_ANEM_M_NUM,114604080,D,413045,1413450,Region,Puducherry,0,,0,1,ANANEMMNUM,IADHS2020413045,2019-21,DHS,,440,,,1
IND,New Delhi,4586591,Number of men (unweighted),1317,0,IA,India,2020,IA2020DHS,AN_ANEM_M_UNW,114604090,U,413000,1413000,Region,New Delhi,0,,0,1,ANANEMMUNW,IADHS2020413000,2019-21,DHS,655,,,,1
IND,Haryana,1287531,Number of men (unweighted),2714,0,IA,India,2020,IA2020DHS,AN_ANEM_M_UNW,114604090,U,413001,1413010,Region,Haryana,0,,0,1,ANANEMMUNW,IADHS2020413001,2019-21,DHS,840,,,,1
IND,Himachal Pradesh,4547460,Number of men (unweighted),1282,0,IA,India,2020,IA2020DHS,AN_ANEM_M_UNW,114604090,U,413002,1413020,Region,Himachal Pradesh,0,,0,1,ANANEMMUNW,IADHS2020413002,2019-21,DHS,695,,,,1
IND,"Jammu, Kashmir & Ladakh",1287537,Number of men (unweighted),3015,0,IA,India,2020,IA2020DHS,AN_ANEM_M_UNW,114604090,U,413003,1413030,Region,"Jammu, Kashmir & Ladakh",0,,0,1,ANANEMMUNW,IADHS2020413003,2019-21,DHS,1261,,,,1
IND,Jammu & Kashmir,3461051,Number of men (unweighted),2741,0,IA,India,2020,IA2020DHS,AN_ANEM_M_UNW,114604090,U,413050,1413035,Region,..Jammu & Kashmir,0,,0,1,ANANEMMUNW,IADHS2020413050,2019-21,DHS,1239,,,,1
IND,Ladakh,1287539,Number of men (unweighted),274,0,IA,India,2020,IA2020DHS,AN_ANEM_M_UNW,114604090,U,413051,1413045,Region,..Ladakh,0,,0,1,ANANEMMUNW,IADHS2020413051,2019-21,DHS,22,,,,1
IND,Punjab,1303598,Number of men (unweighted),2666,0,IA,India,2020,IA2020DHS,AN_ANEM_M_UNW,114604090,U,413005,1413050,Region,Punjab,0,,0,1,ANANEMMUNW,IADHS2020413005,2019-21,DHS,965,,,,1
IND,Rajasthan,4144166,Number of men (unweighted),5563,0,IA,India,2020,IA2020DHS,AN_ANEM_M_UNW,114604090,U,413006,1413060,Region,Rajasthan,0,,0,1,ANANEMMUNW,IADHS2020413006,2019-21,DHS,2593,,,,1
IND,"Madhya Pradesh, inc Chhattisgarh",3730535,Number of men (unweighted),9503,0,IA,India,2020,IA2020DHS,AN_ANEM_M_UNW,114604090,U,413007,1413070,Region,"Madhya Pradesh, inc Chhattisgarh",0,,0,1,ANANEMMUNW,IADHS2020413007,2019-21,DHS,3366,,,,
IND,Madhya Pradesh,1303585,Number of men (unweighted),5851,0,IA,India,2020,IA2020DHS,AN_ANEM_M_UNW,114604090,U,413008,1413080,Region,..Madhya Pradesh,0,,0,1,ANANEMMUNW,IADHS2020413008,2019-21,DHS,2347,,,,1
IND,Chhattisgarh,4487193,Number of men (unweighted),3652,0,IA,India,2020,IA2020DHS,AN_ANEM_M_UNW,114604090,U,413009,1413090,Region,..Chhattisgarh,0,,0,1,ANANEMMUNW,IADHS2020413009,2019-21,DHS,1019,,,,1
IND,"Uttar Pradesh, inc Uttarakhand",4255387,Number of men (unweighted),11427,0,IA,India,2020,IA2020DHS,AN_ANEM_M_UNW,114604090,U,413010,1413100,Region,"Uttar Pradesh, inc Uttarakhand",0,,0,1,ANANEMMUNW,IADHS2020413010,2019-21,DHS,6378,,,,
IND,Uttar Pradesh,1081405,Number of men (unweighted),10140,0,IA,India,2020,IA2020DHS,AN_ANEM_M_UNW,114604090,U,413011,1413110,Region,..Uttar Pradesh,0,,0,1,ANANEMMUNW,IADHS2020413011,2019-21,DHS,6092,,,,1
IND,Uttarakhand,3527531,Number of men (unweighted),1287,0,IA,India,2020,IA2020DHS,AN_ANEM_M_UNW,114604090,U,413012,1413120,Region,..Uttarakhand,0,,0,1,ANANEMMUNW,IADHS2020413012,2019-21,DHS,286,,,,1
IND,"Bihar, inc Jharkhand",1303608,Number of men (unweighted),7077,0,IA,India,2020,IA2020DHS,AN_ANEM_M_UNW,114604090,U,413013,1413130,Region,"Bihar, inc Jharkhand",0,,0,1,ANANEMMUNW,IADHS2020413013,2019-21,DHS,10227,,,,
IND,Bihar,3425061,Number of men (unweighted),4180,0,IA,India,2020,IA2020DHS,AN_ANEM_M_UNW,114604090,U,413014,1413140,Region,..Bihar,0,,0,1,ANANEMMUNW,IADHS2020413014,2019-21,DHS,9282,,,,1
IND,Jharkhand,3803963,Number of men (unweighted),2897,0,IA,India,2020,IA2020DHS,AN_ANEM_M_UNW,114604090,U,413015,1413150,Region,..Jharkhand,0,,0,1,ANANEMMUNW,IADHS2020413015,2019-21,DHS,945,,,,1
IND,Odisha,4463892,Number of men (unweighted),3325,0,IA,India,2020,IA2020DHS,AN_ANEM_M_UNW,114604090,U,413016,1413160,Region,Odisha,0,,0,1,ANANEMMUNW,IADHS2020413016,2019-21,DHS,1288,,,,1
IND,West Bengal,1303584,Number of men (unweighted),2557,0,IA,India,2020,IA2020DHS,AN_ANEM_M_UNW,114604090,U,413017,1413170,Region,West Bengal,0,,0,1,ANANEMMUNW,IADHS2020413017,2019-21,DHS,10559,,,,1
IND,Arunachal Pradesh,5130796,Number of men (unweighted),2465,0,IA,India,2020,IA2020DHS,AN_ANEM_M_UNW,114604090,U,413018,1413180,Region,Arunachal Pradesh,0,,0,1,ANANEMMUNW,IADHS2020413018,2019-21,DHS,32,,,,1
IND,Assam,4594032,Number of men (unweighted),4322,0,IA,India,2020,IA2020DHS,AN_ANEM_M_UNW,114604090,U,413019,1413190,Region,Assam,0,,0,1,ANANEMMUNW,IADHS2020413019,2019-21,DHS,3528,,,,1
IND,Manipur,1295234,Number of men (unweighted),1034,0,IA,India,2020,IA2020DHS,AN_ANEM_M_UNW,114604090,U,413020,1413200,Region,Manipur,0,,0,1,ANANEMMUNW,IADHS2020413020,2019-21,DHS,246,,,,1
IND,Meghalaya,4387756,Number of men (unweighted),1648,0,IA,India,2020,IA2020DHS,AN_ANEM_M_UNW,114604090,U,413021,1413210,Region,Meghalaya,0,,0,1,ANANEMMUNW,IADHS2020413021,2019-21,DHS,310,,,,1
IND,Mizoram,3707778,Number of men (unweighted),990,0,IA,India,2020,IA2020DHS,AN_ANEM_M_UNW,114604090,U,413022,1413220,Region,Mizoram,0,,0,1,ANANEMMUNW,IADHS2020413022,2019-21,DHS,107,,,,1
IND,Nagaland,4876266,Number of men (unweighted),1267,0,IA,India,2020,IA2020DHS,AN_ANEM_M_UNW,114604090,U,413023,1413230,Region,Nagaland,0,,0,1,ANANEMMUNW,IADHS2020413023,2019-21,DHS,146,,,,1
IND,Sikkim,4533573,Number of men (unweighted),395,0,IA,India,2020,IA2020DHS,AN_ANEM_M_UNW,114604090,U,413024,1413240,Region,Sikkim,0,,0,1,ANANEMMUNW,IADHS2020413024,2019-21,DHS,57,,,,1
IND,Tripura,1287658,Number of men (unweighted),873,0,IA,India,2020,IA2020DHS,AN_ANEM_M_UNW,114604090,U,413025,1413250,Region,Tripura,0,,0,1,ANANEMMUNW,IADHS2020413025,2019-21,DHS,414,,,,1
IND,Goa,3723001,Number of men (unweighted),255,0,IA,India,2020,IA2020DHS,AN_ANEM_M_UNW,114604090,U,413026,1413260,Region,Goa,0,,0,1,ANANEMMUNW,IADHS2020413026,2019-21,DHS,176,,,,1
IND,Gujarat,1287532,Number of men (unweighted),4742,0,IA,India,2020,IA2020DHS,AN_ANEM_M_UNW,114604090,U,413027,1413270,Region,Gujarat,0,,0,1,ANANEMMUNW,IADHS2020413027,2019-21,DHS,7083,,,,1
IND,Maharashtra,4487162,Number of men (unweighted),4631,0,IA,India,2020,IA2020DHS,AN_ANEM_M_UNW,114604090,U,413028,1413280,Region,Maharashtra,0,,0,1,ANANEMMUNW,IADHS2020413028,2019-21,DHS,13143,,,,1
IND,Andhra Pradesh including Telangana,3852461,Number of men (unweighted),4423,0,IA,India,2020,IA2020DHS,AN_ANEM_M_UNW,114604090,U,413029,1413290,Region,Andhra Pradesh including Telangana,0,,0,1,ANANEMMUNW,IADHS2020413029,2019-21,DHS,8344,,,,
IND,Andhra Pradesh,1305626,Number of men (unweighted),1289,0,IA,India,2020,IA2020DHS,AN_ANEM_M_UNW,114604090,U,413046,1413292,Region,..Andhra Pradesh,0,,0,1,ANANEMMUNW,IADHS2020413046,2019-21,DHS,5191,,,,1
IND,Telangana,2872266,Number of men (unweighted),3134,0,IA,India,2020,IA2020DHS,AN_ANEM_M_UNW,114604090,U,413047,1413295,Region,..Telangana,0,,0,1,ANANEMMUNW,IADHS2020413047,2019-21,DHS,3153,,,,1
IND,Karnataka,3996977,Number of men (unweighted),3715,0,IA,India,2020,IA2020DHS,AN_ANEM_M_UNW,114604090,U,413030,1413300,Region,Karnataka,0,,0,1,ANANEMMUNW,IADHS2020413030,2019-21,DHS,6984,,,,1
IND,Kerala,3528404,Number of men (unweighted),1207,0,IA,India,2020,IA2020DHS,AN_ANEM_M_UNW,114604090,U,413031,1413310,Region,Kerala,0,,0,1,ANANEMMUNW,IADHS2020413031,2019-21,DHS,3013,,,,1
IND,Tamil Nadu,1287538,Number of men (unweighted),2824,0,IA,India,2020,IA2020DHS,AN_ANEM_M_UNW,114604090,U,413032,1413320,Region,Tamil Nadu,0,,0,1,ANANEMMUNW,IADHS2020413032,2019-21,DHS,2219,,,,1
IND,Andaman and Nicobar Islands,4395181,Number of men (unweighted),327,0,IA,India,2020,IA2020DHS,AN_ANEM_M_UNW,114604090,U,413040,1413400,Region,Andaman and Nicobar Islands,0,,0,1,ANANEMMUNW,IADHS2020413040,2019-21,DHS,42,,,,1
IND,Chandigarh,3581625,Number of men (unweighted),85,0,IA,India,2020,IA2020DHS,AN_ANEM_M_UNW,114604090,U,413041,1413410,Region,Chandigarh,0,,0,1,ANANEMMUNW,IADHS2020413041,2019-21,DHS,41,,,,1
IND,"Dadra and Nagar Haveli, Daman and Diu",5688199,Number of men (unweighted),372,0,IA,India,2020,IA2020DHS,AN_ANEM_M_UNW,114604090,U,413052,1413415,Region,"Dadra and Nagar Haveli, Daman and Diu",0,,0,1,ANANEMMUNW,IADHS2020413052,2019-21,DHS,65,,,,1
IND,Lakshadweep,1295346,Number of men (unweighted),121,0,IA,India,2020,IA2020DHS,AN_ANEM_M_UNW,114604090,U,413044,1413440,Region,Lakshadweep,0,,0,1,ANANEMMUNW,IADHS2020413044,2019-21,DHS,6,,,,1
IND,Puducherry,1295277,Number of men (unweighted),440,0,IA,India,2020,IA2020DHS,AN_ANEM_M_UNW,114604090,U,413045,1413450,Region,Puducherry,0,,0,1,ANANEMMUNW,IADHS2020413045,2019-21,DHS,38,,,,1
IND,New Delhi,639526,Children with hemoglobin lower than 8.0 g/dl,10.5,1,IA,India,2020,IA2020DHS,ML_HEMO_C_HL8,125106010,I,413000,1413000,Region,New Delhi,0,,0,1,MLHEMOCHL8,IADHS2020413000,2019-21,DHS,2108,2154,,,1
IND,Haryana,6044906,Children with hemoglobin lower than 8.0 g/dl,9.6,1,IA,India,2020,IA2020DHS,ML_HEMO_C_HL8,125106010,I,413001,1413010,Region,Haryana,0,,0,1,MLHEMOCHL8,IADHS2020413001,2019-21,DHS,3304,5258,,,1
IND,Himachal Pradesh,3380711,Children with hemoglobin lower than 8.0 g/dl,5,1,IA,India,2020,IA2020DHS,ML_HEMO_C_HL8,125106010,I,413002,1413020,Region,Himachal Pradesh,0,,0,1,MLHEMOCHL8,IADHS2020413002,2019-21,DHS,801,2208,,,1
IND,"Jammu, Kashmir & Ladakh",3775209,Children with hemoglobin lower than 8.0 g/dl,10.9,1,IA,India,2020,IA2020DHS,ML_HEMO_C_HL8,125106010,I,413003,1413030,Region,"Jammu, Kashmir & Ladakh",0,,0,1,MLHEMOCHL8,IADHS2020413003,2019-21,DHS,1400,5407,,,1
IND,Jammu & Kashmir,7758017,Children with hemoglobin lower than 8.0 g/dl,10.1,1,IA,India,2020,IA2020DHS,ML_HEMO_C_HL8,125106010,I,413050,1413035,Region,..Jammu & Kashmir,0,,0,1,MLHEMOCHL8,IADHS2020413050,2019-21,DHS,1377,4962,,,1
IND,Ladakh,2608965,Children with hemoglobin lower than 8.0 g/dl,56,1,IA,India,2020,IA2020DHS,ML_HEMO_C_HL8,125106010,I,413051,1413045,Region,..Ladakh,0,,0,1,MLHEMOCHL8,IADHS2020413051,2019-21,DHS,23,445,,,1
IND,Punjab,2622494,Children with hemoglobin lower than 8.0 g/dl,11.2,1,IA,India,2020,IA2020DHS,ML_HEMO_C_HL8,125106010,I,413005,1413050,Region,Punjab,0,,0,1,MLHEMOCHL8,IADHS2020413005,2019-21,DHS,2948,4268,,,1
IND,Rajasthan,6741704,Children with hemoglobin lower than 8.0 g/dl,6.3,1,IA,India,2020,IA2020DHS,ML_HEMO_C_HL8,125106010,I,413006,1413060,Region,Rajasthan,0,,0,1,MLHEMOCHL8,IADHS2020413006,2019-21,DHS,11821,11602,,,1
IND,"Madhya Pradesh, inc Chhattisgarh",4579823,Children with hemoglobin lower than 8.0 g/dl,8.3,1,IA,India,2020,IA2020DHS,ML_HEMO_C_HL8,125106010,I,413007,1413070,Region,"Madhya Pradesh, inc Chhattisgarh",0,,0,1,MLHEMOCHL8,IADHS2020413007,2019-21,DHS,14132,19010,,,
IND,Madhya Pradesh,6203296,Children with hemoglobin lower than 8.0 g/dl,9.3,1,IA,India,2020,IA2020DHS,ML_HEMO_C_HL8,125106010,I,413008,1413080,Region,..Madhya Pradesh,0,,0,1,MLHEMOCHL8,IADHS2020413008,2019-21,DHS,10083,12220,,,1
IND,Chhattisgarh,5127880,Children with hemoglobin lower than 8.0 g/dl,5.9,1,IA,India,2020,IA2020DHS,ML_HEMO_C_HL8,125106010,I,413009,1413090,Region,..Chhattisgarh,0,,0,1,MLHEMOCHL8,IADHS2020413009,2019-21,DHS,4049,6790,,,1
IND,"Uttar Pradesh, inc Uttarakhand",565298,Children with hemoglobin lower than 8.0 g/dl,6.8,1,IA,India,2020,IA2020DHS,ML_HEMO_C_HL8,125106010,I,413010,1413100,Region,"Uttar Pradesh, inc Uttarakhand",0,,0,1,MLHEMOCHL8,IADHS2020413010,2019-21,DHS,34301,29483,,,
IND,Uttar Pradesh,1080127,Children with hemoglobin lower than 8.0 g/dl,6.8,1,IA,India,2020,IA2020DHS,ML_HEMO_C_HL8,125106010,I,413011,1413110,Region,..Uttar Pradesh,0,,0,1,MLHEMOCHL8,IADHS2020413011,2019-21,DHS,33061,26585,,,1
IND,Uttarakhand,2622485,Children with hemoglobin lower than 8.0 g/dl,7.4,1,IA,India,2020,IA2020DHS,ML_HEMO_C_HL8,125106010,I,413012,1413120,Region,..Uttarakhand,0,,0,1,MLHEMOCHL8,IADHS2020413012,2019-21,DHS,1240,2898,,,1
IND,"Bihar, inc Jharkhand",324756,Children with hemoglobin lower than 8.0 g/dl,5.7,1,IA,India,2020,IA2020DHS,ML_HEMO_C_HL8,125106010,I,413013,1413130,Region,"Bihar, inc Jharkhand",0,,0,1,MLHEMOCHL8,IADHS2020413013,2019-21,DHS,29068,24474,,,
IND,Bihar,7105370,Children with hemoglobin lower than 8.0 g/dl,5.9,1,IA,India,2020,IA2020DHS,ML_HEMO_C_HL8,125106010,I,413014,1413140,Region,..Bihar,0,,0,1,MLHEMOCHL8,IADHS2020413014,2019-21,DHS,23615,16633,,,1
IND,Jharkhand,6391267,Children with hemoglobin lower than 8.0 g/dl,4.5,1,IA,India,2020,IA2020DHS,ML_HEMO_C_HL8,125106010,I,413015,1413150,Region,..Jharkhand,0,,0,1,MLHEMOCHL8,IADHS2020413015,2019-21,DHS,5453,7841,,,1
IND,Odisha,1476593,Children with hemoglobin lower than 8.0 g/dl,4.3,1,IA,India,2020,IA2020DHS,ML_HEMO_C_HL8,125106010,I,413016,1413160,Region,Odisha,0,,0,1,MLHEMOCHL8,IADHS2020413016,2019-21,DHS,5785,6940,,,1
IND,West Bengal,7995174,Children with hemoglobin lower than 8.0 g/dl,3.6,1,IA,India,2020,IA2020DHS,ML_HEMO_C_HL8,125106010,I,413017,1413170,Region,West Bengal,0,,0,1,MLHEMOCHL8,IADHS2020413017,2019-21,DHS,13309,4696,,,1
IND,Arunachal Pradesh,7315188,Children with hemoglobin lower than 8.0 g/dl,4.9,1,IA,India,2020,IA2020DHS,ML_HEMO_C_HL8,125106010,I,413018,1413180,Region,Arunachal Pradesh,0,,0,1,MLHEMOCHL8,IADHS2020413018,2019-21,DHS,146,4649,,,1
IND,Assam,651076,Children with hemoglobin lower than 8.0 g/dl,3,1,IA,India,2020,IA2020DHS,ML_HEMO_C_HL8,125106010,I,413019,1413190,Region,Assam,0,,0,1,MLHEMOCHL8,IADHS2020413019,2019-21,DHS,4862,8763,,,1
IND,Manipur,6037271,Children with hemoglobin lower than 8.0 g/dl,1.8,1,IA,India,2020,IA2020DHS,ML_HEMO_C_HL8,125106010,I,413020,1413200,Region,Manipur,0,,0,1,MLHEMOCHL8,IADHS2020413020,2019-21,DHS,386,2764,,,1
IND,Meghalaya,3373192,Children with hemoglobin lower than 8.0 g/dl,1.8,1,IA,India,2020,IA2020DHS,ML_HEMO_C_HL8,125106010,I,413021,1413210,Region,Meghalaya,0,,0,1,MLHEMOCHL8,IADHS2020413021,2019-21,DHS,700,5523,,,1
IND,Mizoram,3768119,Children with hemoglobin lower than 8.0 g/dl,1.7,1,IA,India,2020,IA2020DHS,ML_HEMO_C_HL8,125106010,I,413022,1413220,Region,Mizoram,0,,0,1,MLHEMOCHL8,IADHS2020413022,2019-21,DHS,142,2054,,,1
IND,Nagaland,5196686,Children with hemoglobin lower than 8.0 g/dl,1.2,1,IA,India,2020,IA2020DHS,ML_HEMO_C_HL8,125106010,I,413023,1413230,Region,Nagaland,0,,0,1,MLHEMOCHL8,IADHS2020413023,2019-21,DHS,186,2613,,,1
IND,Sikkim,2615315,Children with hemoglobin lower than 8.0 g/dl,3.9,1,IA,India,2020,IA2020DHS,ML_HEMO_C_HL8,125106010,I,413024,1413240,Region,Sikkim,0,,0,1,MLHEMOCHL8,IADHS2020413024,2019-21,DHS,40,477,,,1
IND,Tripura,6765350,Children with hemoglobin lower than 8.0 g/dl,2.2,1,IA,India,2020,IA2020DHS,ML_HEMO_C_HL8,125106010,I,413025,1413250,Region,Tripura,0,,0,1,MLHEMOCHL8,IADHS2020413025,2019-21,DHS,511,1751,,,1
IND,Goa,1446642,Children with hemoglobin lower than 8.0 g/dl,4.5,1,IA,India,2020,IA2020DHS,ML_HEMO_C_HL8,125106010,I,413026,1413260,Region,Goa,0,,0,1,MLHEMOCHL8,IADHS2020413026,2019-21,DHS,151,275,,,1
IND,Gujarat,4871276,Children with hemoglobin lower than 8.0 g/dl,9.1,1,IA,India,2020,IA2020DHS,ML_HEMO_C_HL8,125106010,I,413027,1413270,Region,Gujarat,0,,0,1,MLHEMOCHL8,IADHS2020413027,2019-21,DHS,8019,8086,,,1
IND,Maharashtra,5130740,Children with hemoglobin lower than 8.0 g/dl,7.9,1,IA,India,2020,IA2020DHS,ML_HEMO_C_HL8,125106010,I,413028,1413280,Region,Maharashtra,0,,0,1,MLHEMOCHL8,IADHS2020413028,2019-21,DHS,14633,7764,,,1
IND,Andhra Pradesh including Telangana,579190,Children with hemoglobin lower than 8.0 g/dl,8.9,1,IA,India,2020,IA2020DHS,ML_HEMO_C_HL8,125106010,I,413029,1413290,Region,Andhra Pradesh including Telangana,0,,0,1,MLHEMOCHL8,IADHS2020413029,2019-21,DHS,9290,7635,,,
IND,Andhra Pradesh,2623025,Children with hemoglobin lower than 8.0 g/dl,8,1,IA,India,2020,IA2020DHS,ML_HEMO_C_HL8,125106010,I,413046,1413292,Region,..Andhra Pradesh,0,,0,1,MLHEMOCHL8,IADHS2020413046,2019-21,DHS,5628,2166,,,1
IND,Telangana,5314602,Children with hemoglobin lower than 8.0 g/dl,10.2,1,IA,India,2020,IA2020DHS,ML_HEMO_C_HL8,125106010,I,413047,1413295,Region,..Telangana,0,,0,1,MLHEMOCHL8,IADHS2020413047,2019-21,DHS,3661,5469,,,1
IND,Karnataka,7203814,Children with hemoglobin lower than 8.0 g/dl,7.4,1,IA,India,2020,IA2020DHS,ML_HEMO_C_HL8,125106010,I,413030,1413300,Region,Karnataka,0,,0,1,MLHEMOCHL8,IADHS2020413030,2019-21,DHS,7929,6634,,,1
IND,Kerala,7750859,Children with hemoglobin lower than 8.0 g/dl,2.1,1,IA,India,2020,IA2020DHS,ML_HEMO_C_HL8,125106010,I,413031,1413310,Region,Kerala,0,,0,1,MLHEMOCHL8,IADHS2020413031,2019-21,DHS,3677,2242,,,1
IND,Tamil Nadu,314367,Children with hemoglobin lower than 8.0 g/dl,6.2,1,IA,India,2020,IA2020DHS,ML_HEMO_C_HL8,125106010,I,413032,1413320,Region,Tamil Nadu,0,,0,1,MLHEMOCHL8,IADHS2020413032,2019-21,DHS,8892,5348,,,1
IND,Andaman and Nicobar Islands,4900236,Children with hemoglobin lower than 8.0 g/dl,1.1,1,IA,India,2020,IA2020DHS,ML_HEMO_C_HL8,125106010,I,413040,1413400,Region,Andaman and Nicobar Islands,0,,0,1,MLHEMOCHL8,IADHS2020413040,2019-21,DHS,34,385,,,1
IND,Chandigarh,1237069,Children with hemoglobin lower than 8.0 g/dl,4.4,1,IA,India,2020,IA2020DHS,ML_HEMO_C_HL8,125106010,I,413041,1413410,Region,Chandigarh,0,,0,1,MLHEMOCHL8,IADHS2020413041,2019-21,DHS,85,128,,,1
IND,"Dadra and Nagar Haveli, Daman and Diu",7094635,Children with hemoglobin lower than 8.0 g/dl,7.2,1,IA,India,2020,IA2020DHS,ML_HEMO_C_HL8,125106010,I,413052,1413415,Region,"Dadra and Nagar Haveli, Daman and Diu",0,,0,1,MLHEMOCHL8,IADHS2020413052,2019-21,DHS,74,664,,,1
IND,Lakshadweep,6781845,Children with hemoglobin lower than 8.0 g/dl,0.5,1,IA,India,2020,IA2020DHS,ML_HEMO_C_HL8,125106010,I,413044,1413440,Region,Lakshadweep,0,,0,1,MLHEMOCHL8,IADHS2020413044,2019-21,DHS,8,220,,,1
IND,Puducherry,1452935,Children with hemoglobin lower than 8.0 g/dl,7.8,1,IA,India,2020,IA2020DHS,ML_HEMO_C_HL8,125106010,I,413045,1413450,Region,Puducherry,0,,0,1,MLHEMOCHL8,IADHS2020413045,2019-21,DHS,120,641,,,1
IND,New Delhi,645901,Number of children age 6-59 months,2108,0,IA,India,2020,IA2020DHS,ML_HEMO_C_NUM,125106020,D,413000,1413000,Region,New Delhi,0,,0,1,MLHEMOCNUM,IADHS2020413000,2019-21,DHS,,2154,,,1
IND,Haryana,6100670,Number of children age 6-59 months,3304,0,IA,India,2020,IA2020DHS,ML_HEMO_C_NUM,125106020,D,413001,1413010,Region,Haryana,0,,0,1,MLHEMOCNUM,IADHS2020413001,2019-21,DHS,,5258,,,1
IND,Himachal Pradesh,2623015,Number of children age 6-59 months,801,0,IA,India,2020,IA2020DHS,ML_HEMO_C_NUM,125106020,D,413002,1413020,Region,Himachal Pradesh,0,,0,1,MLHEMOCNUM,IADHS2020413002,2019-21,DHS,,2208,,,1
IND,"Jammu, Kashmir & Ladakh",2609037,Number of children age 6-59 months,1400,0,IA,India,2020,IA2020DHS,ML_HEMO_C_NUM,125106020,D,413003,1413030,Region,"Jammu, Kashmir & Ladakh",0,,0,1,MLHEMOCNUM,IADHS2020413003,2019-21,DHS,,5407,,,1
IND,Jammu & Kashmir,7758081,Number of children age 6-59 months,1377,0,IA,India,2020,IA2020DHS,ML_HEMO_C_NUM,125106020,D,413050,1413035,Region,..Jammu & Kashmir,0,,0,1,MLHEMOCNUM,IADHS2020413050,2019-21,DHS,,4962,,,1
IND,Ladakh,2608964,Number of children age 6-59 months,23,0,IA,India,2020,IA2020DHS,ML_HEMO_C_NUM,125106020,D,413051,1413045,Region,..Ladakh,0,,0,1,MLHEMOCNUM,IADHS2020413051,2019-21,DHS,,445,,,1
IND,Punjab,2622495,Number of children age 6-59 months,2948,0,IA,India,2020,IA2020DHS,ML_HEMO_C_NUM,125106020,D,413005,1413050,Region,Punjab,0,,0,1,MLHEMOCNUM,IADHS2020413005,2019-21,DHS,,4268,,,1
IND,Rajasthan,6834406,Number of children age 6-59 months,11821,0,IA,India,2020,IA2020DHS,ML_HEMO_C_NUM,125106020,D,413006,1413060,Region,Rajasthan,0,,0,1,MLHEMOCNUM,IADHS2020413006,2019-21,DHS,,11602,,,1
IND,"Madhya Pradesh, inc Chhattisgarh",2622468,Number of children age 6-59 months,14132,0,IA,India,2020,IA2020DHS,ML_HEMO_C_NUM,125106020,D,413007,1413070,Region,"Madhya Pradesh, inc Chhattisgarh",0,,0,1,MLHEMOCNUM,IADHS2020413007,2019-21,DHS,,19010,,,
IND,Madhya Pradesh,6297729,Number of children age 6-59 months,10083,0,IA,India,2020,IA2020DHS,ML_HEMO_C_NUM,125106020,D,413008,1413080,Region,..Madhya Pradesh,0,,0,1,MLHEMOCNUM,IADHS2020413008,2019-21,DHS,,12220,,,1
IND,Chhattisgarh,5211052,Number of children age 6-59 months,4049,0,IA,India,2020,IA2020DHS,ML_HEMO_C_NUM,125106020,D,413009,1413090,Region,..Chhattisgarh,0,,0,1,MLHEMOCNUM,IADHS2020413009,2019-21,DHS,,6790,,,1
IND,"Uttar Pradesh, inc Uttarakhand",565297,Number of children age 6-59 months,34301,0,IA,India,2020,IA2020DHS,ML_HEMO_C_NUM,125106020,D,413010,1413100,Region,"Uttar Pradesh, inc Uttarakhand",0,,0,1,MLHEMOCNUM,IADHS2020413010,2019-21,DHS,,29483,,,
IND,Uttar Pradesh,1080145,Number of children age 6-59 months,33061,0,IA,India,2020,IA2020DHS,ML_HEMO_C_NUM,125106020,D,413011,1413110,Region,..Uttar Pradesh,0,,0,1,MLHEMOCNUM,IADHS2020413011,2019-21,DHS,,26585,,,1
IND,Uttarakhand,2622486,Number of children age 6-59 months,1240,0,IA,India,2020,IA2020DHS,ML_HEMO_C_NUM,125106020,D,413012,1413120,Region,..Uttarakhand,0,,0,1,MLHEMOCNUM,IADHS2020413012,2019-21,DHS,,2898,,,1
IND,"Bihar, inc Jharkhand",327496,Number of children age 6-59 months,29068,0,IA,India,2020,IA2020DHS,ML_HEMO_C_NUM,125106020,D,413013,1413130,Region,"Bihar, inc Jharkhand",0,,0,1,MLHEMOCNUM,IADHS2020413013,2019-21,DHS,,24474,,,
IND,Bihar,7132507,Number of children age 6-59 months,23615,0,IA,India,2020,IA2020DHS,ML_HEMO_C_NUM,125106020,D,413014,1413140,Region,..Bihar,0,,0,1,MLHEMOCNUM,IADHS2020413014,2019-21,DHS,,16633,,,1
IND,Jharkhand,6391266,Number of children age 6-59 months,5453,0,IA,India,2020,IA2020DHS,ML_HEMO_C_NUM,125106020,D,413015,1413150,Region,..Jharkhand,0,,0,1,MLHEMOCNUM,IADHS2020413015,2019-21,DHS,,7841,,,1
IND,Odisha,1505853,Number of children age 6-59 months,5785,0,IA,India,2020,IA2020DHS,ML_HEMO_C_NUM,125106020,D,413016,1413160,Region,Odisha,0,,0,1,MLHEMOCNUM,IADHS2020413016,2019-21,DHS,,6940,,,1
IND,West Bengal,1354235,Number of children age 6-59 months,13309,0,IA,India,2020,IA2020DHS,ML_HEMO_C_NUM,125106020,D,413017,1413170,Region,West Bengal,0,,0,1,MLHEMOCNUM,IADHS2020413017,2019-21,DHS,,4696,,,1
IND,Arunachal Pradesh,7344010,Number of children age 6-59 months,146,0,IA,India,2020,IA2020DHS,ML_HEMO_C_NUM,125106020,D,413018,1413180,Region,Arunachal Pradesh,0,,0,1,MLHEMOCNUM,IADHS2020413018,2019-21,DHS,,4649,,,1
IND,Assam,666824,Number of children age 6-59 months,4862,0,IA,India,2020,IA2020DHS,ML_HEMO_C_NUM,125106020,D,413019,1413190,Region,Assam,0,,0,1,MLHEMOCNUM,IADHS2020413019,2019-21,DHS,,8763,,,1
IND,Manipur,6093842,Number of children age 6-59 months,386,0,IA,India,2020,IA2020DHS,ML_HEMO_C_NUM,125106020,D,413020,1413200,Region,Manipur,0,,0,1,MLHEMOCNUM,IADHS2020413020,2019-21,DHS,,2764,,,1
IND,Meghalaya,2615349,Number of children age 6-59 months,700,0,IA,India,2020,IA2020DHS,ML_HEMO_C_NUM,125106020,D,413021,1413210,Region,Meghalaya,0,,0,1,MLHEMOCNUM,IADHS2020413021,2019-21,DHS,,5523,,,1
IND,Mizoram,2615328,Number of children age 6-59 months,142,0,IA,India,2020,IA2020DHS,ML_HEMO_C_NUM,125106020,D,413022,1413220,Region,Mizoram,0,,0,1,MLHEMOCNUM,IADHS2020413022,2019-21,DHS,,2054,,,1
IND,Nagaland,5865916,Number of children age 6-59 months,186,0,IA,India,2020,IA2020DHS,ML_HEMO_C_NUM,125106020,D,413023,1413230,Region,Nagaland,0,,0,1,MLHEMOCNUM,IADHS2020413023,2019-21,DHS,,2613,,,1
IND,Sikkim,2615314,Number of children age 6-59 months,40,0,IA,India,2020,IA2020DHS,ML_HEMO_C_NUM,125106020,D,413024,1413240,Region,Sikkim,0,,0,1,MLHEMOCNUM,IADHS2020413024,2019-21,DHS,,477,,,1
IND,Tripura,6821928,Number of children age 6-59 months,511,0,IA,India,2020,IA2020DHS,ML_HEMO_C_NUM,125106020,D,413025,1413250,Region,Tripura,0,,0,1,MLHEMOCNUM,IADHS2020413025,2019-21,DHS,,1751,,,1
IND,Goa,1472811,Number of children age 6-59 months,151,0,IA,India,2020,IA2020DHS,ML_HEMO_C_NUM,125106020,D,413026,1413260,Region,Goa,0,,0,1,MLHEMOCNUM,IADHS2020413026,2019-21,DHS,,275,,,1
IND,Gujarat,2608975,Number of children age 6-59 months,8019,0,IA,India,2020,IA2020DHS,ML_HEMO_C_NUM,125106020,D,413027,1413270,Region,Gujarat,0,,0,1,MLHEMOCNUM,IADHS2020413027,2019-21,DHS,,8086,,,1
IND,Maharashtra,5211046,Number of children age 6-59 months,14633,0,IA,India,2020,IA2020DHS,ML_HEMO_C_NUM,125106020,D,413028,1413280,Region,Maharashtra,0,,0,1,MLHEMOCNUM,IADHS2020413028,2019-21,DHS,,7764,,,1
IND,Andhra Pradesh including Telangana,579191,Number of children age 6-59 months,9290,0,IA,India,2020,IA2020DHS,ML_HEMO_C_NUM,125106020,D,413029,1413290,Region,Andhra Pradesh including Telangana,0,,0,1,MLHEMOCNUM,IADHS2020413029,2019-21,DHS,,7635,,,
IND,Andhra Pradesh,2623027,Number of children age 6-59 months,5628,0,IA,India,2020,IA2020DHS,ML_HEMO_C_NUM,125106020,D,413046,1413292,Region,..Andhra Pradesh,0,,0,1,MLHEMOCNUM,IADHS2020413046,2019-21,DHS,,2166,,,1
IND,Telangana,5361770,Number of children age 6-59 months,3661,0,IA,India,2020,IA2020DHS,ML_HEMO_C_NUM,125106020,D,413047,1413295,Region,..Telangana,0,,0,1,MLHEMOCNUM,IADHS2020413047,2019-21,DHS,,5469,,,1
IND,Karnataka,7288136,Number of children age 6-59 months,7929,0,IA,India,2020,IA2020DHS,ML_HEMO_C_NUM,125106020,D,413030,1413300,Region,Karnataka,0,,0,1,MLHEMOCNUM,IADHS2020413030,2019-21,DHS,,6634,,,1
IND,Kerala,7725381,Number of children age 6-59 months,3677,0,IA,India,2020,IA2020DHS,ML_HEMO_C_NUM,125106020,D,413031,1413310,Region,Kerala,0,,0,1,MLHEMOCNUM,IADHS2020413031,2019-21,DHS,,2242,,,1
IND,Tamil Nadu,314366,Number of children age 6-59 months,8892,0,IA,India,2020,IA2020DHS,ML_HEMO_C_NUM,125106020,D,413032,1413320,Region,Tamil Nadu,0,,0,1,MLHEMOCNUM,IADHS2020413032,2019-21,DHS,,5348,,,1
IND,Andaman and Nicobar Islands,2608986,Number of children age 6-59 months,34,0,IA,India,2020,IA2020DHS,ML_HEMO_C_NUM,125106020,D,413040,1413400,Region,Andaman and Nicobar Islands,0,,0,1,MLHEMOCNUM,IADHS2020413040,2019-21,DHS,,385,,,1
IND,Chandigarh,2623074,Number of children age 6-59 months,85,0,IA,India,2020,IA2020DHS,ML_HEMO_C_NUM,125106020,D,413041,1413410,Region,Chandigarh,0,,0,1,MLHEMOCNUM,IADHS2020413041,2019-21,DHS,,128,,,1
IND,"Dadra and Nagar Haveli, Daman and Diu",7039903,Number of children age 6-59 months,74,0,IA,India,2020,IA2020DHS,ML_HEMO_C_NUM,125106020,D,413052,1413415,Region,"Dadra and Nagar Haveli, Daman and Diu",0,,0,1,MLHEMOCNUM,IADHS2020413052,2019-21,DHS,,664,,,1
IND,Lakshadweep,6834788,Number of children age 6-59 months,8,0,IA,India,2020,IA2020DHS,ML_HEMO_C_NUM,125106020,D,413044,1413440,Region,Lakshadweep,0,,0,1,MLHEMOCNUM,IADHS2020413044,2019-21,DHS,,220,,,1
IND,Puducherry,1457740,Number of children age 6-59 months,120,0,IA,India,2020,IA2020DHS,ML_HEMO_C_NUM,125106020,D,413045,1413450,Region,Puducherry,0,,0,1,MLHEMOCNUM,IADHS2020413045,2019-21,DHS,,641,,,1
IND,New Delhi,4682012,Number of children age 6-59 months (unweighted),2154,0,IA,India,2020,IA2020DHS,ML_HEMO_C_UNW,125106030,U,413000,1413000,Region,New Delhi,0,,0,1,MLHEMOCUNW,IADHS2020413000,2019-21,DHS,2108,,,,1
IND,Haryana,4483027,Number of children age 6-59 months (unweighted),5258,0,IA,India,2020,IA2020DHS,ML_HEMO_C_UNW,125106030,U,413001,1413010,Region,Haryana,0,,0,1,MLHEMOCUNW,IADHS2020413001,2019-21,DHS,3304,,,,1
IND,Himachal Pradesh,3380685,Number of children age 6-59 months (unweighted),2208,0,IA,India,2020,IA2020DHS,ML_HEMO_C_UNW,125106030,U,413002,1413020,Region,Himachal Pradesh,0,,0,1,MLHEMOCUNW,IADHS2020413002,2019-21,DHS,801,,,,1
IND,"Jammu, Kashmir & Ladakh",3775298,Number of children age 6-59 months (unweighted),5407,0,IA,India,2020,IA2020DHS,ML_HEMO_C_UNW,125106030,U,413003,1413030,Region,"Jammu, Kashmir & Ladakh",0,,0,1,MLHEMOCUNW,IADHS2020413003,2019-21,DHS,1400,,,,1
IND,Jammu & Kashmir,2616940,Number of children age 6-59 months (unweighted),4962,0,IA,India,2020,IA2020DHS,ML_HEMO_C_UNW,125106030,U,413050,1413035,Region,..Jammu & Kashmir,0,,0,1,MLHEMOCUNW,IADHS2020413050,2019-21,DHS,1377,,,,1
IND,Ladakh,2610773,Number of children age 6-59 months (unweighted),445,0,IA,India,2020,IA2020DHS,ML_HEMO_C_UNW,125106030,U,413051,1413045,Region,..Ladakh,0,,0,1,MLHEMOCUNW,IADHS2020413051,2019-21,DHS,23,,,,1
IND,Punjab,2630050,Number of children age 6-59 months (unweighted),4268,0,IA,India,2020,IA2020DHS,ML_HEMO_C_UNW,125106030,U,413005,1413050,Region,Punjab,0,,0,1,MLHEMOCUNW,IADHS2020413005,2019-21,DHS,2948,,,,1
IND,Rajasthan,4581594,Number of children age 6-59 months (unweighted),11602,0,IA,India,2020,IA2020DHS,ML_HEMO_C_UNW,125106030,U,413006,1413060,Region,Rajasthan,0,,0,1,MLHEMOCUNW,IADHS2020413006,2019-21,DHS,11821,,,,1
IND,"Madhya Pradesh, inc Chhattisgarh",4580165,Number of children age 6-59 months (unweighted),19010,0,IA,India,2020,IA2020DHS,ML_HEMO_C_UNW,125106030,U,413007,1413070,Region,"Madhya Pradesh, inc Chhattisgarh",0,,0,1,MLHEMOCUNW,IADHS2020413007,2019-21,DHS,14132,,,,
IND,Madhya Pradesh,4469736,Number of children age 6-59 months (unweighted),12220,0,IA,India,2020,IA2020DHS,ML_HEMO_C_UNW,125106030,U,413008,1413080,Region,..Madhya Pradesh,0,,0,1,MLHEMOCUNW,IADHS2020413008,2019-21,DHS,10083,,,,1
IND,Chhattisgarh,4515670,Number of children age 6-59 months (unweighted),6790,0,IA,India,2020,IA2020DHS,ML_HEMO_C_UNW,125106030,U,413009,1413090,Region,..Chhattisgarh,0,,0,1,MLHEMOCUNW,IADHS2020413009,2019-21,DHS,4049,,,,1
IND,"Uttar Pradesh, inc Uttarakhand",2609608,Number of children age 6-59 months (unweighted),29483,0,IA,India,2020,IA2020DHS,ML_HEMO_C_UNW,125106030,U,413010,1413100,Region,"Uttar Pradesh, inc Uttarakhand",0,,0,1,MLHEMOCUNW,IADHS2020413010,2019-21,DHS,34301,,,,
IND,Uttar Pradesh,1081054,Number of children age 6-59 months (unweighted),26585,0,IA,India,2020,IA2020DHS,ML_HEMO_C_UNW,125106030,U,413011,1413110,Region,..Uttar Pradesh,0,,0,1,MLHEMOCUNW,IADHS2020413011,2019-21,DHS,33061,,,,1
IND,Uttarakhand,2630898,Number of children age 6-59 months (unweighted),2898,0,IA,India,2020,IA2020DHS,ML_HEMO_C_UNW,125106030,U,413012,1413120,Region,..Uttarakhand,0,,0,1,MLHEMOCUNW,IADHS2020413012,2019-21,DHS,1240,,,,1
IND,"Bihar, inc Jharkhand",4096820,Number of children age 6-59 months (unweighted),24474,0,IA,India,2020,IA2020DHS,ML_HEMO_C_UNW,125106030,U,413013,1413130,Region,"Bihar, inc Jharkhand",0,,0,1,MLHEMOCUNW,IADHS2020413013,2019-21,DHS,29068,,,,
IND,Bihar,3625445,Number of children age 6-59 months (unweighted),16633,0,IA,India,2020,IA2020DHS,ML_HEMO_C_UNW,125106030,U,413014,1413140,Region,..Bihar,0,,0,1,MLHEMOCUNW,IADHS2020413014,2019-21,DHS,23615,,,,1
IND,Jharkhand,2630906,Number of children age 6-59 months (unweighted),7841,0,IA,India,2020,IA2020DHS,ML_HEMO_C_UNW,125106030,U,413015,1413150,Region,..Jharkhand,0,,0,1,MLHEMOCUNW,IADHS2020413015,2019-21,DHS,5453,,,,1
IND,Odisha,4604657,Number of children age 6-59 months (unweighted),6940,0,IA,India,2020,IA2020DHS,ML_HEMO_C_UNW,125106030,U,413016,1413160,Region,Odisha,0,,0,1,MLHEMOCUNW,IADHS2020413016,2019-21,DHS,5785,,,,1
IND,West Bengal,4210813,Number of children age 6-59 months (unweighted),4696,0,IA,India,2020,IA2020DHS,ML_HEMO_C_UNW,125106030,U,413017,1413170,Region,West Bengal,0,,0,1,MLHEMOCUNW,IADHS2020413017,2019-21,DHS,13309,,,,1
IND,Arunachal Pradesh,5159948,Number of children age 6-59 months (unweighted),4649,0,IA,India,2020,IA2020DHS,ML_HEMO_C_UNW,125106030,U,413018,1413180,Region,Arunachal Pradesh,0,,0,1,MLHEMOCUNW,IADHS2020413018,2019-21,DHS,146,,,,1
IND,Assam,3475343,Number of children age 6-59 months (unweighted),8763,0,IA,India,2020,IA2020DHS,ML_HEMO_C_UNW,125106030,U,413019,1413190,Region,Assam,0,,0,1,MLHEMOCUNW,IADHS2020413019,2019-21,DHS,4862,,,,1
IND,Manipur,4475853,Number of children age 6-59 months (unweighted),2764,0,IA,India,2020,IA2020DHS,ML_HEMO_C_UNW,125106030,U,413020,1413200,Region,Manipur,0,,0,1,MLHEMOCUNW,IADHS2020413020,2019-21,DHS,386,,,,1
IND,Meghalaya,3373182,Number of children age 6-59 months (unweighted),5523,0,IA,India,2020,IA2020DHS,ML_HEMO_C_UNW,125106030,U,413021,1413210,Region,Meghalaya,0,,0,1,MLHEMOCUNW,IADHS2020413021,2019-21,DHS,700,,,,1
IND,Mizoram,3768027,Number of children age 6-59 months (unweighted),2054,0,IA,India,2020,IA2020DHS,ML_HEMO_C_UNW,125106030,U,413022,1413220,Region,Mizoram,0,,0,1,MLHEMOCUNW,IADHS2020413022,2019-21,DHS,142,,,,1
IND,Nagaland,4419370,Number of children age 6-59 months (unweighted),2613,0,IA,India,2020,IA2020DHS,ML_HEMO_C_UNW,125106030,U,413023,1413230,Region,Nagaland,0,,0,1,MLHEMOCUNW,IADHS2020413023,2019-21,DHS,186,,,,1
IND,Sikkim,2616947,Number of children age 6-59 months (unweighted),477,0,IA,India,2020,IA2020DHS,ML_HEMO_C_UNW,125106030,U,413024,1413240,Region,Sikkim,0,,0,1,MLHEMOCUNW,IADHS2020413024,2019-21,DHS,40,,,,1
IND,Tripura,4311969,Number of children age 6-59 months (unweighted),1751,0,IA,India,2020,IA2020DHS,ML_HEMO_C_UNW,125106030,U,413025,1413250,Region,Tripura,0,,0,1,MLHEMOCUNW,IADHS2020413025,2019-21,DHS,511,,,,1
IND,Goa,4573791,Number of children age 6-59 months (unweighted),275,0,IA,India,2020,IA2020DHS,ML_HEMO_C_UNW,125106030,U,413026,1413260,Region,Goa,0,,0,1,MLHEMOCUNW,IADHS2020413026,2019-21,DHS,151,,,,1
IND,Gujarat,4871237,Number of children age 6-59 months (unweighted),8086,0,IA,India,2020,IA2020DHS,ML_HEMO_C_UNW,125106030,U,413027,1413270,Region,Gujarat,0,,0,1,MLHEMOCUNW,IADHS2020413027,2019-21,DHS,8019,,,,1
IND,Maharashtra,4373805,Number of children age 6-59 months (unweighted),7764,0,IA,India,2020,IA2020DHS,ML_HEMO_C_UNW,125106030,U,413028,1413280,Region,Maharashtra,0,,0,1,MLHEMOCUNW,IADHS2020413028,2019-21,DHS,14633,,,,1
IND,Andhra Pradesh including Telangana,2630922,Number of children age 6-59 months (unweighted),7635,0,IA,India,2020,IA2020DHS,ML_HEMO_C_UNW,125106030,U,413029,1413290,Region,Andhra Pradesh including Telangana,0,,0,1,MLHEMOCUNW,IADHS2020413029,2019-21,DHS,9290,,,,
IND,Andhra Pradesh,2624562,Number of children age 6-59 months (unweighted),2166,0,IA,India,2020,IA2020DHS,ML_HEMO_C_UNW,125106030,U,413046,1413292,Region,..Andhra Pradesh,0,,0,1,MLHEMOCUNW,IADHS2020413046,2019-21,DHS,5628,,,,1
IND,Telangana,4366003,Number of children age 6-59 months (unweighted),5469,0,IA,India,2020,IA2020DHS,ML_HEMO_C_UNW,125106030,U,413047,1413295,Region,..Telangana,0,,0,1,MLHEMOCUNW,IADHS2020413047,2019-21,DHS,3661,,,,1
IND,Karnataka,4859767,Number of children age 6-59 months (unweighted),6634,0,IA,India,2020,IA2020DHS,ML_HEMO_C_UNW,125106030,U,413030,1413300,Region,Karnataka,0,,0,1,MLHEMOCUNW,IADHS2020413030,2019-21,DHS,7929,,,,1
IND,Kerala,2610768,Number of children age 6-59 months (unweighted),2242,0,IA,India,2020,IA2020DHS,ML_HEMO_C_UNW,125106030,U,413031,1413310,Region,Kerala,0,,0,1,MLHEMOCUNW,IADHS2020413031,2019-21,DHS,3677,,,,1
IND,Tamil Nadu,2610771,Number of children age 6-59 months (unweighted),5348,0,IA,India,2020,IA2020DHS,ML_HEMO_C_UNW,125106030,U,413032,1413320,Region,Tamil Nadu,0,,0,1,MLHEMOCUNW,IADHS2020413032,2019-21,DHS,8892,,,,1
IND,Andaman and Nicobar Islands,4900102,Number of children age 6-59 months (unweighted),385,0,IA,India,2020,IA2020DHS,ML_HEMO_C_UNW,125106030,U,413040,1413400,Region,Andaman and Nicobar Islands,0,,0,1,MLHEMOCUNW,IADHS2020413040,2019-21,DHS,34,,,,1
IND,Chandigarh,1237019,Number of children age 6-59 months (unweighted),128,0,IA,India,2020,IA2020DHS,ML_HEMO_C_UNW,125106030,U,413041,1413410,Region,Chandigarh,0,,0,1,MLHEMOCUNW,IADHS2020413041,2019-21,DHS,85,,,,1
IND,"Dadra and Nagar Haveli, Daman and Diu",5630041,Number of children age 6-59 months (unweighted),664,0,IA,India,2020,IA2020DHS,ML_HEMO_C_UNW,125106030,U,413052,1413415,Region,"Dadra and Nagar Haveli, Daman and Diu",0,,0,1,MLHEMOCUNW,IADHS2020413052,2019-21,DHS,74,,,,1
IND,Lakshadweep,4130511,Number of children age 6-59 months (unweighted),220,0,IA,India,2020,IA2020DHS,ML_HEMO_C_UNW,125106030,U,413044,1413440,Region,Lakshadweep,0,,0,1,MLHEMOCUNW,IADHS2020413044,2019-21,DHS,8,,,,1
IND,Puducherry,4560184,Number of children age 6-59 months (unweighted),641,0,IA,India,2020,IA2020DHS,ML_HEMO_C_UNW,125106030,U,413045,1413450,Region,Puducherry,0,,0,1,MLHEMOCUNW,IADHS2020413045,2019-21,DHS,120,,,,1
