name,iso,id,country,admin_level,category,range_type,range,population,under_5_population,under_5_population_share,under_5_population_interval,under_5_population_interval_share,school_age_population,school_age_population_share,school_age_population_interval,school_age_population_interval_share,adults_population,adults_population_share,adults_population_interval,adults_population_interval_share,women_childbearing_population,women_childbearing_population_share,women_childbearing_population_interval,women_childbearing_population_interval_share,elderly_population,elderly_population_share,elderly_population_interval,elderly_population_interval_share,population_share,population_interval,population_interval_share
Uttar Pradesh,IN-UP,1811400B11231190780494,IND,ADM1,primary_healthcare,TIME,600,1525868,107331,0.46,107331,0.46,526104,0.53,526104,0.53,1403049,0.65,1403049,0.65,407124,0.71,407124,0.71,154536,0.71,154536,0.71,0.66,1525868,0.66
Uttar Pradesh,IN-UP,1811400B11231190780494,IND,ADM1,primary_healthcare,TIME,1200,3663491,261849,1.13,154518,0.67,1277552,1.28,751448,0.76,3367989,1.57,1964940,0.92,973333,1.69,566209,0.98,371653,1.7,217117,0.99,1.58,2137623,0.92
Uttar Pradesh,IN-UP,1811400B11231190780494,IND,ADM1,primary_healthcare,TIME,1800,4761952,351077,1.52,89228,0.39,1696109,1.71,418557,0.42,4375307,2.04,1007318,0.47,1253780,2.18,280447,0.49,485628,2.22,113975,0.52,2.06,1098461,0.47
Uttar Pradesh,IN-UP,1811400B11231190780494,IND,ADM1,primary_healthcare,TIME,2400,6408499,501080,2.17,150003,0.65,2337299,2.35,641190,0.64,5903515,2.75,1528208,0.71,1675831,2.92,422051,0.73,638192,2.92,152564,0.7,2.77,1646547,0.71
Uttar Pradesh,IN-UP,1811400B11231190780494,IND,ADM1,primary_healthcare,TIME,3000,10993899,943019,4.08,441939,1.91,4156341,4.18,1819042,1.83,10202656,4.76,4299141,2.01,2871286,4.99,1195455,2.08,1019765,4.67,381573,1.75,4.75,4585400,1.98
Uttar Pradesh,IN-UP,1811400B11231190780494,IND,ADM1,primary_healthcare,TIME,3600,15103966,1326058,5.73,383039,1.66,5797096,5.83,1640755,1.65,14024504,6.54,3821848,1.78,3926735,6.83,1055449,1.84,1393416,6.38,373651,1.71,6.53,4110067,1.78
Uttar Pradesh,IN-UP,1811400B11231190780494,IND,ADM1,primary_healthcare,TIME,4200,21695089,1913709,8.27,587651,2.54,8395659,8.44,2598563,2.61,20133370,9.4,6108866,2.85,5628589,9.79,1701854,2.96,2012678,9.22,619262,2.84,9.38,6591123,2.85
Uttar Pradesh,IN-UP,1811400B11231190780494,IND,ADM1,primary_healthcare,TIME,4800,28060022,2486236,10.75,572527,2.48,10916369,10.98,2520710,2.53,26032749,12.15,5899379,2.75,7269658,12.65,1641069,2.85,2610536,11.96,597858,2.74,12.13,6364933,2.75
Uttar Pradesh,IN-UP,1811400B11231190780494,IND,ADM1,primary_healthcare,TIME,5400,35082655,3159307,13.66,673071,2.91,13808049,13.88,2891680,2.91,32533671,15.18,6500922,3.03,9031932,15.71,1762274,3.07,3278219,15.01,667683,3.06,15.17,7022633,3.04
Uttar Pradesh,IN-UP,1811400B11231190780494,IND,ADM1,primary_healthcare,TIME,6000,43424768,3985700,17.23,826393,3.57,17335438,17.43,3527389,3.55,40243684,18.78,7710013,3.6,11078311,19.27,2046379,3.56,4083722,18.7,805503,3.69,18.77,8342113,3.61
Uttar Pradesh,IN-UP,1811400B11231190780494,IND,ADM1,primary_healthcare,TIME,6600,53189023,4958324,21.44,972624,4.2,21466694,21.59,4131256,4.15,49258644,22.99,9014960,4.21,13446203,23.39,2367892,4.12,5035980,23.06,952258,4.36,22.99,9764255,4.22
Uttar Pradesh,IN-UP,1811400B11231190780494,IND,ADM1,primary_healthcare,TIME,7200,62446533,5894568,25.48,936244,4.05,25449498,25.59,3982804,4.0,57830632,26.99,8571988,4.0,15705132,27.32,2258929,3.93,5913931,27.09,877951,4.02,27.0,9257510,4.0
Mahārāshtra,IN-MH,1811400B15614733245507,IND,ADM1,primary_healthcare,TIME,600,5426523,343840,3.44,343840,3.44,1456591,3.61,1456591,3.61,4965228,4.35,4965228,4.35,1474953,4.33,1474953,4.33,574091,3.88,574091,3.88,4.29,5426523,4.29
Mahārāshtra,IN-MH,1811400B15614733245507,IND,ADM1,primary_healthcare,TIME,1200,16844852,1157174,11.58,813334,8.14,4716743,11.69,3260152,8.08,15468860,13.55,10503632,9.2,4644040,13.64,3169087,9.31,1726132,11.66,1152041,7.78,13.33,11418329,9.04
Mahārāshtra,IN-MH,1811400B15614733245507,IND,ADM1,primary_healthcare,TIME,1800,24986827,1764827,17.66,607653,6.08,7127909,17.67,2411166,5.98,23019408,20.16,7550548,6.61,6908226,20.3,2264186,6.65,2486801,16.8,760669,5.14,19.77,8141975,6.44
Mahārāshtra,IN-MH,1811400B15614733245507,IND,ADM1,primary_healthcare,TIME,2400,29687975,2132016,21.33,367189,3.67,8563667,21.23,1435758,3.56,27397774,23.99,4378366,3.83,8220559,24.15,1312333,3.86,2907302,19.64,420501,2.84,23.49,4701148,3.72
Mahārāshtra,IN-MH,1811400B15614733245507,IND,ADM1,primary_healthcare,TIME,3000,33391799,2422535,24.24,290519,2.91,9700042,24.05,1136375,2.82,30859703,27.02,3461929,3.03,9269464,27.23,1048905,3.08,3226186,21.79,318884,2.15,26.42,3703824,2.93
Mahārāshtra,IN-MH,1811400B15614733245507,IND,ADM1,primary_healthcare,TIME,3600,35264408,2568980,25.7,146445,1.47,10269252,25.46,569210,1.41,32590986,28.54,1731283,1.52,9797183,28.78,527719,1.55,3406436,23.01,180250,1.22,27.91,1872609,1.48
Mahārāshtra,IN-MH,1811400B15614733245507,IND,ADM1,primary_healthcare,TIME,4200,36838500,2691376,26.93,122396,1.22,10747406,26.64,478154,1.19,34034414,29.81,1443428,1.26,10236993,30.08,439810,1.29,3569820,24.11,163384,1.1,29.15,1574092,1.25
Mahārāshtra,IN-MH,1811400B15614733245507,IND,ADM1,primary_healthcare,TIME,4800,38251721,2802165,28.04,110789,1.11,11180013,27.72,432607,1.07,35331138,30.94,1296724,1.14,10631869,31.24,394876,1.16,3715693,25.09,145873,0.99,30.27,1413221,1.12
Mahārāshtra,IN-MH,1811400B15614733245507,IND,ADM1,primary_healthcare,TIME,5400,39932367,2933321,29.35,131156,1.31,11691563,28.98,511550,1.27,36863813,32.28,1532675,1.34,11100107,32.61,468238,1.38,3898598,26.33,182905,1.24,31.6,1680646,1.33
Mahārāshtra,IN-MH,1811400B15614733245507,IND,ADM1,primary_healthcare,TIME,6000,41422806,3049892,30.52,116571,1.17,12153266,30.13,461703,1.14,38211120,33.46,1347307,1.18,11509868,33.82,409761,1.2,4072710,27.51,174112,1.18,32.78,1490439,1.18
Mahārāshtra,IN-MH,1811400B15614733245507,IND,ADM1,primary_healthcare,TIME,6600,43296442,3196571,31.98,146679,1.47,12738009,31.58,584743,1.45,39897249,34.94,1686129,1.48,12022078,35.32,512210,1.5,4299163,29.04,226453,1.53,34.26,1873636,1.48
Mahārāshtra,IN-MH,1811400B15614733245507,IND,ADM1,primary_healthcare,TIME,7200,45273444,3356454,33.58,159883,1.6,13372602,33.15,634593,1.57,41671473,36.49,1774224,1.55,12554046,36.88,531968,1.56,4543036,30.68,243873,1.65,35.83,1977002,1.56
Arunāchal Pradesh,IN-AR,1811400B16134215155042,IND,ADM1,primary_healthcare,TIME,1800,3791,377,0.22,377,0.22,1484,0.2,1484,0.2,3570,0.21,3570,0.21,1002,0.21,1002,0.21,300,0.32,300,0.32,0.22,3791,0.22
Arunāchal Pradesh,IN-AR,1811400B16134215155042,IND,ADM1,primary_healthcare,TIME,2400,5415,546,0.32,169,0.1,2141,0.29,657,0.09,5099,0.3,1529,0.09,1423,0.3,421,0.09,428,0.45,128,0.13,0.31,1624,0.09
Arunāchal Pradesh,IN-AR,1811400B16134215155042,IND,ADM1,primary_healthcare,TIME,3000,7259,760,0.44,214,0.12,2948,0.4,807,0.11,6842,0.41,1743,0.1,1884,0.39,461,0.1,567,0.6,139,0.15,0.42,1844,0.11
Arunāchal Pradesh,IN-AR,1811400B16134215155042,IND,ADM1,primary_healthcare,TIME,3600,10190,1099,0.64,339,0.2,4213,0.57,1265,0.17,9617,0.57,2775,0.17,2614,0.55,730,0.15,784,0.82,217,0.23,0.59,2931,0.17
Arunāchal Pradesh,IN-AR,1811400B16134215155042,IND,ADM1,primary_healthcare,TIME,4200,27706,2945,1.71,1846,1.07,11437,1.55,7224,0.98,26352,1.57,16735,1.0,7331,1.53,4717,0.99,1929,2.03,1145,1.2,1.6,17516,1.01
Arunāchal Pradesh,IN-AR,1811400B16134215155042,IND,ADM1,primary_healthcare,TIME,4800,46881,5043,2.93,2098,1.22,19555,2.65,8118,1.1,44729,2.67,18377,1.1,12416,2.6,5085,1.06,3127,3.28,1198,1.26,2.7,19175,1.11
Arunāchal Pradesh,IN-AR,1811400B16134215155042,IND,ADM1,primary_healthcare,TIME,5400,79102,8721,5.06,3678,2.14,33460,4.54,13905,1.88,75318,4.49,30589,1.83,20521,4.29,8105,1.69,5427,5.7,2300,2.42,4.56,32221,1.86
Arunāchal Pradesh,IN-AR,1811400B16134215155042,IND,ADM1,primary_healthcare,TIME,6000,103212,11274,6.55,2553,1.48,43650,5.92,10190,1.38,98415,5.87,23097,1.38,26938,5.63,6417,1.34,6941,7.29,1514,1.59,5.95,24110,1.39
Arunāchal Pradesh,IN-AR,1811400B16134215155042,IND,ADM1,primary_healthcare,TIME,6600,118730,12997,7.55,1723,1.0,50297,6.82,6647,0.9,113246,6.76,14831,0.88,30940,6.47,4002,0.84,7952,8.35,1011,1.06,6.84,15518,0.89
Arunāchal Pradesh,IN-AR,1811400B16134215155042,IND,ADM1,primary_healthcare,TIME,7200,178669,19613,11.39,6616,3.84,75656,10.26,25359,3.44,170645,10.18,57399,3.42,46597,9.74,15657,3.27,11737,12.33,3785,3.98,10.3,59939,3.45
Himāchal Pradesh,IN-HP,1811400B21086746745937,IND,ADM1,primary_healthcare,TIME,600,18756,1342,0.24,1342,0.24,5535,0.24,5535,0.24,16548,0.25,16548,0.25,5275,0.25,5275,0.25,2597,0.29,2597,0.29,0.25,18756,0.25
Himāchal Pradesh,IN-HP,1811400B21086746745937,IND,ADM1,primary_healthcare,TIME,1200,66276,4746,0.85,3404,0.61,19565,0.85,14030,0.61,58479,0.87,41931,0.62,18642,0.9,13367,0.64,9175,1.01,6578,0.72,0.88,47520,0.63
Himāchal Pradesh,IN-HP,1811400B21086746745937,IND,ADM1,primary_healthcare,TIME,1800,173527,12432,2.23,7686,1.38,51244,2.22,31679,1.37,153123,2.27,94644,1.4,48807,2.35,30165,1.45,24010,2.64,14835,1.63,2.31,107251,1.43
Himāchal Pradesh,IN-HP,1811400B21086746745937,IND,ADM1,primary_healthcare,TIME,2400,326829,23448,4.2,11016,1.97,96659,4.18,45415,1.96,288524,4.28,135401,2.01,91910,4.42,43103,2.07,45098,4.97,21088,2.32,4.36,153302,2.04
Himāchal Pradesh,IN-HP,1811400B21086746745937,IND,ADM1,primary_healthcare,TIME,3000,551802,39706,7.12,16258,2.91,163758,7.08,67099,2.9,487688,7.23,199164,2.95,155117,7.46,63207,3.04,75584,8.32,30486,3.36,7.36,224973,3.0
Himāchal Pradesh,IN-HP,1811400B21086746745937,IND,ADM1,primary_healthcare,TIME,3600,672705,48506,8.7,8800,1.58,200100,8.66,36342,1.57,594969,8.82,107281,1.59,189056,9.09,33939,1.63,91718,10.1,16134,1.78,8.97,120903,1.61
Himāchal Pradesh,IN-HP,1811400B21086746745937,IND,ADM1,primary_healthcare,TIME,4200,822285,59386,10.65,10880,1.95,245115,10.6,45015,1.95,727489,10.78,132520,1.96,231027,11.1,41971,2.02,111888,12.32,20170,2.22,10.96,149580,1.99
Himāchal Pradesh,IN-HP,1811400B21086746745937,IND,ADM1,primary_healthcare,TIME,4800,998302,72248,12.95,12862,2.31,298340,12.9,53225,2.3,883395,13.09,155906,2.31,280136,13.46,49109,2.36,135657,14.94,23769,2.62,13.31,176017,2.35
Himāchal Pradesh,IN-HP,1811400B21086746745937,IND,ADM1,primary_healthcare,TIME,5400,1331806,96872,17.37,24624,4.41,399958,17.3,101618,4.4,1180415,17.5,297020,4.4,372449,17.9,92313,4.44,179074,19.72,43417,4.78,17.76,333504,4.45
Himāchal Pradesh,IN-HP,1811400B21086746745937,IND,ADM1,primary_healthcare,TIME,6000,1991164,145737,26.13,48865,8.76,600108,25.96,200150,8.66,1769017,26.22,588602,8.72,555206,26.69,182757,8.78,263536,29.02,84462,9.3,26.55,659358,8.79
Himāchal Pradesh,IN-HP,1811400B21086746745937,IND,ADM1,primary_healthcare,TIME,6600,2461598,180138,32.29,34401,6.17,741769,32.09,141661,6.13,2185165,32.39,416148,6.17,686251,32.99,131045,6.3,327600,36.07,64064,7.05,32.82,470434,6.27
Himāchal Pradesh,IN-HP,1811400B21086746745937,IND,ADM1,primary_healthcare,TIME,7200,2959590,217071,38.91,36933,6.62,893039,38.63,151270,6.54,2626390,38.93,441225,6.54,824171,39.61,137920,6.63,394718,43.46,67118,7.39,39.46,497992,6.64
Tamil Nādu,IN-TN,1811400B21167269026319,IND,ADM1,primary_healthcare,TIME,600,6677370,440600,7.97,440600,7.97,1729459,7.61,1729459,7.61,6030759,8.27,6030759,8.27,1962512,8.45,1962512,8.45,785408,7.96,785408,7.96,8.23,6677370,8.23
Tamil Nādu,IN-TN,1811400B21167269026319,IND,ADM1,primary_healthcare,TIME,1200,13666014,912933,16.51,472333,8.54,3591674,15.8,1862215,8.19,12351295,16.94,6320536,8.67,4007377,17.24,2044865,8.8,1598784,16.2,813376,8.24,16.85,6988644,8.62
Tamil Nādu,IN-TN,1811400B21167269026319,IND,ADM1,primary_healthcare,TIME,1800,17488439,1167443,21.11,254510,4.6,4614022,20.29,1022348,4.5,15793222,21.66,3441927,4.72,5117758,22.02,1110381,4.78,2058735,20.85,459951,4.66,21.57,3822425,4.71
Tamil Nādu,IN-TN,1811400B21167269026319,IND,ADM1,primary_healthcare,TIME,2400,21335771,1421568,25.71,254125,4.6,5650157,24.85,1036135,4.56,19251503,26.41,3458281,4.74,6229220,26.81,1111462,4.78,2527759,25.61,469024,4.75,26.31,3847332,4.74
Tamil Nādu,IN-TN,1811400B21167269026319,IND,ADM1,primary_healthcare,TIME,3000,26889332,1785568,32.29,364000,6.58,7155800,31.47,1505643,6.62,24234322,33.24,4982819,6.83,7819263,33.65,1590043,6.84,3213938,32.56,686179,6.95,33.16,5553561,6.85
Tamil Nādu,IN-TN,1811400B21167269026319,IND,ADM1,primary_healthcare,TIME,3600,31253430,2073303,37.49,287735,5.2,8359810,36.77,1204010,5.3,28146504,38.61,3912182,5.37,9068153,39.02,1248890,5.37,3756567,38.05,542629,5.5,38.54,4364098,5.38
Tamil Nādu,IN-TN,1811400B21167269026319,IND,ADM1,primary_healthcare,TIME,4200,34602500,2294478,41.49,221175,4.0,9289105,40.86,929295,4.09,31145114,42.72,2998610,4.11,10030769,43.17,962616,4.14,4176642,42.31,420075,4.26,42.67,3349070,4.13
Tamil Nādu,IN-TN,1811400B21167269026319,IND,ADM1,primary_healthcare,TIME,4800,38197349,2541337,45.95,246859,4.46,10318369,45.38,1029264,4.53,34380700,47.16,3235586,4.44,11061902,47.6,1031133,4.44,4610628,46.7,433986,4.4,47.11,3594849,4.43
Tamil Nādu,IN-TN,1811400B21167269026319,IND,ADM1,primary_healthcare,TIME,5400,41820359,2795156,50.54,253819,4.59,11375058,50.03,1056689,4.65,37649916,51.64,3269216,4.48,12096584,52.06,1034682,4.45,5039730,51.05,429102,4.35,51.57,3623010,4.47
Tamil Nādu,IN-TN,1811400B21167269026319,IND,ADM1,primary_healthcare,TIME,6000,45716224,3071052,55.53,275896,4.99,12523134,55.08,1148076,5.05,41162630,56.46,3512714,4.82,13201927,56.81,1105343,4.76,5503862,55.75,464132,4.7,56.38,3895865,4.8
Tamil Nādu,IN-TN,1811400B21167269026319,IND,ADM1,primary_healthcare,TIME,6600,50500880,3412645,61.71,341593,6.18,13934771,61.29,1411637,6.21,45480621,62.39,4317991,5.92,14567726,62.69,1365799,5.88,6069982,61.49,566120,5.73,62.28,4784656,5.9
Tamil Nādu,IN-TN,1811400B21167269026319,IND,ADM1,primary_healthcare,TIME,7200,56381449,3832003,69.29,419358,7.58,15665049,68.9,1730278,7.61,50784315,69.66,5303694,7.28,16248383,69.92,1680657,7.23,6769092,68.57,699110,7.08,69.53,5880569,7.25
Delhi,IN-DL,1811400B23625213884851,IND,ADM1,primary_healthcare,TIME,600,19192,1496,0.1,1496,0.1,6234,0.1,6234,0.1,18143,0.1,18143,0.1,5367,0.1,5367,0.1,1448,0.1,1448,0.1,0.1,19192,0.1
Delhi,IN-DL,1811400B23625213884851,IND,ADM1,primary_healthcare,TIME,1200,1657085,128435,8.86,126939,8.75,533897,8.71,527663,8.6,1566767,8.83,1548624,8.73,463821,8.83,458454,8.73,124763,8.2,123315,8.1,8.78,1637893,8.68
Delhi,IN-DL,1811400B23625213884851,IND,ADM1,primary_healthcare,TIME,1800,8586054,640359,44.16,511924,35.3,2710914,44.2,2177017,35.5,8095331,45.62,6528564,36.79,2400981,45.69,1937160,36.87,669195,43.96,544432,35.77,45.49,6928969,36.71
Delhi,IN-DL,1811400B23625213884851,IND,ADM1,primary_healthcare,TIME,2400,16169668,1229826,84.81,589467,40.65,5198041,84.76,2487127,40.55,15198565,85.65,7103234,40.03,4507510,85.78,2106529,40.09,1307209,85.87,638014,41.91,85.67,7583614,40.18
Delhi,IN-DL,1811400B23625213884851,IND,ADM1,primary_healthcare,TIME,3000,18363860,1408996,97.17,179170,12.36,5957847,97.15,759806,12.39,17264666,97.3,2066101,11.64,5114088,97.33,606578,11.54,1480909,97.28,173700,11.41,97.3,2194192,11.63
Delhi,IN-DL,1811400B23625213884851,IND,ADM1,primary_healthcare,TIME,3600,18862716,1449095,99.93,40099,2.77,6128712,99.93,170865,2.79,17733538,99.94,468872,2.64,5251328,99.94,137240,2.61,1521262,99.94,40353,2.65,99.94,498856,2.64
Delhi,IN-DL,1811400B23625213884851,IND,ADM1,primary_healthcare,TIME,4200,18874268,1450060,100.0,965,0.07,6132809,100.0,4097,0.07,17744347,100.0,10809,0.06,5254439,100.0,3111,0.06,1522246,100.0,984,0.06,100.0,11552,0.06
Delhi,IN-DL,1811400B23625213884851,IND,ADM1,primary_healthcare,TIME,4800,18874268,1450060,100.0,0,0.0,6132809,100.0,0,0.0,17744347,100.0,0,0.0,5254439,100.0,0,0.0,1522246,100.0,0,0.0,100.0,0,0.0
Delhi,IN-DL,1811400B23625213884851,IND,ADM1,primary_healthcare,TIME,5400,18874268,1450060,100.0,0,0.0,6132809,100.0,0,0.0,17744347,100.0,0,0.0,5254439,100.0,0,0.0,1522246,100.0,0,0.0,100.0,0,0.0
Delhi,IN-DL,1811400B23625213884851,IND,ADM1,primary_healthcare,TIME,6000,18874268,1450060,100.0,0,0.0,6132809,100.0,0,0.0,17744347,100.0,0,0.0,5254439,100.0,0,0.0,1522246,100.0,0,0.0,100.0,0,0.0
Delhi,IN-DL,1811400B23625213884851,IND,ADM1,primary_healthcare,TIME,6600,18874268,1450060,100.0,0,0.0,6132809,100.0,0,0.0,17744347,100.0,0,0.0,5254439,100.0,0,0.0,1522246,100.0,0,0.0,100.0,0,0.0
Delhi,IN-DL,1811400B23625213884851,IND,ADM1,primary_healthcare,TIME,7200,18874268,1450060,100.0,0,0.0,6132809,100.0,0,0.0,17744347,100.0,0,0.0,5254439,100.0,0,0.0,1522246,100.0,0,0.0,100.0,0,0.0
Telangāna,IN-TG,1811400B25711494603400,IND,ADM1,primary_healthcare,TIME,600,2689024,209212,7.26,209212,7.26,872799,6.87,872799,6.87,2503063,7.04,2503063,7.04,790718,7.13,790718,7.13,241855,5.58,241855,5.58,6.88,2689024,6.88
Telangāna,IN-TG,1811400B25711494603400,IND,ADM1,primary_healthcare,TIME,1200,7505534,598003,20.76,388791,13.5,2429590,19.13,1556791,12.26,6998562,19.68,4495499,12.64,2205153,19.88,1414435,12.75,662983,15.29,421128,9.71,19.21,4816510,12.32
Telangāna,IN-TG,1811400B25711494603400,IND,ADM1,primary_healthcare,TIME,1800,10058590,801198,27.82,203195,7.05,3247184,25.57,817594,6.44,9369073,26.35,2370511,6.67,2951316,26.61,746163,6.73,898598,20.72,235615,5.43,25.74,2553056,6.53
Telangāna,IN-TG,1811400B25711494603400,IND,ADM1,primary_healthcare,TIME,2400,11737890,927775,32.21,126577,4.39,3789427,29.84,542243,4.27,10899434,30.65,1530361,4.3,3428602,30.92,477286,4.3,1082443,24.96,183845,4.24,30.04,1679300,4.3
Telangāna,IN-TG,1811400B25711494603400,IND,ADM1,primary_healthcare,TIME,3000,13214250,1034572,35.92,106797,3.71,4266278,33.6,476851,3.76,12231184,34.4,1331750,3.75,3842113,34.64,413511,3.73,1257740,29.0,175297,4.04,33.81,1476360,3.78
Telangāna,IN-TG,1811400B25711494603400,IND,ADM1,primary_healthcare,TIME,3600,14849940,1153037,40.03,118465,4.11,4798271,37.79,531993,4.19,13705395,38.55,1474211,4.15,4299053,38.76,456940,4.12,1453219,33.5,195479,4.51,38.0,1635690,4.19
Telangāna,IN-TG,1811400B25711494603400,IND,ADM1,primary_healthcare,TIME,4200,16804019,1294052,44.93,141015,4.9,5430799,42.77,632528,4.98,15469215,43.51,1763820,4.96,4847207,43.71,548154,4.94,1684096,38.83,230877,5.32,43.0,1954079,5.0
Telangāna,IN-TG,1811400B25711494603400,IND,ADM1,primary_healthcare,TIME,4800,19254274,1469811,51.03,175759,6.1,6226964,49.04,796165,6.27,17675318,49.71,2206103,6.2,5530900,49.87,683693,6.16,1979180,45.63,295084,6.8,49.27,2450255,6.27
Telangāna,IN-TG,1811400B25711494603400,IND,ADM1,primary_healthcare,TIME,5400,21603549,1638522,56.89,168711,5.86,6996207,55.09,769243,6.06,19790385,55.66,2115067,5.95,6183411,55.76,652511,5.88,2262220,52.16,283040,6.53,55.28,2349275,6.01
Telangāna,IN-TG,1811400B25711494603400,IND,ADM1,primary_healthcare,TIME,6000,23988846,1809271,62.81,170749,5.93,7774568,61.22,778361,6.13,21937220,61.7,2146835,6.04,6848236,61.75,664825,5.99,2550263,58.8,288043,6.64,61.38,2385297,6.1
Telangāna,IN-TG,1811400B25711494603400,IND,ADM1,primary_healthcare,TIME,6600,25805387,1945716,67.55,136445,4.74,8376025,65.96,601457,4.74,23581521,66.32,1644301,4.62,7354145,66.31,505909,4.56,2760264,63.64,210001,4.84,66.03,1816541,4.65
Telangāna,IN-TG,1811400B25711494603400,IND,ADM1,primary_healthcare,TIME,7200,27348020,2056997,71.42,111281,3.86,8880111,69.93,504086,3.97,24972529,70.24,1391008,3.91,7784539,70.19,430394,3.88,2943953,67.87,183689,4.23,69.98,1542633,3.95
Uttarākhand,IN-UT,1811400B3558497485804,IND,ADM1,primary_healthcare,TIME,600,84,7,0.0,7,0.0,30,0.0,30,0.0,73,0.0,73,0.0,22,0.0,22,0.0,12,0.0,12,0.0,0.0,84,0.0
Uttarākhand,IN-UT,1811400B3558497485804,IND,ADM1,primary_healthcare,TIME,1200,84,7,0.0,0,0.0,30,0.0,0,0.0,73,0.0,0,0.0,22,0.0,0,0.0,12,0.0,0,0.0,0.0,0,0.0
Uttarākhand,IN-UT,1811400B3558497485804,IND,ADM1,primary_healthcare,TIME,1800,1154,97,0.01,90,0.01,419,0.01,389,0.01,1013,0.01,940,0.01,314,0.01,292,0.01,165,0.01,153,0.01,0.01,1070,0.01
Uttarākhand,IN-UT,1811400B3558497485804,IND,ADM1,primary_healthcare,TIME,2400,8612,722,0.07,625,0.06,3144,0.07,2725,0.06,7534,0.07,6521,0.06,2348,0.07,2034,0.06,1257,0.1,1092,0.09,0.07,7458,0.06
Uttarākhand,IN-UT,1811400B3558497485804,IND,ADM1,primary_healthcare,TIME,3000,27668,2320,0.22,1598,0.15,10110,0.22,6966,0.15,24188,0.22,16654,0.15,7549,0.23,5201,0.16,4054,0.32,2797,0.22,0.23,19056,0.16
Uttarākhand,IN-UT,1811400B3558497485804,IND,ADM1,primary_healthcare,TIME,3600,150715,12674,1.19,10354,0.98,55223,1.21,45113,0.99,131873,1.2,107685,0.98,41079,1.28,33530,1.04,21974,1.74,17920,1.42,1.26,123047,1.02
Uttarākhand,IN-UT,1811400B3558497485804,IND,ADM1,primary_healthcare,TIME,4200,221579,18644,1.76,5970,0.56,81189,1.78,25966,0.57,194063,1.77,62190,0.57,60386,1.88,19307,0.6,32121,2.54,10147,0.8,1.85,70864,0.59
Uttarākhand,IN-UT,1811400B3558497485804,IND,ADM1,primary_healthcare,TIME,4800,312765,26437,2.49,7793,0.73,114722,2.52,33533,0.74,275236,2.5,81173,0.74,85074,2.64,24688,0.77,44030,3.48,11909,0.94,2.6,91186,0.76
Uttarākhand,IN-UT,1811400B3558497485804,IND,ADM1,primary_healthcare,TIME,5400,402132,34043,3.21,7606,0.72,146971,3.23,32249,0.71,355438,3.23,80202,0.73,109282,3.4,24208,0.75,55052,4.35,11022,0.87,3.35,89367,0.74
Uttarākhand,IN-UT,1811400B3558497485804,IND,ADM1,primary_healthcare,TIME,6000,618450,52834,4.98,18791,1.77,227288,4.99,80317,1.76,548442,4.99,193004,1.76,167272,5.2,57990,1.8,82862,6.55,27810,2.2,5.15,216318,1.8
Uttarākhand,IN-UT,1811400B3558497485804,IND,ADM1,primary_healthcare,TIME,6600,916573,78274,7.37,25440,2.4,334664,7.34,107376,2.36,814604,7.41,266162,2.42,247664,7.7,80392,2.5,121021,9.57,38159,3.02,7.63,298123,2.48
Uttarākhand,IN-UT,1811400B3558497485804,IND,ADM1,primary_healthcare,TIME,7200,1073325,91715,8.64,13441,1.27,391617,8.59,56953,1.25,954266,8.68,139662,1.27,290251,9.02,42587,1.32,141369,11.18,20348,1.61,8.94,156752,1.31
Rājasthān,IN-RJ,1811400B37341166588993,IND,ADM1,primary_healthcare,TIME,2400,90422,9957,0.12,9957,0.12,38349,0.12,38349,0.12,84280,0.11,84280,0.11,22559,0.11,22559,0.11,8021,0.11,8021,0.11,0.11,90422,0.11
Rājasthān,IN-RJ,1811400B37341166588993,IND,ADM1,primary_healthcare,TIME,3000,209493,22704,0.27,12747,0.15,88036,0.27,49687,0.15,195156,0.26,110876,0.15,52508,0.26,29949,0.15,18691,0.26,10670,0.15,0.26,119071,0.15
Rājasthān,IN-RJ,1811400B37341166588993,IND,ADM1,primary_healthcare,TIME,3600,289982,31342,0.38,8638,0.1,121671,0.37,33635,0.1,270113,0.36,74957,0.1,72739,0.36,20231,0.1,25897,0.36,7206,0.1,0.36,80489,0.1
Rājasthān,IN-RJ,1811400B37341166588993,IND,ADM1,primary_healthcare,TIME,4200,457937,49478,0.6,18136,0.22,192186,0.59,70515,0.21,426552,0.57,156439,0.21,114770,0.56,42031,0.21,40903,0.56,15006,0.21,0.57,167955,0.21
Rājasthān,IN-RJ,1811400B37341166588993,IND,ADM1,primary_healthcare,TIME,4800,1007890,110377,1.33,60899,0.73,426586,1.3,234400,0.71,939267,1.26,512715,0.69,251238,1.23,136468,0.67,89573,1.23,48670,0.67,1.26,549953,0.69
Rājasthān,IN-RJ,1811400B37341166588993,IND,ADM1,primary_healthcare,TIME,5400,1944196,213528,2.57,103151,1.24,825767,2.51,399181,1.22,1812312,2.43,873045,1.17,482706,2.36,231468,1.13,172296,2.37,82723,1.14,2.42,936306,1.17
Rājasthān,IN-RJ,1811400B37341166588993,IND,ADM1,primary_healthcare,TIME,6000,3262593,354102,4.27,140574,1.69,1375631,4.19,549864,1.67,3040782,4.08,1228470,1.65,814519,3.98,331813,1.62,289628,3.98,117332,1.61,4.07,1318397,1.64
Rājasthān,IN-RJ,1811400B37341166588993,IND,ADM1,primary_healthcare,TIME,6600,4336160,464660,5.6,110558,1.33,1816439,5.53,440808,1.34,4041494,5.42,1000712,1.34,1087967,5.32,273448,1.34,384798,5.28,95170,1.31,5.4,1073567,1.34
Rājasthān,IN-RJ,1811400B37341166588993,IND,ADM1,primary_healthcare,TIME,7200,5944547,623930,7.52,159270,1.92,2463380,7.5,646941,1.97,5536630,7.42,1495136,2.0,1502265,7.34,414298,2.02,531482,7.3,146684,2.01,7.41,1608387,2.0
Kerala,IN-KL,1811400B45534780755480,IND,ADM1,primary_healthcare,TIME,600,182359,16844,0.73,16844,0.73,63056,0.69,63056,0.69,167162,0.56,167162,0.56,53804,0.56,53804,0.56,18987,0.38,18987,0.38,0.54,182359,0.54
Kerala,IN-KL,1811400B45534780755480,IND,ADM1,primary_healthcare,TIME,1200,708127,63553,2.76,46709,2.03,239159,2.62,176103,1.93,645976,2.18,478814,1.62,207885,2.18,154081,1.62,76870,1.55,57883,1.17,2.09,525768,1.55
Kerala,IN-KL,1811400B45534780755480,IND,ADM1,primary_healthcare,TIME,1800,1936704,163226,7.09,99673,4.33,621525,6.8,382366,4.18,1748051,5.9,1102075,3.72,563128,5.91,355243,3.73,228909,4.61,152039,3.07,5.71,1228577,3.62
Kerala,IN-KL,1811400B45534780755480,IND,ADM1,primary_healthcare,TIME,2400,3982592,332838,14.46,169612,7.37,1269524,13.89,647999,7.09,3588634,12.11,1840583,6.21,1156519,12.14,593391,6.23,476741,9.61,247832,5.0,11.75,2045888,6.04
Kerala,IN-KL,1811400B45534780755480,IND,ADM1,primary_healthcare,TIME,3000,5885232,482567,20.97,149729,6.51,1847504,20.21,577980,6.32,5287077,17.84,1698443,5.73,1704174,17.89,547655,5.75,720487,14.53,243746,4.91,17.36,1902640,5.61
Kerala,IN-KL,1811400B45534780755480,IND,ADM1,primary_healthcare,TIME,3600,8164679,657254,28.56,174687,7.59,2525189,27.62,677685,7.41,7315245,24.68,2028168,6.84,2359341,24.77,655167,6.88,1019147,20.55,298660,6.02,24.09,2279447,6.73
Kerala,IN-KL,1811400B45534780755480,IND,ADM1,primary_healthcare,TIME,4200,10704097,838690,36.45,181436,7.88,3239075,35.43,713886,7.81,9554262,32.24,2239017,7.55,3085082,32.39,725741,7.62,1372332,27.67,353185,7.12,31.58,2539418,7.49
Kerala,IN-KL,1811400B45534780755480,IND,ADM1,primary_healthcare,TIME,4800,11926099,922472,40.09,83782,3.64,3571870,39.07,332795,3.64,10623861,35.84,1069599,3.61,3432591,36.04,347509,3.65,1550136,31.25,177804,3.58,35.19,1222002,3.61
Kerala,IN-KL,1811400B45534780755480,IND,ADM1,primary_healthcare,TIME,5400,12715564,974539,42.35,52067,2.26,3779105,41.34,207235,2.27,11312050,38.17,688189,2.32,3653081,38.35,220490,2.31,1667823,33.62,117687,2.37,37.51,789465,2.33
Kerala,IN-KL,1811400B45534780755480,IND,ADM1,primary_healthcare,TIME,6000,13699551,1037089,45.07,62550,2.72,4028367,44.06,249262,2.73,12167551,41.05,855501,2.89,3923209,41.19,270128,2.84,1816761,36.63,148938,3.0,40.42,983987,2.9
Kerala,IN-KL,1811400B45534780755480,IND,ADM1,primary_healthcare,TIME,6600,15051561,1123479,48.82,86390,3.75,4372219,47.82,343852,3.76,13344691,45.02,1177140,3.97,4294636,45.09,371427,3.9,2019734,40.72,202973,4.09,44.41,1352010,3.99
Kerala,IN-KL,1811400B45534780755480,IND,ADM1,primary_healthcare,TIME,7200,16570906,1219451,52.99,95972,4.17,4754190,52.0,381971,4.18,14666387,49.48,1321696,4.46,4708745,49.44,414109,4.35,2248965,45.34,229231,4.62,48.89,1519345,4.48
Dādra and Nagar Haveli and Damān and Diu,IN-DH,1811400B51283975314925,IND,ADM1,primary_healthcare,TIME,6600,51690,4933,6.33,4933,6.33,18189,6.27,18189,6.27,49735,6.15,49735,6.15,13617,6.57,13617,6.57,3029,6.64,3029,6.64,6.18,51690,6.18
Dādra and Nagar Haveli and Damān and Diu,IN-DH,1811400B51283975314925,IND,ADM1,primary_healthcare,TIME,7200,324015,32406,41.6,27473,35.27,117857,40.63,99668,34.36,313482,38.77,263747,32.62,82541,39.85,68924,33.27,17268,37.85,14239,31.21,38.72,272325,32.55
Karnātaka,IN-KA,1811400B56841107211215,IND,ADM1,primary_healthcare,TIME,600,7697473,560776,10.44,560776,10.44,2112022,9.75,2112022,9.75,7144191,11.4,7144191,11.4,2278545,11.79,2278545,11.79,713283,9.3,713283,9.3,11.17,7697473,11.17
Karnātaka,IN-KA,1811400B56841107211215,IND,ADM1,primary_healthcare,TIME,1200,14111457,1027328,19.12,466552,8.68,3889334,17.96,1777312,8.21,13076863,20.87,5932672,9.47,4166153,21.56,1887608,9.77,1327918,17.31,614635,8.01,20.49,6413984,9.31
Karnātaka,IN-KA,1811400B56841107211215,IND,ADM1,primary_healthcare,TIME,1800,16514648,1197588,22.29,170260,3.17,4572589,21.11,683255,3.15,15264611,24.37,2187748,3.49,4860026,25.15,693873,3.59,1593314,20.77,265396,3.46,23.97,2403191,3.49
Karnātaka,IN-KA,1811400B56841107211215,IND,ADM1,primary_healthcare,TIME,2400,19341383,1394257,25.95,196669,3.66,5394804,24.91,822215,3.8,17805298,28.42,2540687,4.06,5663462,29.3,803436,4.16,1938119,25.26,344805,4.49,28.08,2826735,4.1
Karnātaka,IN-KA,1811400B56841107211215,IND,ADM1,primary_healthcare,TIME,3000,22269032,1595867,29.7,201610,3.75,6251942,28.87,857138,3.96,20423487,32.6,2618189,4.18,6490787,33.59,827325,4.28,2308435,30.09,370316,4.83,32.33,2927649,4.25
Karnātaka,IN-KA,1811400B56841107211215,IND,ADM1,primary_healthcare,TIME,3600,25557183,1822549,33.92,226682,4.22,7224798,33.36,972856,4.49,23362107,37.29,2938620,4.69,7416585,38.38,925798,4.79,2726314,35.54,417879,5.45,37.1,3288151,4.77
Karnātaka,IN-KA,1811400B56841107211215,IND,ADM1,primary_healthcare,TIME,4200,28510714,2031516,37.81,208967,3.89,8119369,37.49,894571,4.13,26014169,41.53,2652062,4.23,8247283,42.67,830698,4.3,3089175,40.27,362861,4.73,41.39,2953531,4.29
Karnātaka,IN-KA,1811400B56841107211215,IND,ADM1,primary_healthcare,TIME,4800,31539467,2244441,41.77,212925,3.96,9030018,41.69,910649,4.2,28732899,45.87,2718730,4.34,9099208,47.08,851925,4.41,3462154,45.13,372979,4.86,45.79,3028753,4.4
Karnātaka,IN-KA,1811400B56841107211215,IND,ADM1,primary_healthcare,TIME,5400,34318423,2441203,45.44,196762,3.66,9868353,45.56,838335,3.87,31236356,49.86,2503457,4.0,9884003,51.14,784795,4.06,3795418,49.48,333264,4.34,49.82,2778956,4.03
Karnātaka,IN-KA,1811400B56841107211215,IND,ADM1,primary_healthcare,TIME,6000,36196454,2577787,47.98,136584,2.54,10444156,48.22,575803,2.66,32932344,52.57,1695988,2.71,10413256,53.88,529253,2.74,4016498,52.36,221080,2.88,52.55,1878031,2.73
Karnātaka,IN-KA,1811400B56841107211215,IND,ADM1,primary_healthcare,TIME,6600,37838179,2700036,50.25,122249,2.28,10955188,50.58,511032,2.36,34416101,54.94,1483757,2.37,10873044,56.26,459788,2.38,4208591,54.86,192093,2.5,54.93,1641725,2.38
Karnātaka,IN-KA,1811400B56841107211215,IND,ADM1,primary_healthcare,TIME,7200,39887125,2860079,53.23,160043,2.98,11620123,53.65,664935,3.07,36272358,57.9,1856257,2.96,11441247,59.2,568203,2.94,4443871,57.93,235280,3.07,57.9,2048946,2.97
Haryāna,IN-HR,1811400B68407848780347,IND,ADM1,primary_healthcare,TIME,600,1226323,109179,4.09,109179,4.09,404711,3.77,404711,3.77,1142528,4.15,1142528,4.15,332908,4.22,332908,4.22,109286,3.57,109286,3.57,4.09,1226323,4.09
Haryāna,IN-HR,1811400B68407848780347,IND,ADM1,primary_healthcare,TIME,1200,1918996,171252,6.42,62073,2.33,634606,5.9,229895,2.14,1788037,6.49,645509,2.34,520649,6.59,187741,2.38,170847,5.59,61561,2.01,6.4,692673,2.31
Haryāna,IN-HR,1811400B68407848780347,IND,ADM1,primary_healthcare,TIME,1800,2745175,262063,9.83,90811,3.41,965340,8.98,330734,3.08,2564831,9.31,776794,2.82,732787,9.28,212138,2.69,237405,7.77,66558,2.18,9.16,826179,2.76
Haryāna,IN-HR,1811400B68407848780347,IND,ADM1,primary_healthcare,TIME,2400,5484507,525644,19.71,263581,9.88,1992139,18.54,1026799,9.55,5138143,18.66,2573312,9.34,1463756,18.53,730969,9.26,460366,15.06,222961,7.29,18.3,2739332,9.14
Haryāna,IN-HR,1811400B68407848780347,IND,ADM1,primary_healthcare,TIME,3000,6916040,664255,24.91,138611,5.2,2533502,23.57,541363,5.04,6465488,23.48,1327345,4.82,1836941,23.26,373185,4.73,594310,19.44,133944,4.38,23.08,1431533,4.78
Haryāna,IN-HR,1811400B68407848780347,IND,ADM1,primary_healthcare,TIME,3600,8389173,809039,30.34,144784,5.43,3096002,28.81,562500,5.23,7824962,28.42,1359474,4.94,2215207,28.05,378266,4.79,738589,24.16,144279,4.72,27.99,1473133,4.92
Haryāna,IN-HR,1811400B68407848780347,IND,ADM1,primary_healthcare,TIME,4200,10135647,973645,36.51,164606,6.17,3747873,34.87,651871,6.07,9428871,34.24,1603909,5.82,2662115,33.71,446908,5.66,917458,30.01,178869,5.85,33.82,1746474,5.83
Haryāna,IN-HR,1811400B68407848780347,IND,ADM1,primary_healthcare,TIME,4800,11783503,1136627,42.62,162982,6.11,4378165,40.74,630292,5.86,10941118,39.73,1512247,5.49,3078849,38.98,416734,5.28,1087319,35.57,169861,5.56,39.32,1647856,5.5
Haryāna,IN-HR,1811400B68407848780347,IND,ADM1,primary_healthcare,TIME,5400,13823495,1307181,49.01,170554,6.4,5077549,47.24,699384,6.51,12797278,46.47,1856160,6.74,3614786,45.77,535937,6.79,1313555,42.97,226236,7.4,46.12,2039992,6.81
Haryāna,IN-HR,1811400B68407848780347,IND,ADM1,primary_healthcare,TIME,6000,16246744,1513142,56.74,205961,7.72,5930649,55.18,853100,7.94,15009411,54.51,2212133,8.03,4252824,53.85,638038,8.08,1575041,51.52,261486,8.55,54.21,2423249,8.09
Haryāna,IN-HR,1811400B68407848780347,IND,ADM1,primary_healthcare,TIME,6600,19151063,1758941,65.95,245799,9.22,6950487,64.67,1019838,9.49,17660871,64.14,2651460,9.63,5021088,63.58,768264,9.73,1888271,61.76,313230,10.25,63.9,2904319,9.69
Haryāna,IN-HR,1811400B68407848780347,IND,ADM1,primary_healthcare,TIME,7200,22078862,2005817,75.21,246876,9.26,7975208,74.2,1024721,9.53,20328884,73.82,2668013,9.69,5798245,73.42,777157,9.84,2208915,72.25,320644,10.49,73.67,2927799,9.77
Nāgāland,IN-NL,1811400B74762431478096,IND,ADM1,primary_healthcare,TIME,3000,1234,132,0.07,132,0.07,564,0.07,564,0.07,1182,0.06,1182,0.06,318,0.06,318,0.06,77,0.06,77,0.06,0.06,1234,0.06
Nāgāland,IN-NL,1811400B74762431478096,IND,ADM1,primary_healthcare,TIME,3600,1382,147,0.08,15,0.01,632,0.08,68,0.01,1324,0.07,142,0.01,356,0.06,38,0.01,87,0.07,10,0.01,0.07,148,0.01
Nāgāland,IN-NL,1811400B74762431478096,IND,ADM1,primary_healthcare,TIME,4200,2030,217,0.11,70,0.04,928,0.11,296,0.04,1944,0.1,620,0.03,524,0.09,168,0.03,128,0.1,41,0.03,0.1,648,0.03
Nāgāland,IN-NL,1811400B74762431478096,IND,ADM1,primary_healthcare,TIME,4800,2034,217,0.11,0,0.0,930,0.11,2,0.0,1948,0.1,4,0.0,525,0.09,1,0.0,128,0.1,0,0.0,0.1,4,0.0
Nāgāland,IN-NL,1811400B74762431478096,IND,ADM1,primary_healthcare,TIME,5400,7450,826,0.43,609,0.32,3386,0.41,2456,0.3,7127,0.37,5179,0.27,1920,0.35,1395,0.25,477,0.38,349,0.28,0.37,5416,0.27
Nāgāland,IN-NL,1811400B74762431478096,IND,ADM1,primary_healthcare,TIME,6000,8348,923,0.48,97,0.05,3796,0.46,410,0.05,7987,0.42,860,0.04,2152,0.39,232,0.04,534,0.43,57,0.05,0.42,898,0.04
Nāgāland,IN-NL,1811400B74762431478096,IND,ADM1,primary_healthcare,TIME,6600,9216,1016,0.53,93,0.05,4192,0.51,396,0.05,8817,0.46,830,0.04,2376,0.43,224,0.04,589,0.47,55,0.04,0.46,868,0.04
Nāgāland,IN-NL,1811400B74762431478096,IND,ADM1,primary_healthcare,TIME,7200,23737,2305,1.2,1289,0.67,10089,1.22,5897,0.71,22480,1.17,13663,0.71,6254,1.12,3878,0.7,1750,1.41,1161,0.94,1.19,14521,0.73
Madhya Pradesh,IN-MP,1811400B75807316846587,IND,ADM1,primary_healthcare,TIME,6600,3422,362,0.0,362,0.0,1447,0.0,1447,0.0,3150,0.0,3150,0.0,807,0.0,807,0.0,342,0.0,342,0.0,0.0,3422,0.0
Madhya Pradesh,IN-MP,1811400B75807316846587,IND,ADM1,primary_healthcare,TIME,7200,54549,5748,0.07,5386,0.06,23012,0.07,21565,0.07,50208,0.06,47058,0.06,12879,0.06,12072,0.06,5475,0.07,5133,0.06,0.06,51127,0.06
Chandīgarh,IN-CH,1811400B77692474244036,IND,ADM1,primary_healthcare,TIME,4800,568584,41639,64.31,41639,64.31,176528,64.53,176528,64.53,537390,64.74,537390,64.74,156115,64.64,156115,64.64,43012,62.49,43012,62.49,64.57,568584,64.57
Chandīgarh,IN-CH,1811400B77692474244036,IND,ADM1,primary_healthcare,TIME,5400,880548,64743,100.0,23104,35.69,273559,100.0,97031,35.47,830022,100.0,292632,35.26,241506,100.0,85391,35.36,68829,100.0,25817,37.51,100.0,311964,35.43
Chandīgarh,IN-CH,1811400B77692474244036,IND,ADM1,primary_healthcare,TIME,6000,880548,64743,100.0,0,0.0,273559,100.0,0,0.0,830022,100.0,0,0.0,241506,100.0,0,0.0,68829,100.0,0,0.0,100.0,0,0.0
Chandīgarh,IN-CH,1811400B77692474244036,IND,ADM1,primary_healthcare,TIME,6600,880548,64743,100.0,0,0.0,273559,100.0,0,0.0,830022,100.0,0,0.0,241506,100.0,0,0.0,68829,100.0,0,0.0,100.0,0,0.0
Chandīgarh,IN-CH,1811400B77692474244036,IND,ADM1,primary_healthcare,TIME,7200,880548,64743,100.0,0,0.0,273559,100.0,0,0.0,830022,100.0,0,0.0,241506,100.0,0,0.0,68829,100.0,0,0.0,100.0,0,0.0
Assam,IN-AS,1811400B78322693766699,IND,ADM1,primary_healthcare,TIME,600,140017,11283,0.32,11283,0.32,47756,0.36,47756,0.36,131647,0.4,131647,0.4,40699,0.42,40699,0.42,11280,0.4,11280,0.4,0.4,140017,0.4
Assam,IN-AS,1811400B78322693766699,IND,ADM1,primary_healthcare,TIME,1200,392305,32345,0.93,21062,0.6,135822,1.01,88066,0.65,369155,1.12,237508,0.72,113367,1.18,72668,0.76,31303,1.11,20023,0.71,1.12,252288,0.72
Assam,IN-AS,1811400B78322693766699,IND,ADM1,primary_healthcare,TIME,1800,732359,61251,1.76,28906,0.83,255916,1.9,120094,0.89,689457,2.09,320302,0.97,210816,2.2,97449,1.02,58125,2.06,26822,0.95,2.09,340054,0.97
Assam,IN-AS,1811400B78322693766699,IND,ADM1,primary_healthcare,TIME,2400,1203358,100935,2.9,39684,1.14,421194,3.13,165278,1.23,1132831,3.43,443374,1.34,346040,3.61,135224,1.41,95540,3.38,37415,1.32,3.43,470999,1.34
Assam,IN-AS,1811400B78322693766699,IND,ADM1,primary_healthcare,TIME,3000,1724796,144327,4.15,43392,1.25,602471,4.48,181277,1.35,1623150,4.92,490319,1.48,496044,5.17,150004,1.56,137497,4.87,41957,1.48,4.91,521438,1.48
Assam,IN-AS,1811400B78322693766699,IND,ADM1,primary_healthcare,TIME,3600,2176873,181379,5.21,37052,1.06,757846,5.63,155375,1.16,2047745,6.2,424595,1.29,626460,6.53,130416,1.36,174377,6.17,36880,1.3,6.2,452077,1.29
Assam,IN-AS,1811400B78322693766699,IND,ADM1,primary_healthcare,TIME,4200,2501405,209348,6.01,27969,0.8,873304,6.49,115458,0.86,2353141,7.13,305396,0.92,718873,7.5,92413,0.96,200257,7.09,25880,0.92,7.12,324532,0.92
Assam,IN-AS,1811400B78322693766699,IND,ADM1,primary_healthcare,TIME,4800,2716222,228405,6.56,19057,0.55,951369,7.07,78065,0.58,2555035,7.74,201894,0.61,779355,8.13,60482,0.63,217646,7.7,17389,0.62,7.73,214817,0.61
Assam,IN-AS,1811400B78322693766699,IND,ADM1,primary_healthcare,TIME,5400,3316856,279308,8.02,50903,1.46,1161569,8.63,210200,1.56,3117792,9.44,562757,1.7,949976,9.91,170621,1.78,268009,9.48,50363,1.78,9.45,600634,1.71
Assam,IN-AS,1811400B78322693766699,IND,ADM1,primary_healthcare,TIME,6000,3588459,303715,8.72,24407,0.7,1261255,9.38,99686,0.74,3372986,10.21,255194,0.77,1026095,10.7,76119,0.79,290064,10.26,22055,0.78,10.22,271603,0.77
Assam,IN-AS,1811400B78322693766699,IND,ADM1,primary_healthcare,TIME,6600,3852441,327449,9.41,23734,0.68,1358355,10.1,97100,0.72,3620884,10.97,247898,0.75,1100042,11.47,73947,0.77,311634,11.03,21570,0.76,10.97,263982,0.75
Assam,IN-AS,1811400B78322693766699,IND,ADM1,primary_healthcare,TIME,7200,4312587,368556,10.59,41107,1.18,1526511,11.35,168156,1.25,4052749,12.27,431865,1.31,1229241,12.82,129199,1.35,349481,12.37,37847,1.34,12.28,460146,1.31
Gujarāt,IN-GJ,1811400B80305611676067,IND,ADM1,primary_healthcare,TIME,6600,4541,373,0.01,373,0.01,1457,0.01,1457,0.01,4253,0.01,4253,0.01,1282,0.01,1282,0.01,383,0.01,383,0.01,0.01,4541,0.01
Gujarāt,IN-GJ,1811400B80305611676067,IND,ADM1,primary_healthcare,TIME,7200,195270,16602,0.28,16229,0.27,64565,0.27,63108,0.26,181913,0.28,177660,0.27,53147,0.28,51865,0.28,17415,0.27,17032,0.26,0.28,190729,0.27
Puducherry,IN-PY,1811400B81659894240990,IND,ADM1,primary_healthcare,TIME,1200,15784,1160,1.23,1160,1.23,4591,1.22,4591,1.22,14300,1.2,14300,1.2,4600,1.2,4600,1.2,1812,1.2,1812,1.2,1.2,15784,1.2
Puducherry,IN-PY,1811400B81659894240990,IND,ADM1,primary_healthcare,TIME,1800,127122,9343,9.9,8183,8.67,36981,9.82,32390,8.6,115166,9.7,100866,8.5,37053,9.69,32453,8.48,14598,9.69,12786,8.49,9.7,111338,8.5
Puducherry,IN-PY,1811400B81659894240990,IND,ADM1,primary_healthcare,TIME,2400,210645,15326,16.25,5983,6.34,61255,16.26,24274,6.44,190616,16.06,75450,6.36,61336,16.03,24283,6.35,24408,16.21,9810,6.51,16.07,83523,6.37
Puducherry,IN-PY,1811400B81659894240990,IND,ADM1,primary_healthcare,TIME,3000,214038,15561,16.49,235,0.25,62223,16.52,968,0.26,193676,16.32,3060,0.26,62325,16.29,989,0.26,24810,16.47,402,0.27,16.33,3393,0.26
Puducherry,IN-PY,1811400B81659894240990,IND,ADM1,primary_healthcare,TIME,3600,215310,15652,16.59,91,0.1,62593,16.61,370,0.1,194826,16.41,1150,0.1,62695,16.39,370,0.1,24959,16.57,149,0.1,16.43,1272,0.1
Puducherry,IN-PY,1811400B81659894240990,IND,ADM1,primary_healthcare,TIME,4200,215610,15674,16.61,22,0.02,62681,16.64,88,0.02,195098,16.44,272,0.02,62783,16.41,88,0.02,24994,16.6,35,0.02,16.45,300,0.02
Puducherry,IN-PY,1811400B81659894240990,IND,ADM1,primary_healthcare,TIME,4800,217058,15781,16.73,107,0.11,63102,16.75,421,0.11,196409,16.55,1311,0.11,63205,16.52,422,0.11,25160,16.71,166,0.11,16.56,1448,0.11
Puducherry,IN-PY,1811400B81659894240990,IND,ADM1,primary_healthcare,TIME,5400,217058,15781,16.73,0,0.0,63102,16.75,0,0.0,196409,16.55,0,0.0,63205,16.52,0,0.0,25160,16.71,0,0.0,16.56,0,0.0
Puducherry,IN-PY,1811400B81659894240990,IND,ADM1,primary_healthcare,TIME,6000,218910,15917,16.87,136,0.14,63640,16.89,538,0.14,198087,16.69,1678,0.14,63744,16.66,539,0.14,25373,16.85,213,0.14,16.71,1852,0.14
Puducherry,IN-PY,1811400B81659894240990,IND,ADM1,primary_healthcare,TIME,6600,256738,18789,19.92,2872,3.04,75229,19.97,11589,3.08,232446,19.58,34359,2.89,74520,19.48,10776,2.82,29628,19.67,4255,2.83,19.59,37828,2.89
Puducherry,IN-PY,1811400B81659894240990,IND,ADM1,primary_healthcare,TIME,7200,1088939,78313,83.01,59524,63.1,311908,82.79,236679,62.82,986733,83.13,754287,63.54,318113,83.16,243593,63.68,124841,82.89,95213,63.22,83.1,832201,63.51
Andhra Pradesh,IN-AP,1811400B84418948762846,IND,ADM1,primary_healthcare,TIME,2400,26434,1672,0.05,1672,0.05,7689,0.05,7689,0.05,23754,0.05,23754,0.05,7706,0.05,7706,0.05,3229,0.05,3229,0.05,0.05,26434,0.05
Andhra Pradesh,IN-AP,1811400B84418948762846,IND,ADM1,primary_healthcare,TIME,3000,254352,16234,0.45,14562,0.4,74387,0.46,66698,0.42,228696,0.48,204942,0.43,74077,0.5,66371,0.44,30942,0.49,27713,0.44,0.48,227918,0.43
Andhra Pradesh,IN-AP,1811400B84418948762846,IND,ADM1,primary_healthcare,TIME,3600,494950,32078,0.89,15844,0.44,145167,0.9,70780,0.44,444808,0.94,216112,0.46,143378,0.96,69301,0.46,60430,0.95,29488,0.47,0.94,240598,0.46
Andhra Pradesh,IN-AP,1811400B84418948762846,IND,ADM1,primary_healthcare,TIME,4200,910305,59846,1.65,27768,0.77,267823,1.67,122656,0.76,816928,1.72,372120,0.79,262045,1.76,118667,0.79,112299,1.77,51869,0.82,1.73,415355,0.79
Andhra Pradesh,IN-AP,1811400B84418948762846,IND,ADM1,primary_healthcare,TIME,4800,1527151,101085,2.79,41239,1.14,450817,2.81,182994,1.14,1369660,2.89,552732,1.17,437990,2.93,175945,1.18,189234,2.99,76935,1.22,2.9,616846,1.17
Andhra Pradesh,IN-AP,1811400B84418948762846,IND,ADM1,primary_healthcare,TIME,5400,2828535,188744,5.21,87659,2.42,839075,5.23,388258,2.42,2535511,5.35,1165851,2.46,807659,5.41,369669,2.48,351819,5.56,162585,2.57,5.38,1301384,2.47
Andhra Pradesh,IN-AP,1811400B84418948762846,IND,ADM1,primary_healthcare,TIME,6000,5097418,338521,9.35,149777,4.13,1509495,9.41,670420,4.18,4568912,9.64,2033401,4.29,1457213,9.76,649554,4.35,634461,10.02,282642,4.47,9.69,2268883,4.31
Andhra Pradesh,IN-AP,1811400B84418948762846,IND,ADM1,primary_healthcare,TIME,6600,8161977,543603,15.01,205082,5.66,2415305,15.05,905810,5.65,7310801,15.43,2741889,5.79,2329559,15.61,872346,5.84,1020832,16.13,386371,6.1,15.51,3064559,5.83
Andhra Pradesh,IN-AP,1811400B84418948762846,IND,ADM1,primary_healthcare,TIME,7200,10996349,732133,20.21,188530,5.2,3253246,20.28,837941,5.22,9847517,20.79,2536716,5.35,3137194,21.02,807635,5.41,1377405,21.76,356573,5.63,20.9,2834372,5.39
Punjab,IN-PB,1811400B91946361694107,IND,ADM1,primary_healthcare,TIME,600,1323097,95374,4.27,95374,4.27,411146,4.25,411146,4.25,1205018,4.35,1205018,4.35,358719,4.29,358719,4.29,145581,3.88,145581,3.88,4.29,1323097,4.29
Punjab,IN-PB,1811400B91946361694107,IND,ADM1,primary_healthcare,TIME,1200,2810528,202593,9.07,107219,4.8,873885,9.03,462739,4.78,2557608,9.23,1352590,4.88,761943,9.11,403224,4.82,311340,8.29,165759,4.41,9.12,1487431,4.83
Punjab,IN-PB,1811400B91946361694107,IND,ADM1,primary_healthcare,TIME,1800,3949497,285436,12.78,82843,3.71,1232287,12.74,358402,3.7,3587909,12.95,1030301,3.72,1070147,12.8,308204,3.69,443683,11.82,132343,3.52,12.81,1138969,3.7
Punjab,IN-PB,1811400B91946361694107,IND,ADM1,primary_healthcare,TIME,2400,5908400,427350,19.13,141914,6.35,1847464,19.1,615177,6.36,5353438,19.32,1765529,6.37,1599834,19.13,529687,6.33,677775,18.05,234092,6.23,19.17,1958903,6.36
Punjab,IN-PB,1811400B91946361694107,IND,ADM1,primary_healthcare,TIME,3000,8581302,617758,27.65,190408,8.52,2680900,27.71,833436,8.61,7747418,27.96,2393980,8.64,2323191,27.78,723357,8.65,1012257,26.96,334482,8.91,27.84,2672902,8.67
Punjab,IN-PB,1811400B91946361694107,IND,ADM1,primary_healthcare,TIME,3600,11978531,859033,38.45,241275,10.8,3735962,38.62,1055062,10.91,10790987,38.94,3043569,10.98,3246454,38.82,923263,11.04,1436533,38.25,424276,11.3,38.86,3397229,11.02
Punjab,IN-PB,1811400B91946361694107,IND,ADM1,primary_healthcare,TIME,4200,15852194,1138954,50.98,279921,12.53,4945679,51.12,1209717,12.5,14263128,51.47,3472141,12.53,4300796,51.42,1054342,12.61,1918573,51.09,482040,12.84,51.43,3873663,12.57
Punjab,IN-PB,1811400B91946361694107,IND,ADM1,primary_healthcare,TIME,4800,20200045,1458333,65.28,319379,14.3,6312745,65.25,1367066,14.13,18180361,65.61,3917233,14.14,5483169,65.56,1182373,14.14,2439566,64.96,520993,13.87,65.53,4347851,14.11
Punjab,IN-PB,1811400B91946361694107,IND,ADM1,primary_healthcare,TIME,5400,23868389,1728915,77.39,270582,12.11,7471569,77.23,1158824,11.98,21488039,77.55,3307678,11.94,6481407,77.5,998238,11.94,2876484,76.6,436918,11.63,77.43,3668344,11.9
Punjab,IN-PB,1811400B91946361694107,IND,ADM1,primary_healthcare,TIME,6000,26393174,1913640,85.66,184725,8.27,8270525,85.49,798956,8.26,23756349,85.73,2268310,8.19,7165979,85.68,684572,8.19,3185440,84.83,308956,8.23,85.62,2524785,8.19
Punjab,IN-PB,1811400B91946361694107,IND,ADM1,primary_healthcare,TIME,6600,28144273,2040447,91.34,126807,5.68,8824376,91.21,553851,5.72,25321370,91.38,1565021,5.65,7640858,91.36,474879,5.68,3407917,90.75,222477,5.92,91.31,1751099,5.68
Punjab,IN-PB,1811400B91946361694107,IND,ADM1,primary_healthcare,TIME,7200,29135597,2111497,94.52,71050,3.18,9136210,94.44,311834,3.22,26203744,94.57,882374,3.18,7908975,94.57,268117,3.21,3537472,94.2,129555,3.45,94.52,991324,3.22
Fatehabad,,76128533B10727492375508,IND,ADM2,primary_healthcare,TIME,6000,12538,991,1.14,991,1.14,4255,1.16,4255,1.16,11298,1.22,11298,1.22,3342,1.24,3342,1.24,1499,1.34,1499,1.34,1.24,12538,1.24
Fatehabad,,76128533B10727492375508,IND,ADM2,primary_healthcare,TIME,6600,51708,4303,4.97,3312,3.83,18265,4.99,14010,3.83,46914,5.07,35616,3.85,13745,5.1,10403,3.86,5868,5.25,4369,3.91,5.09,39170,3.86
Fatehabad,,76128533B10727492375508,IND,ADM2,primary_healthcare,TIME,7200,186908,15834,18.29,11531,13.32,67008,18.32,48743,13.32,170004,18.39,123090,13.31,49571,18.4,35826,13.3,20789,18.61,14921,13.36,18.41,135200,13.32
Gulbarga,,76128533B1083016608278,IND,ADM2,primary_healthcare,TIME,6000,6039,553,0.2,553,0.2,2245,0.2,2245,0.2,5551,0.21,5551,0.21,1630,0.21,1630,0.21,614,0.21,614,0.21,0.21,6039,0.21
Gulbarga,,76128533B1083016608278,IND,ADM2,primary_healthcare,TIME,6600,22444,2087,0.76,1534,0.56,8475,0.77,6230,0.56,20629,0.78,15078,0.57,6011,0.79,4381,0.57,2281,0.78,1667,0.57,0.78,16405,0.57
Gulbarga,,76128533B1083016608278,IND,ADM2,primary_healthcare,TIME,7200,105677,10001,3.65,7914,2.89,40496,3.66,32021,2.89,97174,3.67,76545,2.89,28129,3.68,22118,2.9,10699,3.68,8418,2.89,3.67,83233,2.89
Mahoba,,76128533B11083100419963,IND,ADM2,primary_healthcare,TIME,5400,3306,292,0.33,292,0.33,1304,0.34,1304,0.34,2994,0.35,2994,0.35,778,0.35,778,0.35,380,0.35,380,0.35,0.35,3306,0.35
Mahoba,,76128533B11083100419963,IND,ADM2,primary_healthcare,TIME,6000,94607,8796,9.94,8504,9.61,38235,9.96,36931,9.62,85822,9.98,82828,9.63,22306,9.98,21528,9.64,10750,10.0,10370,9.65,9.98,91301,9.64
Mahoba,,76128533B11083100419963,IND,ADM2,primary_healthcare,TIME,6600,247149,23026,26.01,14230,16.08,99970,26.05,61735,16.09,224233,26.08,138411,16.1,58267,26.08,35961,16.09,28053,26.11,17303,16.1,26.08,152542,16.1
Mahoba,,76128533B11083100419963,IND,ADM2,primary_healthcare,TIME,7200,330102,30743,34.73,7717,8.72,133495,34.79,33525,8.74,299497,34.83,75264,8.75,77816,34.83,19549,8.75,37466,34.86,9413,8.76,34.84,82953,8.75
Tirupathur,,76128533B11403491783632,IND,ADM2,primary_healthcare,TIME,6000,6691,489,0.54,489,0.54,2009,0.54,2009,0.54,6071,0.54,6071,0.54,1937,0.54,1937,0.54,759,0.54,759,0.54,0.54,6691,0.54
Tirupathur,,76128533B11403491783632,IND,ADM2,primary_healthcare,TIME,6600,108101,7909,8.68,7420,8.15,32462,8.68,30453,8.15,98072,8.68,92001,8.15,31297,8.68,29360,8.14,12275,8.69,11516,8.15,8.68,101410,8.15
Tirupathur,,76128533B11403491783632,IND,ADM2,primary_healthcare,TIME,7200,671576,49132,53.93,41223,45.25,201669,53.94,169207,45.26,609262,53.94,511190,45.26,194425,53.94,163128,45.25,76273,53.97,63998,45.29,53.94,563475,45.26
Sirmaur,,76128533B11802210119774,IND,ADM2,primary_healthcare,TIME,7200,48365,4213,8.89,4213,8.89,16981,8.82,16981,8.82,44732,8.84,44732,8.84,12989,8.83,12989,8.83,4638,8.84,4638,8.84,8.84,48365,8.84
Sahibzada Ajit Singh Nagar,,76128533B12197302963241,IND,ADM2,primary_healthcare,TIME,3600,3114,237,0.2,237,0.2,956,0.2,956,0.2,2833,0.2,2833,0.2,856,0.2,856,0.2,345,0.21,345,0.21,0.2,3114,0.2
Sahibzada Ajit Singh Nagar,,76128533B12197302963241,IND,ADM2,primary_healthcare,TIME,4200,372782,28430,24.57,28193,24.36,114526,24.46,113570,24.26,339177,24.44,336344,24.23,102543,24.52,101687,24.31,41353,25.04,41008,24.84,24.5,369668,24.3
Sahibzada Ajit Singh Nagar,,76128533B12197302963241,IND,ADM2,primary_healthcare,TIME,4800,968580,73620,63.62,45190,39.05,297855,63.62,183329,39.16,884094,63.7,544917,39.26,266389,63.7,163846,39.18,104618,63.36,63265,38.32,63.66,595798,39.16
Sahibzada Ajit Singh Nagar,,76128533B12197302963241,IND,ADM2,primary_healthcare,TIME,5400,1489298,113262,97.88,39642,34.26,458236,97.88,160381,34.26,1358687,97.89,474593,34.19,409417,97.89,143028,34.2,161568,97.85,56950,34.49,97.89,520718,34.23
Sahibzada Ajit Singh Nagar,,76128533B12197302963241,IND,ADM2,primary_healthcare,TIME,6000,1521125,115696,99.98,2434,2.1,468064,99.98,9828,2.1,1387660,99.98,28973,2.09,418133,99.98,8716,2.08,165083,99.98,3515,2.13,99.98,31827,2.09
Sahibzada Ajit Singh Nagar,,76128533B12197302963241,IND,ADM2,primary_healthcare,TIME,6600,1521451,115721,100.0,25,0.02,468167,100.0,103,0.02,1387957,100.0,297,0.02,418221,100.0,88,0.02,165118,100.0,35,0.02,100.0,326,0.02
Sahibzada Ajit Singh Nagar,,76128533B12197302963241,IND,ADM2,primary_healthcare,TIME,7200,1521451,115721,100.0,0,0.0,468167,100.0,0,0.0,1387957,100.0,0,0.0,418221,100.0,0,0.0,165118,100.0,0,0.0,100.0,0,0.0
Rohtak,,76128533B12244045944458,IND,ADM2,primary_healthcare,TIME,3000,17714,1423,1.48,1423,1.48,5982,1.48,5982,1.48,16041,1.48,16041,1.48,4584,1.48,4584,1.48,2041,1.48,2041,1.48,1.48,17714,1.48
Rohtak,,76128533B12244045944458,IND,ADM2,primary_healthcare,TIME,3600,138965,11178,11.61,9755,10.14,47014,11.6,41032,10.13,125893,11.6,109852,10.12,35954,11.6,31370,10.12,15960,11.6,13919,10.12,11.6,121251,10.12
Rohtak,,76128533B12244045944458,IND,ADM2,primary_healthcare,TIME,4200,516758,41451,43.07,30273,31.46,174609,43.09,127595,31.49,468041,43.13,342148,31.53,133674,43.14,97720,31.54,59458,43.21,43498,31.61,43.14,377793,31.54
Rohtak,,76128533B12244045944458,IND,ADM2,primary_healthcare,TIME,4800,851156,68427,71.1,26976,28.03,288009,71.08,113400,27.99,771137,71.06,303096,27.93,220177,71.05,86503,27.92,97711,71.01,38253,27.8,71.05,334398,27.92
Rohtak,,76128533B12244045944458,IND,ADM2,primary_healthcare,TIME,5400,1088702,87491,90.91,19064,19.81,368318,90.9,80309,19.82,986307,90.89,215170,19.83,281624,90.88,61447,19.83,125025,90.86,27314,19.85,90.88,237546,19.83
Rohtak,,76128533B12244045944458,IND,ADM2,primary_healthcare,TIME,6000,1168088,93851,97.52,6360,6.61,395138,97.52,26820,6.62,1058201,97.51,71894,6.62,302158,97.51,20534,6.63,134166,97.5,9141,6.64,97.51,79386,6.63
Rohtak,,76128533B12244045944458,IND,ADM2,primary_healthcare,TIME,6600,1197911,96239,100.0,2388,2.48,405205,100.0,10067,2.48,1085208,100.0,27007,2.49,309872,100.0,7714,2.49,137602,100.0,3436,2.5,100.0,29823,2.49
Rohtak,,76128533B12244045944458,IND,ADM2,primary_healthcare,TIME,7200,1197911,96239,100.0,0,0.0,405205,100.0,0,0.0,1085208,100.0,0,0.0,309872,100.0,0,0.0,137602,100.0,0,0.0,100.0,0,0.0
Bulandshahr,,76128533B13272482176343,IND,ADM2,primary_healthcare,TIME,4200,3217,334,0.08,334,0.08,1383,0.08,1383,0.08,2991,0.08,2991,0.08,799,0.08,799,0.08,292,0.08,292,0.08,0.08,3217,0.08
Bulandshahr,,76128533B13272482176343,IND,ADM2,primary_healthcare,TIME,4800,224015,23244,5.47,22910,5.39,95408,5.43,94025,5.35,208676,5.48,205685,5.4,55971,5.5,55172,5.42,19995,5.4,19703,5.33,5.47,220798,5.4
Bulandshahr,,76128533B13272482176343,IND,ADM2,primary_healthcare,TIME,5400,1027809,106745,25.12,83501,19.65,439907,25.04,344499,19.61,956567,25.13,747891,19.65,256026,25.16,200055,19.66,92605,25.03,72610,19.63,25.12,803794,19.64
Bulandshahr,,76128533B13272482176343,IND,ADM2,primary_healthcare,TIME,6000,1960863,203740,47.94,96995,22.82,841130,47.87,401223,22.84,1824141,47.92,867574,22.79,487779,47.93,231753,22.77,177481,47.98,84876,22.94,47.92,933054,22.8
Bulandshahr,,76128533B13272482176343,IND,ADM2,primary_healthcare,TIME,6600,2712443,281769,66.3,78029,18.36,1163782,66.24,322652,18.36,2523277,66.28,699136,18.37,674814,66.31,187035,18.38,245547,66.37,68066,18.4,66.29,751580,18.37
Bulandshahr,,76128533B13272482176343,IND,ADM2,primary_healthcare,TIME,7200,3196999,331991,78.11,50222,11.82,1371334,78.05,207552,11.81,2974269,78.13,450992,11.85,795707,78.19,120893,11.88,289184,78.17,43637,11.8,78.13,484556,11.84
Faridkot,,76128533B13552746017223,IND,ADM2,primary_healthcare,TIME,600,29,2,0.0,2,0.0,9,0.0,9,0.0,26,0.0,26,0.0,7,0.0,7,0.0,3,0.0,3,0.0,0.0,29,0.0
Faridkot,,76128533B13552746017223,IND,ADM2,primary_healthcare,TIME,1200,24017,1781,3.75,1779,3.75,7595,3.75,7586,3.75,21530,3.74,21504,3.74,6425,3.74,6418,3.74,2986,3.72,2983,3.72,3.74,23988,3.74
Faridkot,,76128533B13552746017223,IND,ADM2,primary_healthcare,TIME,1800,98416,7290,15.37,5509,11.61,31088,15.35,23493,11.6,88207,15.33,66677,11.59,26327,15.33,19902,11.59,12254,15.26,9268,11.54,15.32,74399,11.58
Faridkot,,76128533B13552746017223,IND,ADM2,primary_healthcare,TIME,2400,275415,20386,42.98,13096,27.61,86933,42.94,55845,27.58,246814,42.9,158607,27.57,73672,42.9,47345,27.57,34325,42.75,22071,27.49,42.88,176999,27.56
Faridkot,,76128533B13552746017223,IND,ADM2,primary_healthcare,TIME,3000,397416,29398,61.97,9012,19.0,125390,61.93,38457,18.99,356098,61.9,109284,19.0,106294,61.9,32622,19.0,49579,61.75,15254,19.0,61.88,122001,19.0
Faridkot,,76128533B13552746017223,IND,ADM2,primary_healthcare,TIME,3600,514579,38018,80.15,8620,18.17,162282,80.15,36892,18.22,460922,80.12,104824,18.22,137581,80.12,31287,18.22,64353,80.15,14774,18.4,80.12,117163,18.24
Faridkot,,76128533B13552746017223,IND,ADM2,primary_healthcare,TIME,4200,603652,44595,94.01,6577,13.86,190346,94.02,28064,13.86,540712,93.99,79790,13.87,161399,93.99,23818,13.87,75486,94.01,11133,13.87,93.99,89073,13.87
Faridkot,,76128533B13552746017223,IND,ADM2,primary_healthcare,TIME,4800,640476,47306,99.73,2711,5.72,201909,99.73,11563,5.71,573715,99.73,33003,5.74,171245,99.73,9846,5.73,80074,99.73,4588,5.71,99.73,36824,5.73
Faridkot,,76128533B13552746017223,IND,ADM2,primary_healthcare,TIME,5400,640532,47310,99.73,4,0.01,201926,99.74,17,0.01,573765,99.73,50,0.01,171260,99.74,15,0.01,80081,99.74,7,0.01,99.73,56,0.01
Faridkot,,76128533B13552746017223,IND,ADM2,primary_healthcare,TIME,6000,642236,47436,100.0,126,0.27,202462,100.0,536,0.26,575292,100.0,1527,0.27,171715,100.0,455,0.26,80293,100.0,212,0.26,100.0,1704,0.27
Faridkot,,76128533B13552746017223,IND,ADM2,primary_healthcare,TIME,6600,642236,47436,100.0,0,0.0,202462,100.0,0,0.0,575292,100.0,0,0.0,171715,100.0,0,0.0,80293,100.0,0,0.0,100.0,0,0.0
Faridkot,,76128533B13552746017223,IND,ADM2,primary_healthcare,TIME,7200,642236,47436,100.0,0,0.0,202462,100.0,0,0.0,575292,100.0,0,0.0,171715,100.0,0,0.0,80293,100.0,0,0.0,100.0,0,0.0
Kangra,,76128533B13697452453823,IND,ADM2,primary_healthcare,TIME,600,18754,1342,1.14,1342,1.14,5535,1.14,5535,1.14,16547,1.15,16547,1.15,5275,1.15,5275,1.15,2596,1.15,2596,1.15,1.15,18754,1.15
Kangra,,76128533B13697452453823,IND,ADM2,primary_healthcare,TIME,1200,66217,4741,4.04,3399,2.9,19543,4.04,14008,2.89,58424,4.04,41877,2.9,18625,4.05,13350,2.9,9169,4.05,6573,2.9,4.04,47463,2.9
Kangra,,76128533B13697452453823,IND,ADM2,primary_healthcare,TIME,1800,173104,12394,10.56,7653,6.52,51091,10.56,31548,6.52,152732,10.57,94308,6.53,48691,10.58,30066,6.53,23970,10.59,14801,6.54,10.57,106887,6.53
Kangra,,76128533B13697452453823,IND,ADM2,primary_healthcare,TIME,2400,323958,23205,19.78,10811,9.22,95673,19.77,44582,9.21,285898,19.79,133166,9.22,91118,19.79,42427,9.21,44793,19.8,20823,9.2,19.79,150854,9.22
Kangra,,76128533B13697452453823,IND,ADM2,primary_healthcare,TIME,3000,512635,36727,31.31,13522,11.53,151432,31.29,55759,11.52,452452,31.32,166554,11.53,144183,31.32,53065,11.53,70839,31.31,26046,11.51,31.32,188677,11.53
Kangra,,76128533B13697452453823,IND,ADM2,primary_healthcare,TIME,3600,596271,42717,36.41,5990,5.11,176128,36.39,24696,5.1,526249,36.42,73797,5.11,167708,36.42,23525,5.11,82416,36.42,11577,5.12,36.42,83636,5.11
Kangra,,76128533B13697452453823,IND,ADM2,primary_healthcare,TIME,4200,691988,49609,42.29,6892,5.87,204540,42.26,28412,5.87,610724,42.27,84475,5.85,194624,42.27,26916,5.85,95647,42.27,13231,5.85,42.27,95717,5.85
Kangra,,76128533B13697452453823,IND,ADM2,primary_healthcare,TIME,4800,755251,54115,46.13,4506,3.84,223164,46.11,18624,3.85,666326,46.12,55602,3.85,212446,46.14,17822,3.87,104624,46.24,8977,3.97,46.14,63263,3.86
Kangra,,76128533B13697452453823,IND,ADM2,primary_healthcare,TIME,5400,836524,59931,51.09,5816,4.96,247153,51.07,23989,4.96,737988,51.08,71662,4.96,235313,51.11,22867,4.97,115924,51.23,11300,4.99,51.1,81273,4.96
Kangra,,76128533B13697452453823,IND,ADM2,primary_healthcare,TIME,6000,971764,69596,59.33,9665,8.24,287030,59.31,39877,8.24,857142,59.33,119154,8.25,273374,59.37,38061,8.27,134821,59.58,18897,8.35,59.36,135240,8.26
Kangra,,76128533B13697452453823,IND,ADM2,primary_healthcare,TIME,6600,1146883,82123,70.0,12527,10.68,338713,69.99,51683,10.68,1011547,70.01,154405,10.69,322635,70.07,49261,10.7,159175,70.35,24354,10.76,70.06,175119,10.7
Kangra,,76128533B13697452453823,IND,ADM2,primary_healthcare,TIME,7200,1255524,89904,76.64,7781,6.63,370803,76.62,32090,6.63,1107410,76.65,95863,6.64,353184,76.71,30549,6.64,174211,76.99,15036,6.65,76.7,108641,6.64
Bathinda,,76128533B13791982054894,IND,ADM2,primary_healthcare,TIME,3600,3578,255,0.22,255,0.22,1090,0.22,1090,0.22,3211,0.22,3211,0.22,954,0.22,954,0.22,441,0.22,441,0.22,0.22,3578,0.22
Bathinda,,76128533B13791982054894,IND,ADM2,primary_healthcare,TIME,4200,93261,6653,5.61,6398,5.4,28420,5.61,27330,5.4,83711,5.61,80500,5.4,24862,5.61,23908,5.4,11488,5.61,11047,5.4,5.61,89683,5.4
Bathinda,,76128533B13791982054894,IND,ADM2,primary_healthcare,TIME,4800,490497,34986,29.51,28333,23.9,149439,29.5,121019,23.89,440303,29.52,356592,23.91,130766,29.52,105904,23.91,60389,29.5,48901,23.89,29.52,397236,23.91
Bathinda,,76128533B13791982054894,IND,ADM2,primary_healthcare,TIME,5400,820455,58522,49.36,23536,19.85,249953,49.34,100514,19.84,736530,49.39,296227,19.86,218739,49.39,87973,19.86,100979,49.34,40590,19.83,49.38,329958,19.86
Bathinda,,76128533B13791982054894,IND,ADM2,primary_healthcare,TIME,6000,1268461,90479,76.32,31957,26.96,386478,76.29,136525,26.95,1138704,76.35,402174,26.97,338174,76.35,119435,26.97,156123,76.28,55144,26.94,76.35,448006,26.96
Bathinda,,76128533B13791982054894,IND,ADM2,primary_healthcare,TIME,6600,1477060,105363,88.87,14884,12.55,450087,88.85,63609,12.56,1325921,88.91,187217,12.55,393777,88.91,55603,12.55,181840,88.84,25717,12.56,88.9,208599,12.55
Bathinda,,76128533B13791982054894,IND,ADM2,primary_healthcare,TIME,7200,1614836,115205,97.17,9842,8.3,492198,97.16,42111,8.31,1449502,97.19,123581,8.29,430485,97.19,36708,8.29,198900,97.18,17060,8.34,97.19,137776,8.29
Amethi,,76128533B13908294104682,IND,ADM2,primary_healthcare,TIME,6600,123576,11306,4.68,11306,4.68,52119,4.69,52119,4.69,112900,4.69,112900,4.69,31764,4.69,31764,4.69,13245,4.69,13245,4.69,4.69,123576,4.69
Amethi,,76128533B13908294104682,IND,ADM2,primary_healthcare,TIME,7200,633489,58097,24.05,46791,19.37,267334,24.03,215215,19.35,578839,24.03,465939,19.34,162646,24.02,130882,19.33,67818,24.02,54573,19.33,24.03,509913,19.34
South East,,76128533B1420136949169,IND,ADM2,primary_healthcare,TIME,1800,1177084,92594,49.79,92594,49.79,392079,49.95,392079,49.95,1113301,50.16,1113301,50.16,328789,50.19,328789,50.19,88250,50.02,88250,50.02,50.15,1177084,50.15
South East,,76128533B1420136949169,IND,ADM2,primary_healthcare,TIME,2400,2347132,185960,99.99,93366,50.2,784883,99.99,392804,50.04,2219505,99.99,1106204,49.84,654970,99.99,326181,49.8,176414,99.99,88164,49.97,99.99,1170048,49.85
South East,,76128533B1420136949169,IND,ADM2,primary_healthcare,TIME,3000,2347342,185981,100.0,21,0.01,784965,100.0,82,0.01,2219703,100.0,198,0.01,655025,100.0,55,0.01,176430,100.0,16,0.01,100.0,210,0.01
South East,,76128533B1420136949169,IND,ADM2,primary_healthcare,TIME,3600,2347342,185981,100.0,0,0.0,784965,100.0,0,0.0,2219703,100.0,0,0.0,655025,100.0,0,0.0,176430,100.0,0,0.0,100.0,0,0.0
South East,,76128533B1420136949169,IND,ADM2,primary_healthcare,TIME,4200,2347342,185981,100.0,0,0.0,784965,100.0,0,0.0,2219703,100.0,0,0.0,655025,100.0,0,0.0,176430,100.0,0,0.0,100.0,0,0.0
South East,,76128533B1420136949169,IND,ADM2,primary_healthcare,TIME,4800,2347342,185981,100.0,0,0.0,784965,100.0,0,0.0,2219703,100.0,0,0.0,655025,100.0,0,0.0,176430,100.0,0,0.0,100.0,0,0.0
South East,,76128533B1420136949169,IND,ADM2,primary_healthcare,TIME,5400,2347342,185981,100.0,0,0.0,784965,100.0,0,0.0,2219703,100.0,0,0.0,655025,100.0,0,0.0,176430,100.0,0,0.0,100.0,0,0.0
South East,,76128533B1420136949169,IND,ADM2,primary_healthcare,TIME,6000,2347342,185981,100.0,0,0.0,784965,100.0,0,0.0,2219703,100.0,0,0.0,655025,100.0,0,0.0,176430,100.0,0,0.0,100.0,0,0.0
South East,,76128533B1420136949169,IND,ADM2,primary_healthcare,TIME,6600,2347342,185981,100.0,0,0.0,784965,100.0,0,0.0,2219703,100.0,0,0.0,655025,100.0,0,0.0,176430,100.0,0,0.0,100.0,0,0.0
South East,,76128533B1420136949169,IND,ADM2,primary_healthcare,TIME,7200,2347342,185981,100.0,0,0.0,784965,100.0,0,0.0,2219703,100.0,0,0.0,655025,100.0,0,0.0,176430,100.0,0,0.0,100.0,0,0.0
Narayanpet,,76128533B14968875277413,IND,ADM2,primary_healthcare,TIME,6000,3509,294,0.57,294,0.57,1251,0.57,1251,0.57,3210,0.57,3210,0.57,946,0.57,946,0.57,371,0.57,371,0.57,0.57,3509,0.57
Narayanpet,,76128533B14968875277413,IND,ADM2,primary_healthcare,TIME,6600,78018,6556,12.77,6262,12.19,27819,12.77,26568,12.19,71370,12.77,68160,12.19,21047,12.77,20101,12.19,8269,12.77,7898,12.2,12.77,74509,12.19
Narayanpet,,76128533B14968875277413,IND,ADM2,primary_healthcare,TIME,7200,147777,12418,24.18,5862,11.41,52686,24.18,24867,11.41,135190,24.18,63820,11.42,39872,24.19,18825,11.42,15659,24.18,7390,11.41,24.18,69759,11.42
Shahid Bhagat Singh Nagar,,76128533B14984770113274,IND,ADM2,primary_healthcare,TIME,1800,4957,333,0.82,333,0.82,1483,0.82,1483,0.82,4381,0.82,4381,0.82,1360,0.81,1360,0.81,678,0.79,678,0.79,0.81,4957,0.81
Shahid Bhagat Singh Nagar,,76128533B14984770113274,IND,ADM2,primary_healthcare,TIME,2400,72549,4839,11.92,4506,11.1,21623,11.92,20140,11.1,63821,11.93,59440,11.11,19940,11.92,18580,11.11,10236,11.89,9558,11.1,11.92,67592,11.11
Shahid Bhagat Singh Nagar,,76128533B14984770113274,IND,ADM2,primary_healthcare,TIME,3000,248569,16570,40.83,11731,28.9,74063,40.83,52440,28.91,218581,40.85,154760,28.92,68331,40.84,48391,28.92,35154,40.84,24918,28.95,40.85,176020,28.92
Shahid Bhagat Singh Nagar,,76128533B14984770113274,IND,ADM2,primary_healthcare,TIME,3600,406337,27078,66.72,10508,25.89,121059,66.74,46996,25.91,357232,66.76,138651,25.91,111711,66.77,43380,25.93,57551,66.86,22397,26.02,66.77,157768,25.93
Shahid Bhagat Singh Nagar,,76128533B14984770113274,IND,ADM2,primary_healthcare,TIME,4200,575359,38359,94.52,11281,27.8,171474,94.53,50415,27.79,505887,94.54,148655,27.78,158178,94.55,46467,27.77,81431,94.6,23880,27.74,94.55,169022,27.77
Shahid Bhagat Singh Nagar,,76128533B14984770113274,IND,ADM2,primary_healthcare,TIME,4800,598214,39881,98.27,1522,3.75,178279,98.28,6805,3.75,525970,98.29,20083,3.75,164462,98.3,6284,3.76,84678,98.37,3247,3.77,98.3,22855,3.76
Shahid Bhagat Singh Nagar,,76128533B14984770113274,IND,ADM2,primary_healthcare,TIME,5400,608545,40585,100.0,704,1.73,181398,100.0,3119,1.72,535110,100.0,9140,1.71,167299,100.0,2837,1.7,86083,100.0,1405,1.63,100.0,10331,1.7
Shahid Bhagat Singh Nagar,,76128533B14984770113274,IND,ADM2,primary_healthcare,TIME,6000,608545,40585,100.0,0,0.0,181398,100.0,0,0.0,535110,100.0,0,0.0,167299,100.0,0,0.0,86083,100.0,0,0.0,100.0,0,0.0
Shahid Bhagat Singh Nagar,,76128533B14984770113274,IND,ADM2,primary_healthcare,TIME,6600,608545,40585,100.0,0,0.0,181398,100.0,0,0.0,535110,100.0,0,0.0,167299,100.0,0,0.0,86083,100.0,0,0.0,100.0,0,0.0
Shahid Bhagat Singh Nagar,,76128533B14984770113274,IND,ADM2,primary_healthcare,TIME,7200,608545,40585,100.0,0,0.0,181398,100.0,0,0.0,535110,100.0,0,0.0,167299,100.0,0,0.0,86083,100.0,0,0.0,100.0,0,0.0
Majuli,,76128533B15157901669242,IND,ADM2,primary_healthcare,TIME,6600,334,26,0.1,26,0.1,110,0.1,110,0.1,311,0.1,311,0.1,96,0.1,96,0.1,29,0.09,29,0.09,0.1,334,0.1
Majuli,,76128533B15157901669242,IND,ADM2,primary_healthcare,TIME,7200,338,26,0.1,0,0.0,112,0.1,2,0.0,315,0.1,4,0.0,97,0.1,1,0.0,30,0.1,1,0.0,0.1,4,0.0
Erode,,76128533B15337568968545,IND,ADM2,primary_healthcare,TIME,600,408206,22811,17.23,22811,17.23,100471,17.5,100471,17.5,356075,17.33,356075,17.33,113795,17.35,113795,17.35,60616,17.39,60616,17.39,17.34,408206,17.34
Erode,,76128533B15337568968545,IND,ADM2,primary_healthcare,TIME,1200,831321,46606,35.21,23795,17.98,203689,35.49,103218,17.98,725358,35.31,369283,17.97,231684,35.32,117889,17.97,123242,35.35,62626,17.96,35.31,423115,17.97
Erode,,76128533B15337568968545,IND,ADM2,primary_healthcare,TIME,1800,1315885,73857,55.8,27251,20.59,321521,56.02,117832,20.53,1148229,55.89,422871,20.58,366690,55.89,135006,20.58,195008,55.94,71766,20.59,55.9,484564,20.58
Erode,,76128533B15337568968545,IND,ADM2,primary_healthcare,TIME,2400,1831963,103015,77.83,29158,22.03,447555,77.98,126034,21.96,1598948,77.83,450719,21.94,510452,77.81,143762,21.91,271094,77.76,76086,21.83,77.82,516078,21.92
Erode,,76128533B15337568968545,IND,ADM2,primary_healthcare,TIME,3000,2057667,115700,87.41,12685,9.58,502197,87.5,54642,9.52,1795865,87.41,196917,9.58,573364,87.4,62912,9.59,304573,87.37,33479,9.6,87.4,225704,9.59
Erode,,76128533B15337568968545,IND,ADM2,primary_healthcare,TIME,3600,2260126,127034,95.97,11334,8.56,551015,96.0,48818,8.51,1972388,96.0,176523,8.59,629784,96.0,56420,8.6,334717,96.01,30144,8.65,96.0,202459,8.6
Erode,,76128533B15337568968545,IND,ADM2,primary_healthcare,TIME,4200,2295014,128992,97.45,1958,1.48,559445,97.47,8430,1.47,2002809,97.48,30421,1.48,639514,97.48,9730,1.48,339909,97.5,5192,1.49,97.49,34888,1.48
Erode,,76128533B15337568968545,IND,ADM2,primary_healthcare,TIME,4800,2309185,129793,98.06,801,0.61,562894,98.07,3449,0.6,2015175,98.09,12366,0.6,643472,98.08,3958,0.6,342009,98.11,2100,0.6,98.09,14171,0.6
Erode,,76128533B15337568968545,IND,ADM2,primary_healthcare,TIME,5400,2315176,130128,98.31,335,0.25,564337,98.32,1443,0.25,2020399,98.34,5224,0.25,645143,98.34,1671,0.25,342901,98.36,892,0.26,98.34,5991,0.25
Erode,,76128533B15337568968545,IND,ADM2,primary_healthcare,TIME,6000,2318498,130315,98.45,187,0.14,565142,98.46,805,0.14,2023295,98.48,2896,0.14,646070,98.48,927,0.14,343395,98.5,494,0.14,98.48,3322,0.14
Erode,,76128533B15337568968545,IND,ADM2,primary_healthcare,TIME,6600,2327274,130839,98.85,524,0.4,567402,98.86,2260,0.39,2031015,98.86,7720,0.38,648525,98.85,2455,0.37,344634,98.86,1239,0.36,98.86,8776,0.37
Erode,,76128533B15337568968545,IND,ADM2,primary_healthcare,TIME,7200,2330198,131002,98.97,163,0.12,568106,98.98,704,0.12,2033563,98.98,2548,0.12,649339,98.98,814,0.12,345070,98.98,436,0.13,98.98,2924,0.12
Chikmagalur,,76128533B15550697205080,IND,ADM2,primary_healthcare,TIME,4200,2217,134,0.19,134,0.19,607,0.19,607,0.19,1981,0.2,1981,0.2,642,0.2,642,0.2,281,0.2,281,0.2,0.2,2217,0.2
Chikmagalur,,76128533B15550697205080,IND,ADM2,primary_healthcare,TIME,4800,23416,1426,2.06,1292,1.87,6424,2.06,5817,1.87,20936,2.06,18955,1.87,6785,2.06,6143,1.87,2966,2.08,2685,1.88,2.07,21199,1.87
Chikmagalur,,76128533B15550697205080,IND,ADM2,primary_healthcare,TIME,5400,105228,6400,9.24,4974,7.18,28859,9.25,22435,7.19,94105,9.28,73169,7.21,30512,9.28,23727,7.22,13310,9.31,10344,7.24,9.28,81812,7.22
Chikmagalur,,76128533B15550697205080,IND,ADM2,primary_healthcare,TIME,6000,256592,15629,22.57,9229,13.33,70453,22.59,41594,13.34,229516,22.63,135411,13.35,74400,22.64,43888,13.35,32408,22.68,19098,13.37,22.63,151364,13.35
Chikmagalur,,76128533B15550697205080,IND,ADM2,primary_healthcare,TIME,6600,406788,24921,35.99,9292,13.42,112118,35.95,41665,13.36,364049,35.89,134533,13.26,117896,35.87,43496,13.23,51194,35.83,18786,13.15,35.88,150196,13.25
Chikmagalur,,76128533B15550697205080,IND,ADM2,primary_healthcare,TIME,7200,576408,35296,50.98,10375,14.98,158822,50.93,46704,14.98,515836,50.85,151787,14.96,167068,50.83,49172,14.96,72553,50.78,21359,14.95,50.84,169620,14.96
Jalaun,,76128533B15835290978888,IND,ADM2,primary_healthcare,TIME,3600,70414,6176,3.73,6176,3.73,26720,3.73,26720,3.73,63979,3.73,63979,3.73,17309,3.73,17309,3.73,7898,3.74,7898,3.74,3.73,70414,3.73
Jalaun,,76128533B15835290978888,IND,ADM2,primary_healthcare,TIME,4200,131259,11518,6.96,5342,3.23,49847,6.95,23127,3.23,119268,6.96,55289,3.23,32262,6.96,14953,3.23,14719,6.97,6821,3.23,6.96,60845,3.23
Jalaun,,76128533B15835290978888,IND,ADM2,primary_healthcare,TIME,4800,242312,21263,12.84,9745,5.89,92007,12.84,42160,5.88,220177,12.85,100909,5.89,59557,12.85,27295,5.89,27171,12.86,12452,5.9,12.85,111053,5.89
Jalaun,,76128533B15835290978888,IND,ADM2,primary_healthcare,TIME,5400,574264,50382,30.43,29119,17.59,217972,30.41,125965,17.58,521795,30.44,301618,17.6,141161,30.45,81604,17.6,64406,30.49,37235,17.63,30.45,331952,17.6
Jalaun,,76128533B15835290978888,IND,ADM2,primary_healthcare,TIME,6000,797178,69957,42.26,19575,11.82,302709,42.24,84737,11.82,724368,42.26,202573,11.82,195941,42.27,54780,11.82,89380,42.32,24974,11.82,42.27,222914,11.82
Jalaun,,76128533B15835290978888,IND,ADM2,primary_healthcare,TIME,6600,1321158,116056,70.11,46099,27.85,502712,70.14,200003,27.91,1200570,70.05,476202,27.78,324422,69.99,128481,27.72,148049,70.1,58669,27.78,70.05,523980,27.78
Jalaun,,76128533B15835290978888,IND,ADM2,primary_healthcare,TIME,7200,1478994,129895,78.47,13839,8.36,562591,78.5,59879,8.35,1344000,78.41,143430,8.37,363237,78.36,38815,8.37,165736,78.47,17687,8.37,78.42,157836,8.37
Ramanathapuram,,76128533B1629699732681,IND,ADM2,primary_healthcare,TIME,6000,1815,134,0.13,134,0.13,545,0.12,545,0.12,1636,0.12,1636,0.12,516,0.12,516,0.12,217,0.12,217,0.12,0.12,1815,0.12
Ramanathapuram,,76128533B1629699732681,IND,ADM2,primary_healthcare,TIME,6600,49451,3462,3.37,3328,3.24,14688,3.33,14143,3.21,44721,3.31,43085,3.19,14080,3.31,13564,3.19,5758,3.3,5541,3.17,3.31,47636,3.19
Ramanathapuram,,76128533B1629699732681,IND,ADM2,primary_healthcare,TIME,7200,113522,7898,7.69,4436,4.32,33677,7.64,18989,4.31,102703,7.6,57982,4.29,32326,7.6,18246,4.29,13178,7.55,7420,4.25,7.59,64071,4.29
Mumbai,,76128533B16442413169750,IND,ADM2,primary_healthcare,TIME,600,2346274,133960,86.3,133960,86.3,591903,86.3,591903,86.3,2128026,86.3,2128026,86.3,621129,86.3,621129,86.3,267017,86.29,267017,86.29,86.3,2346274,86.3
Mumbai,,76128533B16442413169750,IND,ADM2,primary_healthcare,TIME,1200,2637491,150586,97.01,16626,10.71,665368,97.01,73465,10.71,2392154,97.01,264128,10.71,698222,97.01,77093,10.71,300160,97.0,33143,10.71,97.01,291217,10.71
Mumbai,,76128533B16442413169750,IND,ADM2,primary_healthcare,TIME,1800,2640475,150756,97.12,170,0.11,666120,97.12,752,0.11,2394860,97.12,2706,0.11,699012,97.12,790,0.11,300500,97.11,340,0.11,97.12,2984,0.11
Mumbai,,76128533B16442413169750,IND,ADM2,primary_healthcare,TIME,2400,2649754,151285,97.46,529,0.34,668457,97.46,2337,0.34,2403273,97.46,8413,0.34,701467,97.46,2455,0.34,301559,97.45,1059,0.34,97.46,9279,0.34
Mumbai,,76128533B16442413169750,IND,ADM2,primary_healthcare,TIME,3000,2653036,151472,97.58,187,0.12,669284,97.58,827,0.12,2406249,97.58,2976,0.12,702335,97.58,868,0.12,301933,97.57,374,0.12,97.58,3282,0.12
Mumbai,,76128533B16442413169750,IND,ADM2,primary_healthcare,TIME,3600,2662935,152036,97.95,564,0.36,671778,97.95,2494,0.36,2415225,97.94,8976,0.36,704954,97.94,2619,0.36,303062,97.94,1129,0.36,97.94,9899,0.36
Mumbai,,76128533B16442413169750,IND,ADM2,primary_healthcare,TIME,4200,2663146,152048,97.95,12,0.01,671831,97.95,53,0.01,2415416,97.95,191,0.01,705010,97.95,56,0.01,303086,97.95,24,0.01,97.95,211,0.01
Mumbai,,76128533B16442413169750,IND,ADM2,primary_healthcare,TIME,4800,2666787,152256,98.09,208,0.13,672749,98.09,918,0.13,2418718,98.08,3302,0.13,705973,98.09,963,0.13,303501,98.08,415,0.13,98.08,3641,0.13
Mumbai,,76128533B16442413169750,IND,ADM2,primary_healthcare,TIME,5400,2667637,152304,98.12,48,0.03,672963,98.12,214,0.03,2419488,98.12,770,0.03,706198,98.12,225,0.03,303598,98.11,97,0.03,98.12,850,0.03
Mumbai,,76128533B16442413169750,IND,ADM2,primary_healthcare,TIME,6000,2677270,152853,98.47,549,0.35,675390,98.47,2427,0.35,2428223,98.47,8735,0.35,708746,98.47,2548,0.35,304697,98.47,1099,0.36,98.47,9633,0.35
Mumbai,,76128533B16442413169750,IND,ADM2,primary_healthcare,TIME,6600,2678679,152933,98.52,80,0.05,675745,98.52,355,0.05,2429501,98.52,1278,0.05,709119,98.52,373,0.05,304857,98.52,160,0.05,98.52,1409,0.05
Mumbai,,76128533B16442413169750,IND,ADM2,primary_healthcare,TIME,7200,2678733,152937,98.53,4,0.0,675758,98.53,13,0.0,2429550,98.52,49,0.0,709133,98.52,14,0.0,304863,98.52,6,0.0,98.52,54,0.0
Tiruchirappalli,,76128533B1645877589145,IND,ADM2,primary_healthcare,TIME,4200,9767,600,0.31,600,0.31,2650,0.33,2650,0.33,8633,0.33,8633,0.33,2750,0.33,2750,0.33,1336,0.35,1336,0.35,0.33,9767,0.33
Tiruchirappalli,,76128533B1645877589145,IND,ADM2,primary_healthcare,TIME,4800,100721,6468,3.36,5868,3.05,27664,3.41,25014,3.08,89493,3.43,80860,3.1,28501,3.43,25751,3.1,13321,3.5,11985,3.15,3.44,90954,3.1
Tiruchirappalli,,76128533B1645877589145,IND,ADM2,primary_healthcare,TIME,5400,212375,13790,7.16,7322,3.8,58510,7.22,30846,3.8,188951,7.24,99458,3.81,60170,7.24,31669,3.81,27837,7.32,14516,3.81,7.25,111654,3.81
Tiruchirappalli,,76128533B1645877589145,IND,ADM2,primary_healthcare,TIME,6000,333878,21774,11.31,7984,4.15,92143,11.36,33633,4.15,297201,11.38,108250,4.15,94654,11.39,34484,4.15,43616,11.46,15779,4.15,11.39,121503,4.15
Tiruchirappalli,,76128533B1645877589145,IND,ADM2,primary_healthcare,TIME,6600,904575,59245,30.78,37471,19.47,250058,30.84,157915,19.47,805700,30.86,508499,19.48,256659,30.87,162005,19.49,117677,30.93,74061,19.46,30.87,570697,19.48
Tiruchirappalli,,76128533B1645877589145,IND,ADM2,primary_healthcare,TIME,7200,1988714,130460,67.77,71215,37.0,549977,67.82,299919,36.99,1771604,67.86,965904,37.0,564236,67.87,307577,37.0,258447,67.92,140770,37.0,67.87,1084139,37.0
Chamarajanagar,,76128533B16628456658675,IND,ADM2,primary_healthcare,TIME,1800,1474,97,0.14,97,0.14,417,0.14,417,0.14,1316,0.14,1316,0.14,424,0.14,424,0.14,188,0.13,188,0.13,0.14,1474,0.14
Chamarajanagar,,76128533B16628456658675,IND,ADM2,primary_healthcare,TIME,2400,57261,3741,5.29,3644,5.16,16070,5.29,15653,5.16,50856,5.28,49540,5.15,16423,5.28,15999,5.15,7595,5.18,7407,5.06,5.27,55787,5.13
Chamarajanagar,,76128533B16628456658675,IND,ADM2,primary_healthcare,TIME,3000,306240,19958,28.24,16217,22.95,85757,28.24,69687,22.95,271623,28.22,220767,22.93,87746,28.23,71323,22.94,40983,27.97,33388,22.79,28.18,248979,22.91
Chamarajanagar,,76128533B16628456658675,IND,ADM2,primary_healthcare,TIME,3600,597823,38900,55.05,18942,26.81,167182,55.06,81425,26.82,529809,55.04,258186,26.82,171185,55.07,83439,26.84,80440,54.9,39457,26.93,55.02,291583,26.84
Chamarajanagar,,76128533B16628456658675,IND,ADM2,primary_healthcare,TIME,4200,747869,48643,68.84,9743,13.79,209064,68.85,41882,13.79,662648,68.84,132839,13.8,214114,68.88,42929,13.81,100767,68.77,20327,13.87,68.83,150046,13.81
Chamarajanagar,,76128533B16628456658675,IND,ADM2,primary_healthcare,TIME,4800,835752,54330,76.89,5687,8.05,233530,76.91,24466,8.06,740416,76.92,77768,8.08,239234,76.96,25120,8.08,112708,76.92,11941,8.15,76.92,87883,8.09
Chamarajanagar,,76128533B16628456658675,IND,ADM2,primary_healthcare,TIME,5400,918656,59715,84.51,5385,7.62,256677,84.53,23147,7.62,813814,84.54,73398,7.62,262956,84.59,23722,7.63,123936,84.59,11228,7.66,84.55,82904,7.63
Chamarajanagar,,76128533B16628456658675,IND,ADM2,primary_healthcare,TIME,6000,962628,62571,88.55,2856,4.04,268955,88.58,12278,4.04,852744,88.59,38930,4.04,275537,88.63,12581,4.05,129893,88.65,5957,4.07,88.6,43972,4.05
Chamarajanagar,,76128533B16628456658675,IND,ADM2,primary_healthcare,TIME,6600,988308,64291,90.99,1720,2.43,276303,91.0,7348,2.42,875611,90.96,22867,2.38,282828,90.98,7291,2.35,133239,90.93,3346,2.28,90.96,25680,2.36
Chamarajanagar,,76128533B16628456658675,IND,ADM2,primary_healthcare,TIME,7200,1012599,65869,93.22,1578,2.23,283075,93.23,6772,2.23,897135,93.2,21524,2.24,289757,93.21,6929,2.23,136512,93.17,3273,2.23,93.19,24291,2.24
Ariyalur,,76128533B16889790752134,IND,ADM2,primary_healthcare,TIME,4800,7488,527,0.96,527,0.96,2204,0.96,2204,0.96,6620,0.96,6620,0.96,2097,0.96,2097,0.96,1023,0.98,1023,0.98,0.96,7488,0.96
Ariyalur,,76128533B16889790752134,IND,ADM2,primary_healthcare,TIME,5400,125322,8825,16.05,8298,15.09,36916,16.05,34712,15.09,111170,16.06,104550,15.1,35255,16.06,33158,15.1,16757,15.98,15734,15.0,16.05,117834,15.09
Ariyalur,,76128533B16889790752134,IND,ADM2,primary_healthcare,TIME,6000,356463,25096,45.63,16271,29.59,104972,45.63,68056,29.58,315803,45.61,204633,29.55,100115,45.6,64860,29.55,48068,45.83,31311,29.86,45.64,231141,29.59
Ariyalur,,76128533B16889790752134,IND,ADM2,primary_healthcare,TIME,6600,546070,38432,69.88,13336,24.25,160755,69.88,55783,24.25,483848,69.88,168045,24.27,153389,69.87,53274,24.27,73572,70.15,25504,24.32,69.91,189607,24.28
Ariyalur,,76128533B16889790752134,IND,ADM2,primary_healthcare,TIME,7200,640880,45108,82.02,6676,12.14,188675,82.02,27920,12.14,567764,82.0,83916,12.12,179982,81.99,26593,12.11,86436,82.42,12864,12.27,82.05,94810,12.14
Namsai,,76128533B1875965515331,IND,ADM2,primary_healthcare,TIME,4200,10360,1113,11.67,1113,11.67,4373,11.69,4373,11.69,9962,11.71,9962,11.71,2792,11.76,2792,11.76,613,11.72,613,11.72,11.71,10360,11.71
Namsai,,76128533B1875965515331,IND,ADM2,primary_healthcare,TIME,4800,23724,2558,26.82,1445,15.15,10045,26.86,5672,15.17,22822,26.83,12860,15.12,6386,26.9,3594,15.14,1394,26.65,781,14.93,26.82,13364,15.11
Namsai,,76128533B1875965515331,IND,ADM2,primary_healthcare,TIME,5400,25074,2706,28.37,148,1.55,10617,28.39,572,1.53,24120,28.36,1298,1.53,6739,28.39,353,1.49,1475,28.2,81,1.55,28.35,1350,1.53
Namsai,,76128533B1875965515331,IND,ADM2,primary_healthcare,TIME,6000,27611,2984,31.29,278,2.91,11695,31.27,1078,2.88,26558,31.23,2438,2.87,7399,31.17,660,2.78,1627,31.1,152,2.91,31.22,2537,2.87
Namsai,,76128533B1875965515331,IND,ADM2,primary_healthcare,TIME,6600,27684,2991,31.36,7,0.07,11725,31.35,30,0.08,26627,31.31,69,0.08,7418,31.25,19,0.08,1631,31.18,4,0.08,31.3,73,0.08
Namsai,,76128533B1875965515331,IND,ADM2,primary_healthcare,TIME,7200,33667,3633,38.09,642,6.73,14248,38.1,2523,6.75,32380,38.07,5753,6.76,9031,38.05,1613,6.8,1987,37.99,356,6.81,38.07,5983,6.77
Moga,,76128533B18834172694083,IND,ADM2,primary_healthcare,TIME,1800,6325,444,0.64,444,0.64,1969,0.64,1969,0.64,5582,0.64,5582,0.64,1663,0.64,1663,0.64,873,0.64,873,0.64,0.64,6325,0.64
Moga,,76128533B18834172694083,IND,ADM2,primary_healthcare,TIME,2400,89441,6281,8.99,5837,8.36,27834,8.99,25865,8.36,78982,8.99,73400,8.36,23530,8.99,21867,8.35,12317,9.0,11444,8.36,8.99,83116,8.36
Moga,,76128533B18834172694083,IND,ADM2,primary_healthcare,TIME,3000,467298,32838,47.01,26557,38.02,145485,47.0,117651,38.01,412736,46.98,333754,37.99,122960,46.98,99430,37.99,64274,46.95,51957,37.95,46.98,377857,37.99
Moga,,76128533B18834172694083,IND,ADM2,primary_healthcare,TIME,3600,823201,57829,82.78,24991,35.77,256245,82.78,110760,35.78,726963,82.75,314227,35.77,216578,82.74,93618,35.77,113348,82.8,49074,35.85,82.76,355903,35.78
Moga,,76128533B18834172694083,IND,ADM2,primary_healthcare,TIME,4200,977285,68635,98.25,10806,15.47,304115,98.25,47870,15.47,863104,98.25,136141,15.5,257177,98.25,40599,15.51,134495,98.25,21147,15.45,98.25,154084,15.49
Moga,,76128533B18834172694083,IND,ADM2,primary_healthcare,TIME,4800,994693,69858,100.0,1223,1.75,309532,100.0,5417,1.75,878475,100.0,15371,1.75,261756,100.0,4579,1.75,136894,100.0,2399,1.75,100.0,17408,1.75
Moga,,76128533B18834172694083,IND,ADM2,primary_healthcare,TIME,5400,994693,69858,100.0,0,0.0,309532,100.0,0,0.0,878475,100.0,0,0.0,261756,100.0,0,0.0,136894,100.0,0,0.0,100.0,0,0.0
Moga,,76128533B18834172694083,IND,ADM2,primary_healthcare,TIME,6000,994693,69858,100.0,0,0.0,309532,100.0,0,0.0,878475,100.0,0,0.0,261756,100.0,0,0.0,136894,100.0,0,0.0,100.0,0,0.0
Moga,,76128533B18834172694083,IND,ADM2,primary_healthcare,TIME,6600,994693,69858,100.0,0,0.0,309532,100.0,0,0.0,878475,100.0,0,0.0,261756,100.0,0,0.0,136894,100.0,0,0.0,100.0,0,0.0
Moga,,76128533B18834172694083,IND,ADM2,primary_healthcare,TIME,7200,994693,69858,100.0,0,0.0,309532,100.0,0,0.0,878475,100.0,0,0.0,261756,100.0,0,0.0,136894,100.0,0,0.0,100.0,0,0.0
Karur,,76128533B19335918192159,IND,ADM2,primary_healthcare,TIME,2400,6250,362,0.45,362,0.45,1540,0.46,1540,0.46,5456,0.49,5456,0.49,1743,0.49,1743,0.49,923,0.51,923,0.51,0.49,6250,0.49
Karur,,76128533B19335918192159,IND,ADM2,primary_healthcare,TIME,3000,91885,5708,7.05,5346,6.61,23839,7.1,22299,6.64,80485,7.18,75029,6.69,25668,7.18,23925,6.69,13309,7.3,12386,6.79,7.19,85635,6.7
Karur,,76128533B19335918192159,IND,ADM2,primary_healthcare,TIME,3600,311729,19573,24.18,13865,17.13,81271,24.22,57432,17.11,273172,24.35,192687,17.18,87104,24.36,61436,17.18,45036,24.69,31727,17.4,24.4,219844,17.21
Karur,,76128533B19335918192159,IND,ADM2,primary_healthcare,TIME,4200,563608,35451,43.8,15878,19.62,147074,43.82,65803,19.61,493941,44.03,220769,19.68,157496,44.04,70392,19.68,81382,44.62,36346,19.93,44.12,251879,19.72
Karur,,76128533B19335918192159,IND,ADM2,primary_healthcare,TIME,4800,838250,52867,65.32,17416,21.52,219243,65.32,72169,21.5,735077,65.53,241136,21.5,234370,65.54,76874,21.5,120597,66.13,39215,21.5,65.61,274642,21.5
Karur,,76128533B19335918192159,IND,ADM2,primary_healthcare,TIME,5400,1014514,64195,79.32,11328,14.0,266339,79.36,47096,14.03,890605,79.4,155528,13.87,283938,79.4,49568,13.86,144996,79.5,24399,13.38,79.41,176264,13.8
Karur,,76128533B19335918192159,IND,ADM2,primary_healthcare,TIME,6000,1190628,75397,93.16,11202,13.84,312681,93.16,46342,13.81,1045306,93.19,154701,13.79,333253,93.19,49315,13.79,170070,93.25,25074,13.75,93.2,176114,13.79
Karur,,76128533B19335918192159,IND,ADM2,primary_healthcare,TIME,6600,1240088,78553,97.06,3156,3.9,325763,97.06,13082,3.9,1088816,97.07,43510,3.88,347121,97.07,13868,3.88,177048,97.08,6978,3.83,97.07,49460,3.87
Karur,,76128533B19335918192159,IND,ADM2,primary_healthcare,TIME,7200,1266015,80199,99.09,1646,2.03,332570,99.09,6807,2.03,1111576,99.1,22760,2.03,354377,99.1,7256,2.03,180754,99.11,3706,2.03,99.1,25927,2.03
Kallakurichi,,76128533B19545859035458,IND,ADM2,primary_healthcare,TIME,6000,21045,1647,1.4,1647,1.4,6560,1.4,6560,1.4,19085,1.4,19085,1.4,5927,1.4,5927,1.4,2396,1.4,2396,1.4,1.4,21045,1.4
Kallakurichi,,76128533B19545859035458,IND,ADM2,primary_healthcare,TIME,6600,162135,12689,10.81,11042,9.41,50543,10.81,43983,9.41,147040,10.8,127955,9.4,45666,10.8,39739,9.4,18465,10.79,16069,9.39,10.8,141090,9.4
Kallakurichi,,76128533B19545859035458,IND,ADM2,primary_healthcare,TIME,7200,389272,30455,25.95,17766,15.14,121329,25.95,70786,15.14,353035,25.94,205995,15.13,109651,25.93,63985,15.13,44328,25.91,25863,15.12,25.93,227137,15.13
Palakkad,,76128533B19581555782120,IND,ADM2,primary_healthcare,TIME,600,10110,739,0.36,739,0.36,2898,0.36,2898,0.36,8946,0.35,8946,0.35,2871,0.35,2871,0.35,1374,0.34,1374,0.34,0.35,10110,0.35
Palakkad,,76128533B19581555782120,IND,ADM2,primary_healthcare,TIME,1200,121178,8890,4.37,8151,4.01,34829,4.34,31931,3.98,107271,4.23,98325,3.88,34431,4.23,31560,3.88,16425,4.1,15051,3.75,4.21,111068,3.86
Palakkad,,76128533B19581555782120,IND,ADM2,primary_healthcare,TIME,1800,438086,31308,15.4,22418,11.03,123266,15.36,88437,11.02,386923,15.27,279652,11.04,124250,15.28,89819,11.05,60269,15.03,43844,10.93,15.24,316908,11.02
Palakkad,,76128533B19581555782120,IND,ADM2,primary_healthcare,TIME,2400,793018,56317,27.7,25009,12.3,222080,27.67,98814,12.31,699579,27.61,312656,12.34,224614,27.62,100364,12.34,109922,27.41,49653,12.38,27.58,354932,12.35
Palakkad,,76128533B19581555782120,IND,ADM2,primary_healthcare,TIME,3000,1338693,94974,46.71,38657,19.01,374654,46.67,152574,19.01,1180533,46.59,480954,18.98,378963,46.6,154349,18.98,185986,46.38,76064,18.97,46.56,545675,18.98
Palakkad,,76128533B19581555782120,IND,ADM2,primary_healthcare,TIME,3600,1995903,141350,69.52,46376,22.81,557879,69.5,183225,22.83,1759369,69.44,578836,22.85,564707,69.44,185744,22.84,278021,69.33,92035,22.95,69.42,657210,22.86
Palakkad,,76128533B19581555782120,IND,ADM2,primary_healthcare,TIME,4200,2733207,193304,95.07,51954,25.55,763161,95.07,205282,25.57,2408859,95.07,649490,25.63,773154,95.07,208447,25.63,381160,95.05,103139,25.72,95.07,737304,25.65
Palakkad,,76128533B19581555782120,IND,ADM2,primary_healthcare,TIME,4800,2865700,202667,99.68,9363,4.61,800146,99.68,36985,4.61,2525557,99.68,116698,4.61,810596,99.68,37442,4.6,399710,99.68,18550,4.63,99.68,132493,4.61
Palakkad,,76128533B19581555782120,IND,ADM2,primary_healthcare,TIME,5400,2867266,202776,99.73,109,0.05,800575,99.73,429,0.05,2526937,99.73,1380,0.05,811040,99.73,444,0.05,399928,99.73,218,0.05,99.73,1566,0.05
Palakkad,,76128533B19581555782120,IND,ADM2,primary_healthcare,TIME,6000,2868362,202853,99.77,77,0.04,800882,99.77,307,0.04,2527903,99.77,966,0.04,811350,99.77,310,0.04,400081,99.77,153,0.04,99.77,1096,0.04
Palakkad,,76128533B19581555782120,IND,ADM2,primary_healthcare,TIME,6600,2872335,203134,99.91,281,0.14,801990,99.91,1108,0.14,2531402,99.91,3499,0.14,812473,99.91,1123,0.14,400637,99.91,556,0.14,99.91,3973,0.14
Palakkad,,76128533B19581555782120,IND,ADM2,primary_healthcare,TIME,7200,2872444,203142,99.91,8,0.0,802021,99.91,31,0.0,2531498,99.91,96,0.0,812504,99.91,31,0.0,400653,99.91,16,0.0,99.91,109,0.0
Pathankot,,76128533B19630094725383,IND,ADM2,primary_healthcare,TIME,6600,288,20,0.04,20,0.04,85,0.04,85,0.04,254,0.04,254,0.04,81,0.04,81,0.04,40,0.04,40,0.04,0.04,288,0.04
Pathankot,,76128533B19630094725383,IND,ADM2,primary_healthcare,TIME,7200,34558,2484,4.72,2464,4.69,10828,4.7,10743,4.66,30792,4.74,30538,4.7,9324,4.78,9243,4.74,4484,4.81,4444,4.77,4.75,34270,4.71
West Godavari,,76128533B19792346411952,IND,ADM2,primary_healthcare,TIME,4200,3204,206,0.08,206,0.08,974,0.08,974,0.08,2886,0.08,2886,0.08,932,0.08,932,0.08,383,0.07,383,0.07,0.08,3204,0.08
West Godavari,,76128533B19792346411952,IND,ADM2,primary_healthcare,TIME,4800,18933,1197,0.47,991,0.39,5538,0.47,4564,0.39,16925,0.47,14039,0.39,5456,0.47,4524,0.39,2401,0.46,2018,0.39,0.47,15729,0.39
West Godavari,,76128533B19792346411952,IND,ADM2,primary_healthcare,TIME,5400,86584,5448,2.14,4251,1.67,25090,2.15,19552,1.67,77256,2.14,60331,1.67,24896,2.14,19440,1.67,11127,2.13,8726,1.67,2.14,67651,1.67
West Godavari,,76128533B19792346411952,IND,ADM2,primary_healthcare,TIME,6000,226600,14240,5.6,8792,3.46,65492,5.61,40402,3.46,202128,5.6,124872,3.46,65143,5.6,40247,3.46,29181,5.59,18054,3.46,5.6,140016,3.46
West Godavari,,76128533B19792346411952,IND,ADM2,primary_healthcare,TIME,6600,526682,33077,13.0,18837,7.4,152051,13.02,86559,7.41,469645,13.02,267517,7.41,151335,13.02,86192,7.42,67984,13.03,38803,7.44,13.02,300082,7.42
West Godavari,,76128533B19792346411952,IND,ADM2,primary_healthcare,TIME,7200,970595,60941,23.95,27864,10.95,280093,23.98,128042,10.96,865375,23.98,395730,10.97,278834,23.99,127499,10.97,125395,24.04,57411,11.01,23.99,443913,10.97
Central,,76128533B19832024635761,IND,ADM2,primary_healthcare,TIME,1800,595694,41812,34.49,41812,34.49,179068,34.52,179068,34.52,556198,36.07,556198,36.07,167501,36.28,167501,36.28,51878,37.92,51878,37.92,36.22,595694,36.22
Central,,76128533B19832024635761,IND,ADM2,primary_healthcare,TIME,2400,1442951,106006,87.44,64194,52.95,453347,87.39,274279,52.87,1352206,87.69,796008,51.62,405094,87.74,237593,51.46,120738,88.26,68860,50.34,87.73,847257,51.51
Central,,76128533B19832024635761,IND,ADM2,primary_healthcare,TIME,3000,1644217,121197,99.97,15191,12.53,518609,99.97,65262,12.58,1541626,99.97,189420,12.28,461554,99.97,56460,12.23,136767,99.97,16029,11.72,99.97,201266,12.24
Central,,76128533B19832024635761,IND,ADM2,primary_healthcare,TIME,3600,1644697,121238,100.0,41,0.03,518780,100.0,171,0.03,1542081,100.0,455,0.03,461688,100.0,134,0.03,136803,100.0,36,0.03,100.0,480,0.03
Central,,76128533B19832024635761,IND,ADM2,primary_healthcare,TIME,4200,1644697,121238,100.0,0,0.0,518780,100.0,0,0.0,1542081,100.0,0,0.0,461688,100.0,0,0.0,136803,100.0,0,0.0,100.0,0,0.0
Central,,76128533B19832024635761,IND,ADM2,primary_healthcare,TIME,4800,1644697,121238,100.0,0,0.0,518780,100.0,0,0.0,1542081,100.0,0,0.0,461688,100.0,0,0.0,136803,100.0,0,0.0,100.0,0,0.0
Central,,76128533B19832024635761,IND,ADM2,primary_healthcare,TIME,5400,1644697,121238,100.0,0,0.0,518780,100.0,0,0.0,1542081,100.0,0,0.0,461688,100.0,0,0.0,136803,100.0,0,0.0,100.0,0,0.0
Central,,76128533B19832024635761,IND,ADM2,primary_healthcare,TIME,6000,1644697,121238,100.0,0,0.0,518780,100.0,0,0.0,1542081,100.0,0,0.0,461688,100.0,0,0.0,136803,100.0,0,0.0,100.0,0,0.0
Central,,76128533B19832024635761,IND,ADM2,primary_healthcare,TIME,6600,1644697,121238,100.0,0,0.0,518780,100.0,0,0.0,1542081,100.0,0,0.0,461688,100.0,0,0.0,136803,100.0,0,0.0,100.0,0,0.0
Central,,76128533B19832024635761,IND,ADM2,primary_healthcare,TIME,7200,1644697,121238,100.0,0,0.0,518780,100.0,0,0.0,1542081,100.0,0,0.0,461688,100.0,0,0.0,136803,100.0,0,0.0,100.0,0,0.0
Pratapgarh,,76128533B20647769792365,IND,ADM2,primary_healthcare,TIME,7200,0,0,0.0,0,0.0,0,0.0,0,0.0,0,0.0,0,0.0,0,0.0,0,0.0,0,0.0,0,0.0,0.0,0,0.0
Auraiya,,76128533B20660206691661,IND,ADM2,primary_healthcare,TIME,4200,147173,13781,9.61,13781,9.61,60745,9.61,60745,9.61,135347,9.61,135347,9.61,35620,9.61,35620,9.61,14884,9.59,14884,9.59,9.61,147173,9.61
Auraiya,,76128533B20660206691661,IND,ADM2,primary_healthcare,TIME,4800,234191,21904,15.28,8123,5.67,96594,15.29,35849,5.67,215303,15.29,79956,5.68,56683,15.29,21063,5.68,23755,15.31,8871,5.72,15.29,87018,5.68
Auraiya,,76128533B20660206691661,IND,ADM2,primary_healthcare,TIME,5400,562980,52573,36.68,30669,21.4,231958,36.71,135364,21.42,517348,36.74,302045,21.45,136274,36.76,79591,21.47,57334,36.94,33579,21.64,36.76,328789,21.47
Auraiya,,76128533B20660206691661,IND,ADM2,primary_healthcare,TIME,6000,872709,81568,56.9,28995,20.23,359778,56.93,127820,20.23,802169,56.97,284821,20.23,211239,56.99,74965,20.22,88680,57.14,31346,20.2,56.98,309729,20.22
Auraiya,,76128533B20660206691661,IND,ADM2,primary_healthcare,TIME,6600,1530607,143257,99.94,61689,43.04,631561,99.94,271783,43.01,1407313,99.94,605144,42.97,370455,99.94,159216,42.95,155109,99.94,66429,42.8,99.94,657898,42.96
Auraiya,,76128533B20660206691661,IND,ADM2,primary_healthcare,TIME,7200,1531495,143340,100.0,83,0.06,631927,100.0,366,0.06,1408129,100.0,816,0.06,370670,100.0,215,0.06,155199,100.0,90,0.06,100.0,888,0.06
Sikar,,76128533B20732636837048,IND,ADM2,primary_healthcare,TIME,6600,715,66,0.02,66,0.02,276,0.02,276,0.02,671,0.02,671,0.02,192,0.02,192,0.02,59,0.02,59,0.02,0.02,715,0.02
Sikar,,76128533B20732636837048,IND,ADM2,primary_healthcare,TIME,7200,25195,2353,0.85,2287,0.83,10046,0.85,9770,0.82,23366,0.86,22695,0.83,6710,0.86,6518,0.83,2352,0.84,2293,0.82,0.86,24480,0.83
Kamareddy,,76128533B21068662878849,IND,ADM2,primary_healthcare,TIME,4800,29841,2181,2.87,2181,2.87,9760,2.87,9760,2.87,26917,2.87,26917,2.87,8479,2.87,8479,2.87,3543,2.87,3543,2.87,2.87,29841,2.87
Kamareddy,,76128533B21068662878849,IND,ADM2,primary_healthcare,TIME,5400,128234,9381,12.34,7200,9.47,41952,12.34,32192,9.47,115673,12.34,88756,9.47,36430,12.34,27951,9.47,15227,12.34,11684,9.47,12.34,98393,9.47
Kamareddy,,76128533B21068662878849,IND,ADM2,primary_healthcare,TIME,6000,346656,25368,33.38,15987,21.03,113423,33.37,71471,21.03,312699,33.37,197026,21.02,98471,33.37,62041,21.02,41162,33.36,25935,21.02,33.37,218422,21.02
Kamareddy,,76128533B21068662878849,IND,ADM2,primary_healthcare,TIME,6600,529140,38716,50.94,13348,17.56,173117,50.93,59694,17.56,477306,50.93,164607,17.57,150317,50.93,51846,17.57,62833,50.93,21671,17.56,50.93,182484,17.57
Kamareddy,,76128533B21068662878849,IND,ADM2,primary_healthcare,TIME,7200,647159,47328,62.27,8612,11.33,211681,62.28,38564,11.35,583743,62.29,106437,11.36,183854,62.3,33537,11.36,76868,62.3,14035,11.38,62.29,118019,11.36
Jyotiba Phule Nagar,,76128533B21119051307760,IND,ADM2,primary_healthcare,TIME,6600,84899,9202,3.53,9202,3.53,38961,3.54,38961,3.54,79940,3.54,79940,3.54,21275,3.55,21275,3.55,6723,3.55,6723,3.55,3.54,84899,3.54
Jyotiba Phule Nagar,,76128533B21119051307760,IND,ADM2,primary_healthcare,TIME,7200,376565,40815,15.66,31613,12.13,172813,15.68,133852,12.15,354571,15.7,274631,12.16,94364,15.74,73089,12.19,29821,15.74,23098,12.19,15.71,291666,12.16
Rajanna Sircilla,,76128533B21485897206517,IND,ADM2,primary_healthcare,TIME,6000,0,0,0.0,0,0.0,0,0.0,0,0.0,0,0.0,0,0.0,0,0.0,0,0.0,0,0.0,0,0.0,0.0,0,0.0
Rajanna Sircilla,,76128533B21485897206517,IND,ADM2,primary_healthcare,TIME,6600,6162,362,1.08,362,1.08,1829,1.07,1829,1.07,5455,1.06,5455,1.06,1754,1.06,1754,1.06,835,1.06,835,1.06,1.06,6162,1.06
Rajanna Sircilla,,76128533B21485897206517,IND,ADM2,primary_healthcare,TIME,7200,94984,5501,16.42,5139,15.34,28028,16.41,26199,15.34,84012,16.4,78557,15.34,27079,16.4,25325,15.33,12947,16.39,12112,15.33,16.4,88822,15.34
Sivasagar,,76128533B21722277889516,IND,ADM2,primary_healthcare,TIME,4200,16101,1278,2.07,1278,2.07,5354,2.06,5354,2.06,15016,2.07,15016,2.07,4629,2.07,4629,2.07,1419,2.06,1419,2.06,2.07,16101,2.07
Sivasagar,,76128533B21722277889516,IND,ADM2,primary_healthcare,TIME,4800,79638,6324,10.23,5046,8.16,26483,10.2,21129,8.14,74269,10.23,59253,8.16,22895,10.24,18266,8.17,7024,10.2,5605,8.14,10.23,63537,8.16
Sivasagar,,76128533B21722277889516,IND,ADM2,primary_healthcare,TIME,5400,297858,23668,38.3,17344,28.06,99107,38.17,72624,27.97,277780,38.25,203511,28.03,85609,38.28,62714,28.04,26269,38.15,19245,27.95,38.24,218220,28.02
Sivasagar,,76128533B21722277889516,IND,ADM2,primary_healthcare,TIME,6000,417177,33158,53.65,9490,15.35,138815,53.46,39708,15.29,389055,53.58,111275,15.32,119899,53.62,34290,15.33,36793,53.43,10524,15.28,53.56,119319,15.32
Sivasagar,,76128533B21722277889516,IND,ADM2,primary_healthcare,TIME,6600,490565,38985,63.08,5827,9.43,163216,62.86,24401,9.4,457490,63.0,68435,9.42,140996,63.05,21097,9.43,43272,62.84,6479,9.41,62.99,73388,9.42
Sivasagar,,76128533B21722277889516,IND,ADM2,primary_healthcare,TIME,7200,551726,43769,70.82,4784,7.74,183573,70.7,20357,7.84,514452,70.84,56962,7.84,158538,70.89,17542,7.84,48742,70.79,5470,7.94,70.84,61161,7.85
The Nilgiris,,76128533B21812274124310,IND,ADM2,primary_healthcare,TIME,3000,82,4,0.01,4,0.01,20,0.01,20,0.01,73,0.01,73,0.01,23,0.01,23,0.01,10,0.01,10,0.01,0.01,82,0.01
The Nilgiris,,76128533B21812274124310,IND,ADM2,primary_healthcare,TIME,3600,2135,126,0.3,122,0.29,555,0.29,535,0.28,1927,0.3,1854,0.28,624,0.3,601,0.28,252,0.31,242,0.29,0.3,2053,0.29
The Nilgiris,,76128533B21812274124310,IND,ADM2,primary_healthcare,TIME,4200,28765,1684,4.01,1558,3.71,7642,4.0,7087,3.71,26091,4.0,24164,3.71,8450,4.0,7826,3.71,3272,3.97,3020,3.67,4.0,26630,3.7
The Nilgiris,,76128533B21812274124310,IND,ADM2,primary_healthcare,TIME,4800,92691,5425,12.9,3741,8.9,24654,12.92,17012,8.91,84096,12.9,58005,8.9,27236,12.91,18786,8.9,10521,12.78,7249,8.8,12.89,63926,8.89
The Nilgiris,,76128533B21812274124310,IND,ADM2,primary_healthcare,TIME,5400,216157,12651,30.09,7226,17.19,57510,30.14,32856,17.22,196127,30.09,112031,17.19,63519,30.1,36283,17.2,24523,29.78,14002,17.0,30.06,123466,17.17
The Nilgiris,,76128533B21812274124310,IND,ADM2,primary_healthcare,TIME,6000,274401,16060,38.2,3409,8.11,73007,38.26,15497,8.12,248974,38.2,52847,8.11,80635,38.22,17116,8.11,31130,37.81,6607,8.02,38.16,58244,8.1
The Nilgiris,,76128533B21812274124310,IND,ADM2,primary_healthcare,TIME,6600,403331,23606,56.15,7546,17.95,107318,56.24,34311,17.98,365964,56.15,116990,17.95,118523,56.17,37888,17.96,45751,55.56,14621,17.76,56.09,128930,17.93
The Nilgiris,,76128533B21812274124310,IND,ADM2,primary_healthcare,TIME,7200,508558,29764,70.8,6158,14.65,135322,70.91,28004,14.68,461446,70.8,95482,14.65,149447,70.83,30924,14.66,57683,70.05,11932,14.49,70.72,105227,14.63
Chittoor,,76128533B22471914548132,IND,ADM2,primary_healthcare,TIME,3000,4349,306,0.1,306,0.1,1294,0.1,1294,0.1,3879,0.1,3879,0.1,1218,0.1,1218,0.1,559,0.1,559,0.1,0.1,4349,0.1
Chittoor,,76128533B22471914548132,IND,ADM2,primary_healthcare,TIME,3600,86648,6080,1.93,5774,1.83,25702,1.92,24408,1.82,77615,1.94,73736,1.84,24458,1.95,23240,1.85,10834,1.87,10275,1.77,1.93,82299,1.83
Chittoor,,76128533B22471914548132,IND,ADM2,primary_healthcare,TIME,4200,269585,18946,6.0,12866,4.08,80157,5.99,54455,4.07,240855,6.02,163240,4.08,75721,6.03,51263,4.08,34333,5.92,23499,4.05,6.01,182937,4.08
Chittoor,,76128533B22471914548132,IND,ADM2,primary_healthcare,TIME,4800,481037,33817,10.71,14871,4.71,143208,10.71,63051,4.71,429383,10.73,188528,4.71,134876,10.74,59155,4.71,61652,10.63,27319,4.71,10.72,211452,4.71
Chittoor,,76128533B22471914548132,IND,ADM2,primary_healthcare,TIME,5400,885020,62224,19.71,28407,9.0,263644,19.71,120436,9.0,789613,19.73,360230,9.0,247920,19.74,113044,9.0,113803,19.62,52151,8.99,19.72,403983,9.0
Chittoor,,76128533B22471914548132,IND,ADM2,primary_healthcare,TIME,6000,1409191,99079,31.39,36855,11.68,419830,31.39,156186,11.68,1256890,31.41,467277,11.68,394544,31.42,146624,11.68,181592,31.31,67789,11.69,31.4,524171,11.68
Chittoor,,76128533B22471914548132,IND,ADM2,primary_healthcare,TIME,6600,2651826,186447,59.07,87368,27.68,790067,59.07,370237,27.68,2364594,59.09,1107704,27.68,742112,59.1,347568,27.68,342353,59.04,160761,27.72,59.08,1242635,27.69
Chittoor,,76128533B22471914548132,IND,ADM2,primary_healthcare,TIME,7200,3510955,246850,78.21,60403,19.14,1046059,78.21,255992,19.14,3130428,78.23,765834,19.14,982410,78.23,240298,19.14,453506,78.2,111153,19.17,78.22,859129,19.14
Ranipet,,76128533B22687502928564,IND,ADM2,primary_healthcare,TIME,3000,11438,835,0.87,835,0.87,3314,0.85,3314,0.85,10461,0.88,10461,0.88,3361,0.89,3361,0.89,1214,0.83,1214,0.83,0.88,11438,0.88
Ranipet,,76128533B22687502928564,IND,ADM2,primary_healthcare,TIME,3600,142888,10446,10.94,9611,10.07,42014,10.82,38700,9.96,130249,10.98,119788,10.09,41738,11.0,38377,10.12,15609,10.7,14395,9.87,10.95,131450,10.07
Ranipet,,76128533B22687502928564,IND,ADM2,primary_healthcare,TIME,4200,370713,27112,28.39,16666,17.45,109806,28.27,67792,17.45,337365,28.43,207116,17.45,107957,28.46,66219,17.45,41053,28.15,25444,17.45,28.4,227825,17.45
Ranipet,,76128533B22687502928564,IND,ADM2,primary_healthcare,TIME,4800,681886,49878,52.24,22766,23.84,202617,52.16,92811,23.89,620116,52.25,282751,23.83,198310,52.27,90353,23.82,75943,52.07,34890,23.92,52.23,311173,23.84
Ranipet,,76128533B22687502928564,IND,ADM2,primary_healthcare,TIME,5400,1150756,84181,88.16,34303,35.93,342284,88.12,139667,35.96,1046259,88.16,426143,35.91,334504,88.17,136194,35.9,128417,88.05,52474,35.98,88.15,468870,35.92
Ranipet,,76128533B22687502928564,IND,ADM2,primary_healthcare,TIME,6000,1294297,94675,99.15,10494,10.99,385073,99.14,42789,11.02,1176674,99.15,130415,10.99,376174,99.16,41670,10.98,144526,99.1,16109,11.05,99.15,143541,11.0
Ranipet,,76128533B22687502928564,IND,ADM2,primary_healthcare,TIME,6600,1305453,95483,100.0,808,0.85,388417,100.0,3344,0.86,1186750,100.0,10076,0.85,379375,100.0,3201,0.84,145838,100.0,1312,0.9,100.0,11156,0.85
Ranipet,,76128533B22687502928564,IND,ADM2,primary_healthcare,TIME,7200,1305453,95483,100.0,0,0.0,388417,100.0,0,0.0,1186750,100.0,0,0.0,379375,100.0,0,0.0,145838,100.0,0,0.0,100.0,0,0.0
Longding,,76128533B22715430000002,IND,ADM2,primary_healthcare,TIME,2400,200,23,0.49,23,0.49,88,0.5,88,0.5,189,0.51,189,0.51,50,0.5,50,0.5,15,0.49,15,0.49,0.5,200,0.5
Longding,,76128533B22715430000002,IND,ADM2,primary_healthcare,TIME,3000,2746,306,6.57,283,6.08,1235,7.05,1147,6.55,2613,6.98,2424,6.48,699,7.05,649,6.54,190,6.21,175,5.72,6.92,2546,6.42
Longding,,76128533B22715430000002,IND,ADM2,primary_healthcare,TIME,3600,3272,366,7.86,60,1.29,1469,8.39,234,1.34,3110,8.31,497,1.33,832,8.39,133,1.34,229,7.49,39,1.27,8.25,526,1.33
Longding,,76128533B22715430000002,IND,ADM2,primary_healthcare,TIME,4200,4723,538,11.55,172,3.69,2108,12.04,639,3.65,4478,11.97,1368,3.66,1194,12.04,362,3.65,342,11.18,113,3.69,11.91,1451,3.66
Longding,,76128533B22715430000002,IND,ADM2,primary_healthcare,TIME,4800,4751,541,11.61,3,0.06,2121,12.11,13,0.07,4505,12.04,27,0.07,1201,12.11,7,0.07,345,11.28,3,0.1,11.98,28,0.07
Longding,,76128533B22715430000002,IND,ADM2,primary_healthcare,TIME,5400,5317,608,13.05,67,1.44,2370,13.53,249,1.42,5039,13.47,534,1.43,1343,13.54,142,1.43,389,12.72,44,1.44,13.41,566,1.43
Longding,,76128533B22715430000002,IND,ADM2,primary_healthcare,TIME,6000,6319,726,15.59,118,2.53,2812,16.06,442,2.52,5984,15.99,945,2.53,1593,16.06,250,2.52,467,15.27,78,2.55,15.94,1002,2.53
Longding,,76128533B22715430000002,IND,ADM2,primary_healthcare,TIME,6600,7770,897,19.26,171,3.67,3452,19.71,640,3.65,7351,19.65,1367,3.65,1956,19.72,363,3.66,580,18.96,113,3.69,19.59,1451,3.66
Longding,,76128533B22715430000002,IND,ADM2,primary_healthcare,TIME,7200,9526,1105,23.72,208,4.47,4225,24.13,773,4.41,9006,24.07,1655,4.42,2394,24.14,438,4.42,717,23.44,137,4.48,24.02,1756,4.43
Rewari,,76128533B22722327711505,IND,ADM2,primary_healthcare,TIME,2400,53331,4839,6.16,4839,6.16,19184,6.05,19184,6.05,48705,5.82,48705,5.82,14080,5.72,14080,5.72,5734,5.5,5734,5.5,5.78,53331,5.78
Rewari,,76128533B22722327711505,IND,ADM2,primary_healthcare,TIME,3000,282228,24314,30.93,19475,24.78,97699,30.79,78515,24.75,256477,30.65,207772,24.83,75410,30.64,61330,24.92,31616,30.3,25882,24.81,30.61,228897,24.83
Rewari,,76128533B22722327711505,IND,ADM2,primary_healthcare,TIME,3600,573326,49009,62.35,24695,31.42,197486,62.25,99787,31.45,520533,62.2,264056,31.55,153323,62.3,77913,31.66,64710,62.02,33094,31.72,62.18,291098,31.57
Rewari,,76128533B22722327711505,IND,ADM2,primary_healthcare,TIME,4200,770254,65783,83.7,16774,21.34,265296,83.62,67810,21.37,699235,83.56,178702,21.36,205799,83.62,52476,21.32,87029,83.41,22319,21.39,83.54,196928,21.36
Rewari,,76128533B22722327711505,IND,ADM2,primary_healthcare,TIME,4800,896567,76485,97.31,10702,13.62,308611,97.27,43315,13.65,813799,97.25,114564,13.69,239462,97.3,33663,13.68,101404,97.19,14375,13.78,97.24,126313,13.7
Rewari,,76128533B22722327711505,IND,ADM2,primary_healthcare,TIME,5400,916845,78172,99.46,1687,2.15,315523,99.45,6912,2.18,832156,99.44,18357,2.19,244779,99.46,5317,2.16,103747,99.43,2343,2.25,99.44,20278,2.2
Rewari,,76128533B22722327711505,IND,ADM2,primary_healthcare,TIME,6000,921987,78598,100.0,426,0.54,317266,100.0,1743,0.55,836812,100.0,4656,0.56,246117,100.0,1338,0.54,104339,100.0,592,0.57,100.0,5142,0.56
Rewari,,76128533B22722327711505,IND,ADM2,primary_healthcare,TIME,6600,921987,78598,100.0,0,0.0,317266,100.0,0,0.0,836812,100.0,0,0.0,246117,100.0,0,0.0,104339,100.0,0,0.0,100.0,0,0.0
Rewari,,76128533B22722327711505,IND,ADM2,primary_healthcare,TIME,7200,921987,78598,100.0,0,0.0,317266,100.0,0,0.0,836812,100.0,0,0.0,246117,100.0,0,0.0,104339,100.0,0,0.0,100.0,0,0.0
Hisar,,76128533B22732185131019,IND,ADM2,primary_healthcare,TIME,6000,10258,838,0.53,838,0.53,3593,0.53,3593,0.53,9419,0.53,9419,0.53,2708,0.53,2708,0.53,1051,0.54,1051,0.54,0.53,10258,0.53
Hisar,,76128533B22732185131019,IND,ADM2,primary_healthcare,TIME,6600,81839,6707,4.23,5869,3.7,28744,4.21,25151,3.68,75150,4.2,65731,3.68,21607,4.2,18899,3.67,8389,4.3,7338,3.76,4.21,71581,3.68
Hisar,,76128533B22732185131019,IND,ADM2,primary_healthcare,TIME,7200,291840,23865,15.04,17158,10.81,102538,15.02,73794,10.81,268416,15.01,193266,10.81,77252,15.0,55645,10.81,29490,15.11,21101,10.81,15.02,210001,10.81
Mon,,76128533B23611090346849,IND,ADM2,primary_healthcare,TIME,3600,0,0,0.0,0,0.0,0,0.0,0,0.0,0,0.0,0,0.0,0,0.0,0,0.0,0,0.0,0,0.0,0.0,0,0.0
Mon,,76128533B23611090346849,IND,ADM2,primary_healthcare,TIME,4200,588,62,0.26,62,0.26,268,0.27,268,0.27,563,0.27,563,0.27,151,0.27,151,0.27,37,0.27,37,0.27,0.27,588,0.27
Mon,,76128533B23611090346849,IND,ADM2,primary_healthcare,TIME,4800,592,63,0.27,1,0.0,270,0.27,2,0.0,567,0.27,4,0.0,152,0.27,1,0.0,37,0.27,0,0.0,0.27,4,0.0
Mon,,76128533B23611090346849,IND,ADM2,primary_healthcare,TIME,5400,2390,255,1.08,192,0.81,1093,1.08,823,0.82,2289,1.09,1722,0.82,616,1.08,464,0.82,150,1.08,113,0.82,1.09,1798,0.82
Mon,,76128533B23611090346849,IND,ADM2,primary_healthcare,TIME,6000,3212,343,1.45,88,0.37,1469,1.46,376,0.37,3076,1.46,787,0.37,829,1.46,213,0.37,202,1.46,52,0.38,1.46,822,0.37
Mon,,76128533B23611090346849,IND,ADM2,primary_healthcare,TIME,6600,4048,433,1.83,90,0.38,1851,1.84,382,0.38,3877,1.84,801,0.38,1044,1.84,215,0.38,255,1.84,53,0.38,1.84,836,0.38
Mon,,76128533B23611090346849,IND,ADM2,primary_healthcare,TIME,7200,12222,1307,5.52,874,3.69,5590,5.54,3739,3.71,11706,5.55,7829,3.71,3154,5.55,2110,3.71,770,5.56,515,3.72,5.55,8174,3.71
Kanpur Nagar,,76128533B23710487943819,IND,ADM2,primary_healthcare,TIME,600,1517124,106544,31.49,106544,31.49,522488,31.54,522488,31.54,1395033,31.63,1395033,31.63,404962,31.67,404962,31.67,153626,31.62,153626,31.62,31.63,1517124,31.63
Kanpur Nagar,,76128533B23710487943819,IND,ADM2,primary_healthcare,TIME,1200,3437722,241738,71.46,135194,39.96,1185026,71.53,662538,39.99,3161026,71.68,1765993,40.05,917311,71.74,512349,40.07,348152,71.65,194526,40.03,71.68,1920598,40.04
Kanpur Nagar,,76128533B23710487943819,IND,ADM2,primary_healthcare,TIME,1800,3939064,277145,81.93,35407,10.47,1358380,81.99,173354,10.46,3621995,82.13,460969,10.45,1050936,82.19,133625,10.45,398947,82.1,50795,10.45,82.13,501342,10.45
Kanpur Nagar,,76128533B23710487943819,IND,ADM2,primary_healthcare,TIME,2400,4293521,302131,89.31,24986,7.39,1480753,89.38,122373,7.39,3947915,89.52,325920,7.39,1145453,89.58,94517,7.39,434852,89.49,35905,7.39,89.52,354457,7.39
Kanpur Nagar,,76128533B23710487943819,IND,ADM2,primary_healthcare,TIME,3000,4553909,320692,94.8,18561,5.49,1571329,94.85,90576,5.47,4187306,94.95,239391,5.43,1214674,94.99,69221,5.41,461261,94.93,26409,5.44,94.95,260388,5.43
Kanpur Nagar,,76128533B23710487943819,IND,ADM2,primary_healthcare,TIME,3600,4673297,329545,97.41,8853,2.62,1614015,97.42,42686,2.58,4297015,97.44,109709,2.49,1246057,97.45,31383,2.45,473423,97.43,12162,2.5,97.44,119388,2.49
Kanpur Nagar,,76128533B23710487943819,IND,ADM2,primary_healthcare,TIME,4200,4739602,334243,98.8,4698,1.39,1636986,98.81,22971,1.39,4357974,98.82,60959,1.38,1263709,98.83,17652,1.38,480146,98.81,6723,1.38,98.82,66305,1.38
Kanpur Nagar,,76128533B23710487943819,IND,ADM2,primary_healthcare,TIME,4800,4745873,334716,98.94,473,0.14,1639238,98.95,2252,0.14,4363745,98.95,5771,0.13,1265347,98.96,1638,0.13,480777,98.94,631,0.13,98.95,6271,0.13
Kanpur Nagar,,76128533B23710487943819,IND,ADM2,primary_healthcare,TIME,5400,4759054,335647,99.22,931,0.28,1643791,99.22,4553,0.27,4375861,99.23,12116,0.27,1268856,99.23,3509,0.27,482116,99.22,1339,0.28,99.23,13181,0.27
Kanpur Nagar,,76128533B23710487943819,IND,ADM2,primary_healthcare,TIME,6000,4759480,335677,99.23,30,0.01,1643937,99.23,146,0.01,4376252,99.24,391,0.01,1268970,99.24,114,0.01,482159,99.23,43,0.01,99.23,426,0.01
Kanpur Nagar,,76128533B23710487943819,IND,ADM2,primary_healthcare,TIME,6600,4796188,338291,100.0,2614,0.77,1656677,100.0,12740,0.77,4409978,100.0,33726,0.76,1278704,100.0,9734,0.76,485905,100.0,3746,0.77,100.0,36708,0.77
Kanpur Nagar,,76128533B23710487943819,IND,ADM2,primary_healthcare,TIME,7200,4796188,338291,100.0,0,0.0,1656677,100.0,0,0.0,4409978,100.0,0,0.0,1278704,100.0,0,0.0,485905,100.0,0,0.0,100.0,0,0.0
Mandi,,76128533B23735146933631,IND,ADM2,primary_healthcare,TIME,2400,951,70,0.08,70,0.08,291,0.08,291,0.08,851,0.08,851,0.08,266,0.08,266,0.08,119,0.08,119,0.08,0.08,951,0.08
Mandi,,76128533B23735146933631,IND,ADM2,primary_healthcare,TIME,3000,33411,2461,2.9,2391,2.82,10242,2.89,9951,2.81,29915,2.88,29064,2.8,9357,2.89,9091,2.8,4190,2.94,4071,2.86,2.89,32460,2.8
Mandi,,76128533B23735146933631,IND,ADM2,primary_healthcare,TIME,3600,66753,4917,5.79,2456,2.89,20465,5.77,10223,2.88,59771,5.75,29856,2.87,18696,5.77,9339,2.88,8369,5.87,4179,2.93,5.77,33342,2.88
Mandi,,76128533B23735146933631,IND,ADM2,primary_healthcare,TIME,4200,103831,7649,9.01,2732,3.22,31834,8.98,11369,3.21,92973,8.95,33202,3.2,29080,8.97,10384,3.2,13016,9.13,4647,3.26,8.97,37078,3.2
Mandi,,76128533B23735146933631,IND,ADM2,primary_healthcare,TIME,4800,129437,9535,11.23,1886,2.22,39686,11.19,7852,2.21,115902,11.16,22929,2.21,36252,11.18,7172,2.21,16225,11.39,3209,2.25,11.18,25606,2.21
Mandi,,76128533B23735146933631,IND,ADM2,primary_healthcare,TIME,5400,136681,10069,11.86,534,0.63,41908,11.82,2222,0.63,122389,11.78,6487,0.62,38281,11.81,2029,0.63,17133,12.02,908,0.64,11.81,7244,0.63
Mandi,,76128533B23735146933631,IND,ADM2,primary_healthcare,TIME,6000,159899,11780,13.88,1711,2.02,49027,13.82,7119,2.01,143179,13.78,20790,2.0,44783,13.82,6502,2.01,20043,14.07,2910,2.04,13.82,23218,2.01
Mandi,,76128533B23735146933631,IND,ADM2,primary_healthcare,TIME,6600,188889,13916,16.39,2136,2.52,57916,16.33,8889,2.51,169139,16.28,25960,2.5,52903,16.32,8120,2.51,23676,16.62,3633,2.55,16.32,28990,2.5
Mandi,,76128533B23735146933631,IND,ADM2,primary_healthcare,TIME,7200,229586,16914,19.93,2998,3.53,70390,19.85,12474,3.52,205578,19.79,36439,3.51,64298,19.84,11395,3.52,28781,20.2,5105,3.58,19.84,40697,3.52
Yamunanagar,,76128533B23956636471502,IND,ADM2,primary_healthcare,TIME,6600,0,0,0.0,0,0.0,0,0.0,0,0.0,0,0.0,0,0.0,0,0.0,0,0.0,0,0.0,0,0.0,0.0,0,0.0
Yamunanagar,,76128533B23956636471502,IND,ADM2,primary_healthcare,TIME,7200,59221,4659,4.15,4659,4.15,19303,4.11,19303,4.11,53849,4.31,53849,4.31,16021,4.36,16021,4.36,6602,4.48,6602,4.48,4.32,59221,4.32
Suryapet,,76128533B24594618908349,IND,ADM2,primary_healthcare,TIME,1800,46683,3188,4.48,3188,4.48,14896,4.48,14896,4.48,41547,4.49,41547,4.49,12874,4.5,12874,4.5,6107,4.46,6107,4.46,4.49,46683,4.49
Suryapet,,76128533B24594618908349,IND,ADM2,primary_healthcare,TIME,2400,296410,20246,28.45,17058,23.97,94507,28.45,79611,23.97,263683,28.5,222136,24.01,81652,28.53,68778,24.03,38888,28.42,32781,23.96,28.49,249727,24.0
Suryapet,,76128533B24594618908349,IND,ADM2,primary_healthcare,TIME,3000,643891,44038,61.89,23792,33.43,205583,61.89,111076,33.44,572624,61.88,308941,33.39,177130,61.88,95478,33.36,84650,61.86,45762,33.44,61.88,347481,33.39
Suryapet,,76128533B24594618908349,IND,ADM2,primary_healthcare,TIME,3600,808235,55282,77.69,11244,15.8,258056,77.69,52473,15.8,718753,77.67,146129,15.79,222315,77.67,45185,15.79,106282,77.67,21632,15.81,77.67,164344,15.79
Suryapet,,76128533B24594618908349,IND,ADM2,primary_healthcare,TIME,4200,909964,62238,87.46,6956,9.78,290538,87.47,32482,9.78,809201,87.45,90448,9.77,250281,87.44,27966,9.77,119677,87.46,13395,9.79,87.45,101729,9.78
Suryapet,,76128533B24594618908349,IND,ADM2,primary_healthcare,TIME,4800,953633,65225,91.66,2987,4.2,304463,91.66,13925,4.19,848035,91.65,38834,4.2,262295,91.64,12014,4.2,125420,91.65,5743,4.2,91.65,43669,4.2
Suryapet,,76128533B24594618908349,IND,ADM2,primary_healthcare,TIME,5400,1027552,70285,98.77,5060,7.11,328094,98.78,23631,7.11,913750,98.75,65715,7.1,282601,98.73,20306,7.09,135161,98.77,9741,7.12,98.75,73919,7.1
Suryapet,,76128533B24594618908349,IND,ADM2,primary_healthcare,TIME,6000,1028745,70367,98.89,82,0.12,328475,98.89,381,0.11,914810,98.86,1060,0.11,282929,98.85,328,0.11,135318,98.89,157,0.11,98.87,1193,0.11
Suryapet,,76128533B24594618908349,IND,ADM2,primary_healthcare,TIME,6600,1034507,70745,99.42,378,0.53,330224,99.42,1749,0.53,919963,99.42,5153,0.56,284566,99.42,1637,0.57,136047,99.42,729,0.53,99.42,5762,0.55
Suryapet,,76128533B24594618908349,IND,ADM2,primary_healthcare,TIME,7200,1040550,71159,100.0,414,0.58,332155,100.0,1931,0.58,925336,100.0,5373,0.58,286226,100.0,1660,0.58,136843,100.0,796,0.58,100.0,6043,0.58
Rupnagar,,76128533B24759700890118,IND,ADM2,primary_healthcare,TIME,3000,7977,557,0.94,557,0.94,2428,0.95,2428,0.95,7135,0.96,7135,0.96,2178,0.96,2178,0.96,1007,0.97,1007,0.97,0.96,7977,0.96
Rupnagar,,76128533B24759700890118,IND,ADM2,primary_healthcare,TIME,3600,111673,7857,13.31,7300,12.37,34271,13.48,31843,12.52,99782,13.45,92647,12.48,30593,13.47,28415,12.51,14212,13.68,13205,12.71,13.47,103696,12.51
Rupnagar,,76128533B24759700890118,IND,ADM2,primary_healthcare,TIME,4200,296493,21090,35.72,13233,22.42,91005,35.79,56734,22.31,265519,35.78,165737,22.33,81280,35.79,50687,22.32,37136,35.74,22924,22.06,35.78,184820,22.3
Rupnagar,,76128533B24759700890118,IND,ADM2,primary_healthcare,TIME,4800,385205,27503,46.59,6413,10.86,118309,46.53,27304,10.74,345310,46.53,79791,10.75,105610,46.5,24330,10.71,47901,46.1,10765,10.36,46.48,88712,10.7
Rupnagar,,76128533B24759700890118,IND,ADM2,primary_healthcare,TIME,5400,726552,51747,87.65,24244,41.07,223220,87.8,104911,41.26,650913,87.71,305603,41.18,199146,87.68,93536,41.18,90740,87.33,42839,41.23,87.67,341347,41.19
Rupnagar,,76128533B24759700890118,IND,ADM2,primary_healthcare,TIME,6000,800896,57059,96.65,5312,9.0,245839,96.69,22619,8.9,717303,96.66,66390,8.95,219496,96.64,20350,8.96,100240,96.47,9500,9.14,96.64,74344,8.97
Rupnagar,,76128533B24759700890118,IND,ADM2,primary_healthcare,TIME,6600,815282,58076,98.37,1017,1.72,250205,98.41,4366,1.72,730111,98.39,12808,1.73,223434,98.38,3938,1.73,102117,98.28,1877,1.81,98.37,14386,1.74
Rupnagar,,76128533B24759700890118,IND,ADM2,primary_healthcare,TIME,7200,825829,58826,99.64,750,1.27,253383,99.66,3178,1.25,739487,99.65,9376,1.26,226319,99.65,2885,1.27,103508,99.62,1391,1.34,99.65,10547,1.27
Hardoi,,76128533B25208535254310,IND,ADM2,primary_healthcare,TIME,3600,7967,704,0.14,704,0.14,3236,0.16,3236,0.16,7311,0.17,7311,0.17,1980,0.18,1980,0.18,821,0.18,821,0.18,0.17,7967,0.17
Hardoi,,76128533B25208535254310,IND,ADM2,primary_healthcare,TIME,4200,42040,3982,0.82,3278,0.67,17723,0.86,14487,0.7,38650,0.89,31339,0.72,10152,0.93,8172,0.75,4263,0.93,3442,0.75,0.89,34073,0.72
Hardoi,,76128533B25208535254310,IND,ADM2,primary_healthcare,TIME,4800,387274,39519,8.13,35537,7.31,168610,8.18,150887,7.32,357461,8.21,318811,7.32,90072,8.25,79920,7.32,37863,8.26,33600,7.33,8.21,345234,7.32
Hardoi,,76128533B25208535254310,IND,ADM2,primary_healthcare,TIME,5400,818174,83966,17.28,44447,9.15,357099,17.32,188489,9.14,755433,17.35,397972,9.14,189712,17.38,99640,9.13,79748,17.4,41885,9.14,17.35,430900,9.14
Hardoi,,76128533B25208535254310,IND,ADM2,primary_healthcare,TIME,6000,1632283,167926,34.55,83960,17.28,713169,34.59,356070,17.27,1507334,34.61,751901,17.27,377987,34.63,188275,17.25,158878,34.66,79130,17.26,34.62,814109,17.26
Hardoi,,76128533B25208535254310,IND,ADM2,primary_healthcare,TIME,6600,2697600,277685,57.14,109759,22.58,1178828,57.18,465659,22.59,2491220,57.2,983886,22.59,624628,57.23,246641,22.6,262452,57.26,103574,22.6,57.21,1065317,22.59
Hardoi,,76128533B25208535254310,IND,ADM2,primary_healthcare,TIME,7200,3320326,341930,70.36,64245,13.22,1451246,70.39,272418,13.21,3066365,70.41,575145,13.21,768616,70.42,143988,13.19,322978,70.46,60526,13.2,70.41,622726,13.21
Bharatpur,,76128533B25576352747885,IND,ADM2,primary_healthcare,TIME,4200,17816,2052,0.61,2052,0.61,7857,0.61,7857,0.61,16647,0.61,16647,0.61,4277,0.61,4277,0.61,1538,0.61,1538,0.61,0.61,17816,0.61
Bharatpur,,76128533B25576352747885,IND,ADM2,primary_healthcare,TIME,4800,109587,12992,3.86,10940,3.25,49097,3.8,41240,3.19,102497,3.74,85850,3.13,26118,3.7,21841,3.1,9367,3.7,7829,3.1,3.74,91771,3.13
Bharatpur,,76128533B25576352747885,IND,ADM2,primary_healthcare,TIME,5400,460200,53442,15.86,40450,12.01,203858,15.76,154761,11.97,430127,15.69,327630,11.95,110262,15.64,84144,11.93,39639,15.68,30272,11.97,15.69,350613,11.95
Bharatpur,,76128533B25576352747885,IND,ADM2,primary_healthcare,TIME,6000,604598,70063,20.79,16621,4.93,267500,20.68,63642,4.92,565048,20.61,134921,4.92,144946,20.56,34684,4.92,52117,20.61,12478,4.93,20.61,144398,4.92
Bharatpur,,76128533B25576352747885,IND,ADM2,primary_healthcare,TIME,6600,851047,98359,29.19,28296,8.4,376049,29.07,108549,8.39,795301,29.01,230253,8.4,204158,28.95,59212,8.4,73435,29.04,21318,8.43,29.01,246449,8.4
Bharatpur,,76128533B25576352747885,IND,ADM2,primary_healthcare,TIME,7200,1031208,119038,35.33,20679,6.14,455338,35.21,79289,6.13,963617,35.15,168316,6.14,247480,35.1,43322,6.14,89025,35.21,15590,6.17,35.15,180161,6.14
Agra,,76128533B26296891809198,IND,ADM2,primary_healthcare,TIME,7200,9435,937,0.18,937,0.18,4069,0.18,4069,0.18,8892,0.18,8892,0.18,2387,0.18,2387,0.18,739,0.18,739,0.18,0.18,9435,0.18
Hamirpur,,76128533B27201270098470,IND,ADM2,primary_healthcare,TIME,3000,5773,510,0.44,510,0.44,2277,0.44,2277,0.44,5229,0.44,5229,0.44,1359,0.44,1359,0.44,663,0.44,663,0.44,0.44,5773,0.44
Hamirpur,,76128533B27201270098470,IND,ADM2,primary_healthcare,TIME,3600,55297,4874,4.23,4364,3.79,21770,4.23,19493,3.79,50101,4.22,44872,3.78,13045,4.21,11686,3.77,6344,4.24,5681,3.79,4.22,49524,3.78
Hamirpur,,76128533B27201270098470,IND,ADM2,primary_healthcare,TIME,4200,177986,15727,13.66,10853,9.42,70175,13.65,48405,9.41,161235,13.58,111134,9.36,41926,13.53,28881,9.32,20450,13.65,14106,9.42,13.59,122689,9.37
Hamirpur,,76128533B27201270098470,IND,ADM2,primary_healthcare,TIME,4800,311845,27572,23.94,11845,10.28,122994,23.92,52819,10.27,282489,23.8,121254,10.22,73434,23.7,31508,10.17,35838,23.93,15388,10.27,23.81,133859,10.22
Hamirpur,,76128533B27201270098470,IND,ADM2,primary_healthcare,TIME,5400,481568,42566,36.96,14994,13.02,189857,36.92,66863,13.0,436265,36.76,153776,12.96,113465,36.62,40031,12.92,55313,36.93,19475,13.0,36.78,169723,12.96
Hamirpur,,76128533B27201270098470,IND,ADM2,primary_healthcare,TIME,6000,648470,57358,49.8,14792,12.84,255751,49.73,65894,12.81,587464,49.5,151199,12.74,152747,49.3,39282,12.68,74485,49.73,19172,12.8,49.52,166902,12.75
Hamirpur,,76128533B27201270098470,IND,ADM2,primary_healthcare,TIME,6600,1056710,92805,80.58,35447,30.78,414552,80.61,158801,30.88,957928,80.71,370464,31.21,250345,80.79,97598,31.5,120746,80.61,46261,30.88,80.7,408240,31.18
Hamirpur,,76128533B27201270098470,IND,ADM2,primary_healthcare,TIME,7200,1150525,101103,87.79,8298,7.21,451561,87.81,37009,7.2,1042908,87.87,84980,7.16,272431,87.92,22086,7.13,131532,87.81,10786,7.2,87.86,93815,7.16
Champawat,,76128533B2761749808956,IND,ADM2,primary_healthcare,TIME,3600,0,0,0.0,0,0.0,0,0.0,0,0.0,0,0.0,0,0.0,0,0.0,0,0.0,0,0.0,0,0.0,0.0,0,0.0
Champawat,,76128533B2761749808956,IND,ADM2,primary_healthcare,TIME,4200,0,0,0.0,0,0.0,0,0.0,0,0.0,0,0.0,0,0.0,0,0.0,0,0.0,0,0.0,0,0.0,0.0,0,0.0
Champawat,,76128533B2761749808956,IND,ADM2,primary_healthcare,TIME,4800,0,0,0.0,0,0.0,0,0.0,0,0.0,0,0.0,0,0.0,0,0.0,0,0.0,0,0.0,0,0.0,0.0,0,0.0
Champawat,,76128533B2761749808956,IND,ADM2,primary_healthcare,TIME,5400,3307,305,1.17,305,1.17,1299,1.16,1299,1.16,3015,1.16,3015,1.16,859,1.16,859,1.16,360,1.23,360,1.23,1.17,3307,1.17
Champawat,,76128533B2761749808956,IND,ADM2,primary_healthcare,TIME,6000,67995,6275,24.11,5970,22.93,26720,23.9,25421,22.74,61989,23.91,58974,22.75,17664,23.85,16805,22.69,7419,25.34,7059,24.11,24.05,64688,22.88
Champawat,,76128533B2761749808956,IND,ADM2,primary_healthcare,TIME,6600,84530,7801,29.97,1526,5.86,33217,29.71,6497,5.81,77064,29.72,15075,5.81,21959,29.65,4295,5.8,9223,31.5,1804,6.16,29.9,16535,5.85
Champawat,,76128533B2761749808956,IND,ADM2,primary_healthcare,TIME,7200,86082,7944,30.52,143,0.55,33827,30.25,610,0.55,78478,30.27,1414,0.55,22362,30.19,403,0.54,9393,32.08,170,0.58,30.45,1552,0.55
Mahabubabad,,76128533B28290181894983,IND,ADM2,primary_healthcare,TIME,600,3981,244,0.54,244,0.54,1239,0.54,1239,0.54,3533,0.54,3533,0.54,1112,0.54,1112,0.54,531,0.55,531,0.55,0.54,3981,0.54
Mahabubabad,,76128533B28290181894983,IND,ADM2,primary_healthcare,TIME,1200,15508,953,2.12,709,1.57,4827,2.12,3588,1.58,13761,2.12,10228,1.58,4334,2.12,3222,1.57,2069,2.13,1538,1.59,2.12,11527,1.58
Mahabubabad,,76128533B28290181894983,IND,ADM2,primary_healthcare,TIME,1800,107113,6593,14.64,5640,12.52,33339,14.66,28512,12.54,95093,14.65,81332,12.53,29969,14.64,25635,12.53,14246,14.7,12177,12.56,14.66,91605,12.54
Mahabubabad,,76128533B28290181894983,IND,ADM2,primary_healthcare,TIME,2400,237434,14655,32.54,8062,17.9,73879,32.49,40540,17.83,210975,32.51,115882,17.86,66572,32.53,36603,17.89,31394,32.39,17148,17.69,32.5,130321,17.84
Mahabubabad,,76128533B28290181894983,IND,ADM2,primary_healthcare,TIME,3000,410822,25335,56.26,10680,23.72,127842,56.22,53963,23.73,364939,56.24,153964,23.73,115110,56.25,48538,23.72,54422,56.15,23028,23.76,56.23,173388,23.73
Mahabubabad,,76128533B28290181894983,IND,ADM2,primary_healthcare,TIME,3600,595629,36706,81.51,11371,25.25,185365,81.52,57523,25.3,528987,81.51,164048,25.28,166801,81.51,51691,25.26,79023,81.54,24601,25.38,81.52,184807,25.29
Mahabubabad,,76128533B28290181894983,IND,ADM2,primary_healthcare,TIME,4200,705652,43483,96.56,6777,15.05,219607,96.58,34242,15.06,626684,96.57,97697,15.05,197600,96.56,30799,15.05,93635,96.62,14612,15.08,96.58,110023,15.06
Mahabubabad,,76128533B28290181894983,IND,ADM2,primary_healthcare,TIME,4800,726319,44761,99.39,1278,2.84,226037,99.4,6430,2.83,645056,99.4,18372,2.83,203401,99.4,5801,2.83,96360,99.43,2725,2.81,99.4,20667,2.83
Mahabubabad,,76128533B28290181894983,IND,ADM2,primary_healthcare,TIME,5400,729337,44952,99.82,191,0.42,226973,99.82,936,0.41,647761,99.82,2705,0.42,204265,99.82,864,0.42,96736,99.82,376,0.39,99.82,3018,0.41
Mahabubabad,,76128533B28290181894983,IND,ADM2,primary_healthcare,TIME,6000,729953,44990,99.9,38,0.08,227165,99.9,192,0.08,648307,99.9,546,0.08,204437,99.9,172,0.08,96818,99.9,82,0.08,99.9,616,0.08
Mahabubabad,,76128533B28290181894983,IND,ADM2,primary_healthcare,TIME,6600,730659,45033,100.0,43,0.1,227385,100.0,220,0.1,648933,100.0,626,0.1,204634,100.0,197,0.1,96912,100.0,94,0.1,100.0,706,0.1
Mahabubabad,,76128533B28290181894983,IND,ADM2,primary_healthcare,TIME,7200,730659,45033,100.0,0,0.0,227385,100.0,0,0.0,648933,100.0,0,0.0,204634,100.0,0,0.0,96912,100.0,0,0.0,100.0,0,0.0
Jaipur,,76128533B28755611410447,IND,ADM2,primary_healthcare,TIME,5400,7787,791,0.11,791,0.11,3162,0.1,3162,0.1,7270,0.1,7270,0.1,2008,0.09,2008,0.09,679,0.1,679,0.1,0.1,7787,0.1
Jaipur,,76128533B28755611410447,IND,ADM2,primary_healthcare,TIME,6000,98010,9185,1.24,8394,1.13,38164,1.23,35002,1.13,91830,1.22,84560,1.12,26202,1.21,24194,1.12,8216,1.23,7537,1.13,1.22,90223,1.12
Jaipur,,76128533B28755611410447,IND,ADM2,primary_healthcare,TIME,6600,327707,30415,4.09,21230,2.86,126981,4.08,88817,2.86,307166,4.08,215336,2.86,87962,4.07,61760,2.86,27352,4.09,19136,2.86,4.08,229697,2.86
Jaipur,,76128533B28755611410447,IND,ADM2,primary_healthcare,TIME,7200,462843,42939,5.78,12524,1.68,179306,5.77,52325,1.68,433843,5.76,126677,1.68,124258,5.75,36296,1.68,38620,5.77,11268,1.68,5.76,135136,1.68
Dindigul,,76128533B28879432621383,IND,ADM2,primary_healthcare,TIME,3600,0,0,0.0,0,0.0,0,0.0,0,0.0,0,0.0,0,0.0,0,0.0,0,0.0,0,0.0,0,0.0,0.0,0,0.0
Dindigul,,76128533B28879432621383,IND,ADM2,primary_healthcare,TIME,4200,8086,526,0.33,526,0.33,2110,0.32,2110,0.32,7237,0.33,7237,0.33,2344,0.34,2344,0.34,1016,0.33,1016,0.33,0.33,8086,0.33
Dindigul,,76128533B28879432621383,IND,ADM2,primary_healthcare,TIME,4800,78939,5198,3.24,4672,2.91,21473,3.22,19363,2.9,70422,3.26,63185,2.92,22547,3.26,20203,2.92,10158,3.27,9142,2.95,3.26,70853,2.92
Dindigul,,76128533B28879432621383,IND,ADM2,primary_healthcare,TIME,5400,353642,23340,14.54,18142,11.3,96748,14.49,75275,11.28,315477,14.58,245055,11.33,100873,14.6,78326,11.34,45516,14.67,35358,11.39,14.59,274703,11.34
Dindigul,,76128533B28879432621383,IND,ADM2,primary_healthcare,TIME,6000,846042,55970,34.88,32630,20.33,232510,34.83,135762,20.34,755066,34.91,439589,20.32,241258,34.92,140385,20.32,108561,34.98,63045,20.31,34.92,492400,20.32
Dindigul,,76128533B28879432621383,IND,ADM2,primary_healthcare,TIME,6600,1180961,78168,48.71,22198,13.83,324885,48.67,92375,13.84,1054069,48.73,299003,13.82,336739,48.74,95481,13.82,151439,48.8,42878,13.82,48.74,334919,13.82
Dindigul,,76128533B28879432621383,IND,ADM2,primary_healthcare,TIME,7200,1558089,103163,64.28,24995,15.57,428902,64.25,104017,15.58,1390753,64.3,336684,15.57,444253,64.31,107514,15.56,199722,64.35,48283,15.56,64.3,377128,15.56
Kolar,,76128533B29292403538801,IND,ADM2,primary_healthcare,TIME,1200,1504,109,0.09,109,0.09,442,0.08,442,0.08,1353,0.09,1353,0.09,424,0.09,424,0.09,181,0.09,181,0.09,0.09,1504,0.09
Kolar,,76128533B29292403538801,IND,ADM2,primary_healthcare,TIME,1800,69647,5090,4.22,4981,4.13,21768,4.17,21326,4.08,62740,4.22,61387,4.13,19595,4.22,19171,4.13,8354,4.22,8173,4.12,4.22,68143,4.13
Kolar,,76128533B29292403538801,IND,ADM2,primary_healthcare,TIME,2400,220223,16103,13.34,11013,9.12,69063,13.22,47295,9.06,198396,13.34,135656,9.12,61950,13.35,42355,9.12,26404,13.32,18050,9.11,13.34,150576,9.12
Kolar,,76128533B29292403538801,IND,ADM2,primary_healthcare,TIME,3000,378362,27662,22.91,11559,9.57,119076,22.8,50013,9.58,340862,22.92,142466,9.58,106408,22.92,44458,9.58,45365,22.89,18961,9.57,22.91,158139,9.58
Kolar,,76128533B29292403538801,IND,ADM2,primary_healthcare,TIME,3600,675194,49387,40.9,21725,17.99,213237,40.83,94161,18.03,608299,40.9,267437,17.98,189854,40.9,83446,17.98,80928,40.84,35563,17.95,40.89,296832,17.98
Kolar,,76128533B29292403538801,IND,ADM2,primary_healthcare,TIME,4200,1139655,83375,69.05,33988,28.15,360565,69.04,147328,28.21,1026762,69.03,418463,28.13,320422,69.03,130568,28.13,136582,68.92,55654,28.08,69.02,464461,28.13
Kolar,,76128533B29292403538801,IND,ADM2,primary_healthcare,TIME,4800,1465720,107223,88.8,23848,19.75,463851,88.81,103286,19.78,1320465,88.77,293703,19.75,412077,88.77,91655,19.74,175722,88.67,39140,19.75,88.76,326065,19.75
Kolar,,76128533B29292403538801,IND,ADM2,primary_healthcare,TIME,5400,1583014,115786,95.89,8563,7.09,500890,95.9,37039,7.09,1426059,95.87,105594,7.1,445039,95.87,32962,7.1,189859,95.81,14137,7.13,95.87,117294,7.1
Kolar,,76128533B29292403538801,IND,ADM2,primary_healthcare,TIME,6000,1645561,120328,99.66,4542,3.76,520483,99.66,19593,3.75,1482289,99.65,56230,3.78,462604,99.65,17565,3.78,197477,99.65,7618,3.84,99.65,62547,3.79
Kolar,,76128533B29292403538801,IND,ADM2,primary_healthcare,TIME,6600,1649635,120624,99.9,296,0.25,521759,99.9,1276,0.24,1485952,99.9,3663,0.25,463748,99.9,1144,0.25,197973,99.9,496,0.25,99.9,4074,0.25
Kolar,,76128533B29292403538801,IND,ADM2,primary_healthcare,TIME,7200,1651278,120744,100.0,120,0.1,522279,100.0,520,0.1,1487431,100.0,1479,0.1,464210,100.0,462,0.1,198170,100.0,197,0.1,100.0,1643,0.1
Puducherry,,76128533B29873478326363,IND,ADM2,primary_healthcare,TIME,1800,3474,255,0.33,255,0.33,1010,0.33,1010,0.33,3148,0.32,3148,0.32,1012,0.32,1012,0.32,399,0.33,399,0.33,0.32,3474,0.32
Puducherry,,76128533B29873478326363,IND,ADM2,primary_healthcare,TIME,2400,44919,3273,4.24,3018,3.91,13057,4.24,12047,3.92,40658,4.19,37510,3.86,13084,4.19,12072,3.86,5194,4.28,4795,3.95,4.2,41445,3.87
Puducherry,,76128533B29873478326363,IND,ADM2,primary_healthcare,TIME,3000,46361,3373,4.37,100,0.13,13471,4.38,414,0.13,41958,4.32,1300,0.13,13504,4.32,420,0.13,5366,4.42,172,0.14,4.33,1442,0.13
Puducherry,,76128533B29873478326363,IND,ADM2,primary_healthcare,TIME,3600,46361,3373,4.37,0,0.0,13471,4.38,0,0.0,41958,4.32,0,0.0,13504,4.32,0,0.0,5366,4.42,0,0.0,4.33,0,0.0
Puducherry,,76128533B29873478326363,IND,ADM2,primary_healthcare,TIME,4200,46361,3373,4.37,0,0.0,13471,4.38,0,0.0,41958,4.32,0,0.0,13504,4.32,0,0.0,5366,4.42,0,0.0,4.33,0,0.0
Puducherry,,76128533B29873478326363,IND,ADM2,primary_healthcare,TIME,4800,46361,3373,4.37,0,0.0,13471,4.38,0,0.0,41958,4.32,0,0.0,13504,4.32,0,0.0,5366,4.42,0,0.0,4.33,0,0.0
Puducherry,,76128533B29873478326363,IND,ADM2,primary_healthcare,TIME,5400,46361,3373,4.37,0,0.0,13471,4.38,0,0.0,41958,4.32,0,0.0,13504,4.32,0,0.0,5366,4.42,0,0.0,4.33,0,0.0
Puducherry,,76128533B29873478326363,IND,ADM2,primary_healthcare,TIME,6000,46361,3373,4.37,0,0.0,13471,4.38,0,0.0,41958,4.32,0,0.0,13504,4.32,0,0.0,5366,4.42,0,0.0,4.33,0,0.0
Puducherry,,76128533B29873478326363,IND,ADM2,primary_healthcare,TIME,6600,94607,7060,9.14,3687,4.77,28291,9.2,14820,4.82,85761,8.83,43803,4.51,27216,8.71,13712,4.39,10812,8.9,5446,4.49,8.84,48246,4.51
Puducherry,,76128533B29873478326363,IND,ADM2,primary_healthcare,TIME,7200,922472,66383,85.95,59323,76.81,264475,85.98,236184,76.78,837048,86.17,751287,77.34,269493,86.25,242277,77.54,104598,86.15,93786,77.24,86.17,827865,77.33
Bhadradri,,76128533B30246762498957,IND,ADM2,primary_healthcare,TIME,3000,12273,799,0.87,799,0.87,3796,0.87,3796,0.87,11097,0.87,11097,0.87,3587,0.87,3587,0.87,1430,0.87,1430,0.87,0.87,12273,0.87
Bhadradri,,76128533B30246762498957,IND,ADM2,primary_healthcare,TIME,3600,78246,5098,5.52,4299,4.66,24205,5.53,20409,4.66,70750,5.54,59653,4.67,22867,5.54,19280,4.67,9122,5.55,7692,4.68,5.54,65973,4.67
Bhadradri,,76128533B30246762498957,IND,ADM2,primary_healthcare,TIME,4200,266006,17333,18.77,12235,13.25,82288,18.8,58083,13.27,240522,18.82,169772,13.29,77740,18.83,54873,13.29,31013,18.88,21891,13.32,18.83,187760,13.29
Bhadradri,,76128533B30246762498957,IND,ADM2,primary_healthcare,TIME,4800,550894,35898,38.88,18565,20.11,170418,38.93,88130,20.13,498117,38.98,257595,20.16,160999,39.01,83259,20.17,64227,39.09,33214,20.22,39.0,284888,20.17
Bhadradri,,76128533B30246762498957,IND,ADM2,primary_healthcare,TIME,5400,669912,43653,47.28,7755,8.4,207236,47.34,36818,8.41,605733,47.4,107616,8.42,195782,47.43,34783,8.43,78103,47.54,13876,8.45,47.42,119018,8.42
Bhadradri,,76128533B30246762498957,IND,ADM2,primary_healthcare,TIME,6000,853123,55592,60.21,11939,12.93,263913,60.29,56677,12.95,771392,60.37,165659,12.96,249326,60.4,53544,12.97,99464,60.54,21361,13.0,60.39,183211,12.97
Bhadradri,,76128533B30246762498957,IND,ADM2,primary_healthcare,TIME,6600,944778,61565,66.68,5973,6.47,292266,66.76,28353,6.48,854267,66.86,82875,6.49,276112,66.89,26786,6.49,110149,67.04,10685,6.5,66.88,91655,6.49
Bhadradri,,76128533B30246762498957,IND,ADM2,primary_healthcare,TIME,7200,1077001,70181,76.02,8616,9.33,333169,76.11,40903,9.34,973822,76.21,119555,9.36,314755,76.26,38643,9.36,125565,76.42,15416,9.38,76.24,132223,9.36
Siddipet,,76128533B31111781432113,IND,ADM2,primary_healthcare,TIME,2400,1,0,0.0,0,0.0,0,0.0,0,0.0,1,0.0,1,0.0,0,0.0,0,0.0,0,0.0,0,0.0,0.0,1,0.0
Siddipet,,76128533B31111781432113,IND,ADM2,primary_healthcare,TIME,3000,18086,1433,1.76,1433,1.76,6130,1.7,6130,1.7,16329,1.66,16328,1.66,4962,1.64,4962,1.64,2133,1.59,2133,1.59,1.65,18085,1.65
Siddipet,,76128533B31111781432113,IND,ADM2,primary_healthcare,TIME,3600,106273,8423,10.36,6990,8.59,36023,9.97,29893,8.27,95947,9.75,79618,8.09,29157,9.63,24195,7.99,12535,9.35,10402,7.76,9.7,88187,8.05
Siddipet,,76128533B31111781432113,IND,ADM2,primary_healthcare,TIME,4200,216775,17180,21.12,8757,10.77,73476,20.33,37453,10.36,195709,19.88,99762,10.13,59474,19.64,30317,10.01,25572,19.08,13037,9.73,19.78,110502,10.09
Siddipet,,76128533B31111781432113,IND,ADM2,primary_healthcare,TIME,4800,278486,22036,27.09,4856,5.97,94339,26.1,20863,5.77,251393,25.54,55684,5.66,76416,25.23,16942,5.59,32881,24.54,7309,5.45,25.42,61711,5.63
Siddipet,,76128533B31111781432113,IND,ADM2,primary_healthcare,TIME,5400,415522,32295,39.71,10259,12.61,139852,38.7,45513,12.59,374589,38.05,123196,12.51,114186,37.71,37770,12.47,49570,36.99,16689,12.45,37.92,137036,12.51
Siddipet,,76128533B31111781432113,IND,ADM2,primary_healthcare,TIME,6000,721144,55703,68.49,23408,28.78,242180,67.01,102328,28.32,649806,66.01,275217,27.96,198271,65.47,84085,27.77,86328,64.42,36758,27.43,65.82,305622,27.89
Siddipet,,76128533B31111781432113,IND,ADM2,primary_healthcare,TIME,6600,839755,64369,79.14,8666,10.66,281194,77.81,39014,10.8,756253,76.82,106447,10.81,231045,76.3,32774,10.82,100957,75.33,14629,10.92,76.64,118611,10.83
Siddipet,,76128533B31111781432113,IND,ADM2,primary_healthcare,TIME,7200,980598,73674,90.59,9305,11.44,325389,90.04,44195,12.23,881808,89.57,125555,12.75,270504,89.33,39459,13.03,119173,88.93,18216,13.59,89.5,140843,12.85
Rangareddy,,76128533B31175522938788,IND,ADM2,primary_healthcare,TIME,600,20014,1628,0.6,1628,0.6,6468,0.6,6468,0.6,18696,0.61,18696,0.61,5877,0.61,5877,0.61,1733,0.58,1733,0.58,0.6,20014,0.6
Rangareddy,,76128533B31175522938788,IND,ADM2,primary_healthcare,TIME,1200,1050427,85448,31.5,83820,30.9,339797,31.38,333329,30.78,981457,31.82,962761,31.21,308516,32.08,302639,31.47,90804,30.47,89071,29.89,31.7,1030413,31.1
Rangareddy,,76128533B31175522938788,IND,ADM2,primary_healthcare,TIME,1800,2018373,164486,60.64,79038,29.14,650929,60.12,311132,28.73,1884654,61.1,903197,29.28,592426,61.6,283910,29.52,175673,58.96,84869,28.48,60.91,967946,29.21
Rangareddy,,76128533B31175522938788,IND,ADM2,primary_healthcare,TIME,2400,2432389,198269,73.1,33783,12.46,784528,72.45,133599,12.34,2270283,73.6,385629,12.5,713322,74.17,120896,12.57,212665,71.37,36992,12.41,73.4,414016,12.49
Rangareddy,,76128533B31175522938788,IND,ADM2,primary_healthcare,TIME,3000,2756797,224940,82.93,26671,9.83,891654,82.35,107126,9.89,2571382,83.36,301099,9.76,806496,83.86,93174,9.69,242718,81.46,30053,10.09,83.19,324408,9.79
Rangareddy,,76128533B31175522938788,IND,ADM2,primary_healthcare,TIME,3600,3017286,246518,90.89,21578,7.96,979825,90.49,88171,8.14,2812107,91.16,240725,7.8,879906,91.5,73410,7.63,267896,89.91,25178,8.45,91.05,260489,7.86
Rangareddy,,76128533B31175522938788,IND,ADM2,primary_healthcare,TIME,4200,3192061,261057,96.25,14539,5.36,1040052,96.05,60227,5.56,2973036,96.38,160929,5.22,928436,96.54,48530,5.05,285375,95.77,17479,5.87,96.33,174775,5.27
Rangareddy,,76128533B31175522938788,IND,ADM2,primary_healthcare,TIME,4800,3259314,266669,98.32,5612,2.07,1063520,98.22,23468,2.17,3034806,98.38,61770,2.0,946913,98.46,18477,1.92,292256,98.08,6881,2.31,98.36,67253,2.03
Rangareddy,,76128533B31175522938788,IND,ADM2,primary_healthcare,TIME,5400,3296447,269785,99.47,3116,1.15,1076694,99.44,13174,1.22,3068809,99.49,34003,1.1,956975,99.51,10062,1.05,296158,99.39,3902,1.31,99.48,37133,1.12
Rangareddy,,76128533B31175522938788,IND,ADM2,primary_healthcare,TIME,6000,3313753,271231,100.0,1446,0.53,1082788,100.0,6094,0.56,3084669,100.0,15860,0.51,961690,100.0,4715,0.49,297964,100.0,1806,0.61,100.0,17306,0.52
Rangareddy,,76128533B31175522938788,IND,ADM2,primary_healthcare,TIME,6600,3313753,271231,100.0,0,0.0,1082788,100.0,0,0.0,3084669,100.0,0,0.0,961690,100.0,0,0.0,297964,100.0,0,0.0,100.0,0,0.0
Rangareddy,,76128533B31175522938788,IND,ADM2,primary_healthcare,TIME,7200,3313753,271231,100.0,0,0.0,1082788,100.0,0,0.0,3084669,100.0,0,0.0,961690,100.0,0,0.0,297964,100.0,0,0.0,100.0,0,0.0
Nagarkurnool,,76128533B31246189674263,IND,ADM2,primary_healthcare,TIME,4200,7713,648,0.75,648,0.75,2750,0.75,2750,0.75,7055,0.74,7055,0.74,2080,0.74,2080,0.74,817,0.74,817,0.74,0.74,7713,0.74
Nagarkurnool,,76128533B31246189674263,IND,ADM2,primary_healthcare,TIME,4800,62819,5279,6.11,4631,5.36,22400,6.09,19650,5.34,57466,6.07,50411,5.32,16947,6.05,14867,5.31,6658,6.0,5841,5.26,6.06,55106,5.32
Nagarkurnool,,76128533B31246189674263,IND,ADM2,primary_healthcare,TIME,5400,146080,12276,14.2,6997,8.09,52089,14.15,29689,8.07,133633,14.11,76167,8.04,39409,14.08,22462,8.02,15483,13.95,8825,7.95,14.09,83261,8.03
Nagarkurnool,,76128533B31246189674263,IND,ADM2,primary_healthcare,TIME,6000,316531,26553,30.71,14277,16.51,112755,30.63,60666,16.48,289481,30.56,155848,16.45,85408,30.51,45999,16.43,33629,30.3,18146,16.35,30.53,170451,16.44
Nagarkurnool,,76128533B31246189674263,IND,ADM2,primary_healthcare,TIME,6600,514623,43194,49.96,16641,19.25,183375,49.82,70620,19.19,470683,49.68,181202,19.13,138852,49.61,53444,19.09,54636,49.22,21007,18.93,49.64,198092,19.11
Nagarkurnool,,76128533B31246189674263,IND,ADM2,primary_healthcare,TIME,7200,717285,60030,69.43,16836,19.47,255178,69.32,71803,19.51,655754,69.22,185071,19.54,193587,69.16,54735,19.55,76440,68.87,21804,19.64,69.18,202662,19.55
Jorhat,,76128533B334793883930,IND,ADM2,primary_healthcare,TIME,6000,5402,417,0.63,417,0.63,1772,0.61,1772,0.61,5021,0.61,5021,0.61,1558,0.6,1558,0.6,493,0.58,493,0.58,0.6,5402,0.6
Jorhat,,76128533B334793883930,IND,ADM2,primary_healthcare,TIME,6600,38548,2874,4.33,2457,3.7,12429,4.31,10657,3.69,35687,4.31,30666,3.7,11165,4.3,9607,3.7,3662,4.28,3169,3.71,4.3,33146,3.7
Jorhat,,76128533B334793883930,IND,ADM2,primary_healthcare,TIME,7200,141877,10538,15.87,7664,11.54,45662,15.82,33233,11.52,131291,15.84,95604,11.54,41114,15.84,29949,11.54,13534,15.83,9872,11.55,15.84,103329,11.54
Gadag,,76128533B33966968116377,IND,ADM2,primary_healthcare,TIME,4200,0,0,0.0,0,0.0,0,0.0,0,0.0,0,0.0,0,0.0,0,0.0,0,0.0,0,0.0,0,0.0,0.0,0,0.0
Gadag,,76128533B33966968116377,IND,ADM2,primary_healthcare,TIME,4800,11669,971,0.98,971,0.98,3879,0.98,3879,0.98,10587,0.98,10587,0.98,3207,0.98,3207,0.98,1325,0.98,1325,0.98,0.98,11669,0.98
Gadag,,76128533B33966968116377,IND,ADM2,primary_healthcare,TIME,5400,52233,4348,4.39,3377,3.41,17364,4.39,13485,3.41,47388,4.39,36801,3.41,14356,4.39,11149,3.41,5931,4.39,4606,3.41,4.39,40564,3.41
Gadag,,76128533B33966968116377,IND,ADM2,primary_healthcare,TIME,6000,231854,19303,19.49,14955,15.1,77079,19.49,59715,15.1,210346,19.5,162958,15.11,63724,19.51,49368,15.11,26327,19.5,20396,15.11,19.5,179621,15.11
Gadag,,76128533B33966968116377,IND,ADM2,primary_healthcare,TIME,6600,328396,27340,27.6,8037,8.11,109175,27.61,32096,8.12,297932,27.62,87586,8.12,90258,27.63,26534,8.12,37289,27.62,10962,8.12,27.62,96542,8.12
Gadag,,76128533B33966968116377,IND,ADM2,primary_healthcare,TIME,7200,399524,33263,33.58,5923,5.98,132823,33.59,23648,5.98,362462,33.61,64530,5.98,109807,33.61,19549,5.98,45365,33.61,8076,5.98,33.61,71128,5.98
Gautam Buddha Nagar,,76128533B34462889864078,IND,ADM2,primary_healthcare,TIME,2400,510651,52208,17.49,52208,17.49,200957,17.46,200957,17.46,482674,17.5,482674,17.5,133517,17.5,133517,17.5,38591,17.44,38591,17.44,17.49,510651,17.49
Gautam Buddha Nagar,,76128533B34462889864078,IND,ADM2,primary_healthcare,TIME,3000,1651692,168833,56.56,116625,39.07,650049,56.49,449092,39.03,1561215,56.59,1078541,39.1,431922,56.63,298405,39.12,124808,56.42,86217,38.97,56.58,1141041,39.09
Gautam Buddha Nagar,,76128533B34462889864078,IND,ADM2,primary_healthcare,TIME,3600,2436233,249057,83.44,80224,26.88,959355,83.37,309306,26.88,2302636,83.47,741421,26.88,636850,83.49,204928,26.87,184236,83.28,59428,26.86,83.45,784541,26.87
Gautam Buddha Nagar,,76128533B34462889864078,IND,ADM2,primary_healthcare,TIME,4200,2805366,286825,96.09,37768,12.65,1105087,96.04,145732,12.67,2651362,96.11,348726,12.64,733202,96.12,96352,12.63,212316,95.98,28080,12.69,96.1,369133,12.64
Gautam Buddha Nagar,,76128533B34462889864078,IND,ADM2,primary_healthcare,TIME,4800,2904716,296989,99.5,10164,3.41,1144777,99.49,39690,3.45,2745035,99.5,93673,3.4,759014,99.51,25812,3.38,220059,99.48,7743,3.5,99.5,99350,3.4
Gautam Buddha Nagar,,76128533B34462889864078,IND,ADM2,primary_healthcare,TIME,5400,2919277,298485,100.0,1496,0.5,1150662,100.0,5885,0.51,2758737,100.0,13702,0.5,762765,100.0,3751,0.49,221220,100.0,1161,0.52,100.0,14561,0.5
Gautam Buddha Nagar,,76128533B34462889864078,IND,ADM2,primary_healthcare,TIME,6000,2919277,298485,100.0,0,0.0,1150662,100.0,0,0.0,2758737,100.0,0,0.0,762765,100.0,0,0.0,221220,100.0,0,0.0,100.0,0,0.0
Gautam Buddha Nagar,,76128533B34462889864078,IND,ADM2,primary_healthcare,TIME,6600,2919277,298485,100.0,0,0.0,1150662,100.0,0,0.0,2758737,100.0,0,0.0,762765,100.0,0,0.0,221220,100.0,0,0.0,100.0,0,0.0
Gautam Buddha Nagar,,76128533B34462889864078,IND,ADM2,primary_healthcare,TIME,7200,2919277,298485,100.0,0,0.0,1150662,100.0,0,0.0,2758737,100.0,0,0.0,762765,100.0,0,0.0,221220,100.0,0,0.0,100.0,0,0.0
Warangal (U),,76128533B34824326075805,IND,ADM2,primary_healthcare,TIME,4800,21133,1298,1.99,1298,1.99,6578,1.99,6578,1.99,18753,1.99,18753,1.99,5906,1.99,5906,1.99,2819,1.98,2819,1.98,1.99,21133,1.99
Warangal (U),,76128533B34824326075805,IND,ADM2,primary_healthcare,TIME,5400,475347,29216,44.8,27918,42.81,147973,44.79,141395,42.8,421809,44.7,403056,42.71,132848,44.66,126942,42.67,63419,44.65,60600,42.67,44.69,454214,42.71
Warangal (U),,76128533B34824326075805,IND,ADM2,primary_healthcare,TIME,6000,967027,59431,91.14,30215,46.33,301009,91.11,153036,46.32,858107,90.94,436298,46.24,270269,90.85,137421,46.19,129021,90.84,65602,46.19,90.92,491680,46.23
Warangal (U),,76128533B34824326075805,IND,ADM2,primary_healthcare,TIME,6600,1015304,62364,95.63,2933,4.5,315883,95.62,14874,4.5,900919,95.47,42812,4.54,283815,95.4,13546,4.55,135490,95.4,6469,4.55,95.46,48277,4.54
Warangal (U),,76128533B34824326075805,IND,ADM2,primary_healthcare,TIME,7200,1055543,64732,99.27,2368,3.63,327933,99.26,12050,3.65,936539,99.25,35620,3.77,295225,99.24,11410,3.84,140944,99.24,5454,3.84,99.25,40239,3.78
Idukki,,76128533B35083559759016,IND,ADM2,primary_healthcare,TIME,6000,291,18,0.03,18,0.03,73,0.03,73,0.03,261,0.03,261,0.03,84,0.03,84,0.03,36,0.02,36,0.02,0.03,291,0.03
Idukki,,76128533B35083559759016,IND,ADM2,primary_healthcare,TIME,6600,477,29,0.04,11,0.02,120,0.04,47,0.02,425,0.04,164,0.02,134,0.04,50,0.02,61,0.04,25,0.02,0.04,186,0.02
Idukki,,76128533B35083559759016,IND,ADM2,primary_healthcare,TIME,7200,3976,242,0.36,213,0.32,1001,0.36,881,0.32,3525,0.36,3100,0.32,1088,0.36,954,0.32,533,0.36,472,0.32,0.36,3499,0.32
Samli,,76128533B35465481868600,IND,ADM2,primary_healthcare,TIME,6000,2845,291,0.19,291,0.19,1237,0.19,1237,0.19,2652,0.19,2652,0.19,713,0.2,713,0.2,251,0.19,251,0.19,0.19,2845,0.19
Samli,,76128533B35465481868600,IND,ADM2,primary_healthcare,TIME,6600,123207,12633,8.41,12342,8.22,53598,8.41,52361,8.22,114886,8.41,112234,8.22,30756,8.44,30043,8.25,10882,8.43,10631,8.24,8.41,120362,8.22
Samli,,76128533B35465481868600,IND,ADM2,primary_healthcare,TIME,7200,608004,62361,41.52,49728,33.11,264592,41.52,210994,33.11,567011,41.52,452125,33.11,151350,41.54,120594,33.1,53631,41.56,42749,33.12,41.52,484797,33.11
Krishnagiri,,76128533B35717069663408,IND,ADM2,primary_healthcare,TIME,1800,78046,5990,3.82,5990,3.82,24640,3.81,24640,3.81,71587,3.84,71587,3.84,22281,3.84,22281,3.84,8080,3.88,8080,3.88,3.84,78046,3.84
Krishnagiri,,76128533B35717069663408,IND,ADM2,primary_healthcare,TIME,2400,351625,27088,17.26,21098,13.44,111604,17.27,86964,13.46,322721,17.3,251134,13.46,100364,17.3,78083,13.46,36212,17.4,28132,13.52,17.31,273579,13.46
Krishnagiri,,76128533B35717069663408,IND,ADM2,primary_healthcare,TIME,3000,614714,47416,30.21,20328,12.95,195226,30.21,83622,12.94,564404,30.25,241683,12.95,175499,30.26,75135,12.95,63087,30.31,26875,12.91,30.25,263089,12.95
Krishnagiri,,76128533B35717069663408,IND,ADM2,primary_healthcare,TIME,3600,874562,67503,43.01,20087,12.8,277953,43.02,82727,12.8,803064,43.04,238660,12.79,249674,43.04,74175,12.79,89677,43.09,26590,12.78,43.04,259848,12.79
Krishnagiri,,76128533B35717069663408,IND,ADM2,primary_healthcare,TIME,4200,988021,76272,48.6,8769,5.59,314069,48.6,36116,5.59,907266,48.62,104202,5.58,282056,48.63,32382,5.58,101292,48.67,11615,5.58,48.63,113459,5.58
Krishnagiri,,76128533B35717069663408,IND,ADM2,primary_healthcare,TIME,4800,1294208,99943,63.68,23671,15.08,411540,63.69,97471,15.08,1188505,63.7,281239,15.07,369455,63.69,87399,15.07,132604,63.72,31312,15.05,63.7,306187,15.07
Krishnagiri,,76128533B35717069663408,IND,ADM2,primary_healthcare,TIME,5400,1517907,117242,74.71,17299,11.02,482762,74.71,71222,11.02,1393990,74.71,205485,11.01,433317,74.7,63862,11.01,155468,74.7,22864,10.99,74.71,223699,11.01
Krishnagiri,,76128533B35717069663408,IND,ADM2,primary_healthcare,TIME,6000,1675749,129442,82.48,12200,7.77,532985,82.48,50223,7.77,1538962,82.48,144972,7.77,478386,82.47,45069,7.77,171619,82.46,16151,7.76,82.48,157842,7.77
Krishnagiri,,76128533B35717069663408,IND,ADM2,primary_healthcare,TIME,6600,1802259,139215,88.71,9773,6.23,573220,88.71,40235,6.23,1655145,88.7,116183,6.23,514512,88.7,36126,6.23,184576,88.69,12957,6.23,88.7,126510,6.23
Krishnagiri,,76128533B35717069663408,IND,ADM2,primary_healthcare,TIME,7200,2006920,155021,98.78,15806,10.07,638292,98.78,65072,10.07,1843085,98.78,187940,10.07,572954,98.77,58442,10.08,205551,98.77,20975,10.08,98.78,204661,10.07
Hamirpur,,76128533B35956162202704,IND,ADM2,primary_healthcare,TIME,4200,5782,399,1.05,399,1.05,1676,1.06,1676,1.06,4969,1.06,4969,1.06,1642,1.07,1642,1.07,933,1.1,933,1.1,1.07,5782,1.07
Hamirpur,,76128533B35956162202704,IND,ADM2,primary_healthcare,TIME,4800,31809,2221,5.87,1822,4.82,9286,5.88,7610,4.82,27514,5.87,22545,4.81,9015,5.88,7373,4.81,4955,5.82,4022,4.73,5.87,26027,4.8
Hamirpur,,76128533B35956162202704,IND,ADM2,primary_healthcare,TIME,5400,66438,4616,12.2,2395,6.33,19327,12.25,10041,6.36,57274,12.23,29760,6.35,18853,12.3,9838,6.42,10545,12.39,5590,6.57,12.25,34629,6.39
Hamirpur,,76128533B35956162202704,IND,ADM2,primary_healthcare,TIME,6000,181096,12552,33.18,7936,20.98,52589,33.32,33262,21.08,155855,33.28,98581,21.05,51421,33.54,32568,21.24,29005,34.09,18460,21.7,33.4,114658,21.15
Hamirpur,,76128533B35956162202704,IND,ADM2,primary_healthcare,TIME,6600,256147,17747,46.91,5195,13.73,74363,47.12,21774,13.8,220381,47.06,64526,13.78,72738,47.44,21317,13.9,41089,48.29,12084,14.2,47.25,75051,13.84
Hamirpur,,76128533B35956162202704,IND,ADM2,primary_healthcare,TIME,7200,354204,24572,64.95,6825,18.04,102892,65.2,28529,18.08,304958,65.11,84577,18.06,100520,65.56,27782,18.12,56608,66.53,15519,18.24,65.33,98057,18.09
Palghar,,76128533B37148244536449,IND,ADM2,primary_healthcare,TIME,1800,8422,668,0.22,668,0.22,2617,0.22,2617,0.22,7930,0.22,7930,0.22,2458,0.22,2458,0.22,666,0.22,666,0.22,0.22,8422,0.22
Palghar,,76128533B37148244536449,IND,ADM2,primary_healthcare,TIME,2400,201945,16018,5.3,15350,5.08,62752,5.3,60135,5.08,190147,5.3,182217,5.08,59142,5.3,56684,5.08,15996,5.3,15330,5.08,5.3,193523,5.08
Palghar,,76128533B37148244536449,IND,ADM2,primary_healthcare,TIME,3000,1418107,112483,37.19,96465,31.89,440662,37.2,377910,31.9,1335255,37.21,1145108,31.92,415273,37.23,356131,31.93,112329,37.23,96333,31.93,37.22,1216162,31.92
Palghar,,76128533B37148244536449,IND,ADM2,primary_healthcare,TIME,3600,1854046,147061,48.62,34578,11.43,576125,48.63,135463,11.44,1745727,48.65,410472,11.44,542820,48.66,127547,11.43,146857,48.68,34528,11.45,48.66,435939,11.44
Palghar,,76128533B37148244536449,IND,ADM2,primary_healthcare,TIME,4200,2026246,160719,53.14,13658,4.52,629634,53.15,53509,4.52,1907866,53.17,162139,4.52,593260,53.19,50440,4.52,160498,53.2,13641,4.52,53.18,172200,4.52
Palghar,,76128533B37148244536449,IND,ADM2,primary_healthcare,TIME,4800,2328908,184726,61.08,24007,7.94,723683,61.09,94049,7.94,2192845,61.12,284979,7.94,681915,61.13,88655,7.95,184472,61.15,23974,7.95,61.12,302662,7.94
Palghar,,76128533B37148244536449,IND,ADM2,primary_healthcare,TIME,5400,2710132,214965,71.07,30239,10.0,842145,71.09,118462,10.0,2551795,71.12,358950,10.0,793580,71.15,111665,10.01,214670,71.16,30198,10.01,71.12,381224,10.0
Palghar,,76128533B37148244536449,IND,ADM2,primary_healthcare,TIME,6000,3014645,239119,79.06,24154,7.99,936769,79.08,94624,7.99,2838516,79.11,286721,7.99,882772,79.14,89192,8.0,238791,79.15,24121,8.0,79.12,304513,7.99
Palghar,,76128533B37148244536449,IND,ADM2,primary_healthcare,TIME,6600,3534907,280390,92.71,41271,13.65,1098451,92.73,161682,13.65,3328373,92.76,489857,13.65,1035151,92.8,152379,13.66,280011,92.82,41220,13.66,92.77,520262,13.65
Palghar,,76128533B37148244536449,IND,ADM2,primary_healthcare,TIME,7200,3663423,290718,96.12,10328,3.41,1138748,96.13,40297,3.4,3449482,96.14,121109,3.38,1072512,96.15,37361,3.35,290089,96.16,10078,3.34,96.14,128516,3.37
Kapurthala,,76128533B37199077904074,IND,ADM2,primary_healthcare,TIME,1800,5765,384,0.61,384,0.61,1705,0.6,1705,0.6,5194,0.63,5194,0.63,1599,0.64,1599,0.64,690,0.59,690,0.59,0.63,5765,0.63
Kapurthala,,76128533B37199077904074,IND,ADM2,primary_healthcare,TIME,2400,122661,8308,13.26,7924,12.64,37364,13.23,35659,12.63,109553,13.3,104359,12.67,33556,13.36,31957,12.72,15658,13.5,14968,12.9,13.33,116896,12.7
Kapurthala,,76128533B37199077904074,IND,ADM2,primary_healthcare,TIME,3000,209391,14219,22.69,5911,9.43,64022,22.67,26658,9.44,187129,22.73,77576,9.42,57208,22.78,23652,9.42,26614,22.94,10956,9.44,22.75,86730,9.42
Kapurthala,,76128533B37199077904074,IND,ADM2,primary_healthcare,TIME,3600,327998,22298,35.58,8079,12.89,100405,35.55,36383,12.88,293309,35.62,106180,12.9,89597,35.67,32389,12.9,41506,35.78,14892,12.84,35.64,118607,12.89
Kapurthala,,76128533B37199077904074,IND,ADM2,primary_healthcare,TIME,4200,616845,41964,66.96,19666,31.38,188975,66.92,88570,31.36,551736,67.01,258427,31.39,168471,67.07,78874,31.4,77930,67.18,36424,31.4,67.03,288847,31.39
Kapurthala,,76128533B37199077904074,IND,ADM2,primary_healthcare,TIME,4800,819885,55809,89.05,13845,22.09,251433,89.03,62458,22.12,733559,89.09,181823,22.08,223830,89.11,55359,22.04,103368,89.11,25438,21.93,89.09,203040,22.06
Kapurthala,,76128533B37199077904074,IND,ADM2,primary_healthcare,TIME,5400,893395,60829,97.06,5020,8.01,274099,97.06,22666,8.03,799347,97.08,65788,7.99,243852,97.09,20022,7.97,112618,97.08,9250,7.97,97.08,73510,7.99
Kapurthala,,76128533B37199077904074,IND,ADM2,primary_healthcare,TIME,6000,920273,62670,100.0,1841,2.94,282404,100.0,8305,2.94,823400,100.0,24053,2.92,251172,100.0,7320,2.91,116001,100.0,3383,2.92,100.0,26878,2.92
Kapurthala,,76128533B37199077904074,IND,ADM2,primary_healthcare,TIME,6600,920273,62670,100.0,0,0.0,282404,100.0,0,0.0,823400,100.0,0,0.0,251172,100.0,0,0.0,116001,100.0,0,0.0,100.0,0,0.0
Kapurthala,,76128533B37199077904074,IND,ADM2,primary_healthcare,TIME,7200,920273,62670,100.0,0,0.0,282404,100.0,0,0.0,823400,100.0,0,0.0,251172,100.0,0,0.0,116001,100.0,0,0.0,100.0,0,0.0
Pithoragarh,,76128533B38561771925520,IND,ADM2,primary_healthcare,TIME,1800,0,0,0.0,0,0.0,0,0.0,0,0.0,0,0.0,0,0.0,0,0.0,0,0.0,0,0.0,0,0.0,0.0,0,0.0
Pithoragarh,,76128533B38561771925520,IND,ADM2,primary_healthcare,TIME,2400,0,0,0.0,0,0.0,0,0.0,0,0.0,0,0.0,0,0.0,0,0.0,0,0.0,0,0.0,0,0.0,0.0,0,0.0
Pithoragarh,,76128533B38561771925520,IND,ADM2,primary_healthcare,TIME,3000,12,1,0.0,1,0.0,4,0.0,4,0.0,11,0.0,11,0.0,3,0.0,3,0.0,1,0.0,1,0.0,0.0,12,0.0
Pithoragarh,,76128533B38561771925520,IND,ADM2,primary_healthcare,TIME,3600,4549,418,1.0,417,1.0,1780,1.02,1776,1.02,4143,0.95,4132,0.95,1183,0.9,1180,0.9,500,0.79,499,0.79,0.93,4537,0.93
Pithoragarh,,76128533B38561771925520,IND,ADM2,primary_healthcare,TIME,4200,5223,476,1.14,58,0.14,2022,1.16,242,0.14,4746,1.09,603,0.14,1364,1.04,181,0.14,585,0.93,85,0.13,1.07,674,0.14
Pithoragarh,,76128533B38561771925520,IND,ADM2,primary_healthcare,TIME,4800,12503,1095,2.63,619,1.49,4612,2.65,2590,1.49,11237,2.58,6491,1.49,3322,2.53,1958,1.49,1525,2.42,940,1.49,2.56,7280,1.49
Pithoragarh,,76128533B38561771925520,IND,ADM2,primary_healthcare,TIME,5400,48585,4165,10.0,3070,7.37,17448,10.02,12836,7.37,43411,9.96,32174,7.38,13026,9.91,9704,7.38,6184,9.81,4659,7.39,9.94,36082,7.38
Pithoragarh,,76128533B38561771925520,IND,ADM2,primary_healthcare,TIME,6000,92438,7896,18.97,3731,8.96,33046,18.98,15598,8.96,82511,18.92,39100,8.97,24821,18.88,11795,8.97,11847,18.79,5663,8.98,18.91,43853,8.97
Pithoragarh,,76128533B38561771925520,IND,ADM2,primary_healthcare,TIME,6600,281970,24021,57.7,16125,38.73,100460,57.71,67414,38.72,251507,57.68,168996,38.76,75798,57.66,50977,38.78,36324,57.62,24477,38.82,57.67,189532,38.76
Pithoragarh,,76128533B38561771925520,IND,ADM2,primary_healthcare,TIME,7200,304911,25976,62.39,1955,4.7,108632,62.4,8172,4.69,271969,62.37,20462,4.69,81965,62.35,6167,4.69,39280,62.3,2956,4.69,62.36,22941,4.69
Lower Dibang Valley,,76128533B38784530776316,IND,ADM2,primary_healthcare,TIME,5400,2844,272,5.9,272,5.9,1164,5.87,1164,5.87,2734,5.96,2734,5.96,792,5.99,792,5.99,169,6.31,169,6.31,5.98,2844,5.98
Lower Dibang Valley,,76128533B38784530776316,IND,ADM2,primary_healthcare,TIME,6000,12539,1217,26.4,945,20.5,5234,26.41,4070,20.54,12094,26.39,9360,20.42,3485,26.38,2693,20.38,704,26.27,535,19.96,26.38,9695,20.4
Lower Dibang Valley,,76128533B38784530776316,IND,ADM2,primary_healthcare,TIME,6600,14783,1435,31.13,218,4.73,6175,31.16,941,4.75,14261,31.11,2167,4.73,4109,31.1,624,4.72,829,30.93,125,4.66,31.1,2244,4.72
Lower Dibang Valley,,76128533B38784530776316,IND,ADM2,primary_healthcare,TIME,7200,16425,1589,34.47,154,3.34,6819,34.41,644,3.25,15828,34.53,1567,3.42,4568,34.57,459,3.47,938,35.0,109,4.07,34.56,1642,3.45
Barnala,,76128533B39051871473194,IND,ADM2,primary_healthcare,TIME,3000,19907,1408,3.02,1408,3.02,6208,3.02,6208,3.02,17730,3.01,17730,3.01,5277,3.02,5277,3.02,2591,3.01,2591,3.01,3.01,19907,3.01
Barnala,,76128533B39051871473194,IND,ADM2,primary_healthcare,TIME,3600,121009,8525,18.3,7117,15.28,37640,18.3,31432,15.28,107784,18.29,90054,15.28,31979,18.3,26702,15.28,15740,18.29,13149,15.28,18.29,101102,15.28
Barnala,,76128533B39051871473194,IND,ADM2,primary_healthcare,TIME,4200,261579,18421,39.55,9896,21.25,81344,39.54,43704,21.24,232994,39.53,125210,21.24,69107,39.55,37128,21.25,34022,39.53,18282,21.24,39.53,140570,21.24
Barnala,,76128533B39051871473194,IND,ADM2,primary_healthcare,TIME,4800,478378,33675,72.3,15254,32.75,148724,72.29,67380,32.75,426106,72.3,193112,32.76,126346,72.3,57239,32.76,62216,72.28,28194,32.76,72.29,216799,32.76
Barnala,,76128533B39051871473194,IND,ADM2,primary_healthcare,TIME,5400,604995,42585,91.43,8910,19.13,188078,91.42,39354,19.13,538889,91.43,112783,19.14,159777,91.43,33431,19.13,78681,91.41,16465,19.13,91.43,126617,19.13
Barnala,,76128533B39051871473194,IND,ADM2,primary_healthcare,TIME,6000,661708,46578,100.0,3993,8.57,205719,100.0,17641,8.58,589390,100.0,50501,8.57,174746,100.0,14969,8.57,86072,100.0,7391,8.59,100.0,56713,8.57
Barnala,,76128533B39051871473194,IND,ADM2,primary_healthcare,TIME,6600,661709,46578,100.0,0,0.0,205719,100.0,0,0.0,589390,100.0,0,0.0,174746,100.0,0,0.0,86072,100.0,0,0.0,100.0,1,0.0
Barnala,,76128533B39051871473194,IND,ADM2,primary_healthcare,TIME,7200,661709,46578,100.0,0,0.0,205719,100.0,0,0.0,589390,100.0,0,0.0,174746,100.0,0,0.0,86072,100.0,0,0.0,100.0,0,0.0
Patiala,,76128533B39368211148513,IND,ADM2,primary_healthcare,TIME,2400,10670,770,0.46,770,0.46,3279,0.46,3279,0.46,9616,0.47,9616,0.47,2921,0.47,2921,0.47,1275,0.48,1275,0.48,0.47,10670,0.47
Patiala,,76128533B39368211148513,IND,ADM2,primary_healthcare,TIME,3000,64543,4727,2.81,3957,2.35,20011,2.82,16732,2.36,58249,2.83,48633,2.36,17728,2.83,14807,2.37,7634,2.85,6359,2.37,2.83,53873,2.36
Patiala,,76128533B39368211148513,IND,ADM2,primary_healthcare,TIME,3600,293670,21599,12.84,16872,10.03,91298,12.87,71287,10.05,265152,12.89,206903,10.06,80743,12.9,63015,10.07,34622,12.91,26988,10.06,12.89,229127,10.06
Patiala,,76128533B39368211148513,IND,ADM2,primary_healthcare,TIME,4200,727586,53474,31.79,31875,18.95,226108,31.86,134810,19.0,656862,31.92,391710,19.04,200003,31.95,119260,19.05,85847,32.01,51225,19.1,31.94,433916,19.05
Patiala,,76128533B39368211148513,IND,ADM2,primary_healthcare,TIME,4800,1586557,116820,69.45,63346,37.66,493165,69.49,267057,37.63,1432746,69.63,775884,37.71,436210,69.68,236207,37.73,186789,69.66,100942,37.64,69.64,858971,37.7
Patiala,,76128533B39368211148513,IND,ADM2,primary_healthcare,TIME,5400,1937183,142795,84.9,25975,15.44,602578,84.91,109413,15.42,1749457,85.03,316711,15.39,532518,85.06,96308,15.38,227992,85.02,41203,15.37,85.03,350626,15.39
Patiala,,76128533B39368211148513,IND,ADM2,primary_healthcare,TIME,6000,2172606,160203,95.25,17408,10.35,676056,95.27,73478,10.35,1962019,95.36,212562,10.33,597168,95.39,64650,10.33,255747,95.37,27755,10.35,95.36,235423,10.33
Patiala,,76128533B39368211148513,IND,ADM2,primary_healthcare,TIME,6600,2276250,168020,99.89,7817,4.65,708919,99.9,32863,4.63,2055646,99.91,93627,4.55,625470,99.91,28302,4.52,267919,99.91,12172,4.54,99.91,103644,4.55
Patiala,,76128533B39368211148513,IND,ADM2,primary_healthcare,TIME,7200,2278332,168199,100.0,179,0.11,709649,100.0,730,0.1,2057528,100.0,1882,0.09,626017,100.0,547,0.09,268161,100.0,242,0.09,100.0,2082,0.09
Kozhikode,,76128533B3985531353014,IND,ADM2,primary_healthcare,TIME,3000,64749,4598,1.91,4598,1.91,18071,1.92,18071,1.92,57223,1.93,57223,1.93,18706,1.93,18706,1.93,8871,1.94,8871,1.94,1.93,64749,1.93
Kozhikode,,76128533B3985531353014,IND,ADM2,primary_healthcare,TIME,3600,565650,42951,17.87,38353,15.96,166538,17.67,148467,15.75,504220,16.98,446997,15.06,164293,16.94,145587,15.01,73188,16.02,64317,14.08,16.86,500901,14.93
Kozhikode,,76128533B3985531353014,IND,ADM2,primary_healthcare,TIME,4200,1507950,109629,45.61,66678,27.74,428774,45.48,262236,27.82,1336626,45.02,832406,28.04,436449,44.99,272156,28.05,202669,44.37,129481,28.35,44.94,942300,28.08
Kozhikode,,76128533B3985531353014,IND,ADM2,primary_healthcare,TIME,4800,1954336,141206,58.75,31577,13.14,552969,58.66,124195,13.17,1730937,58.31,394311,13.28,565372,58.28,128923,13.29,264022,57.8,61353,13.43,58.24,446386,13.3
Kozhikode,,76128533B3985531353014,IND,ADM2,primary_healthcare,TIME,5400,2213266,159522,66.37,18316,7.62,625009,66.3,72040,7.64,1959660,66.01,228723,7.7,640155,65.99,74783,7.71,299611,65.59,35589,7.79,65.96,258930,7.72
Kozhikode,,76128533B3985531353014,IND,ADM2,primary_healthcare,TIME,6000,2555229,183711,76.43,24189,10.06,720149,76.39,95140,10.09,2261730,76.19,302070,10.18,738918,76.17,98763,10.18,346612,75.88,47001,10.29,76.15,341963,10.19
Kozhikode,,76128533B3985531353014,IND,ADM2,primary_healthcare,TIME,6600,3053677,218970,91.1,35259,14.67,858827,91.1,138678,14.71,2702029,91.02,440299,14.83,882877,91.01,143959,14.84,415122,90.88,68510,15.0,91.0,498448,14.85
Kozhikode,,76128533B3985531353014,IND,ADM2,primary_healthcare,TIME,7200,3327015,238318,99.15,19348,8.05,934773,99.15,75946,8.06,2943362,99.15,241333,8.13,961829,99.15,78952,8.14,452808,99.13,37686,8.25,99.14,273338,8.15
Sangareddy,,76128533B40480360118262,IND,ADM2,primary_healthcare,TIME,1800,22217,1788,1.28,1788,1.28,7328,1.23,7328,1.23,20403,1.28,20403,1.28,6311,1.3,6311,1.3,2275,1.1,2275,1.1,1.26,22217,1.26
Sangareddy,,76128533B40480360118262,IND,ADM2,primary_healthcare,TIME,2400,383805,30536,21.79,28748,20.52,129260,21.63,121932,20.4,347940,21.8,327537,20.52,106196,21.87,99885,20.57,43843,21.23,41568,20.13,21.74,361588,20.48
Sangareddy,,76128533B40480360118262,IND,ADM2,primary_healthcare,TIME,3000,532564,42342,30.22,11806,8.43,179577,30.05,50317,8.42,482428,30.23,134488,8.43,147125,30.3,40929,8.43,61205,29.64,17362,8.41,30.16,148759,8.42
Sangareddy,,76128533B40480360118262,IND,ADM2,primary_healthcare,TIME,3600,748817,59484,42.45,17142,12.23,252878,42.32,73301,12.27,677675,42.46,195247,12.23,206460,42.52,59335,12.22,86706,41.99,25501,12.35,42.41,216253,12.25
Sangareddy,,76128533B40480360118262,IND,ADM2,primary_healthcare,TIME,4200,868940,69007,49.25,9523,6.8,293586,49.13,40708,6.81,786144,49.26,108469,6.8,239428,49.31,32968,6.79,100858,48.84,14152,6.85,49.21,120123,6.8
Sangareddy,,76128533B40480360118262,IND,ADM2,primary_healthcare,TIME,4800,988530,78486,56.01,9479,6.76,334124,55.91,40538,6.78,894113,56.03,107969,6.77,272239,56.07,32811,6.76,114964,55.67,14106,6.83,55.99,119590,6.77
Sangareddy,,76128533B40480360118262,IND,ADM2,primary_healthcare,TIME,5400,1088228,86392,61.65,7906,5.64,367893,61.56,33769,5.65,984168,61.67,90055,5.64,299619,61.71,27380,5.64,126680,61.35,11716,5.67,61.63,99698,5.65
Sangareddy,,76128533B40480360118262,IND,ADM2,primary_healthcare,TIME,6000,1209572,96011,68.52,9619,6.86,409028,68.44,41135,6.88,1093721,68.53,109553,6.86,332910,68.57,33291,6.86,140993,68.28,14313,6.93,68.5,121344,6.87
Sangareddy,,76128533B40480360118262,IND,ADM2,primary_healthcare,TIME,6600,1404198,111457,79.54,15446,11.02,474990,79.48,65962,11.04,1269536,79.55,175815,11.02,386350,79.58,53440,11.01,163849,79.35,22856,11.07,79.53,194626,11.02
Sangareddy,,76128533B40480360118262,IND,ADM2,primary_healthcare,TIME,7200,1456388,115587,82.49,4130,2.95,492682,82.44,17692,2.96,1316650,82.5,47114,2.95,400676,82.53,14326,2.95,170010,82.33,6161,2.98,82.48,52190,2.96
Faridabad,,76128533B40638696154891,IND,ADM2,primary_healthcare,TIME,1200,1467,135,0.06,135,0.06,539,0.06,539,0.06,1387,0.06,1387,0.06,401,0.06,401,0.06,110,0.06,110,0.06,0.06,1467,0.06
Faridabad,,76128533B40638696154891,IND,ADM2,primary_healthcare,TIME,1800,285147,26362,12.11,26227,12.05,104740,12.11,104201,12.05,269624,12.11,268237,12.05,78070,12.11,77669,12.05,21450,12.11,21340,12.05,12.11,283680,12.05
Faridabad,,76128533B40638696154891,IND,ADM2,primary_healthcare,TIME,2400,1956957,180852,83.08,154490,70.97,718676,83.09,613936,70.98,1850396,83.12,1580772,71.01,535749,83.13,457679,71.02,147238,83.12,125788,71.01,83.12,1671810,71.01
Faridabad,,76128533B40638696154891,IND,ADM2,primary_healthcare,TIME,3000,2228743,205993,94.63,25141,11.55,818547,94.64,99871,11.55,2107382,94.66,256986,11.54,610144,94.67,74395,11.54,167688,94.66,20450,11.54,94.66,271786,11.54
Faridabad,,76128533B40638696154891,IND,ADM2,primary_healthcare,TIME,3600,2329389,215309,98.91,9316,4.28,855547,98.92,37000,4.28,2202549,98.94,95167,4.27,637686,98.95,27542,4.27,175260,98.94,7572,4.27,98.94,100646,4.27
Faridabad,,76128533B40638696154891,IND,ADM2,primary_healthcare,TIME,4200,2354441,217682,100.0,2373,1.09,864901,100.0,9354,1.08,2226235,100.0,23686,1.06,644473,100.0,6787,1.05,177146,100.0,1886,1.06,100.0,25052,1.06
Faridabad,,76128533B40638696154891,IND,ADM2,primary_healthcare,TIME,4800,2354441,217682,100.0,0,0.0,864901,100.0,0,0.0,2226235,100.0,0,0.0,644473,100.0,0,0.0,177146,100.0,0,0.0,100.0,0,0.0
Faridabad,,76128533B40638696154891,IND,ADM2,primary_healthcare,TIME,5400,2354441,217682,100.0,0,0.0,864901,100.0,0,0.0,2226235,100.0,0,0.0,644473,100.0,0,0.0,177146,100.0,0,0.0,100.0,0,0.0
Faridabad,,76128533B40638696154891,IND,ADM2,primary_healthcare,TIME,6000,2354441,217682,100.0,0,0.0,864901,100.0,0,0.0,2226235,100.0,0,0.0,644473,100.0,0,0.0,177146,100.0,0,0.0,100.0,0,0.0
Faridabad,,76128533B40638696154891,IND,ADM2,primary_healthcare,TIME,6600,2354441,217682,100.0,0,0.0,864901,100.0,0,0.0,2226235,100.0,0,0.0,644473,100.0,0,0.0,177146,100.0,0,0.0,100.0,0,0.0
Faridabad,,76128533B40638696154891,IND,ADM2,primary_healthcare,TIME,7200,2354441,217682,100.0,0,0.0,864901,100.0,0,0.0,2226235,100.0,0,0.0,644473,100.0,0,0.0,177146,100.0,0,0.0,100.0,0,0.0
Mahe,,76128533B41246169049488,IND,ADM2,primary_healthcare,TIME,7200,34851,2486,57.49,2486,57.49,9538,58.01,9538,58.01,30605,57.79,30605,57.79,10078,57.63,10078,57.63,4970,56.91,4970,56.91,57.66,34851,57.66
Mansa,,76128533B41499938690181,IND,ADM2,primary_healthcare,TIME,5400,5910,426,0.8,426,0.8,1889,0.79,1889,0.79,5218,0.8,5218,0.8,1561,0.81,1561,0.81,814,0.79,814,0.79,0.8,5910,0.8
Mansa,,76128533B41499938690181,IND,ADM2,primary_healthcare,TIME,6000,85935,6214,11.6,5788,10.8,27595,11.6,25706,10.81,75701,11.67,70483,10.86,22597,11.68,21036,10.87,12020,11.62,11206,10.83,11.66,80025,10.86
Mansa,,76128533B41499938690181,IND,ADM2,primary_healthcare,TIME,6600,292446,21170,39.52,14956,27.92,94087,39.55,66492,27.95,257402,39.67,181701,28.0,76809,39.7,54212,28.02,41123,39.75,29103,28.13,39.68,206511,28.02
Mansa,,76128533B41499938690181,IND,ADM2,primary_healthcare,TIME,7200,476349,34522,64.44,13352,24.92,153415,64.49,59328,24.94,419240,64.6,161838,24.94,125064,64.63,48255,24.94,67010,64.78,25887,25.02,64.63,183903,24.95
Hoshiarpur,,76128533B41747884279129,IND,ADM2,primary_healthcare,TIME,3000,16660,1145,0.98,1145,0.98,5077,0.98,5077,0.98,14741,0.98,14741,0.98,4592,0.98,4592,0.98,2265,0.97,2265,0.97,0.98,16660,0.98
Hoshiarpur,,76128533B41747884279129,IND,ADM2,primary_healthcare,TIME,3600,144119,9906,8.45,8761,7.47,43819,8.47,38742,7.49,127304,8.47,112563,7.49,39782,8.47,35190,7.49,19810,8.47,17545,7.5,8.47,127459,7.49
Hoshiarpur,,76128533B41747884279129,IND,ADM2,primary_healthcare,TIME,4200,575443,39581,33.75,29675,25.31,174997,33.82,131178,25.35,508261,33.82,380957,25.35,158886,33.81,119104,25.34,79142,33.82,59332,25.36,33.82,431324,25.35
Hoshiarpur,,76128533B41747884279129,IND,ADM2,primary_healthcare,TIME,4800,833703,57359,48.91,17778,15.16,253554,49.01,78557,15.18,736387,49.0,228126,15.18,230201,48.98,71315,15.17,114645,48.99,35503,15.17,49.0,258260,15.18
Hoshiarpur,,76128533B41747884279129,IND,ADM2,primary_healthcare,TIME,5400,1030027,70893,60.45,13534,11.54,313297,60.55,59743,11.55,909802,60.53,173415,11.54,284404,60.52,54203,11.53,141635,60.53,26990,11.53,60.53,196324,11.54
Hoshiarpur,,76128533B41747884279129,IND,ADM2,primary_healthcare,TIME,6000,1241138,85452,72.87,14559,12.42,377543,72.97,64246,12.42,1096275,72.94,186473,12.41,342688,72.92,58284,12.4,170661,72.93,29026,12.4,72.94,211111,12.41
Hoshiarpur,,76128533B41747884279129,IND,ADM2,primary_healthcare,TIME,6600,1491244,102680,87.56,17228,14.69,453636,87.68,76093,14.71,1317186,87.64,220911,14.7,411747,87.61,69059,14.69,205055,87.63,34394,14.7,87.64,250106,14.7
Hoshiarpur,,76128533B41747884279129,IND,ADM2,primary_healthcare,TIME,7200,1654406,113949,97.17,11269,9.61,503232,97.26,49596,9.59,1461298,97.23,144112,9.59,456826,97.21,45079,9.59,227496,97.22,22441,9.59,97.23,163162,9.59
Kannur,,76128533B41976979530466,IND,ADM2,primary_healthcare,TIME,7200,60577,4349,2.36,4349,2.36,16352,2.36,16352,2.36,52939,2.36,52939,2.36,17535,2.35,17535,2.35,8897,2.37,8897,2.37,2.36,60577,2.36
Firozpur,,76128533B421757708753,IND,ADM2,primary_healthcare,TIME,600,145541,11719,16.21,11719,16.21,49971,16.18,49971,16.18,132255,16.12,132255,16.12,39128,16.11,39128,16.11,16311,15.93,16311,15.93,16.1,145541,16.1
Firozpur,,76128533B421757708753,IND,ADM2,primary_healthcare,TIME,1200,318582,25646,35.48,13927,19.27,109359,35.42,59388,19.23,289488,35.28,157233,19.16,85648,35.25,46520,19.15,35716,34.87,19405,18.95,35.23,173041,19.14
Firozpur,,76128533B421757708753,IND,ADM2,primary_healthcare,TIME,1800,532958,42859,59.3,17213,23.82,182807,59.21,73448,23.79,484177,59.01,194689,23.73,143257,58.97,57609,23.71,59859,58.45,24143,23.57,58.94,214376,23.71
Firozpur,,76128533B421757708753,IND,ADM2,primary_healthcare,TIME,2400,761075,61170,84.64,18311,25.34,260953,84.52,78146,25.31,691326,84.25,207149,25.24,204556,84.2,61299,25.23,85569,83.55,25710,25.1,84.17,228117,25.23
Firozpur,,76128533B421757708753,IND,ADM2,primary_healthcare,TIME,3000,863885,69137,95.66,7967,11.02,295279,95.64,34326,11.12,784030,95.55,92704,11.3,232062,95.52,27506,11.32,97812,95.51,12243,11.95,95.54,102810,11.37
Firozpur,,76128533B421757708753,IND,ADM2,primary_healthcare,TIME,3600,875718,69995,96.85,858,1.19,299019,96.85,3740,1.21,794711,96.85,10681,1.3,235292,96.85,3230,1.33,99209,96.87,1397,1.36,96.85,11833,1.31
Firozpur,,76128533B421757708753,IND,ADM2,primary_healthcare,TIME,4200,877418,70130,97.03,135,0.19,299598,97.03,579,0.19,796256,97.04,1545,0.19,235750,97.04,458,0.19,99400,97.06,191,0.19,97.04,1700,0.19
Firozpur,,76128533B421757708753,IND,ADM2,primary_healthcare,TIME,4800,883519,70610,97.7,480,0.66,301660,97.7,2062,0.67,801787,97.71,5531,0.67,237393,97.71,1643,0.68,100097,97.74,697,0.68,97.71,6101,0.67
Firozpur,,76128533B421757708753,IND,ADM2,primary_healthcare,TIME,5400,883730,70627,97.72,17,0.02,301732,97.73,72,0.02,801978,97.74,191,0.02,237450,97.74,57,0.02,100120,97.76,23,0.02,97.74,211,0.02
Firozpur,,76128533B421757708753,IND,ADM2,primary_healthcare,TIME,6000,884842,70716,97.84,89,0.12,302114,97.85,382,0.12,802989,97.86,1011,0.12,237749,97.86,299,0.12,100245,97.88,125,0.12,97.86,1112,0.12
Firozpur,,76128533B421757708753,IND,ADM2,primary_healthcare,TIME,6600,886471,70848,98.03,132,0.18,302674,98.03,560,0.18,804469,98.04,1480,0.18,238187,98.04,438,0.18,100427,98.06,182,0.18,98.04,1629,0.18
Firozpur,,76128533B421757708753,IND,ADM2,primary_healthcare,TIME,7200,888239,70990,98.22,142,0.2,303281,98.23,607,0.2,806076,98.23,1607,0.2,238662,98.24,475,0.2,100626,98.26,199,0.19,98.24,1768,0.2
Unnao,,76128533B42623703243160,IND,ADM2,primary_healthcare,TIME,600,8744,787,0.26,787,0.26,3615,0.26,3615,0.26,8015,0.26,8015,0.26,2162,0.26,2162,0.26,909,0.26,909,0.26,0.26,8744,0.26
Unnao,,76128533B42623703243160,IND,ADM2,primary_healthcare,TIME,1200,209805,18858,6.12,18071,5.87,86641,6.13,83026,5.87,192340,6.16,184325,5.9,51921,6.17,49759,5.91,21826,6.15,20917,5.9,6.16,201061,5.9
Unnao,,76128533B42623703243160,IND,ADM2,primary_healthcare,TIME,1800,622167,56185,18.24,37327,12.12,257842,18.25,171201,12.11,570339,18.26,377999,12.1,153712,18.26,101791,12.09,64760,18.26,42934,12.11,18.26,412362,12.1
Unnao,,76128533B42623703243160,IND,ADM2,primary_healthcare,TIME,2400,919784,83125,26.99,26940,8.75,381403,26.99,123561,8.74,843154,26.99,272815,8.73,227178,26.99,73466,8.73,95748,27.0,30988,8.74,26.99,297617,8.73
Unnao,,76128533B42623703243160,IND,ADM2,primary_healthcare,TIME,3000,1443465,130520,42.37,47395,15.39,598786,42.37,217383,15.38,1323201,42.36,480047,15.37,356463,42.35,129285,15.36,150267,42.37,54519,15.37,42.36,523681,15.37
Unnao,,76128533B42623703243160,IND,ADM2,primary_healthcare,TIME,3600,2337792,211308,68.6,80788,26.23,969489,68.6,370703,26.23,2143079,68.61,819878,26.25,577481,68.6,221018,26.26,243307,68.61,93040,26.24,68.61,894327,26.25
Unnao,,76128533B42623703243160,IND,ADM2,primary_healthcare,TIME,4200,3124992,282483,91.7,71175,23.11,1295967,91.7,326478,23.1,2864741,91.71,721662,23.1,771951,91.7,194470,23.1,325208,91.7,81901,23.1,91.71,787200,23.1
Unnao,,76128533B42623703243160,IND,ADM2,primary_healthcare,TIME,4800,3315333,299711,97.3,17228,5.59,1374998,97.3,79031,5.59,3039210,97.29,174469,5.59,818971,97.29,47020,5.59,345036,97.3,19828,5.59,97.29,190341,5.59
Unnao,,76128533B42623703243160,IND,ADM2,primary_healthcare,TIME,5400,3368361,304486,98.85,4775,1.55,1396932,98.85,21934,1.55,3087827,98.85,48617,1.56,832122,98.85,13151,1.56,350549,98.85,5513,1.55,98.85,53028,1.56
Unnao,,76128533B42623703243160,IND,ADM2,primary_healthcare,TIME,6000,3382924,305810,99.28,1324,0.43,1402989,99.28,6057,0.43,3101180,99.28,13353,0.43,835710,99.28,3588,0.43,352062,99.28,1513,0.43,99.28,14563,0.43
Unnao,,76128533B42623703243160,IND,ADM2,primary_healthcare,TIME,6600,3407550,308041,100.0,2231,0.72,1413216,100.0,10227,0.72,3123754,100.0,22574,0.72,841786,100.0,6076,0.72,354625,100.0,2563,0.72,100.0,24626,0.72
Unnao,,76128533B42623703243160,IND,ADM2,primary_healthcare,TIME,7200,3407550,308041,100.0,0,0.0,1413216,100.0,0,0.0,3123754,100.0,0,0.0,841786,100.0,0,0.0,354625,100.0,0,0.0,100.0,0,0.0
Bhiwani,,76128533B42646400584570,IND,ADM2,primary_healthcare,TIME,4200,3761,320,0.21,320,0.21,1337,0.21,1337,0.21,3421,0.21,3421,0.21,978,0.21,978,0.21,418,0.21,418,0.21,0.21,3761,0.21
Bhiwani,,76128533B42646400584570,IND,ADM2,primary_healthcare,TIME,4800,41207,3521,2.31,3201,2.1,14705,2.3,13368,2.09,37495,2.31,34074,2.1,10720,2.31,9742,2.1,4568,2.32,4150,2.1,2.31,37446,2.1
Bhiwani,,76128533B42646400584570,IND,ADM2,primary_healthcare,TIME,5400,265779,22697,14.86,19176,12.55,94839,14.83,80134,12.53,241840,14.89,204345,12.58,69140,14.89,58420,12.58,29464,14.93,24896,12.62,14.89,224572,12.59
Bhiwani,,76128533B42646400584570,IND,ADM2,primary_healthcare,TIME,6000,745357,63743,41.73,41046,26.87,266663,41.71,171824,26.88,678341,41.77,436501,26.88,193917,41.77,124777,26.88,82508,41.82,53044,26.88,41.77,479578,26.88
Bhiwani,,76128533B42646400584570,IND,ADM2,primary_healthcare,TIME,6600,1073995,91893,60.16,28150,18.43,384529,60.14,117866,18.44,977486,60.18,299145,18.42,279425,60.19,85508,18.42,118832,60.23,36324,18.41,60.19,328638,18.42
Bhiwani,,76128533B42646400584570,IND,ADM2,primary_healthcare,TIME,7200,1282792,109764,71.86,17871,11.7,459388,71.85,74859,11.71,1167521,71.88,190035,11.7,333759,71.89,54334,11.7,141935,71.94,23103,11.71,71.89,208797,11.7
Chhatarpur,,76128533B42922918567330,IND,ADM2,primary_healthcare,TIME,6600,2986,316,0.14,316,0.14,1263,0.14,1263,0.14,2749,0.14,2749,0.14,704,0.14,704,0.14,299,0.14,299,0.14,0.14,2986,0.14
Chhatarpur,,76128533B42922918567330,IND,ADM2,primary_healthcare,TIME,7200,44877,4748,2.14,4432,2.0,18987,2.14,17724,2.0,41313,2.14,38564,1.99,10586,2.14,9882,1.99,4497,2.13,4198,1.99,2.14,41891,1.99
Dadra & Nagar Haveli,,76128533B43252171579976,IND,ADM2,primary_healthcare,TIME,6600,51720,4935,8.14,4935,8.14,18198,8.26,18198,8.26,49764,8.53,49764,8.53,13626,8.92,13626,8.92,3031,9.52,3031,9.52,8.58,51720,8.58
Dadra & Nagar Haveli,,76128533B43252171579976,IND,ADM2,primary_healthcare,TIME,7200,322689,32256,53.19,27321,45.05,117326,53.28,99128,45.02,312189,53.52,262425,44.99,82243,53.85,68617,44.93,17207,54.04,14176,44.52,53.55,270969,44.96
Mandya,,76128533B43335986553000,IND,ADM2,primary_healthcare,TIME,600,10,0,0.0,0,0.0,2,0.0,2,0.0,9,0.0,9,0.0,3,0.0,3,0.0,1,0.0,1,0.0,0.0,10,0.0
Mandya,,76128533B43335986553000,IND,ADM2,primary_healthcare,TIME,1200,78708,4961,4.76,4961,4.76,21483,4.76,21481,4.76,69422,4.76,69413,4.76,22333,4.76,22330,4.76,10921,4.75,10920,4.75,4.76,78698,4.76
Mandya,,76128533B43335986553000,IND,ADM2,primary_healthcare,TIME,1800,237100,14935,14.33,9974,9.57,64675,14.33,43192,9.57,209075,14.34,139653,9.58,67258,14.35,44925,9.58,32953,14.32,22032,9.58,14.34,158392,9.58
Mandya,,76128533B43335986553000,IND,ADM2,primary_healthcare,TIME,2400,481483,30322,29.1,15387,14.77,131316,29.1,66641,14.77,424537,29.12,215462,14.78,136569,29.13,69311,14.79,66954,29.1,34001,14.78,29.12,244383,14.78
Mandya,,76128533B43335986553000,IND,ADM2,primary_healthcare,TIME,3000,910335,57337,55.03,27015,25.93,248316,55.04,117000,25.93,802640,55.06,378103,25.94,258169,55.07,121600,25.94,126618,55.03,59664,25.93,55.06,428852,25.94
Mandya,,76128533B43335986553000,IND,ADM2,primary_healthcare,TIME,3600,1350027,85043,81.62,27706,26.59,368279,81.63,119963,26.59,1190256,81.65,387616,26.59,382815,81.67,124646,26.59,187832,81.63,61214,26.6,81.65,439692,26.59
Mandya,,76128533B43335986553000,IND,ADM2,primary_healthcare,TIME,4200,1538200,96912,93.01,11869,11.39,419662,93.01,51383,11.39,1356146,93.03,165890,11.38,436146,93.04,53331,11.38,214027,93.02,26195,11.38,93.03,188173,11.38
Mandya,,76128533B43335986553000,IND,ADM2,primary_healthcare,TIME,4800,1642473,103499,99.33,6587,6.32,448180,99.33,28518,6.32,1448050,99.34,91904,6.3,465648,99.34,29502,6.29,228564,99.33,14537,6.32,99.34,104273,6.31
Mandya,,76128533B43335986553000,IND,ADM2,primary_healthcare,TIME,5400,1651273,104055,99.87,556,0.53,450584,99.87,2404,0.53,1455804,99.87,7754,0.53,468138,99.87,2490,0.53,229792,99.87,1228,0.53,99.87,8800,0.53
Mandya,,76128533B43335986553000,IND,ADM2,primary_healthcare,TIME,6000,1653396,104189,100.0,134,0.13,451164,100.0,580,0.13,1457675,100.0,1871,0.13,468739,100.0,601,0.13,230088,100.0,296,0.13,100.0,2123,0.13
Mandya,,76128533B43335986553000,IND,ADM2,primary_healthcare,TIME,6600,1653465,104193,100.0,4,0.0,451183,100.0,19,0.0,1457736,100.0,61,0.0,468759,100.0,20,0.0,230098,100.0,10,0.0,100.0,69,0.0
Mandya,,76128533B43335986553000,IND,ADM2,primary_healthcare,TIME,7200,1653465,104193,100.0,0,0.0,451183,100.0,0,0.0,1457736,100.0,0,0.0,468759,100.0,0,0.0,230098,100.0,0,0.0,100.0,0,0.0
Krishna,,76128533B4481773749911,IND,ADM2,primary_healthcare,TIME,1800,0,0,0.0,0,0.0,0,0.0,0,0.0,0,0.0,0,0.0,0,0.0,0,0.0,0,0.0,0,0.0,0.0,0,0.0
Krishna,,76128533B4481773749911,IND,ADM2,primary_healthcare,TIME,2400,31761,2009,0.69,2009,0.69,9233,0.69,9233,0.69,28539,0.69,28539,0.69,9259,0.69,9259,0.69,3881,0.68,3881,0.68,0.69,31761,0.69
Krishna,,76128533B4481773749911,IND,ADM2,primary_healthcare,TIME,3000,245098,15538,5.3,13529,4.62,71593,5.31,62360,4.63,220339,5.29,191800,4.61,71463,5.29,62204,4.61,29853,5.26,25972,4.58,5.29,213337,4.6
Krishna,,76128533B4481773749911,IND,ADM2,primary_healthcare,TIME,3600,381543,24178,8.25,8640,2.95,111344,8.27,39751,2.95,342969,8.24,122630,2.95,111242,8.24,39779,2.95,46504,8.2,16651,2.94,8.23,136445,2.94
Krishna,,76128533B4481773749911,IND,ADM2,primary_healthcare,TIME,4200,575649,36458,12.44,12280,4.19,167794,12.46,56450,4.19,517393,12.43,174424,4.19,167829,12.43,56587,4.19,70221,12.38,23717,4.18,12.42,194106,4.19
Krishna,,76128533B4481773749911,IND,ADM2,primary_healthcare,TIME,4800,832608,52714,17.98,16256,5.55,242514,18.0,74720,5.55,748293,17.97,230900,5.55,242737,17.97,74908,5.55,101621,17.92,31400,5.54,17.97,256959,5.54
Krishna,,76128533B4481773749911,IND,ADM2,primary_healthcare,TIME,5400,1270228,80385,27.43,27671,9.44,369653,27.44,127139,9.44,1141462,27.41,393169,9.44,370284,27.41,127547,9.44,155169,27.36,53548,9.44,27.41,437620,9.44
Krishna,,76128533B4481773749911,IND,ADM2,primary_healthcare,TIME,6000,2238146,141575,48.3,61190,20.88,650791,48.31,281138,20.87,2010848,48.29,869386,20.88,652257,48.29,281973,20.88,273820,48.29,118651,20.92,48.29,967918,20.88
Krishna,,76128533B4481773749911,IND,ADM2,primary_healthcare,TIME,6600,2946092,186340,63.57,44765,15.27,856466,63.58,205675,15.27,2646886,63.57,636038,15.28,858593,63.57,206336,15.28,360443,63.56,86623,15.28,63.57,707946,15.28
Krishna,,76128533B4481773749911,IND,ADM2,primary_healthcare,TIME,7200,3397384,214878,73.31,28538,9.74,987588,73.32,131122,9.73,3052374,73.31,405488,9.74,990146,73.31,131553,9.74,415628,73.29,55185,9.73,73.3,451292,9.74
Thiruvarur,,76128533B45072089356239,IND,ADM2,primary_healthcare,TIME,1200,42148,2686,2.79,2686,2.79,11713,2.8,11713,2.8,37827,2.81,37827,2.81,12311,2.81,12311,2.81,5196,2.8,5196,2.8,2.8,42148,2.8
Thiruvarur,,76128533B45072089356239,IND,ADM2,primary_healthcare,TIME,1800,318219,20303,21.1,17617,18.31,88499,21.13,76786,18.33,285599,21.18,247772,18.37,92938,21.19,80627,18.38,39234,21.16,34038,18.36,21.18,276071,18.37
Thiruvarur,,76128533B45072089356239,IND,ADM2,primary_healthcare,TIME,2400,658649,42133,43.78,21830,22.68,183414,43.79,94915,22.66,591184,43.84,305585,22.66,192319,43.85,99381,22.66,81156,43.78,41922,22.61,43.83,340430,22.66
Thiruvarur,,76128533B45072089356239,IND,ADM2,primary_healthcare,TIME,3000,1097158,70207,72.96,28074,29.17,305610,72.96,122196,29.17,984764,73.03,393580,29.19,320334,73.04,128015,29.19,135199,72.93,54043,29.15,73.01,438509,29.18
Thiruvarur,,76128533B45072089356239,IND,ADM2,primary_healthcare,TIME,3600,1369678,87682,91.11,17475,18.16,381666,91.12,76056,18.16,1229265,91.16,244501,18.13,399819,91.17,79485,18.12,168883,91.1,33684,18.17,91.15,272520,18.14
Thiruvarur,,76128533B45072089356239,IND,ADM2,primary_healthcare,TIME,4200,1466927,93951,97.63,6269,6.51,408901,97.63,27235,6.5,1316452,97.62,87187,6.47,428131,97.62,28312,6.46,180966,97.62,12083,6.52,97.62,97249,6.47
Thiruvarur,,76128533B45072089356239,IND,ADM2,primary_healthcare,TIME,4800,1471102,94222,97.91,271,0.28,410074,97.91,1173,0.28,1320188,97.9,3736,0.28,429342,97.9,1211,0.28,181492,97.9,526,0.28,97.9,4175,0.28
Thiruvarur,,76128533B45072089356239,IND,ADM2,primary_healthcare,TIME,5400,1471158,94225,97.91,3,0.0,410089,97.91,15,0.0,1320238,97.9,50,0.0,429358,97.9,16,0.0,181499,97.9,7,0.0,97.9,56,0.0
Thiruvarur,,76128533B45072089356239,IND,ADM2,primary_healthcare,TIME,6000,1471990,94278,97.97,53,0.06,410321,97.96,232,0.06,1320985,97.96,747,0.06,429601,97.96,243,0.06,181602,97.96,103,0.06,97.96,832,0.06
Thiruvarur,,76128533B45072089356239,IND,ADM2,primary_healthcare,TIME,6600,1472261,94295,97.99,17,0.02,410396,97.98,75,0.02,1321229,97.98,244,0.02,429681,97.98,80,0.02,181635,97.98,33,0.02,97.98,271,0.02
Thiruvarur,,76128533B45072089356239,IND,ADM2,primary_healthcare,TIME,7200,1473026,94344,98.04,49,0.05,410609,98.03,213,0.05,1321915,98.03,686,0.05,429904,98.03,223,0.05,181729,98.03,94,0.05,98.03,765,0.05
Banda,,76128533B45099378029175,IND,ADM2,primary_healthcare,TIME,4800,2724,286,0.13,286,0.13,1158,0.13,1158,0.13,2494,0.13,2494,0.13,616,0.13,616,0.13,287,0.13,287,0.13,0.13,2724,0.13
Banda,,76128533B45099378029175,IND,ADM2,primary_healthcare,TIME,5400,53641,5616,2.5,5330,2.37,22791,2.5,21633,2.38,49090,2.51,46596,2.38,12152,2.51,11536,2.38,5665,2.52,5378,2.39,2.51,50917,2.38
Banda,,76128533B45099378029175,IND,ADM2,primary_healthcare,TIME,6000,196609,20446,9.1,14830,6.6,83500,9.18,60709,6.67,179976,9.19,130886,6.69,44775,9.23,32623,6.73,20719,9.21,15054,6.69,9.2,142968,6.69
Banda,,76128533B45099378029175,IND,ADM2,primary_healthcare,TIME,6600,670903,70314,31.28,49868,22.18,285303,31.36,201803,22.18,614092,31.37,434116,22.18,152039,31.35,107264,22.12,70756,31.46,50037,22.25,31.38,474294,22.18
Banda,,76128533B45099378029175,IND,ADM2,primary_healthcare,TIME,7200,1089613,114355,50.87,44041,19.59,463401,50.93,178098,19.58,997458,50.96,383366,19.58,246963,50.93,94924,19.58,114803,51.04,44047,19.58,50.96,418710,19.58
Jind,,76128533B45106682783501,IND,ADM2,primary_healthcare,TIME,5400,34996,2935,2.39,2935,2.39,12554,2.39,12554,2.39,31874,2.39,31874,2.39,9078,2.39,9078,2.39,3849,2.39,3849,2.39,2.39,34996,2.39
Jind,,76128533B45106682783501,IND,ADM2,primary_healthcare,TIME,6000,247321,20746,16.9,17811,14.51,88806,16.89,76252,14.5,225277,16.91,193403,14.51,64169,16.9,55091,14.51,27185,16.89,23336,14.5,16.9,212325,14.51
Jind,,76128533B45106682783501,IND,ADM2,primary_healthcare,TIME,6600,776282,65087,53.03,44341,36.13,278906,53.05,190100,36.16,707011,53.06,481734,36.15,201460,53.05,137291,36.15,85406,53.06,58221,36.17,53.06,528961,36.15
Jind,,76128533B45106682783501,IND,ADM2,primary_healthcare,TIME,7200,1162466,97560,79.49,32473,26.46,417790,79.46,138884,26.42,1058835,79.46,351824,26.4,301727,79.46,100267,26.4,127794,79.39,42388,26.33,79.45,386184,26.39
North ,,76128533B45574198291616,IND,ADM2,primary_healthcare,TIME,2400,958082,76051,37.72,76051,37.72,324769,37.75,324769,37.75,900531,37.92,900531,37.92,264380,37.97,264380,37.97,77465,37.87,77465,37.87,37.91,958082,37.91
North ,,76128533B45574198291616,IND,ADM2,primary_healthcare,TIME,3000,2034771,162062,80.39,86011,42.66,691801,80.41,367032,42.66,1912388,80.52,1011857,42.61,560863,80.56,296483,42.58,164678,80.5,87213,42.63,80.52,1076689,42.61
North ,,76128533B45574198291616,IND,ADM2,primary_healthcare,TIME,3600,2516567,200735,99.57,38673,19.18,856645,99.57,164844,19.16,2365193,99.59,452805,19.07,693417,99.6,132554,19.04,203683,99.57,39005,19.07,99.59,481796,19.07
North ,,76128533B45574198291616,IND,ADM2,primary_healthcare,TIME,4200,2527002,201605,100.0,870,0.43,860340,100.0,3695,0.43,2374959,100.0,9766,0.41,696229,100.0,2812,0.4,204570,100.0,887,0.43,100.0,10435,0.41
North ,,76128533B45574198291616,IND,ADM2,primary_healthcare,TIME,4800,2527002,201605,100.0,0,0.0,860340,100.0,0,0.0,2374959,100.0,0,0.0,696229,100.0,0,0.0,204570,100.0,0,0.0,100.0,0,0.0
North ,,76128533B45574198291616,IND,ADM2,primary_healthcare,TIME,5400,2527002,201605,100.0,0,0.0,860340,100.0,0,0.0,2374959,100.0,0,0.0,696229,100.0,0,0.0,204570,100.0,0,0.0,100.0,0,0.0
North ,,76128533B45574198291616,IND,ADM2,primary_healthcare,TIME,6000,2527002,201605,100.0,0,0.0,860340,100.0,0,0.0,2374959,100.0,0,0.0,696229,100.0,0,0.0,204570,100.0,0,0.0,100.0,0,0.0
North ,,76128533B45574198291616,IND,ADM2,primary_healthcare,TIME,6600,2527002,201605,100.0,0,0.0,860340,100.0,0,0.0,2374959,100.0,0,0.0,696229,100.0,0,0.0,204570,100.0,0,0.0,100.0,0,0.0
North ,,76128533B45574198291616,IND,ADM2,primary_healthcare,TIME,7200,2527002,201605,100.0,0,0.0,860340,100.0,0,0.0,2374959,100.0,0,0.0,696229,100.0,0,0.0,204570,100.0,0,0.0,100.0,0,0.0
Thiruvallur,,76128533B45592431373253,IND,ADM2,primary_healthcare,TIME,600,883329,62262,20.79,62262,20.79,239900,20.82,239900,20.82,809271,21.27,809271,21.27,262789,21.36,262789,21.36,92419,21.95,92419,21.95,21.34,883329,21.34
Thiruvallur,,76128533B45592431373253,IND,ADM2,primary_healthcare,TIME,1200,2119088,152395,50.88,90133,30.09,585088,50.79,345188,29.96,1945321,51.14,1136050,29.86,630094,51.21,367305,29.85,217815,51.73,125396,29.78,51.2,1235759,29.86
Thiruvallur,,76128533B45592431373253,IND,ADM2,primary_healthcare,TIME,1800,2766448,199613,66.65,47218,15.76,766296,66.51,181208,15.73,2541515,66.81,596194,15.67,822848,66.87,192754,15.67,282437,67.07,64622,15.35,66.84,647360,15.64
Thiruvallur,,76128533B45592431373253,IND,ADM2,primary_healthcare,TIME,2400,3361629,243019,81.14,43406,14.49,932928,80.98,166632,14.46,3089781,81.22,548266,14.41,1000107,81.28,177259,14.41,341723,81.15,59286,14.08,81.22,595181,14.38
Thiruvallur,,76128533B45592431373253,IND,ADM2,primary_healthcare,TIME,3000,3667715,265278,88.57,22259,7.43,1019047,88.45,86119,7.48,3371110,88.62,281329,7.4,1090872,88.66,90765,7.38,372843,88.54,31120,7.39,88.61,306086,7.4
Thiruvallur,,76128533B45592431373253,IND,ADM2,primary_healthcare,TIME,3600,3816427,276070,92.17,10792,3.6,1061017,92.1,41970,3.64,3507746,92.21,136636,3.59,1134939,92.24,44067,3.58,388011,92.14,15168,3.6,92.21,148712,3.59
Thiruvallur,,76128533B45592431373253,IND,ADM2,primary_healthcare,TIME,4200,3874802,280317,93.59,4247,1.42,1077467,93.52,16450,1.43,3561395,93.62,53649,1.41,1152248,93.65,17309,1.41,393949,93.55,5938,1.41,93.62,58375,1.41
Thiruvallur,,76128533B45592431373253,IND,ADM2,primary_healthcare,TIME,4800,3992374,288866,96.44,8549,2.85,1110565,96.4,33098,2.87,3669424,96.46,108029,2.84,1187092,96.48,34844,2.83,405936,96.4,11987,2.85,96.46,117572,2.84
Thiruvallur,,76128533B45592431373253,IND,ADM2,primary_healthcare,TIME,5400,4094608,296287,98.92,7421,2.48,1139563,98.91,28998,2.52,3763117,98.93,93693,2.46,1217244,98.93,30152,2.45,416601,98.93,10665,2.53,98.93,102234,2.47
Thiruvallur,,76128533B45592431373253,IND,ADM2,primary_healthcare,TIME,6000,4102845,296887,99.12,600,0.2,1141876,99.12,2313,0.2,3770695,99.12,7578,0.2,1219690,99.13,2446,0.2,417432,99.13,831,0.2,99.13,8237,0.2
Thiruvallur,,76128533B45592431373253,IND,ADM2,primary_healthcare,TIME,6600,4111440,297511,99.33,624,0.21,1144301,99.33,2425,0.21,3778583,99.33,7888,0.21,1222232,99.33,2542,0.21,418318,99.34,886,0.21,99.33,8595,0.21
Thiruvallur,,76128533B45592431373253,IND,ADM2,primary_healthcare,TIME,7200,4113086,297631,99.37,120,0.04,1144762,99.37,461,0.04,3780100,99.37,1517,0.04,1222722,99.37,490,0.04,418482,99.38,164,0.04,99.37,1646,0.04
Ludhiana,,76128533B46195204843409,IND,ADM2,primary_healthcare,TIME,600,1177511,83652,30.62,83652,30.62,361160,30.6,361160,30.6,1072722,30.62,1072722,30.62,319579,30.62,319579,30.62,129264,30.46,129264,30.46,30.61,1177511,30.61
Ludhiana,,76128533B46195204843409,IND,ADM2,primary_healthcare,TIME,1200,2350502,166982,61.12,83330,30.5,720945,61.09,359785,30.49,2141272,61.13,1068550,30.51,637926,61.12,318347,30.5,258087,60.81,128823,30.35,61.1,1172991,30.49
Ludhiana,,76128533B46195204843409,IND,ADM2,primary_healthcare,TIME,1800,2866377,203628,74.53,36646,13.41,879185,74.5,158240,13.41,2611130,74.54,469858,13.41,777926,74.53,140000,13.41,314828,74.18,56741,13.37,74.5,515875,13.41
Ludhiana,,76128533B46195204843409,IND,ADM2,primary_healthcare,TIME,2400,3513069,249541,91.34,45913,16.81,1077505,91.31,198320,16.81,3199743,91.35,588613,16.8,953405,91.35,175479,16.81,386349,91.04,71521,16.85,91.31,646692,16.81
Ludhiana,,76128533B46195204843409,IND,ADM2,primary_healthcare,TIME,3000,3733312,265143,97.05,15602,5.71,1145169,97.04,67664,5.73,3399392,97.05,199649,5.7,1012877,97.04,59472,5.7,411521,96.97,25172,5.93,97.04,220243,5.72
Ludhiana,,76128533B46195204843409,IND,ADM2,primary_healthcare,TIME,3600,3823524,271544,99.39,6401,2.34,1172868,99.39,27699,2.35,3481392,99.39,82000,2.34,1037301,99.38,24424,2.34,421609,99.34,10088,2.38,99.38,90212,2.34
Ludhiana,,76128533B46195204843409,IND,ADM2,primary_healthcare,TIME,4200,3847238,273209,100.0,1665,0.61,1180113,100.0,7245,0.61,3502816,100.0,21424,0.61,1043738,100.0,6437,0.62,424392,100.0,2783,0.66,100.0,23714,0.62
Ludhiana,,76128533B46195204843409,IND,ADM2,primary_healthcare,TIME,4800,3847238,273209,100.0,0,0.0,1180113,100.0,0,0.0,3502816,100.0,0,0.0,1043738,100.0,0,0.0,424392,100.0,0,0.0,100.0,0,0.0
Ludhiana,,76128533B46195204843409,IND,ADM2,primary_healthcare,TIME,5400,3847238,273209,100.0,0,0.0,1180113,100.0,0,0.0,3502816,100.0,0,0.0,1043738,100.0,0,0.0,424392,100.0,0,0.0,100.0,0,0.0
Ludhiana,,76128533B46195204843409,IND,ADM2,primary_healthcare,TIME,6000,3847238,273209,100.0,0,0.0,1180113,100.0,0,0.0,3502816,100.0,0,0.0,1043738,100.0,0,0.0,424392,100.0,0,0.0,100.0,0,0.0
Ludhiana,,76128533B46195204843409,IND,ADM2,primary_healthcare,TIME,6600,3847238,273209,100.0,0,0.0,1180113,100.0,0,0.0,3502816,100.0,0,0.0,1043738,100.0,0,0.0,424392,100.0,0,0.0,100.0,0,0.0
Ludhiana,,76128533B46195204843409,IND,ADM2,primary_healthcare,TIME,7200,3847238,273209,100.0,0,0.0,1180113,100.0,0,0.0,3502816,100.0,0,0.0,1043738,100.0,0,0.0,424392,100.0,0,0.0,100.0,0,0.0
Baghpat,,76128533B46268976217915,IND,ADM2,primary_healthcare,TIME,3600,55635,5486,4.11,5486,4.11,22580,4.04,22580,4.04,51943,4.18,51943,4.18,14275,4.33,14275,4.33,4848,3.55,4848,3.55,4.12,55635,4.12
Baghpat,,76128533B46268976217915,IND,ADM2,primary_healthcare,TIME,4200,155694,15369,11.51,9883,7.4,64003,11.45,41423,7.41,143890,11.59,91947,7.41,38619,11.73,24344,7.39,15041,11.02,10193,7.47,11.53,100059,7.41
Baghpat,,76128533B46268976217915,IND,ADM2,primary_healthcare,TIME,4800,311338,30710,23.0,15341,11.49,128218,22.94,64215,11.49,286925,23.11,143035,11.52,76574,23.25,37955,11.52,30884,22.62,15843,11.61,23.06,155644,11.53
Baghpat,,76128533B46268976217915,IND,ADM2,primary_healthcare,TIME,5400,534818,52822,39.57,22112,16.56,220834,39.51,92616,16.57,492459,39.67,205534,16.55,131091,39.8,54517,16.55,53475,39.17,22591,16.55,39.62,223480,16.55
Baghpat,,76128533B46268976217915,IND,ADM2,primary_healthcare,TIME,6000,880107,86974,65.15,34152,25.58,363991,65.12,143157,25.61,809585,65.21,317126,25.54,214944,65.26,83853,25.46,88816,65.06,35341,25.89,65.19,345289,25.58
Baghpat,,76128533B46268976217915,IND,ADM2,primary_healthcare,TIME,6600,1318905,130414,97.69,43440,32.54,546069,97.69,182078,32.57,1212972,97.7,403387,32.49,321802,97.71,106858,32.44,133347,97.68,44531,32.62,97.7,438798,32.5
Baghpat,,76128533B46268976217915,IND,ADM2,primary_healthcare,TIME,7200,1349993,133496,100.0,3082,2.31,558994,100.0,12925,2.31,1241536,100.0,28564,2.3,329352,100.0,7550,2.29,136518,100.0,3171,2.32,100.0,31088,2.3
Dharmapuri,,76128533B4743808419896,IND,ADM2,primary_healthcare,TIME,3600,22643,1751,1.35,1751,1.35,7209,1.32,7209,1.32,20800,1.3,20800,1.3,6464,1.32,6464,1.32,2314,1.2,2314,1.2,1.29,22643,1.29
Dharmapuri,,76128533B4743808419896,IND,ADM2,primary_healthcare,TIME,4200,57458,4327,3.33,2576,1.99,18018,3.31,10809,1.99,52512,3.29,31712,1.98,16175,3.31,9711,1.98,6140,3.18,3826,1.98,3.28,34815,1.98
Dharmapuri,,76128533B4743808419896,IND,ADM2,primary_healthcare,TIME,4800,275041,20395,15.72,16068,12.38,85503,15.71,67485,12.4,250636,15.69,198124,12.4,76803,15.7,60628,12.39,30121,15.61,23981,12.43,15.68,217583,12.4
Dharmapuri,,76128533B4743808419896,IND,ADM2,primary_healthcare,TIME,5400,676229,50029,38.56,29634,22.84,209951,38.56,124448,22.86,615963,38.55,365327,22.87,188607,38.55,111804,22.85,74322,38.51,44201,22.9,38.55,401188,22.87
Dharmapuri,,76128533B4743808419896,IND,ADM2,primary_healthcare,TIME,6000,1491290,110236,84.96,60207,46.4,462784,85.0,252833,46.44,1358166,85.01,742203,46.46,415750,84.98,227143,46.43,164121,85.04,89799,46.53,85.01,815061,46.46
Dharmapuri,,76128533B4743808419896,IND,ADM2,primary_healthcare,TIME,6600,1716588,126946,97.84,16710,12.88,532828,97.87,70044,12.87,1563478,97.86,205312,12.85,478672,97.84,62922,12.86,188791,97.83,24670,12.78,97.86,225298,12.84
Dharmapuri,,76128533B4743808419896,IND,ADM2,primary_healthcare,TIME,7200,1752937,129662,99.93,2716,2.09,544053,99.93,11225,2.06,1596525,99.93,33047,2.07,488890,99.93,10218,2.09,192848,99.93,4057,2.1,99.93,36349,2.07
Coimbatore,,76128533B4753404177348,IND,ADM2,primary_healthcare,TIME,600,1081500,65488,24.3,65488,24.3,263074,24.41,263074,24.41,961779,24.6,961779,24.6,312861,24.59,312861,24.59,142202,24.91,142202,24.91,24.64,1081500,24.64
Coimbatore,,76128533B4753404177348,IND,ADM2,primary_healthcare,TIME,1200,2284097,139484,51.75,73996,27.45,558700,51.84,295626,27.43,2033289,52.01,1071510,27.41,661673,52.0,348812,27.41,298285,52.25,156083,27.34,52.04,1202597,27.4
Coimbatore,,76128533B4753404177348,IND,ADM2,primary_healthcare,TIME,1800,3159010,194315,72.09,54831,20.34,776397,72.04,217697,20.2,2814564,72.0,781275,19.98,916222,72.01,254549,20.01,410110,71.83,111825,19.59,71.98,874913,19.93
Coimbatore,,76128533B4753404177348,IND,ADM2,primary_healthcare,TIME,2400,3554906,218651,81.12,24336,9.03,873704,81.07,97307,9.03,3167220,81.02,352656,9.02,1031000,81.03,114778,9.02,461578,80.85,51468,9.01,81.0,395896,9.02
Coimbatore,,76128533B4753404177348,IND,ADM2,primary_healthcare,TIME,3000,3945885,242456,89.95,23805,8.83,969204,89.93,95500,8.86,3515095,89.92,347875,8.9,1144170,89.92,113170,8.89,512810,89.82,51232,8.97,89.9,390979,8.91
Coimbatore,,76128533B4753404177348,IND,ADM2,primary_healthcare,TIME,3600,4231213,259927,96.43,17471,6.48,1039199,96.42,69995,6.49,3768989,96.41,253894,6.49,1226757,96.41,82587,6.49,550174,96.37,37364,6.54,96.4,285328,6.5
Coimbatore,,76128533B4753404177348,IND,ADM2,primary_healthcare,TIME,4200,4338407,266477,98.86,6550,2.43,1065462,98.86,26263,2.44,3864322,98.85,95333,2.44,1257759,98.85,31002,2.44,564264,98.83,14090,2.47,98.85,107194,2.44
Coimbatore,,76128533B4753404177348,IND,ADM2,primary_healthcare,TIME,4800,4351626,267277,99.16,800,0.3,1068678,99.16,3216,0.3,3876078,99.15,11756,0.3,1261583,99.15,3824,0.3,566002,99.14,1738,0.3,99.15,13219,0.3
Coimbatore,,76128533B4753404177348,IND,ADM2,primary_healthcare,TIME,5400,4355382,267504,99.24,227,0.08,1069593,99.24,915,0.08,3879419,99.23,3341,0.09,1262669,99.23,1086,0.09,566494,99.22,492,0.09,99.23,3756,0.09
Coimbatore,,76128533B4753404177348,IND,ADM2,primary_healthcare,TIME,6000,4363480,267995,99.43,491,0.18,1071562,99.42,1969,0.18,3886620,99.42,7201,0.18,1265012,99.42,2343,0.18,567560,99.41,1066,0.19,99.42,8098,0.18
Coimbatore,,76128533B4753404177348,IND,ADM2,primary_healthcare,TIME,6600,4378985,268934,99.77,939,0.35,1075334,99.77,3772,0.35,3900408,99.77,13788,0.35,1269497,99.77,4485,0.35,569598,99.77,2038,0.36,99.77,15505,0.35
Coimbatore,,76128533B4753404177348,IND,ADM2,primary_healthcare,TIME,7200,4383131,269185,99.87,251,0.09,1076343,99.87,1009,0.09,3904096,99.87,3688,0.09,1270697,99.87,1200,0.09,570144,99.86,546,0.1,99.87,4146,0.09
Chitradurga,,76128533B47594161132413,IND,ADM2,primary_healthcare,TIME,2400,6543,479,0.36,479,0.36,2033,0.36,2033,0.36,5896,0.37,5896,0.37,1837,0.37,1837,0.37,783,0.36,783,0.36,0.36,6543,0.36
Chitradurga,,76128533B47594161132413,IND,ADM2,primary_healthcare,TIME,3000,40958,3002,2.28,2523,1.92,12727,2.28,10694,1.92,36906,2.28,31010,1.92,11498,2.29,9661,1.92,4903,2.28,4120,1.92,2.28,34415,1.92
Chitradurga,,76128533B47594161132413,IND,ADM2,primary_healthcare,TIME,3600,172762,12665,9.64,9663,7.35,53684,9.64,40957,7.35,155673,9.64,118767,7.35,48499,9.64,37001,7.35,20679,9.62,15776,7.34,9.64,131804,7.35
Chitradurga,,76128533B47594161132413,IND,ADM2,primary_healthcare,TIME,4200,392065,28713,21.85,16048,12.21,121731,21.85,68047,12.21,353212,21.87,197539,12.23,110054,21.87,61555,12.23,47002,21.88,26323,12.25,21.87,219303,12.23
Chitradurga,,76128533B47594161132413,IND,ADM2,primary_healthcare,TIME,4800,668632,48971,37.27,20258,15.42,207611,37.26,85880,15.41,602360,37.29,249148,15.42,187680,37.3,77626,15.43,80169,37.31,33167,15.44,37.29,276567,15.43
Chitradurga,,76128533B47594161132413,IND,ADM2,primary_healthcare,TIME,5400,992866,72751,55.37,23780,18.1,308388,55.35,100777,18.09,894506,55.38,292146,18.09,278687,55.39,91007,18.09,118998,55.38,38829,18.07,55.38,324234,18.08
Chitradurga,,76128533B47594161132413,IND,ADM2,primary_healthcare,TIME,6000,1210725,88724,67.53,15973,12.16,376090,67.5,67702,12.15,1090795,67.53,196289,12.15,339834,67.54,61147,12.15,145096,67.53,26098,12.15,67.53,217859,12.15
Chitradurga,,76128533B47594161132413,IND,ADM2,primary_healthcare,TIME,6600,1343074,98423,74.91,9699,7.38,417216,74.88,41126,7.38,1210035,74.91,119240,7.38,376978,74.92,37144,7.38,160957,74.91,15861,7.38,74.91,132349,7.38
Chitradurga,,76128533B47594161132413,IND,ADM2,primary_healthcare,TIME,7200,1564663,114658,87.27,16235,12.36,486075,87.24,68859,12.36,1409669,87.27,199634,12.36,439161,87.28,62183,12.36,187517,87.27,26560,12.36,87.27,221589,12.36
Ahmadnagar,,76128533B47816398970283,IND,ADM2,primary_healthcare,TIME,3600,6816,554,0.13,554,0.13,2184,0.13,2184,0.13,6070,0.14,6070,0.14,1809,0.14,1809,0.14,887,0.13,887,0.13,0.14,6816,0.14
Ahmadnagar,,76128533B47816398970283,IND,ADM2,primary_healthcare,TIME,4200,67540,5520,1.34,4966,1.21,21886,1.34,19702,1.21,59941,1.35,53871,1.21,17794,1.35,15985,1.22,9002,1.33,8115,1.2,1.35,60724,1.21
Ahmadnagar,,76128533B47816398970283,IND,ADM2,primary_healthcare,TIME,4800,251140,20518,4.98,14998,3.64,81276,4.97,59390,3.63,222977,5.02,163036,3.67,66224,5.04,48430,3.68,33383,4.95,24381,3.62,5.01,183600,3.66
Ahmadnagar,,76128533B47816398970283,IND,ADM2,primary_healthcare,TIME,5400,458586,37494,9.1,16976,4.12,148688,9.1,67412,4.13,406916,9.16,183939,4.14,120771,9.18,54547,4.15,61202,9.08,27819,4.13,9.15,207446,4.14
Ahmadnagar,,76128533B47816398970283,IND,ADM2,primary_healthcare,TIME,6000,866332,70853,17.21,33359,8.1,281101,17.2,132413,8.1,768538,17.3,361622,8.14,228035,17.34,107264,8.16,115801,17.17,54599,8.1,17.28,407746,8.14
Ahmadnagar,,76128533B47816398970283,IND,ADM2,primary_healthcare,TIME,6600,1376804,112636,27.35,41783,10.15,447070,27.36,165969,10.16,1221094,27.49,452556,10.19,362214,27.55,134179,10.2,184328,27.33,68527,10.16,27.47,510472,10.18
Ahmadnagar,,76128533B47816398970283,IND,ADM2,primary_healthcare,TIME,7200,1937005,158494,38.49,45858,11.14,629242,38.51,182172,11.15,1717714,38.67,496620,11.18,509447,38.74,147233,11.2,259553,38.49,75225,11.15,38.65,560201,11.18
Bangalore Rural,,76128533B48075109668277,IND,ADM2,primary_healthcare,TIME,600,35407,2601,2.5,2601,2.5,9752,2.33,9752,2.33,32837,2.54,32837,2.54,10439,2.57,10439,2.57,3306,1.94,3306,1.94,2.47,35407,2.47
Bangalore Rural,,76128533B48075109668277,IND,ADM2,primary_healthcare,TIME,1200,230141,16783,16.16,14182,13.65,65754,15.68,56002,13.35,209928,16.24,177091,13.7,66232,16.32,55793,13.75,24997,14.7,21691,12.76,16.06,194734,13.59
Bangalore Rural,,76128533B48075109668277,IND,ADM2,primary_healthcare,TIME,1800,489742,35602,34.27,18819,18.12,141767,33.8,76013,18.12,443935,34.34,234007,18.1,139657,34.42,73425,18.1,55986,32.93,30989,18.22,34.18,259601,18.12
Bangalore Rural,,76128533B48075109668277,IND,ADM2,primary_healthcare,TIME,2400,1043123,75702,72.88,40100,38.6,304422,72.58,162655,38.78,941958,72.86,498023,38.52,295791,72.9,156134,38.48,122847,72.25,66861,39.32,72.79,553381,38.62
Bangalore Rural,,76128533B48075109668277,IND,ADM2,primary_healthcare,TIME,3000,1371931,99491,95.78,23789,22.9,401304,95.68,96882,23.1,1237839,95.75,295881,22.89,388528,95.76,92737,22.86,162608,95.63,39761,23.38,95.74,328808,22.94
Bangalore Rural,,76128533B48075109668277,IND,ADM2,primary_healthcare,TIME,3600,1421898,103078,99.23,3587,3.45,416122,99.21,14818,3.53,1282771,99.23,44932,3.48,402599,99.23,14071,3.47,168683,99.2,6075,3.57,99.22,49967,3.49
Bangalore Rural,,76128533B48075109668277,IND,ADM2,primary_healthcare,TIME,4200,1433039,103874,100.0,796,0.77,419437,100.0,3315,0.79,1292786,100.0,10015,0.77,405734,100.0,3135,0.77,170040,100.0,1357,0.8,100.0,11141,0.78
Bangalore Rural,,76128533B48075109668277,IND,ADM2,primary_healthcare,TIME,4800,1433039,103874,100.0,0,0.0,419437,100.0,0,0.0,1292786,100.0,0,0.0,405734,100.0,0,0.0,170040,100.0,0,0.0,100.0,0,0.0
Bangalore Rural,,76128533B48075109668277,IND,ADM2,primary_healthcare,TIME,5400,1433039,103874,100.0,0,0.0,419437,100.0,0,0.0,1292786,100.0,0,0.0,405734,100.0,0,0.0,170040,100.0,0,0.0,100.0,0,0.0
Bangalore Rural,,76128533B48075109668277,IND,ADM2,primary_healthcare,TIME,6000,1433039,103874,100.0,0,0.0,419437,100.0,0,0.0,1292786,100.0,0,0.0,405734,100.0,0,0.0,170040,100.0,0,0.0,100.0,0,0.0
Bangalore Rural,,76128533B48075109668277,IND,ADM2,primary_healthcare,TIME,6600,1433039,103874,100.0,0,0.0,419437,100.0,0,0.0,1292786,100.0,0,0.0,405734,100.0,0,0.0,170040,100.0,0,0.0,100.0,0,0.0
Bangalore Rural,,76128533B48075109668277,IND,ADM2,primary_healthcare,TIME,7200,1433039,103874,100.0,0,0.0,419437,100.0,0,0.0,1292786,100.0,0,0.0,405734,100.0,0,0.0,170040,100.0,0,0.0,100.0,0,0.0
Wanaparthy,,76128533B49394025943542,IND,ADM2,primary_healthcare,TIME,6000,6689,562,0.94,562,0.94,2385,0.94,2385,0.94,6119,0.94,6119,0.94,1804,0.94,1804,0.94,709,0.94,709,0.94,0.94,6689,0.94
Wanaparthy,,76128533B49394025943542,IND,ADM2,primary_healthcare,TIME,6600,63468,5333,8.88,4771,7.94,22631,8.88,20246,7.95,58060,8.88,51941,7.95,17122,8.88,15318,7.95,6727,8.88,6018,7.95,8.88,56779,7.95
Wanaparthy,,76128533B49394025943542,IND,ADM2,primary_healthcare,TIME,7200,227368,19107,31.82,13774,22.94,81075,31.82,58444,22.94,207995,31.82,149935,22.94,61339,31.82,44217,22.94,24099,31.82,17372,22.94,31.82,163900,22.94
Lucknow,,76128533B49436035281620,IND,ADM2,primary_healthcare,TIME,3000,30149,2573,0.59,2573,0.59,11952,0.57,11952,0.57,27727,0.52,27727,0.52,7713,0.49,7713,0.49,3048,0.55,3048,0.55,0.52,30149,0.52
Lucknow,,76128533B49436035281620,IND,ADM2,primary_healthcare,TIME,3600,475710,36554,8.32,33981,7.73,173966,8.3,162014,7.73,439868,8.2,412141,7.69,128735,8.15,121022,7.66,45730,8.28,42682,7.73,8.21,445561,7.69
Lucknow,,76128533B49436035281620,IND,ADM2,primary_healthcare,TIME,4200,2591917,195758,44.56,159204,36.24,935530,44.66,761564,36.35,2398618,44.74,1958750,36.54,707337,44.79,578602,36.64,247174,44.75,201444,36.47,44.74,2116207,36.53
Lucknow,,76128533B49436035281620,IND,ADM2,primary_healthcare,TIME,4800,4739744,357426,81.36,161668,36.8,1708693,81.56,773163,36.91,4386627,81.82,1988009,37.08,1294487,81.96,587150,37.18,451639,81.76,204465,37.01,81.82,2147827,37.08
Lucknow,,76128533B49436035281620,IND,ADM2,primary_healthcare,TIME,5400,5548173,419976,95.6,62550,14.24,2004334,95.68,295641,14.11,5134575,95.77,747948,13.95,1513449,95.83,218962,13.86,528922,95.75,77283,13.99,95.77,808429,13.96
Lucknow,,76128533B49436035281620,IND,ADM2,primary_healthcare,TIME,6000,5755387,436444,99.35,16468,3.75,2081249,99.35,76915,3.67,5326229,99.35,191654,3.57,1569057,99.35,55608,3.52,548790,99.35,19868,3.6,99.35,207214,3.58
Lucknow,,76128533B49436035281620,IND,ADM2,primary_healthcare,TIME,6600,5786250,438769,99.87,2325,0.53,2092365,99.88,11116,0.53,5354795,99.88,28566,0.53,1577491,99.88,8434,0.53,551729,99.88,2939,0.53,99.88,30863,0.53
Lucknow,,76128533B49436035281620,IND,ADM2,primary_healthcare,TIME,7200,5793093,439319,100.0,550,0.13,2094922,100.0,2557,0.12,5361123,100.0,6328,0.12,1579320,100.0,1829,0.12,552386,100.0,657,0.12,100.0,6843,0.12
Davanagere,,76128533B49597693387243,IND,ADM2,primary_healthcare,TIME,600,29853,2227,1.45,2227,1.45,9402,1.45,9402,1.45,27184,1.45,27184,1.45,8483,1.45,8483,1.45,3289,1.45,3289,1.45,1.45,29853,1.45
Davanagere,,76128533B49597693387243,IND,ADM2,primary_healthcare,TIME,1200,435857,32525,21.11,30298,19.66,137300,21.12,127898,19.67,396900,21.12,369716,19.68,123850,21.13,115367,19.68,48017,21.13,44728,19.69,21.12,406004,19.68
Davanagere,,76128533B49597693387243,IND,ADM2,primary_healthcare,TIME,1800,588240,43893,28.49,11368,7.38,185294,28.5,47994,7.38,535660,28.51,138760,7.39,167155,28.51,43305,7.39,64807,28.52,16790,7.39,28.51,152383,7.39
Davanagere,,76128533B49597693387243,IND,ADM2,primary_healthcare,TIME,2400,878670,65574,42.56,21681,14.07,276805,42.57,91511,14.07,800136,42.58,264476,14.08,249669,42.59,82514,14.07,96798,42.6,31991,14.08,42.59,290430,14.08
Davanagere,,76128533B49597693387243,IND,ADM2,primary_healthcare,TIME,3000,1267412,94581,61.39,29007,18.83,399255,61.4,122450,18.83,1154123,61.42,353987,18.84,360131,61.43,110462,18.84,139634,61.46,42836,18.85,61.43,388742,18.84
Davanagere,,76128533B49597693387243,IND,ADM2,primary_healthcare,TIME,3600,1505121,112311,72.89,17730,11.51,474109,72.91,74854,11.51,1370574,72.94,216451,11.52,427683,72.95,67552,11.52,165832,72.99,26198,11.53,72.95,237709,11.52
Davanagere,,76128533B49597693387243,IND,ADM2,primary_healthcare,TIME,4200,1680251,125416,81.4,13105,8.51,529374,81.41,55265,8.5,1530079,81.43,159505,8.49,477434,81.44,49751,8.49,185097,81.47,19265,8.48,81.44,175130,8.49
Davanagere,,76128533B49597693387243,IND,ADM2,primary_healthcare,TIME,4800,1859729,138840,90.11,13424,8.71,585994,90.12,56620,8.71,1693544,90.13,163465,8.7,528425,90.14,50991,8.7,204842,90.16,19745,8.69,90.14,179478,8.7
Davanagere,,76128533B49597693387243,IND,ADM2,primary_healthcare,TIME,5400,1982768,148027,96.08,9187,5.96,624764,96.08,38770,5.96,1805599,96.1,112055,5.96,563390,96.1,34965,5.96,218384,96.12,13542,5.96,96.1,123039,5.96
Davanagere,,76128533B49597693387243,IND,ADM2,primary_healthcare,TIME,6000,2048390,152964,99.28,4937,3.2,645543,99.28,20779,3.2,1865396,99.28,59797,3.18,582025,99.28,18635,3.18,225572,99.28,7188,3.16,99.28,65622,3.18
Davanagere,,76128533B49597693387243,IND,ADM2,primary_healthcare,TIME,6600,2048467,152970,99.28,6,0.0,645567,99.28,24,0.0,1865466,99.28,70,0.0,582047,99.28,22,0.0,225580,99.28,8,0.0,99.28,77,0.0
Davanagere,,76128533B49597693387243,IND,ADM2,primary_healthcare,TIME,7200,2050343,153109,99.37,139,0.09,646157,99.37,590,0.09,1867174,99.37,1708,0.09,582580,99.37,533,0.09,225787,99.37,207,0.09,99.37,1876,0.09
Lower Siang,,76128533B49993259380917,IND,ADM2,primary_healthcare,TIME,5400,235,22,3.9,22,3.9,94,3.5,94,3.5,222,3.53,222,3.53,63,3.52,63,3.52,17,3.59,17,3.59,3.55,235,3.55
Lower Siang,,76128533B49993259380917,IND,ADM2,primary_healthcare,TIME,6000,262,24,4.26,2,0.35,105,3.91,11,0.41,248,3.94,26,0.41,71,3.97,8,0.45,19,4.02,2,0.42,3.96,27,0.41
Lower Siang,,76128533B49993259380917,IND,ADM2,primary_healthcare,TIME,6600,264,24,4.26,0,0.0,106,3.95,1,0.04,250,3.98,2,0.03,71,3.97,0,0.0,19,4.02,0,0.0,3.99,2,0.03
Lower Siang,,76128533B49993259380917,IND,ADM2,primary_healthcare,TIME,7200,264,24,4.26,0,0.0,106,3.95,0,0.0,250,3.98,0,0.0,71,3.97,0,0.0,19,4.02,0,0.0,3.99,0,0.0
Nashik,,76128533B50056157736049,IND,ADM2,primary_healthcare,TIME,5400,20698,1855,0.28,1855,0.28,7155,0.28,7155,0.28,19085,0.29,19085,0.29,5585,0.29,5585,0.29,2042,0.28,2042,0.28,0.29,20698,0.29
Nashik,,76128533B50056157736049,IND,ADM2,primary_healthcare,TIME,6000,89212,8097,1.24,6242,0.95,31173,1.24,24018,0.95,82073,1.25,62988,0.96,23995,1.25,18410,0.96,8993,1.23,6951,0.95,1.24,68514,0.96
Nashik,,76128533B50056157736049,IND,ADM2,primary_healthcare,TIME,6600,254867,23200,3.55,15103,2.31,89280,3.55,58107,2.31,234346,3.56,152273,2.31,68500,3.56,44505,2.31,25818,3.55,16825,2.31,3.55,165655,2.31
Nashik,,76128533B50056157736049,IND,ADM2,primary_healthcare,TIME,7200,748707,68231,10.43,45031,6.89,262535,10.44,173255,6.89,688276,10.44,453930,6.89,201168,10.44,132668,6.89,75994,10.44,50176,6.89,10.44,493840,6.89
Muktsar,,76128533B50184713016881,IND,ADM2,primary_healthcare,TIME,1800,6967,531,0.61,531,0.61,2235,0.61,2235,0.61,6241,0.61,6241,0.61,1868,0.61,1868,0.61,870,0.62,870,0.62,0.61,6967,0.61
Muktsar,,76128533B50184713016881,IND,ADM2,primary_healthcare,TIME,2400,91063,6951,8.04,6420,7.43,29222,8.04,26987,7.42,81577,8.03,75336,7.42,24417,8.03,22549,7.42,11378,8.05,10508,7.43,8.03,84096,7.42
Muktsar,,76128533B50184713016881,IND,ADM2,primary_healthcare,TIME,3000,212097,16199,18.74,9248,10.7,68111,18.73,38889,10.69,190032,18.71,108455,10.68,56873,18.71,32456,10.68,26473,18.73,15095,10.68,18.71,121034,10.68
Muktsar,,76128533B50184713016881,IND,ADM2,primary_healthcare,TIME,3600,400487,30590,35.39,14391,16.65,128659,35.38,60548,16.65,358877,35.33,168845,16.62,107389,35.33,50516,16.62,49935,35.32,23462,16.6,35.33,188390,16.62
Muktsar,,76128533B50184713016881,IND,ADM2,primary_healthcare,TIME,4200,669727,51111,59.13,20521,23.74,214965,59.12,86306,23.73,600083,59.08,241206,23.75,179574,59.09,72185,23.75,83565,59.11,33630,23.79,59.08,269240,23.75
Muktsar,,76128533B50184713016881,IND,ADM2,primary_healthcare,TIME,4800,926667,70694,81.79,19583,22.66,297324,81.77,82359,22.65,830279,81.74,230196,22.66,248462,81.75,68888,22.67,115649,81.81,32084,22.7,81.75,256940,22.67
Muktsar,,76128533B50184713016881,IND,ADM2,primary_healthcare,TIME,5400,1037729,79132,91.55,8438,9.76,332876,91.54,35552,9.78,929845,91.54,99566,9.8,278230,91.55,29768,9.79,129454,91.57,13805,9.77,91.55,111062,9.8
Muktsar,,76128533B50184713016881,IND,ADM2,primary_healthcare,TIME,6000,1120337,85422,98.83,6290,7.28,359365,98.83,26489,7.28,1003895,98.83,74050,7.29,300375,98.83,22145,7.29,139729,98.84,10275,7.27,98.83,82608,7.29
Muktsar,,76128533B50184713016881,IND,ADM2,primary_healthcare,TIME,6600,1133557,86435,100.0,1013,1.17,363630,100.0,4265,1.17,1015750,100.0,11855,1.17,303920,100.0,3545,1.17,141369,100.0,1640,1.16,100.0,13220,1.17
Muktsar,,76128533B50184713016881,IND,ADM2,primary_healthcare,TIME,7200,1133557,86435,100.0,0,0.0,363630,100.0,0,0.0,1015750,100.0,0,0.0,303920,100.0,0,0.0,141369,100.0,0,0.0,100.0,0,0.0
Nainital,,76128533B50374927918374,IND,ADM2,primary_healthcare,TIME,4200,0,0,0.0,0,0.0,0,0.0,0,0.0,0,0.0,0,0.0,0,0.0,0,0.0,0,0.0,0,0.0,0.0,0,0.0
Nainital,,76128533B50374927918374,IND,ADM2,primary_healthcare,TIME,4800,351,29,0.03,29,0.03,128,0.04,128,0.04,307,0.03,307,0.03,96,0.04,96,0.04,51,0.05,51,0.05,0.04,351,0.04
Nainital,,76128533B50374927918374,IND,ADM2,primary_healthcare,TIME,5400,3203,272,0.32,243,0.29,1156,0.32,1028,0.29,2941,0.32,2634,0.29,875,0.32,779,0.29,328,0.34,277,0.29,0.32,2852,0.29
Nainital,,76128533B50374927918374,IND,ADM2,primary_healthcare,TIME,6000,14179,1208,1.42,936,1.1,5113,1.42,3957,1.1,13079,1.42,10138,1.1,3877,1.42,3002,1.1,1395,1.45,1067,1.11,1.42,10976,1.1
Nainital,,76128533B50374927918374,IND,ADM2,primary_healthcare,TIME,6600,44908,3828,4.5,2620,3.08,16189,4.5,11076,3.08,41465,4.51,28386,3.09,12281,4.51,8404,3.09,4377,4.53,2982,3.09,4.51,30729,3.09
Nainital,,76128533B50374927918374,IND,ADM2,primary_healthcare,TIME,7200,83164,7090,8.34,3262,3.84,29978,8.33,13789,3.83,76804,8.35,35339,3.84,22744,8.35,10463,3.84,8089,8.38,3712,3.85,8.35,38256,3.84
Dhemaji,,76128533B50650763703739,IND,ADM2,primary_healthcare,TIME,4200,15999,1600,2.23,1600,2.23,6408,2.23,6408,2.23,15135,2.23,15135,2.23,4368,2.23,4368,2.23,1196,2.22,1196,2.22,2.23,15999,2.23
Dhemaji,,76128533B50650763703739,IND,ADM2,primary_healthcare,TIME,4800,92915,9291,12.95,7691,10.72,37216,12.97,30808,10.74,87898,12.95,72763,10.72,25372,12.93,21004,10.71,6947,12.9,5751,10.68,12.94,76916,10.71
Dhemaji,,76128533B50650763703739,IND,ADM2,primary_healthcare,TIME,5400,181500,18150,25.31,8859,12.35,72699,25.33,35483,12.36,171701,25.29,83803,12.34,49562,25.27,24190,12.33,13571,25.2,6624,12.3,25.28,88585,12.34
Dhemaji,,76128533B50650763703739,IND,ADM2,primary_healthcare,TIME,6000,312236,31225,43.54,13075,18.23,125065,43.58,52366,18.25,295379,43.51,123678,18.22,85263,43.47,35701,18.2,23347,43.35,9776,18.15,43.5,130736,18.21
Dhemaji,,76128533B50650763703739,IND,ADM2,primary_healthcare,TIME,6600,446578,44658,62.27,13433,18.73,178840,62.32,53775,18.74,422454,62.23,127075,18.72,121956,62.17,36693,18.71,33406,62.03,10059,18.68,62.21,134342,18.71
Dhemaji,,76128533B50650763703739,IND,ADM2,primary_healthcare,TIME,7200,591590,59152,82.48,14494,20.21,236765,82.5,57925,20.18,559574,82.42,137120,20.2,161591,82.38,39635,20.21,44312,82.29,10906,20.25,82.41,145012,20.2
Gurdaspur,,76128533B51331331726928,IND,ADM2,primary_healthcare,TIME,5400,10095,721,0.57,721,0.57,3185,0.57,3185,0.57,9005,0.58,9005,0.58,2760,0.58,2760,0.58,1300,0.58,1300,0.58,0.58,10095,0.58
Gurdaspur,,76128533B51331331726928,IND,ADM2,primary_healthcare,TIME,6000,263082,18875,14.99,18154,14.41,83351,14.99,80166,14.42,234869,15.0,225864,14.43,71855,15.0,69095,14.43,33680,15.0,32380,14.42,15.0,252987,14.42
Gurdaspur,,76128533B51331331726928,IND,ADM2,primary_healthcare,TIME,6600,790890,56769,45.07,37894,30.09,250621,45.08,167270,30.09,706021,45.09,471152,30.09,216027,45.11,144172,30.11,101308,45.11,67628,30.11,45.1,527808,30.09
Gurdaspur,,76128533B51331331726928,IND,ADM2,primary_healthcare,TIME,7200,1174632,84332,66.96,27563,21.88,372261,66.96,121640,21.88,1048588,66.97,342567,21.88,320803,66.99,104776,21.88,150460,67.0,49152,21.89,66.98,383742,21.88
Namakkal,,76128533B51372664315362,IND,ADM2,primary_healthcare,TIME,600,118900,6660,5.73,6660,5.73,31496,5.78,31496,5.78,104015,5.8,104015,5.8,33168,5.81,33168,5.81,17356,5.89,17356,5.89,5.81,118900,5.81
Namakkal,,76128533B51372664315362,IND,ADM2,primary_healthcare,TIME,1200,474846,27597,23.72,20937,18.0,127551,23.41,96055,17.63,417704,23.29,313689,17.49,132152,23.17,98984,17.35,67013,22.72,49657,16.84,23.21,355946,17.4
Namakkal,,76128533B51372664315362,IND,ADM2,primary_healthcare,TIME,1800,636303,36761,31.6,9164,7.88,170533,31.3,42982,7.89,559225,31.18,141521,7.89,177155,31.05,45003,7.89,90305,30.62,23292,7.9,31.1,161457,7.89
Namakkal,,76128533B51372664315362,IND,ADM2,primary_healthcare,TIME,2400,777020,44714,38.44,7953,6.84,207934,38.17,37401,6.87,682488,38.05,123263,6.87,216387,37.93,39232,6.88,110683,37.53,20378,6.91,37.98,140717,6.88
Namakkal,,76128533B51372664315362,IND,ADM2,primary_healthcare,TIME,3000,1032140,59058,50.77,14344,12.33,275610,50.59,67676,12.42,905794,50.5,223306,12.45,287539,50.4,71152,12.47,147800,50.12,37117,12.59,50.45,255120,12.47
Namakkal,,76128533B51372664315362,IND,ADM2,primary_healthcare,TIME,3600,1476677,84018,72.23,24960,21.46,393473,72.22,117863,21.63,1294818,72.19,389024,21.69,411529,72.14,123990,21.73,212553,72.07,64753,21.96,72.18,444537,21.73
Namakkal,,76128533B51372664315362,IND,ADM2,primary_healthcare,TIME,4200,1812696,102894,88.46,18876,16.23,482549,88.57,89076,16.35,1588862,88.59,294044,16.39,505292,88.57,93763,16.44,261513,88.68,48960,16.6,88.6,336019,16.42
Namakkal,,76128533B51372664315362,IND,ADM2,primary_healthcare,TIME,4800,1887841,107275,92.22,4381,3.77,502689,92.27,20140,3.7,1654920,92.27,66058,3.68,526296,92.26,21004,3.68,272162,92.29,10649,3.61,92.27,75145,3.67
Namakkal,,76128533B51372664315362,IND,ADM2,primary_healthcare,TIME,5400,1940844,110303,94.83,3028,2.6,516806,94.86,14117,2.59,1701392,94.86,46472,2.59,541101,94.85,14805,2.6,279794,94.87,7632,2.59,94.86,53003,2.59
Namakkal,,76128533B51372664315362,IND,ADM2,primary_healthcare,TIME,6000,1973081,112112,96.38,1809,1.56,525350,96.43,8544,1.57,1729600,96.44,28208,1.57,550096,96.43,8995,1.58,284494,96.47,4700,1.59,96.44,32237,1.58
Namakkal,,76128533B51372664315362,IND,ADM2,primary_healthcare,TIME,6600,1985111,112799,96.97,687,0.59,528552,97.02,3202,0.59,1740146,97.02,10546,0.59,553458,97.02,3362,0.59,286228,97.06,1734,0.59,97.03,12030,0.59
Namakkal,,76128533B51372664315362,IND,ADM2,primary_healthcare,TIME,7200,2045918,116321,100.0,3522,3.03,544798,100.0,16246,2.98,1793534,100.0,53388,2.98,570477,100.0,17019,2.98,294910,100.0,8682,2.94,100.0,60807,2.97
Perambalur,,76128533B51799781997546,IND,ADM2,primary_healthcare,TIME,6000,214,15,0.04,15,0.04,63,0.04,63,0.04,189,0.04,189,0.04,60,0.04,60,0.04,29,0.04,29,0.04,0.04,214,0.04
Perambalur,,76128533B51799781997546,IND,ADM2,primary_healthcare,TIME,6600,43553,2970,7.24,2955,7.2,12837,7.23,12774,7.19,38815,7.35,38626,7.32,12208,7.31,12148,7.28,5643,7.41,5614,7.37,7.36,43339,7.32
Perambalur,,76128533B51799781997546,IND,ADM2,primary_healthcare,TIME,7200,166382,11489,27.99,8519,20.76,49733,28.0,36896,20.77,148336,28.1,109521,20.74,46826,28.06,34618,20.74,21504,28.24,15861,20.83,28.11,122829,20.75
Bid,,76128533B5215906594478,IND,ADM2,primary_healthcare,TIME,6600,0,0,0.0,0,0.0,0,0.0,0,0.0,0,0.0,0,0.0,0,0.0,0,0.0,0,0.0,0,0.0,0.0,0,0.0
Bid,,76128533B5215906594478,IND,ADM2,primary_healthcare,TIME,7200,11866,1057,0.39,1057,0.39,4118,0.4,4118,0.4,10395,0.4,10395,0.4,2958,0.4,2958,0.4,1717,0.4,1717,0.4,0.4,11866,0.4
Salem,,76128533B52590639744160,IND,ADM2,primary_healthcare,TIME,1200,134189,8604,3.56,8604,3.56,37467,3.56,37467,3.56,119896,3.57,119896,3.57,37094,3.57,37094,3.57,17081,3.58,17081,3.58,3.57,134189,3.57
Salem,,76128533B52590639744160,IND,ADM2,primary_healthcare,TIME,1800,245384,15727,6.5,7123,2.95,68477,6.51,31010,2.95,219230,6.53,99334,2.96,67834,6.53,30740,2.96,31255,6.56,14174,2.97,6.53,111195,2.96
Salem,,76128533B52590639744160,IND,ADM2,primary_healthcare,TIME,2400,494325,31688,13.1,15961,6.6,137982,13.12,69505,6.61,441655,13.15,222425,6.62,136649,13.16,68815,6.63,62945,13.2,31690,6.65,13.16,248941,6.63
Salem,,76128533B52590639744160,IND,ADM2,primary_healthcare,TIME,3000,2074400,133050,55.02,101362,41.92,579250,55.1,441268,41.97,1853550,55.21,1411895,42.05,573419,55.21,436770,42.05,263969,55.37,201024,42.16,55.23,1580075,42.07
Salem,,76128533B52590639744160,IND,ADM2,primary_healthcare,TIME,3600,2870590,184129,76.14,51079,21.12,801606,76.25,222356,21.15,2565001,76.4,711451,21.19,793504,76.4,220085,21.19,365257,76.61,101288,21.24,76.42,796190,21.2
Salem,,76128533B52590639744160,IND,ADM2,primary_healthcare,TIME,4200,3023215,194005,80.23,9876,4.08,844498,80.33,42892,4.08,2701529,80.46,136528,4.07,835713,80.47,42209,4.06,384527,80.65,19270,4.04,80.49,152625,4.06
Salem,,76128533B52590639744160,IND,ADM2,primary_healthcare,TIME,4800,3185171,204614,84.61,10609,4.39,890432,84.69,45934,4.37,2846630,84.78,145101,4.32,880532,84.78,44819,4.32,404748,84.89,20221,4.24,84.8,161956,4.31
Salem,,76128533B52590639744160,IND,ADM2,primary_healthcare,TIME,5400,3427195,220167,91.04,15553,6.43,958108,91.13,67676,6.44,3062942,91.23,216312,6.44,947438,91.22,66906,6.44,435492,91.34,30744,6.45,91.24,242024,6.44
Salem,,76128533B52590639744160,IND,ADM2,primary_healthcare,TIME,6000,3662081,235579,97.42,15412,6.37,1024546,97.45,66438,6.32,3273199,97.49,210257,6.26,1012485,97.49,65047,6.26,465003,97.53,29511,6.19,97.49,234886,6.25
Salem,,76128533B52590639744160,IND,ADM2,primary_healthcare,TIME,6600,3749782,241393,99.82,5814,2.4,1049495,99.82,24949,2.37,3351762,99.83,78563,2.34,1036793,99.83,24308,2.34,475963,99.83,10960,2.3,99.83,87701,2.33
Salem,,76128533B52590639744160,IND,ADM2,primary_healthcare,TIME,7200,3754943,241743,99.97,350,0.14,1051000,99.97,1505,0.14,3356377,99.97,4615,0.14,1038234,99.97,1441,0.14,476616,99.97,653,0.14,99.97,5161,0.14
Anantapur,,76128533B52664671961643,IND,ADM2,primary_healthcare,TIME,4200,18579,1319,0.42,1319,0.42,5810,0.42,5810,0.42,16686,0.42,16686,0.42,5153,0.42,5153,0.42,2278,0.42,2278,0.42,0.42,18579,0.42
Anantapur,,76128533B52664671961643,IND,ADM2,primary_healthcare,TIME,4800,89464,6341,2.01,5022,1.6,27930,2.02,22120,1.6,80326,2.02,63640,1.6,24824,2.02,19671,1.6,10997,2.03,8719,1.61,2.02,70885,1.6
Anantapur,,76128533B52664671961643,IND,ADM2,primary_healthcare,TIME,5400,394100,27966,8.89,21625,6.87,123144,8.89,95214,6.87,353904,8.9,273578,6.88,109337,8.9,84513,6.88,48387,8.92,37390,6.9,8.9,304636,6.88
Anantapur,,76128533B52664671961643,IND,ADM2,primary_healthcare,TIME,6000,623593,44256,14.06,16290,5.18,194876,14.07,71732,5.18,560003,14.08,206099,5.18,173007,14.09,63670,5.19,76552,14.12,28165,5.19,14.09,229493,5.18
Anantapur,,76128533B52664671961643,IND,ADM2,primary_healthcare,TIME,6600,740041,52528,16.69,8272,2.63,231290,16.7,36414,2.63,664589,16.71,104586,2.63,205311,16.72,32304,2.63,90834,16.75,14282,2.63,16.72,116448,2.63
Anantapur,,76128533B52664671961643,IND,ADM2,primary_healthcare,TIME,7200,876050,62184,19.76,9656,3.07,273795,19.77,42505,3.07,786729,19.79,122140,3.07,243041,19.79,37730,3.07,107531,19.83,16697,3.08,19.79,136009,3.07
South West,,76128533B53136419849111,IND,ADM2,primary_healthcare,TIME,600,5007,387,0.4,387,0.4,1573,0.39,1573,0.39,4728,0.39,4728,0.39,1401,0.39,1401,0.39,382,0.39,382,0.39,0.39,5007,0.39
South West,,76128533B53136419849111,IND,ADM2,primary_healthcare,TIME,1200,204681,15733,16.06,15346,15.67,64207,16.01,62634,15.62,193401,16.0,188673,15.6,57350,15.99,55949,15.6,15534,15.86,15152,15.47,15.98,199674,15.59
South West,,76128533B53136419849111,IND,ADM2,primary_healthcare,TIME,1800,1219080,93243,95.2,77510,79.14,381784,95.2,317577,79.19,1151099,95.2,957698,79.21,341485,95.2,284135,79.21,93320,95.26,77786,79.4,95.2,1014399,79.22
South West,,76128533B53136419849111,IND,ADM2,primary_healthcare,TIME,2400,1280481,97944,100.0,4701,4.8,401023,100.0,19239,4.8,1209134,100.0,58035,4.8,358701,100.0,17216,4.8,97963,100.0,4643,4.74,100.0,61401,4.8
South West,,76128533B53136419849111,IND,ADM2,primary_healthcare,TIME,3000,1280481,97944,100.0,0,0.0,401023,100.0,0,0.0,1209134,100.0,0,0.0,358701,100.0,0,0.0,97963,100.0,0,0.0,100.0,0,0.0
South West,,76128533B53136419849111,IND,ADM2,primary_healthcare,TIME,3600,1280481,97944,100.0,0,0.0,401023,100.0,0,0.0,1209134,100.0,0,0.0,358701,100.0,0,0.0,97963,100.0,0,0.0,100.0,0,0.0
South West,,76128533B53136419849111,IND,ADM2,primary_healthcare,TIME,4200,1280481,97944,100.0,0,0.0,401023,100.0,0,0.0,1209134,100.0,0,0.0,358701,100.0,0,0.0,97963,100.0,0,0.0,100.0,0,0.0
South West,,76128533B53136419849111,IND,ADM2,primary_healthcare,TIME,4800,1280481,97944,100.0,0,0.0,401023,100.0,0,0.0,1209134,100.0,0,0.0,358701,100.0,0,0.0,97963,100.0,0,0.0,100.0,0,0.0
South West,,76128533B53136419849111,IND,ADM2,primary_healthcare,TIME,5400,1280481,97944,100.0,0,0.0,401023,100.0,0,0.0,1209134,100.0,0,0.0,358701,100.0,0,0.0,97963,100.0,0,0.0,100.0,0,0.0
South West,,76128533B53136419849111,IND,ADM2,primary_healthcare,TIME,6000,1280481,97944,100.0,0,0.0,401023,100.0,0,0.0,1209134,100.0,0,0.0,358701,100.0,0,0.0,97963,100.0,0,0.0,100.0,0,0.0
South West,,76128533B53136419849111,IND,ADM2,primary_healthcare,TIME,6600,1280481,97944,100.0,0,0.0,401023,100.0,0,0.0,1209134,100.0,0,0.0,358701,100.0,0,0.0,97963,100.0,0,0.0,100.0,0,0.0
South West,,76128533B53136419849111,IND,ADM2,primary_healthcare,TIME,7200,1280481,97944,100.0,0,0.0,401023,100.0,0,0.0,1209134,100.0,0,0.0,358701,100.0,0,0.0,97963,100.0,0,0.0,100.0,0,0.0
East Siang,,76128533B53717296822608,IND,ADM2,primary_healthcare,TIME,6000,1427,138,2.27,138,2.27,570,2.02,570,2.02,1350,2.01,1350,2.01,394,1.93,394,1.93,106,2.0,106,2.0,2.01,1427,2.01
East Siang,,76128533B53717296822608,IND,ADM2,primary_healthcare,TIME,6600,1875,183,3.01,45,0.74,749,2.65,179,0.63,1773,2.63,423,0.63,516,2.52,122,0.6,140,2.65,34,0.64,2.64,448,0.63
East Siang,,76128533B53717296822608,IND,ADM2,primary_healthcare,TIME,7200,4107,399,6.56,216,3.55,1642,5.81,893,3.16,3885,5.77,2112,3.14,1133,5.54,617,3.02,306,5.78,166,3.14,5.77,2232,3.14
Thanjavur,,76128533B54279577656282,IND,ADM2,primary_healthcare,TIME,2400,4162,267,0.17,267,0.17,1163,0.17,1163,0.17,3729,0.17,3729,0.17,1211,0.17,1211,0.17,519,0.17,519,0.17,0.17,4162,0.17
Thanjavur,,76128533B54279577656282,IND,ADM2,primary_healthcare,TIME,3000,80221,5199,3.25,4932,3.08,22529,3.25,21366,3.08,71792,3.26,68063,3.09,23278,3.26,22067,3.09,10096,3.25,9577,3.09,3.26,76059,3.09
Thanjavur,,76128533B54279577656282,IND,ADM2,primary_healthcare,TIME,3600,436661,28273,17.66,23074,14.41,122555,17.69,100026,14.43,390868,17.74,319076,14.48,126771,17.76,103493,14.5,54869,17.68,44773,14.43,17.73,356440,14.47
Thanjavur,,76128533B54279577656282,IND,ADM2,primary_healthcare,TIME,4200,1205769,78239,48.86,49966,31.2,338915,48.91,216360,31.22,1079100,48.97,688232,31.23,349830,49.0,223059,31.24,151731,48.9,96862,31.22,48.96,769108,31.23
Thanjavur,,76128533B54279577656282,IND,ADM2,primary_healthcare,TIME,4800,2028423,131763,82.28,53524,33.42,570525,82.33,231610,33.42,1815085,82.37,735985,33.4,588284,82.4,238454,33.4,255501,82.35,103770,33.45,82.37,822654,33.41
Thanjavur,,76128533B54279577656282,IND,ADM2,primary_healthcare,TIME,5400,2297785,149380,93.29,17617,11.0,646573,93.31,76048,10.97,2056085,93.31,241000,10.94,666277,93.32,77993,10.92,289461,93.29,33960,10.95,93.31,269362,10.94
Thanjavur,,76128533B54279577656282,IND,ADM2,primary_healthcare,TIME,6000,2432946,158204,98.8,8824,5.51,684660,98.8,38087,5.5,2177006,98.8,120921,5.49,705411,98.8,39134,5.48,306511,98.79,17050,5.5,98.8,135161,5.49
Thanjavur,,76128533B54279577656282,IND,ADM2,primary_healthcare,TIME,6600,2461599,160069,99.96,1865,1.16,692692,99.96,8032,1.16,2202619,99.96,25613,1.16,713684,99.96,8273,1.16,310147,99.96,3636,1.17,99.96,28653,1.16
Thanjavur,,76128533B54279577656282,IND,ADM2,primary_healthcare,TIME,7200,2461689,160075,99.96,6,0.0,692717,99.96,25,0.0,2202700,99.96,81,0.0,713710,99.96,26,0.0,310159,99.96,12,0.0,99.96,90,0.0
Dakshina Kannada,,76128533B54396396829952,IND,ADM2,primary_healthcare,TIME,6600,4645,303,0.19,303,0.19,1293,0.19,1293,0.19,4197,0.19,4197,0.19,1359,0.19,1359,0.19,544,0.19,544,0.19,0.19,4645,0.19
Dakshina Kannada,,76128533B54396396829952,IND,ADM2,primary_healthcare,TIME,7200,8592,561,0.36,258,0.16,2391,0.36,1098,0.16,7764,0.35,3567,0.16,2513,0.35,1154,0.16,1007,0.35,463,0.16,0.35,3947,0.16
Tarn Taran,,76128533B54652028494758,IND,ADM2,primary_healthcare,TIME,1800,5670,456,0.46,456,0.46,1990,0.46,1990,0.46,5102,0.46,5102,0.46,1516,0.46,1516,0.46,685,0.46,685,0.46,0.46,5670,0.46
Tarn Taran,,76128533B54652028494758,IND,ADM2,primary_healthcare,TIME,2400,56136,4520,4.55,4064,4.09,19711,4.55,17721,4.09,50509,4.54,45407,4.08,15013,4.53,13497,4.07,6794,4.54,6109,4.08,4.54,50466,4.08
Tarn Taran,,76128533B54652028494758,IND,ADM2,primary_healthcare,TIME,3000,305859,24629,24.8,20109,20.25,107381,24.79,87670,20.24,275216,24.71,224707,20.18,81805,24.7,66792,20.17,37001,24.72,30207,20.18,24.71,249723,20.18
Tarn Taran,,76128533B54652028494758,IND,ADM2,primary_healthcare,TIME,3600,598969,48231,48.57,23602,23.77,210303,48.55,102922,23.76,538939,48.4,263723,23.68,160196,48.37,78391,23.67,72479,48.42,35478,23.7,48.4,293110,23.68
Tarn Taran,,76128533B54652028494758,IND,ADM2,primary_healthcare,TIME,4200,970313,78114,78.67,29883,30.09,340615,78.64,130312,30.09,873070,78.4,334131,30.0,259528,78.36,99332,29.99,117412,78.43,44933,30.02,78.4,371344,30.01
Tarn Taran,,76128533B54652028494758,IND,ADM2,primary_healthcare,TIME,4800,1175443,94413,95.08,16299,16.41,411769,95.07,71154,16.43,1057713,94.98,184643,16.58,314538,94.96,55010,16.61,142163,94.97,24751,16.53,94.98,205130,16.58
Tarn Taran,,76128533B54652028494758,IND,ADM2,primary_healthcare,TIME,5400,1204860,96737,97.42,2324,2.34,421919,97.41,10150,2.34,1084196,97.36,26483,2.38,322436,97.35,7898,2.38,145708,97.34,3545,2.37,97.36,29417,2.38
Tarn Taran,,76128533B54652028494758,IND,ADM2,primary_healthcare,TIME,6000,1231572,98812,99.51,2075,2.09,431035,99.51,9116,2.1,1108202,99.51,24006,2.16,329610,99.52,7174,2.17,148969,99.51,3261,2.18,99.51,26712,2.16
Tarn Taran,,76128533B54652028494758,IND,ADM2,primary_healthcare,TIME,6600,1231852,98835,99.54,23,0.02,431134,99.54,99,0.02,1108454,99.54,252,0.02,329685,99.54,75,0.02,149003,99.54,34,0.02,99.54,280,0.02
Tarn Taran,,76128533B54652028494758,IND,ADM2,primary_healthcare,TIME,7200,1232940,98922,99.62,87,0.09,431516,99.62,382,0.09,1109433,99.63,979,0.09,329976,99.63,291,0.09,149135,99.63,132,0.09,99.63,1088,0.09
Hassan,,76128533B54775433755383,IND,ADM2,primary_healthcare,TIME,3000,2403,152,0.14,152,0.14,664,0.14,664,0.14,2131,0.13,2131,0.13,683,0.13,683,0.13,321,0.13,321,0.13,0.13,2403,0.13
Hassan,,76128533B54775433755383,IND,ADM2,primary_healthcare,TIME,3600,97617,5997,5.43,5845,5.29,26277,5.42,25613,5.28,86154,5.4,84023,5.27,27715,5.4,27032,5.27,13492,5.39,13171,5.26,5.4,95214,5.27
Hassan,,76128533B54775433755383,IND,ADM2,primary_healthcare,TIME,4200,354149,21698,19.63,15701,14.21,95130,19.62,68853,14.2,312499,19.6,226345,14.2,100585,19.6,72870,14.2,49011,19.59,35519,14.2,19.6,256532,14.2
Hassan,,76128533B54775433755383,IND,ADM2,primary_healthcare,TIME,4800,766420,46907,42.45,25209,22.81,205704,42.44,110574,22.81,676231,42.42,363732,22.82,217698,42.41,117113,22.82,106120,42.42,57109,22.83,42.42,412271,22.82
Hassan,,76128533B54775433755383,IND,ADM2,primary_healthcare,TIME,5400,1262469,77231,69.89,30324,27.44,338726,69.88,133022,27.44,1113873,69.87,437642,27.45,358610,69.87,140912,27.45,174837,69.88,68717,27.47,69.87,496049,27.45
Hassan,,76128533B54775433755383,IND,ADM2,primary_healthcare,TIME,6000,1424816,87155,78.87,9924,8.98,382268,78.86,43542,8.98,1257119,78.85,143246,8.99,404734,78.85,46124,8.99,197314,78.87,22477,8.98,78.86,162347,8.99
Hassan,,76128533B54775433755383,IND,ADM2,primary_healthcare,TIME,6600,1548264,94703,85.7,7548,6.83,415388,85.69,33120,6.83,1366054,85.69,108935,6.83,439806,85.69,35072,6.83,214392,85.69,17078,6.83,85.69,123448,6.83
Hassan,,76128533B54775433755383,IND,ADM2,primary_healthcare,TIME,7200,1668922,102079,92.37,7376,6.67,447746,92.37,32358,6.68,1472511,92.36,106457,6.68,474084,92.36,34278,6.68,231102,92.37,16710,6.68,92.37,120658,6.68
Sri Potti Sriramulu Nellore,,76128533B55622097933343,IND,ADM2,primary_healthcare,TIME,3000,2896,210,0.1,210,0.1,811,0.08,811,0.08,2667,0.09,2667,0.09,862,0.09,862,0.09,288,0.07,288,0.07,0.09,2896,0.09
Sri Potti Sriramulu Nellore,,76128533B55622097933343,IND,ADM2,primary_healthcare,TIME,3600,24777,1663,0.76,1453,0.66,7445,0.74,6634,0.66,22430,0.75,19763,0.66,7127,0.76,6265,0.67,2861,0.74,2573,0.66,0.75,21881,0.66
Sri Potti Sriramulu Nellore,,76128533B55622097933343,IND,ADM2,primary_healthcare,TIME,4200,35114,2351,1.07,688,0.31,10574,1.06,3129,0.31,31771,1.07,9341,0.31,10090,1.07,2963,0.31,4073,1.05,1212,0.31,1.07,10337,0.31
Sri Potti Sriramulu Nellore,,76128533B55622097933343,IND,ADM2,primary_healthcare,TIME,4800,70070,4669,2.13,2318,1.06,21179,2.12,10605,1.06,63337,2.13,31566,1.06,20094,2.13,10004,1.06,8189,2.1,4116,1.06,2.13,34956,1.06
Sri Potti Sriramulu Nellore,,76128533B55622097933343,IND,ADM2,primary_healthcare,TIME,5400,87371,5816,2.66,1147,0.52,26429,2.64,5250,0.53,78959,2.66,15622,0.53,25045,2.66,4951,0.53,10227,2.63,2038,0.52,2.65,17301,0.53
Sri Potti Sriramulu Nellore,,76128533B55622097933343,IND,ADM2,primary_healthcare,TIME,6000,160364,10655,4.87,4839,2.21,48580,4.86,22151,2.22,144870,4.87,65911,2.22,45935,4.88,20890,2.22,18827,4.84,8600,2.21,4.87,72993,2.22
Sri Potti Sriramulu Nellore,,76128533B55622097933343,IND,ADM2,primary_healthcare,TIME,6600,336584,22464,10.26,11809,5.4,101882,10.19,53302,5.33,303625,10.21,158755,5.34,96160,10.21,50225,5.33,39955,10.27,21128,5.43,10.22,176220,5.35
Sri Potti Sriramulu Nellore,,76128533B55622097933343,IND,ADM2,primary_healthcare,TIME,7200,580860,38750,17.71,16286,7.44,175884,17.6,74002,7.4,523934,17.62,220309,7.41,165919,17.62,69759,7.41,68999,17.74,29044,7.47,17.64,244276,7.42
Chandigarh,,76128533B56050914259601,IND,ADM2,primary_healthcare,TIME,4800,564266,41326,64.25,41326,64.25,175184,64.46,175184,64.46,533274,64.67,533274,64.67,154930,64.57,154930,64.57,42721,62.47,42721,62.47,64.5,564266,64.5
Chandigarh,,76128533B56050914259601,IND,ADM2,primary_healthcare,TIME,5400,874781,64319,100.0,22993,35.75,271761,100.0,96577,35.54,824580,100.0,291306,35.33,239929,100.0,84999,35.43,68384,100.0,25663,37.53,100.0,310515,35.5
Chandigarh,,76128533B56050914259601,IND,ADM2,primary_healthcare,TIME,6000,874781,64319,100.0,0,0.0,271761,100.0,0,0.0,824580,100.0,0,0.0,239929,100.0,0,0.0,68384,100.0,0,0.0,100.0,0,0.0
Chandigarh,,76128533B56050914259601,IND,ADM2,primary_healthcare,TIME,6600,874781,64319,100.0,0,0.0,271761,100.0,0,0.0,824580,100.0,0,0.0,239929,100.0,0,0.0,68384,100.0,0,0.0,100.0,0,0.0
Chandigarh,,76128533B56050914259601,IND,ADM2,primary_healthcare,TIME,7200,874781,64319,100.0,0,0.0,271761,100.0,0,0.0,824580,100.0,0,0.0,239929,100.0,0,0.0,68384,100.0,0,0.0,100.0,0,0.0
Alwar,,76128533B5628791558965,IND,ADM2,primary_healthcare,TIME,2400,90129,9943,2.1,9943,2.1,38266,2.08,38266,2.08,84012,2.05,84012,2.05,22474,2.03,22474,2.03,7990,2.03,7990,2.03,2.05,90129,2.05
Alwar,,76128533B5628791558965,IND,ADM2,primary_healthcare,TIME,3000,208417,22607,4.78,12664,2.68,87628,4.76,49362,2.68,194160,4.73,110148,2.69,52225,4.72,29751,2.69,18589,4.72,10599,2.69,4.73,118288,2.69
Alwar,,76128533B5628791558965,IND,ADM2,primary_healthcare,TIME,3600,288611,31207,6.6,8600,1.82,121125,6.58,33497,1.82,268839,6.56,74679,1.82,72386,6.54,20161,1.82,25770,6.54,7181,1.82,6.55,80194,1.82
Alwar,,76128533B5628791558965,IND,ADM2,primary_healthcare,TIME,4200,437572,47165,9.98,15958,3.38,183285,9.95,62160,3.38,407532,9.94,138693,3.38,109846,9.93,37460,3.39,39135,9.93,13365,3.39,9.94,148961,3.38
Alwar,,76128533B5628791558965,IND,ADM2,primary_healthcare,TIME,4800,892010,96705,20.45,49540,10.48,374817,20.35,191532,10.4,830895,20.26,423363,10.32,223562,20.21,113716,10.28,79656,20.21,40521,10.28,20.26,454438,10.32
Alwar,,76128533B5628791558965,IND,ADM2,primary_healthcare,TIME,5400,1469184,158550,33.54,61845,13.08,615805,33.44,240988,13.09,1368365,33.37,537470,13.11,368683,33.32,145121,13.12,131358,33.33,51702,13.12,33.36,577174,13.11
Alwar,,76128533B5628791558965,IND,ADM2,primary_healthcare,TIME,6000,2528927,272020,57.54,113470,24.0,1058079,57.46,442274,24.02,2355164,57.43,986799,24.06,635199,57.41,266516,24.09,226329,57.43,94971,24.1,57.43,1059743,24.07
Alwar,,76128533B5628791558965,IND,ADM2,primary_healthcare,TIME,6600,2964533,318616,67.39,46596,9.86,1239876,67.33,181797,9.87,2760783,67.32,405619,9.89,744760,67.32,109561,9.9,265372,67.33,39043,9.91,67.32,435606,9.89
Alwar,,76128533B5628791558965,IND,ADM2,primary_healthcare,TIME,7200,3528456,378981,80.16,60365,12.77,1475431,80.12,235555,12.79,3285933,80.13,525150,12.81,886569,80.13,141809,12.82,315866,80.14,50494,12.81,80.13,563923,12.81
Tiruppur,,76128533B57036825942975,IND,ADM2,primary_healthcare,TIME,1800,83369,5218,3.0,5218,3.0,20904,3.04,20904,3.04,74259,3.06,74259,3.06,24123,3.05,24123,3.05,10843,3.17,10843,3.17,3.07,83369,3.07
Tiruppur,,76128533B57036825942975,IND,ADM2,primary_healthcare,TIME,2400,720403,45559,26.19,40341,23.19,181371,26.39,160467,23.35,642977,26.47,568718,23.41,209172,26.42,185049,23.37,92400,27.02,81557,23.85,26.53,637034,23.46
Tiruppur,,76128533B57036825942975,IND,ADM2,primary_healthcare,TIME,3000,1839883,117498,67.55,71939,41.36,464931,67.66,283560,41.26,1645413,67.73,1002436,41.26,536037,67.71,326865,41.29,232714,68.06,140314,41.04,67.77,1119480,41.23
Tiruppur,,76128533B57036825942975,IND,ADM2,primary_healthcare,TIME,3600,2019868,129094,74.22,11596,6.67,510570,74.3,45639,6.64,1806656,74.36,161243,6.64,588631,74.35,52594,6.64,255196,74.63,22482,6.58,74.4,179985,6.63
Tiruppur,,76128533B57036825942975,IND,ADM2,primary_healthcare,TIME,4200,2398238,153491,88.24,24397,14.03,606546,88.27,95976,13.97,2145675,88.32,339019,13.95,699220,88.32,110589,13.97,302412,88.44,47216,13.81,88.33,378370,13.94
Tiruppur,,76128533B57036825942975,IND,ADM2,primary_healthcare,TIME,4800,2647421,169576,97.49,16085,9.25,669900,97.49,63354,9.22,2368961,97.51,223286,9.19,772027,97.51,72807,9.2,333490,97.53,31078,9.09,97.51,249183,9.18
Tiruppur,,76128533B57036825942975,IND,ADM2,primary_healthcare,TIME,5400,2707323,173449,99.72,3873,2.23,685205,99.71,15305,2.23,2422626,99.72,53665,2.21,789505,99.72,17478,2.21,340972,99.72,7482,2.19,99.72,59902,2.21
Tiruppur,,76128533B57036825942975,IND,ADM2,primary_healthcare,TIME,6000,2709474,173588,99.8,139,0.08,685751,99.79,546,0.08,2424553,99.8,1927,0.08,790134,99.8,629,0.08,341240,99.8,268,0.08,99.8,2151,0.08
Tiruppur,,76128533B57036825942975,IND,ADM2,primary_healthcare,TIME,6600,2709478,173588,99.8,0,0.0,685752,99.79,1,0.0,2424557,99.8,4,0.0,790135,99.8,1,0.0,341240,99.8,0,0.0,99.8,4,0.0
Tiruppur,,76128533B57036825942975,IND,ADM2,primary_healthcare,TIME,7200,2710133,173630,99.82,42,0.02,685918,99.82,166,0.02,2425144,99.82,587,0.02,790327,99.82,192,0.02,341322,99.82,82,0.02,99.82,655,0.02
Kodagu,,76128533B57609583882472,IND,ADM2,primary_healthcare,TIME,3600,1448,94,0.26,94,0.26,412,0.25,412,0.25,1302,0.25,1302,0.25,413,0.26,413,0.26,175,0.25,175,0.25,0.25,1448,0.25
Kodagu,,76128533B57609583882472,IND,ADM2,primary_healthcare,TIME,4200,73115,4703,12.82,4609,12.56,20712,12.79,20300,12.54,65673,12.78,64371,12.52,20704,12.79,20291,12.54,8961,12.74,8786,12.5,12.77,71667,12.52
Kodagu,,76128533B57609583882472,IND,ADM2,primary_healthcare,TIME,4800,162523,10433,28.43,5730,15.61,46002,28.41,25290,15.62,145947,28.4,80274,15.62,45977,28.41,25273,15.62,19953,28.38,10992,15.63,28.4,89408,15.62
Kodagu,,76128533B57609583882472,IND,ADM2,primary_healthcare,TIME,5400,348919,22385,61.0,11952,32.57,98742,60.99,52740,32.58,313319,60.96,167372,32.57,98671,60.97,52694,32.56,42852,60.95,22899,32.57,60.96,186396,32.57
Kodagu,,76128533B57609583882472,IND,ADM2,primary_healthcare,TIME,6000,416039,26684,72.71,4299,11.71,117726,72.71,18984,11.73,373583,72.69,60264,11.73,117632,72.69,18961,11.72,51104,72.68,8252,11.74,72.69,67120,11.73
Kodagu,,76128533B57609583882472,IND,ADM2,primary_healthcare,TIME,6600,495390,31764,86.56,5080,13.84,140165,86.57,22439,13.86,444822,86.55,71239,13.86,140048,86.54,22416,13.85,60864,86.56,9760,13.88,86.55,79351,13.86
Kodagu,,76128533B57609583882472,IND,ADM2,primary_healthcare,TIME,7200,531105,34054,92.8,2290,6.24,150239,92.8,10074,6.22,476899,92.79,32077,6.24,150176,92.79,10128,6.26,65245,92.79,4381,6.23,92.79,35715,6.24
Bhind,,76128533B57712033428660,IND,ADM2,primary_healthcare,TIME,7200,2481,239,0.13,239,0.13,982,0.13,982,0.13,2276,0.13,2276,0.13,597,0.13,597,0.13,256,0.13,256,0.13,0.13,2481,0.13
Dibrugarh,,76128533B57825981663822,IND,ADM2,primary_healthcare,TIME,600,133351,10712,8.8,10712,8.8,45389,8.81,45389,8.81,125366,8.81,125366,8.81,38792,8.82,38792,8.82,10757,8.79,10757,8.79,8.81,133351,8.81
Dibrugarh,,76128533B57825981663822,IND,ADM2,primary_healthcare,TIME,1200,295108,23716,19.48,13004,10.68,100473,19.5,55084,10.69,277440,19.51,152074,10.69,85840,19.52,47048,10.7,23802,19.46,13045,10.66,19.5,161757,10.69
Dibrugarh,,76128533B57825981663822,IND,ADM2,primary_healthcare,TIME,1800,465684,37441,30.76,13725,11.28,158579,30.78,58106,11.28,437789,30.78,160349,11.27,135427,30.79,49587,11.27,37574,30.71,13772,11.26,30.78,170576,11.27
Dibrugarh,,76128533B57825981663822,IND,ADM2,primary_healthcare,TIME,2400,712732,57298,47.08,19857,16.31,242694,47.1,84115,16.33,670044,47.11,232255,16.33,207283,47.12,71856,16.34,57503,47.0,19929,16.29,47.1,247048,16.33
Dibrugarh,,76128533B57825981663822,IND,ADM2,primary_healthcare,TIME,3000,1011608,81299,66.79,24001,19.72,344344,66.83,101650,19.73,950944,66.86,280900,19.75,294191,66.88,86908,19.76,81691,66.78,24188,19.77,66.85,298876,19.75
Dibrugarh,,76128533B57825981663822,IND,ADM2,primary_healthcare,TIME,3600,1287268,103438,84.98,22139,18.19,438115,85.03,93771,18.2,1210037,85.08,259093,18.22,374353,85.11,80162,18.22,103988,85.0,22297,18.23,85.07,275660,18.22
Dibrugarh,,76128533B57825981663822,IND,ADM2,primary_healthcare,TIME,4200,1373370,110354,90.67,6916,5.68,467392,90.71,29277,5.68,1290947,90.77,80910,5.69,399381,90.8,25028,5.69,110969,90.71,6981,5.71,90.76,86102,5.69
Dibrugarh,,76128533B57825981663822,IND,ADM2,primary_healthcare,TIME,4800,1389668,111660,91.74,1306,1.07,472912,91.79,5520,1.07,1306242,91.84,15295,1.08,404109,91.87,4728,1.07,112311,91.81,1342,1.1,91.84,16298,1.08
Dibrugarh,,76128533B57825981663822,IND,ADM2,primary_healthcare,TIME,5400,1401979,112733,92.62,1073,0.88,477328,92.64,4416,0.86,1317842,92.66,11600,0.82,407609,92.67,3500,0.8,113279,92.6,968,0.79,92.65,12311,0.81
Dibrugarh,,76128533B57825981663822,IND,ADM2,primary_healthcare,TIME,6000,1404144,112906,92.76,173,0.14,478057,92.78,729,0.14,1319869,92.8,2027,0.14,408235,92.81,626,0.14,113461,92.75,182,0.15,92.79,2165,0.14
Dibrugarh,,76128533B57825981663822,IND,ADM2,primary_healthcare,TIME,6600,1408891,113285,93.07,379,0.31,479650,93.09,1593,0.31,1324311,93.11,4442,0.31,409607,93.12,1372,0.31,113865,93.08,404,0.33,93.11,4747,0.31
Dibrugarh,,76128533B57825981663822,IND,ADM2,primary_healthcare,TIME,7200,1409499,113334,93.11,49,0.04,479856,93.13,206,0.04,1324882,93.15,571,0.04,409783,93.16,176,0.04,113915,93.12,50,0.04,93.15,608,0.04
Karimnagar,,76128533B58104976570569,IND,ADM2,primary_healthcare,TIME,6600,19732,1141,1.63,1141,1.63,5818,1.63,5818,1.63,17451,1.63,17451,1.63,5626,1.63,5626,1.63,2691,1.63,2691,1.63,1.63,19732,1.63
Karimnagar,,76128533B58104976570569,IND,ADM2,primary_healthcare,TIME,7200,144233,8340,11.91,7199,10.28,42532,11.91,36714,10.28,127559,11.91,110108,10.28,41127,11.91,35501,10.28,19672,11.91,16981,10.28,11.91,124501,10.28
Mahabubnagar,,76128533B58170186574016,IND,ADM2,primary_healthcare,TIME,3600,28052,2357,2.86,2357,2.86,10003,2.88,10003,2.88,25662,2.85,25662,2.85,7568,2.84,7568,2.84,2973,2.89,2973,2.89,2.85,28052,2.85
Mahabubnagar,,76128533B58170186574016,IND,ADM2,primary_healthcare,TIME,4200,88913,7472,9.07,5115,6.21,31704,9.11,21701,6.24,81337,9.04,55675,6.18,23986,8.99,16418,6.15,9424,9.16,6451,6.27,9.05,60861,6.19
Mahabubnagar,,76128533B58170186574016,IND,ADM2,primary_healthcare,TIME,4800,307315,25826,31.34,18354,22.27,109582,31.5,77878,22.38,281130,31.23,199793,22.19,82907,31.08,58921,22.09,32572,31.66,23148,22.5,31.27,218402,22.23
Mahabubnagar,,76128533B58170186574016,IND,ADM2,primary_healthcare,TIME,5400,693548,58285,70.72,32459,39.38,247306,71.08,137724,39.58,634454,70.48,353324,39.25,187105,70.14,104198,39.06,73510,71.45,40938,39.79,70.58,386233,39.3
Mahabubnagar,,76128533B58170186574016,IND,ADM2,primary_healthcare,TIME,6000,824174,69183,83.94,10898,13.22,292681,84.12,45375,13.04,754572,83.82,120118,13.34,223146,83.66,36041,13.51,86734,84.31,13224,12.85,83.87,130626,13.29
Mahabubnagar,,76128533B58170186574016,IND,ADM2,primary_healthcare,TIME,6600,903639,75788,91.96,6605,8.01,319928,91.95,27247,7.83,827828,91.96,73256,8.14,245309,91.96,22163,8.31,94594,91.95,7860,7.64,91.96,79465,8.09
Mahabubnagar,,76128533B58170186574016,IND,ADM2,primary_healthcare,TIME,7200,943791,79151,96.04,3363,4.08,334069,96.02,14141,4.06,864650,96.05,36822,4.09,256259,96.07,10950,4.11,98759,96.0,4165,4.05,96.04,40152,4.09
New Delhi,,76128533B58262202014972,IND,ADM2,primary_healthcare,TIME,600,5331,409,0.22,409,0.22,1679,0.21,1679,0.21,5039,0.2,5039,0.2,1494,0.2,1494,0.2,402,0.22,402,0.22,0.2,5331,0.2
New Delhi,,76128533B58262202014972,IND,ADM2,primary_healthcare,TIME,1200,834353,63963,34.75,63554,34.52,263493,33.11,261814,32.9,788860,31.91,783821,31.7,233867,31.91,232373,31.7,62836,34.01,62434,33.79,32.05,829022,31.85
New Delhi,,76128533B58262202014972,IND,ADM2,primary_healthcare,TIME,1800,2596525,183571,99.72,119608,64.97,793580,99.72,530087,66.61,2466224,99.75,1677364,67.84,731153,99.75,497286,67.84,184273,99.73,121437,65.72,99.75,1762172,67.69
New Delhi,,76128533B58262202014972,IND,ADM2,primary_healthcare,TIME,2400,2603136,184092,100.0,521,0.28,795785,100.0,2205,0.28,2472476,100.0,6252,0.25,732999,100.0,1846,0.25,184769,100.0,496,0.27,100.0,6611,0.25
New Delhi,,76128533B58262202014972,IND,ADM2,primary_healthcare,TIME,3000,2603136,184092,100.0,0,0.0,795785,100.0,0,0.0,2472476,100.0,0,0.0,732999,100.0,0,0.0,184769,100.0,0,0.0,100.0,0,0.0
New Delhi,,76128533B58262202014972,IND,ADM2,primary_healthcare,TIME,3600,2603136,184092,100.0,0,0.0,795785,100.0,0,0.0,2472476,100.0,0,0.0,732999,100.0,0,0.0,184769,100.0,0,0.0,100.0,0,0.0
New Delhi,,76128533B58262202014972,IND,ADM2,primary_healthcare,TIME,4200,2603136,184092,100.0,0,0.0,795785,100.0,0,0.0,2472476,100.0,0,0.0,732999,100.0,0,0.0,184769,100.0,0,0.0,100.0,0,0.0
New Delhi,,76128533B58262202014972,IND,ADM2,primary_healthcare,TIME,4800,2603136,184092,100.0,0,0.0,795785,100.0,0,0.0,2472476,100.0,0,0.0,732999,100.0,0,0.0,184769,100.0,0,0.0,100.0,0,0.0
New Delhi,,76128533B58262202014972,IND,ADM2,primary_healthcare,TIME,5400,2603136,184092,100.0,0,0.0,795785,100.0,0,0.0,2472476,100.0,0,0.0,732999,100.0,0,0.0,184769,100.0,0,0.0,100.0,0,0.0
New Delhi,,76128533B58262202014972,IND,ADM2,primary_healthcare,TIME,6000,2603136,184092,100.0,0,0.0,795785,100.0,0,0.0,2472476,100.0,0,0.0,732999,100.0,0,0.0,184769,100.0,0,0.0,100.0,0,0.0
New Delhi,,76128533B58262202014972,IND,ADM2,primary_healthcare,TIME,6600,2603136,184092,100.0,0,0.0,795785,100.0,0,0.0,2472476,100.0,0,0.0,732999,100.0,0,0.0,184769,100.0,0,0.0,100.0,0,0.0
New Delhi,,76128533B58262202014972,IND,ADM2,primary_healthcare,TIME,7200,2603136,184092,100.0,0,0.0,795785,100.0,0,0.0,2472476,100.0,0,0.0,732999,100.0,0,0.0,184769,100.0,0,0.0,100.0,0,0.0
Nizamabad,,76128533B58493775523243,IND,ADM2,primary_healthcare,TIME,6600,0,0,0.0,0,0.0,0,0.0,0,0.0,0,0.0,0,0.0,0,0.0,0,0.0,0,0.0,0,0.0,0.0,0,0.0
Nizamabad,,76128533B58493775523243,IND,ADM2,primary_healthcare,TIME,7200,32113,2348,1.93,2348,1.93,10503,1.93,10503,1.93,28967,1.93,28967,1.93,9125,1.93,9125,1.93,3813,1.93,3813,1.93,1.93,32113,1.93
Chamba,,76128533B58537895532859,IND,ADM2,primary_healthcare,TIME,600,1,0,0.0,0,0.0,0,0.0,0,0.0,1,0.0,1,0.0,0,0.0,0,0.0,0,0.0,0,0.0,0.0,1,0.0
Chamba,,76128533B58537895532859,IND,ADM2,primary_healthcare,TIME,1200,59,5,0.01,5,0.01,21,0.01,21,0.01,55,0.01,54,0.01,16,0.01,16,0.01,5,0.01,5,0.01,0.01,58,0.01
Chamba,,76128533B58537895532859,IND,ADM2,primary_healthcare,TIME,1800,423,38,0.08,33,0.07,153,0.08,132,0.07,391,0.08,336,0.07,115,0.08,99,0.07,40,0.08,35,0.07,0.08,364,0.07
Chamba,,76128533B58537895532859,IND,ADM2,primary_healthcare,TIME,2400,1919,172,0.35,134,0.27,695,0.35,542,0.28,1774,0.35,1383,0.28,525,0.35,410,0.28,184,0.35,144,0.27,0.35,1496,0.28
Chamba,,76128533B58537895532859,IND,ADM2,primary_healthcare,TIME,3000,5755,518,1.06,346,0.71,2084,1.06,1389,0.71,5320,1.06,3546,0.71,1576,1.06,1051,0.71,554,1.05,370,0.7,1.06,3836,0.71
Chamba,,76128533B58537895532859,IND,ADM2,primary_healthcare,TIME,3600,9680,871,1.78,353,0.72,3506,1.78,1422,0.72,8948,1.78,3628,0.72,2651,1.78,1075,0.72,932,1.77,378,0.72,1.78,3925,0.72
Chamba,,76128533B58537895532859,IND,ADM2,primary_healthcare,TIME,4200,14702,1295,2.65,424,0.87,5220,2.66,1714,0.87,13525,2.69,4577,0.91,4039,2.71,1388,0.93,1482,2.82,550,1.05,2.71,5022,0.92
Chamba,,76128533B58537895532859,IND,ADM2,primary_healthcare,TIME,4800,19643,1716,3.51,421,0.86,6926,3.52,1706,0.87,18040,3.59,4515,0.9,5401,3.63,1362,0.91,2011,3.83,529,1.01,3.61,4941,0.91
Chamba,,76128533B58537895532859,IND,ADM2,primary_healthcare,TIME,5400,20989,1837,3.76,121,0.25,7413,3.77,487,0.25,19284,3.84,1244,0.25,5770,3.88,369,0.25,2141,4.07,130,0.25,3.86,1346,0.25
Chamba,,76128533B58537895532859,IND,ADM2,primary_healthcare,TIME,6000,24955,2195,4.49,358,0.73,8850,4.5,1437,0.73,22951,4.57,3667,0.73,6857,4.61,1087,0.73,2523,4.8,382,0.73,4.59,3966,0.73
Chamba,,76128533B58537895532859,IND,ADM2,primary_healthcare,TIME,6600,42295,3756,7.69,1561,3.2,15131,7.7,6281,3.2,38980,7.76,16029,3.19,11607,7.8,4750,3.19,4193,7.98,1670,3.18,7.78,17340,3.19
Chamba,,76128533B58537895532859,IND,ADM2,primary_healthcare,TIME,7200,53417,4757,9.74,1001,2.05,19158,9.75,4027,2.05,49261,9.81,10281,2.05,14654,9.84,3047,2.05,5266,10.02,1073,2.04,9.83,11122,2.05
Solan,,76128533B58569599021232,IND,ADM2,primary_healthcare,TIME,4800,14664,1151,2.21,1151,2.21,4583,2.21,4583,2.21,13580,2.23,13580,2.23,4011,2.23,4011,2.23,1388,2.22,1388,2.22,2.23,14664,2.23
Solan,,76128533B58569599021232,IND,ADM2,primary_healthcare,TIME,5400,82250,6457,12.42,5306,10.21,25710,12.4,21127,10.19,76169,12.49,62589,10.26,22503,12.5,18492,10.27,7790,12.45,6402,10.23,12.49,67586,10.26
Solan,,76128533B58569599021232,IND,ADM2,primary_healthcare,TIME,6000,286193,22459,43.21,16002,30.78,89491,43.16,63781,30.76,264915,43.44,188746,30.95,78252,43.47,55749,30.97,27226,43.51,19436,31.06,43.45,203943,30.96
Solan,,76128533B58569599021232,IND,ADM2,primary_healthcare,TIME,6600,322779,25332,48.73,2873,5.53,100928,48.68,11437,5.52,298793,49.0,33878,5.56,88260,49.03,10008,5.56,30695,49.05,3469,5.54,49.01,36586,5.55
Solan,,76128533B58569599021232,IND,ADM2,primary_healthcare,TIME,7200,329562,25864,49.76,532,1.02,103049,49.7,2121,1.02,305075,50.03,6282,1.03,90116,50.07,1856,1.03,31337,50.08,642,1.03,50.03,6783,1.03
Panchkula,,76128533B58876508630362,IND,ADM2,primary_healthcare,TIME,5400,282258,21836,45.08,21836,45.08,88944,45.06,88944,45.06,257611,44.99,257611,44.99,75944,44.89,75944,44.89,30514,45.05,30514,45.05,44.99,282258,44.99
Panchkula,,76128533B58876508630362,IND,ADM2,primary_healthcare,TIME,6000,448991,34714,71.66,12878,26.58,141365,71.62,52421,26.56,409943,71.59,152332,26.6,120938,71.49,44994,26.6,48380,71.42,17866,26.37,71.57,166733,26.58
Panchkula,,76128533B58876508630362,IND,ADM2,primary_healthcare,TIME,6600,611797,47226,97.49,12512,25.83,192401,97.48,51036,25.86,558474,97.52,148531,25.94,164962,97.51,44024,26.02,66040,97.49,17660,26.07,97.52,162806,25.95
Panchkula,,76128533B58876508630362,IND,ADM2,primary_healthcare,TIME,7200,622195,48012,99.11,786,1.62,195637,99.12,3236,1.64,567909,99.17,9435,1.65,167785,99.18,2823,1.67,67219,99.23,1179,1.74,99.18,10398,1.66
Farrukhabad,,76128533B59596968713717,IND,ADM2,primary_healthcare,TIME,5400,13356,1394,0.63,1394,0.63,5865,0.63,5865,0.63,12458,0.63,12458,0.63,3224,0.63,3224,0.63,1175,0.63,1175,0.63,0.63,13356,0.63
Farrukhabad,,76128533B59596968713717,IND,ADM2,primary_healthcare,TIME,6000,123133,12877,5.79,11483,5.16,54074,5.8,48209,5.17,114894,5.8,102436,5.17,29739,5.8,26515,5.17,10799,5.81,9624,5.18,5.8,109777,5.17
Farrukhabad,,76128533B59596968713717,IND,ADM2,primary_healthcare,TIME,6600,573009,60001,26.97,47124,21.18,251643,26.97,197569,21.17,534823,26.98,419929,21.18,138439,26.99,108700,21.19,50096,26.97,39297,21.16,26.98,449876,21.18
Farrukhabad,,76128533B59596968713717,IND,ADM2,primary_healthcare,TIME,7200,1091152,114275,51.36,54274,24.39,479282,51.37,227639,24.4,1018436,51.37,483613,24.39,263578,51.38,125139,24.39,95396,51.37,45300,24.39,51.37,518143,24.39
Valsad,,76128533B60261306484775,IND,ADM2,primary_healthcare,TIME,6600,2588,218,0.13,218,0.13,849,0.13,849,0.13,2414,0.13,2414,0.13,711,0.13,711,0.13,227,0.13,227,0.13,0.13,2588,0.13
Valsad,,76128533B60261306484775,IND,ADM2,primary_healthcare,TIME,7200,194943,16592,9.62,16374,9.5,64512,9.62,63663,9.5,181606,9.62,179192,9.49,53008,9.63,52297,9.5,17389,9.61,17162,9.49,9.62,192355,9.49
Faizabad,,76128533B60320291189162,IND,ADM2,primary_healthcare,TIME,7200,7936,785,0.28,785,0.28,3409,0.27,3409,0.27,7288,0.27,7288,0.27,1957,0.26,1957,0.26,812,0.26,812,0.26,0.27,7936,0.27
Jayashankar,,76128533B60322704115131,IND,ADM2,primary_healthcare,TIME,5400,0,0,0.0,0,0.0,0,0.0,0,0.0,0,0.0,0,0.0,0,0.0,0,0.0,0,0.0,0,0.0,0.0,0,0.0
Jayashankar,,76128533B60322704115131,IND,ADM2,primary_healthcare,TIME,6000,1894,116,0.41,116,0.41,589,0.41,589,0.41,1681,0.41,1681,0.41,529,0.41,529,0.41,252,0.41,252,0.41,0.41,1894,0.41
Jayashankar,,76128533B60322704115131,IND,ADM2,primary_healthcare,TIME,6600,19819,1218,4.27,1102,3.86,6169,4.29,5580,3.88,17587,4.28,15906,3.87,5539,4.27,5010,3.86,2644,4.34,2392,3.93,4.29,17925,3.88
Jayashankar,,76128533B60322704115131,IND,ADM2,primary_healthcare,TIME,7200,113248,6960,24.39,5742,20.12,35253,24.54,29084,20.25,100493,24.46,82906,20.18,31650,24.4,26111,20.13,15109,24.82,12465,20.48,24.51,93429,20.22
Aligarh,,76128533B60862799554879,IND,ADM2,primary_healthcare,TIME,3600,10479,1084,0.26,1084,0.26,4579,0.26,4579,0.26,9793,0.26,9793,0.26,2574,0.26,2574,0.26,904,0.26,904,0.26,0.26,10479,0.26
Aligarh,,76128533B60862799554879,IND,ADM2,primary_healthcare,TIME,4200,73371,7596,1.79,6512,1.54,32061,1.79,27482,1.53,68565,1.79,58772,1.54,18023,1.79,15449,1.54,6331,1.79,5427,1.54,1.79,62892,1.54
Aligarh,,76128533B60862799554879,IND,ADM2,primary_healthcare,TIME,4800,144536,14970,3.53,7374,1.74,63160,3.53,31099,1.74,135067,3.53,66502,1.74,35502,3.53,17479,1.74,12473,3.53,6142,1.74,3.53,71165,1.74
Aligarh,,76128533B60862799554879,IND,ADM2,primary_healthcare,TIME,5400,226486,23461,5.53,8491,2.0,98914,5.52,35754,2.0,211660,5.53,76593,2.0,55639,5.53,20137,2.0,19534,5.53,7061,2.0,5.53,81950,2.0
Aligarh,,76128533B60862799554879,IND,ADM2,primary_healthcare,TIME,6000,401047,41529,9.79,18068,4.26,175191,9.78,76277,4.26,374787,9.79,163127,4.26,98521,9.79,42882,4.26,34595,9.79,15061,4.26,9.79,174561,4.26
Aligarh,,76128533B60862799554879,IND,ADM2,primary_healthcare,TIME,6600,591678,61261,14.44,19732,4.65,258481,14.44,83290,4.65,552926,14.44,178139,4.65,145354,14.45,46833,4.66,51051,14.44,16456,4.65,14.44,190631,4.65
Aligarh,,76128533B60862799554879,IND,ADM2,primary_healthcare,TIME,7200,2090580,216411,51.01,155150,36.57,913453,51.02,654972,36.58,1953649,51.03,1400723,36.59,513550,51.04,368196,36.6,180386,51.02,129335,36.58,51.03,1498902,36.59
Cuddalore,,76128533B61321395333865,IND,ADM2,primary_healthcare,TIME,4200,13796,983,0.46,983,0.46,4108,0.46,4108,0.46,12577,0.46,12577,0.46,4011,0.46,4011,0.46,1505,0.46,1505,0.46,0.46,13796,0.46
Cuddalore,,76128533B61321395333865,IND,ADM2,primary_healthcare,TIME,4800,237575,16927,7.89,15944,7.43,70730,7.91,66622,7.45,216564,7.91,203987,7.45,69077,7.91,65066,7.45,25949,7.89,24444,7.44,7.91,223779,7.45
Cuddalore,,76128533B61321395333865,IND,ADM2,primary_healthcare,TIME,5400,631195,44959,20.94,28032,13.06,187891,21.01,117161,13.1,575288,21.02,358724,13.1,183506,21.03,114429,13.11,69026,21.0,43077,13.11,21.01,393620,13.1
Cuddalore,,76128533B61321395333865,IND,ADM2,primary_healthcare,TIME,6000,986038,70250,32.73,25291,11.78,293550,32.82,105659,11.81,898785,32.83,323497,11.82,286685,32.85,103179,11.82,107749,32.78,38723,11.78,32.83,354843,11.81
Cuddalore,,76128533B61321395333865,IND,ADM2,primary_healthcare,TIME,6600,1800247,128281,59.76,58031,27.03,535991,59.93,242441,27.11,1641067,59.95,742282,27.12,523436,59.97,236751,27.13,196600,59.81,88851,27.03,59.93,814209,27.11
Cuddalore,,76128533B61321395333865,IND,ADM2,primary_healthcare,TIME,7200,2547619,181558,84.58,53277,24.82,757555,84.7,221564,24.77,2322118,84.83,681051,24.88,740921,84.89,217485,24.92,278456,84.72,81856,24.9,84.82,747372,24.88
Meerut,,76128533B61760400952464,IND,ADM2,primary_healthcare,TIME,4200,10466,1029,0.27,1029,0.27,4281,0.27,4281,0.27,9802,0.27,9802,0.27,2729,0.27,2729,0.27,881,0.27,881,0.27,0.27,10466,0.27
Meerut,,76128533B61760400952464,IND,ADM2,primary_healthcare,TIME,4800,618877,60845,15.88,59816,15.61,252395,15.84,248114,15.57,580305,15.9,570503,15.63,161934,15.93,159205,15.66,51436,15.74,50555,15.47,15.89,608411,15.62
Meerut,,76128533B61760400952464,IND,ADM2,primary_healthcare,TIME,5400,2040081,200579,52.34,139734,36.46,833595,52.31,581200,36.47,1911487,52.37,1331182,36.47,532646,52.39,370712,36.46,170998,52.34,119562,36.6,52.37,1421204,36.48
Meerut,,76128533B61760400952464,IND,ADM2,primary_healthcare,TIME,6000,2844085,279630,72.96,79051,20.63,1162390,72.95,328795,20.63,2664566,73.0,753079,20.63,742366,73.02,209720,20.63,238637,73.04,67639,20.7,73.01,804004,20.64
Meerut,,76128533B61760400952464,IND,ADM2,primary_healthcare,TIME,6600,3386157,332928,86.87,53298,13.91,1383719,86.84,221329,13.89,3172615,86.92,508049,13.92,884028,86.95,141662,13.93,283927,86.91,45290,13.86,86.92,542072,13.91
Meerut,,76128533B61760400952464,IND,ADM2,primary_healthcare,TIME,7200,3641137,358001,93.41,25073,6.54,1488012,93.38,104293,6.55,3411443,93.47,238828,6.54,950532,93.49,66504,6.54,305379,93.47,21452,6.57,93.47,254980,6.55
Solapur,,76128533B62490300334729,IND,ADM2,primary_healthcare,TIME,6000,1755,144,0.04,144,0.04,583,0.04,583,0.04,1563,0.04,1563,0.04,459,0.04,459,0.04,228,0.04,228,0.04,0.04,1755,0.04
Solapur,,76128533B62490300334729,IND,ADM2,primary_healthcare,TIME,6600,41115,3363,0.86,3219,0.82,13543,0.86,12960,0.82,36576,0.87,35013,0.83,10788,0.87,10329,0.83,5393,0.87,5165,0.84,0.87,39360,0.83
Solapur,,76128533B62490300334729,IND,ADM2,primary_healthcare,TIME,7200,140815,11561,2.96,8198,2.1,46548,2.96,33005,2.1,125312,2.97,88736,2.11,36912,2.98,26124,2.11,18429,2.98,13036,2.11,2.97,99700,2.11
Karaikal,,76128533B62624361588317,IND,ADM2,primary_healthcare,TIME,1200,10649,782,7.02,782,7.02,3098,6.96,3098,6.96,9648,6.97,9648,6.97,3104,6.97,3104,6.97,1222,6.91,1222,6.91,6.97,10649,6.97
Karaikal,,76128533B62624361588317,IND,ADM2,primary_healthcare,TIME,1800,110287,8106,72.73,7324,65.72,32084,72.12,28986,65.15,99915,72.21,90267,65.24,32146,72.21,29042,65.24,12664,71.56,11442,64.66,72.14,99638,65.17
Karaikal,,76128533B62624361588317,IND,ADM2,primary_healthcare,TIME,2400,139265,10147,91.05,2041,18.31,40524,91.09,8440,18.97,126032,91.08,26117,18.87,40547,91.08,8401,18.87,16127,91.13,3463,19.57,91.09,28978,18.95
Karaikal,,76128533B62624361588317,IND,ADM2,primary_healthcare,TIME,3000,140966,10272,92.17,125,1.12,41019,92.2,495,1.11,127573,92.2,1541,1.11,41043,92.2,496,1.11,16323,92.24,196,1.11,92.2,1701,1.11
Karaikal,,76128533B62624361588317,IND,ADM2,primary_healthcare,TIME,3600,142439,10377,93.11,105,0.94,41448,93.17,429,0.96,128903,93.16,1330,0.96,41471,93.16,428,0.96,16496,93.22,173,0.98,93.16,1473,0.96
Karaikal,,76128533B62624361588317,IND,ADM2,primary_healthcare,TIME,4200,142740,10399,93.31,22,0.2,41535,93.36,87,0.2,129175,93.35,272,0.2,41559,93.36,88,0.2,16531,93.42,35,0.2,93.36,301,0.2
Karaikal,,76128533B62624361588317,IND,ADM2,primary_healthcare,TIME,4800,144187,10506,94.27,107,0.96,41956,94.31,421,0.95,130486,94.3,1311,0.95,41980,94.3,421,0.95,16697,94.35,166,0.94,94.31,1447,0.95
Karaikal,,76128533B62624361588317,IND,ADM2,primary_healthcare,TIME,5400,144187,10506,94.27,0,0.0,41956,94.31,0,0.0,130487,94.3,1,0.0,41981,94.3,1,0.0,16697,94.35,0,0.0,94.31,0,0.0
Karaikal,,76128533B62624361588317,IND,ADM2,primary_healthcare,TIME,6000,146039,10642,95.49,136,1.22,42495,95.52,539,1.21,132164,95.51,1677,1.21,42520,95.51,539,1.21,16910,95.56,213,1.2,95.52,1852,1.21
Karaikal,,76128533B62624361588317,IND,ADM2,primary_healthcare,TIME,6600,146039,10642,95.49,0,0.0,42495,95.52,0,0.0,132164,95.51,0,0.0,42520,95.51,0,0.0,16910,95.56,0,0.0,95.52,0,0.0
Karaikal,,76128533B62624361588317,IND,ADM2,primary_healthcare,TIME,7200,146039,10642,95.49,0,0.0,42495,95.52,0,0.0,132164,95.51,0,0.0,42520,95.51,0,0.0,16910,95.56,0,0.0,95.52,0,0.0
Mayiladuthurai,,76128533B63176236753619,IND,ADM2,primary_healthcare,TIME,2400,32826,2229,3.3,2229,3.3,9570,3.3,9570,3.3,29459,3.3,29459,3.3,9474,3.3,9474,3.3,4048,3.31,4048,3.31,3.3,32826,3.3
Mayiladuthurai,,76128533B63176236753619,IND,ADM2,primary_healthcare,TIME,3000,131030,8898,13.17,6669,9.87,38197,13.18,28627,9.88,117592,13.18,88133,9.88,37821,13.18,28347,9.88,16161,13.21,12113,9.9,13.19,98204,9.88
Mayiladuthurai,,76128533B63176236753619,IND,ADM2,primary_healthcare,TIME,3600,464467,31542,46.7,22644,33.53,135401,46.72,97204,33.54,416833,46.73,299241,33.55,134065,46.74,96244,33.55,57288,46.83,41127,33.62,46.74,333437,33.56
Mayiladuthurai,,76128533B63176236753619,IND,ADM2,primary_healthcare,TIME,4200,834181,56653,83.88,25111,37.18,243189,83.92,107788,37.2,748642,83.93,331809,37.2,240780,83.94,106715,37.2,102878,84.1,45590,37.27,83.95,369714,37.21
Mayiladuthurai,,76128533B63176236753619,IND,ADM2,primary_healthcare,TIME,4800,972119,66065,97.82,9412,13.94,283484,97.82,40295,13.9,872613,97.82,123971,13.9,280621,97.83,39841,13.89,119712,97.86,16834,13.76,97.83,137938,13.88
Mayiladuthurai,,76128533B63176236753619,IND,ADM2,primary_healthcare,TIME,5400,979480,66574,98.57,509,0.75,285648,98.57,2164,0.75,879260,98.57,6647,0.75,282751,98.57,2130,0.74,120579,98.57,867,0.71,98.57,7361,0.74
Mayiladuthurai,,76128533B63176236753619,IND,ADM2,primary_healthcare,TIME,6000,982139,66755,98.84,181,0.27,286423,98.84,775,0.27,881647,98.84,2387,0.27,283519,98.84,768,0.27,120907,98.84,328,0.27,98.84,2659,0.27
Mayiladuthurai,,76128533B63176236753619,IND,ADM2,primary_healthcare,TIME,6600,983306,66834,98.96,79,0.12,286763,98.96,340,0.12,882694,98.96,1047,0.12,283856,98.95,337,0.12,121051,98.95,144,0.12,98.95,1167,0.12
Mayiladuthurai,,76128533B63176236753619,IND,ADM2,primary_healthcare,TIME,7200,984832,66938,99.11,104,0.15,287208,99.11,445,0.15,884063,99.11,1369,0.15,284296,99.11,440,0.15,121239,99.11,188,0.15,99.11,1526,0.15
Karnal,,76128533B6330405394721,IND,ADM2,primary_healthcare,TIME,6000,2051,178,0.12,178,0.12,721,0.12,721,0.12,1875,0.12,1875,0.12,547,0.12,547,0.12,218,0.12,218,0.12,0.12,2051,0.12
Karnal,,76128533B6330405394721,IND,ADM2,primary_healthcare,TIME,6600,181923,16074,10.74,15896,10.62,64329,10.72,63608,10.6,166749,10.75,164874,10.63,48666,10.74,48119,10.62,18955,10.67,18737,10.55,10.74,179872,10.62
Karnal,,76128533B6330405394721,IND,ADM2,primary_healthcare,TIME,7200,517640,45532,30.43,29458,19.69,182180,30.35,117851,19.64,473917,30.54,307168,19.8,138653,30.6,89987,19.86,54483,30.67,35528,20.0,30.56,335717,19.82
Warangal (R),,76128533B63833971372360,IND,ADM2,primary_healthcare,TIME,3600,21902,1346,2.86,1346,2.86,6818,2.86,6818,2.86,19435,2.86,19435,2.86,6121,2.86,6121,2.86,2922,2.86,2922,2.86,2.86,21902,2.86
Warangal (R),,76128533B63833971372360,IND,ADM2,primary_healthcare,TIME,4200,209355,12867,27.34,11521,24.48,65171,27.34,58353,24.48,185776,27.34,166341,24.48,58510,27.34,52389,24.48,27931,27.34,25009,24.48,27.34,187453,24.48
Warangal (R),,76128533B63833971372360,IND,ADM2,primary_healthcare,TIME,4800,386748,23770,50.5,10903,23.17,120393,50.51,55222,23.17,343188,50.5,157412,23.17,108087,50.5,49577,23.17,51598,50.5,23667,23.17,50.5,177393,23.17
Warangal (R),,76128533B63833971372360,IND,ADM2,primary_healthcare,TIME,5400,574763,35326,75.06,11556,24.55,178921,75.06,58528,24.55,510027,75.06,166839,24.55,160633,75.06,52546,24.55,76682,75.06,25084,24.55,75.06,188015,24.55
Warangal (R),,76128533B63833971372360,IND,ADM2,primary_healthcare,TIME,6000,687327,42245,89.76,6919,14.7,213961,89.76,35040,14.7,609913,89.76,99886,14.7,192092,89.76,31459,14.7,91700,89.76,15018,14.7,89.76,112564,14.7
Warangal (R),,76128533B63833971372360,IND,ADM2,primary_healthcare,TIME,6600,740332,45503,96.68,3258,6.92,230462,96.68,16501,6.92,656948,96.68,47035,6.92,206905,96.68,14813,6.92,98772,96.68,7072,6.92,96.68,53005,6.92
Warangal (R),,76128533B63833971372360,IND,ADM2,primary_healthcare,TIME,7200,749296,46054,97.85,551,1.17,233252,97.85,2790,1.17,664903,97.85,7955,1.17,209411,97.85,2506,1.17,99968,97.85,1196,1.17,97.85,8964,1.17
Pudukkottai,,76128533B64003397477352,IND,ADM2,primary_healthcare,TIME,4800,79716,5692,4.27,5692,4.27,23528,4.32,23528,4.32,71697,4.36,71697,4.36,22794,4.39,22794,4.39,9676,4.41,9676,4.41,4.37,79716,4.37
Pudukkottai,,76128533B64003397477352,IND,ADM2,primary_healthcare,TIME,5400,318250,22906,17.17,17214,12.9,94321,17.31,70793,12.99,286368,17.43,214671,13.06,90890,17.5,68096,13.11,38496,17.53,28820,13.13,17.44,238534,13.07
Pudukkottai,,76128533B64003397477352,IND,ADM2,primary_healthcare,TIME,6000,580783,42237,31.66,19331,14.49,173070,31.77,78749,14.45,522928,31.82,236560,14.4,165600,31.88,74710,14.38,69927,31.85,31431,14.32,31.83,262533,14.39
Pudukkottai,,76128533B64003397477352,IND,ADM2,primary_healthcare,TIME,6600,941933,68867,51.62,26630,19.96,281471,51.66,108401,19.9,848368,51.63,325440,19.81,268343,51.67,102743,19.78,113143,51.53,43216,19.68,51.62,361150,19.79
Pudukkottai,,76128533B64003397477352,IND,ADM2,primary_healthcare,TIME,7200,1362212,99445,74.54,30578,22.92,406395,74.59,124924,22.93,1226563,74.65,378195,23.02,387855,74.68,119512,23.01,163964,74.68,50821,23.15,74.65,420279,23.03
Mahendragarh,,76128533B64161607349718,IND,ADM2,primary_healthcare,TIME,4200,1736,138,0.17,138,0.17,602,0.17,602,0.17,1558,0.18,1558,0.18,455,0.18,455,0.18,214,0.18,214,0.18,0.18,1736,0.18
Mahendragarh,,76128533B64161607349718,IND,ADM2,primary_healthcare,TIME,4800,40141,3276,4.08,3138,3.91,14102,4.07,13500,3.89,36103,4.06,34545,3.89,10513,4.05,10058,3.88,4872,4.07,4658,3.89,4.06,38405,3.89
Mahendragarh,,76128533B64161607349718,IND,ADM2,primary_healthcare,TIME,5400,239488,19342,24.11,16066,20.03,83619,24.12,69517,20.06,215131,24.2,179028,20.14,62799,24.22,52286,20.16,29335,24.48,24463,20.42,24.24,199347,20.17
Mahendragarh,,76128533B64161607349718,IND,ADM2,primary_healthcare,TIME,6000,594685,48088,59.95,28746,35.84,207857,59.97,124238,35.84,534410,60.12,319279,35.92,155965,60.14,93166,35.93,72636,60.62,43301,36.14,60.18,355197,35.95
Mahendragarh,,76128533B64161607349718,IND,ADM2,primary_healthcare,TIME,6600,808871,65630,81.82,17542,21.87,283411,81.76,75554,21.8,727468,81.84,193058,21.72,212192,81.83,56227,21.68,98216,81.97,25580,21.35,81.86,214186,21.68
Mahendragarh,,76128533B64161607349718,IND,ADM2,primary_healthcare,TIME,7200,915432,74262,92.58,8632,10.76,320853,92.56,37442,10.8,823310,92.62,95842,10.78,240194,92.62,28002,10.8,111150,92.77,12934,10.79,92.64,106561,10.78
Bageshwar,,76128533B64217423710469,IND,ADM2,primary_healthcare,TIME,3000,5443,456,1.88,456,1.88,1990,1.99,1990,1.99,4755,1.97,4755,1.97,1485,2.01,1485,2.01,800,2.11,800,2.11,1.99,5443,1.99
Bageshwar,,76128533B64217423710469,IND,ADM2,primary_healthcare,TIME,3600,6070,509,2.1,53,0.22,2220,2.22,230,0.23,5304,2.2,549,0.23,1657,2.24,172,0.23,892,2.35,92,0.24,2.22,627,0.23
Bageshwar,,76128533B64217423710469,IND,ADM2,primary_healthcare,TIME,4200,6070,509,2.1,0,0.0,2220,2.22,0,0.0,5304,2.2,0,0.0,1657,2.24,0,0.0,892,2.35,0,0.0,2.22,0,0.0
Bageshwar,,76128533B64217423710469,IND,ADM2,primary_healthcare,TIME,4800,6070,509,2.1,0,0.0,2220,2.22,0,0.0,5304,2.2,0,0.0,1657,2.24,0,0.0,892,2.35,0,0.0,2.22,0,0.0
Bageshwar,,76128533B64217423710469,IND,ADM2,primary_healthcare,TIME,5400,6185,518,2.13,9,0.04,2262,2.26,42,0.04,5404,2.24,100,0.04,1688,2.28,31,0.04,909,2.4,17,0.04,2.26,115,0.04
Bageshwar,,76128533B64217423710469,IND,ADM2,primary_healthcare,TIME,6000,12907,1112,4.58,594,2.45,4709,4.71,2447,2.45,11343,4.7,5939,2.46,3503,4.74,1815,2.45,1832,4.83,923,2.43,4.72,6722,2.46
Bageshwar,,76128533B64217423710469,IND,ADM2,primary_healthcare,TIME,6600,20640,1786,7.35,674,2.78,7500,7.5,2791,2.79,18199,7.54,6856,2.84,5588,7.56,2085,2.82,2870,7.57,1038,2.74,7.54,7733,2.83
Bageshwar,,76128533B64217423710469,IND,ADM2,primary_healthcare,TIME,7200,59029,5205,21.43,3419,14.08,21544,21.55,14044,14.05,52053,21.56,33854,14.02,15962,21.58,10374,14.03,8203,21.63,5333,14.06,21.57,38389,14.03
Kaithal,,76128533B64596101949699,IND,ADM2,primary_healthcare,TIME,5400,4172,334,0.32,334,0.32,1385,0.33,1385,0.33,3769,0.35,3769,0.35,1118,0.36,1118,0.36,489,0.35,489,0.35,0.35,4172,0.35
Kaithal,,76128533B64596101949699,IND,ADM2,primary_healthcare,TIME,6000,33942,2865,2.78,2531,2.46,11724,2.8,10339,2.47,30670,2.87,26901,2.51,8948,2.9,7830,2.53,3977,2.88,3488,2.52,2.87,29770,2.51
Kaithal,,76128533B64596101949699,IND,ADM2,primary_healthcare,TIME,6600,232403,20152,19.55,17287,16.77,81973,19.57,70249,16.77,210134,19.64,179464,16.77,60758,19.67,51810,16.77,27099,19.59,23122,16.72,19.63,198461,16.76
Kaithal,,76128533B64596101949699,IND,ADM2,primary_healthcare,TIME,7200,651960,56733,55.04,36581,35.49,230627,55.06,148654,35.49,589334,55.07,379200,35.44,170128,55.07,109370,35.4,76178,55.07,49079,35.48,55.07,419557,35.44
Tumkur,,76128533B64905184636422,IND,ADM2,primary_healthcare,TIME,600,32670,2124,1.18,2124,1.18,9234,1.18,9234,1.18,28790,1.19,28790,1.19,9077,1.19,9077,1.19,4559,1.19,4559,1.19,1.19,32670,1.19
Tumkur,,76128533B64905184636422,IND,ADM2,primary_healthcare,TIME,1200,302961,19704,10.98,17580,9.79,85631,10.98,76397,9.8,266980,11.0,238190,9.81,84182,11.0,75105,9.81,42278,11.02,37719,9.83,11.0,270291,9.81
Tumkur,,76128533B64905184636422,IND,ADM2,primary_healthcare,TIME,1800,608638,39594,22.06,19890,11.08,172044,22.06,86413,11.08,536374,22.09,269394,11.1,169123,22.1,84941,11.1,84915,22.14,42637,11.12,22.1,305677,11.1
Tumkur,,76128533B64905184636422,IND,ADM2,primary_healthcare,TIME,2400,1038763,67620,37.68,28026,15.61,293693,37.67,121649,15.6,915536,37.71,379162,15.62,288666,37.72,119543,15.62,144818,37.75,59903,15.62,37.72,430125,15.62
Tumkur,,76128533B64905184636422,IND,ADM2,primary_healthcare,TIME,3000,1397174,90967,50.68,23347,13.01,395014,50.66,101321,12.99,1231351,50.72,315815,13.01,388226,50.73,99560,13.01,194865,50.8,50047,13.05,50.73,358411,13.01
Tumkur,,76128533B64905184636422,IND,ADM2,primary_healthcare,TIME,3600,1880012,122384,68.19,31417,17.5,531511,68.16,136497,17.51,1656853,68.24,425502,17.53,522386,68.26,134160,17.53,262237,68.37,67372,17.56,68.26,482838,17.53
Tumkur,,76128533B64905184636422,IND,ADM2,primary_healthcare,TIME,4200,2044298,133087,74.15,10703,5.96,577998,74.13,46487,5.96,1801639,74.21,144786,5.96,568025,74.23,45639,5.96,285152,74.34,22915,5.97,74.23,164286,5.97
Tumkur,,76128533B64905184636422,IND,ADM2,primary_healthcare,TIME,4800,2382584,155120,86.43,22033,12.28,673756,86.41,95758,12.28,2099833,86.49,298194,12.28,662026,86.51,94001,12.28,332276,86.63,47124,12.29,86.51,338286,12.28
Tumkur,,76128533B64905184636422,IND,ADM2,primary_healthcare,TIME,5400,2475727,161290,89.86,6170,3.44,700636,89.85,26880,3.45,2182227,89.88,82394,3.39,687901,89.89,25875,3.38,344961,89.93,12685,3.31,89.89,93143,3.38
Tumkur,,76128533B64905184636422,IND,ADM2,primary_healthcare,TIME,6000,2501880,163024,90.83,1734,0.97,708191,90.82,7555,0.97,2205366,90.84,23139,0.95,695166,90.84,7265,0.95,348518,90.86,3557,0.93,90.84,26153,0.95
Tumkur,,76128533B64905184636422,IND,ADM2,primary_healthcare,TIME,6600,2566327,167234,93.18,4210,2.35,726500,93.17,18309,2.35,2262212,93.18,56846,2.34,713072,93.18,17906,2.34,357459,93.19,8941,2.33,93.18,64447,2.34
Tumkur,,76128533B64905184636422,IND,ADM2,primary_healthcare,TIME,7200,2627160,171204,95.39,3970,2.21,743760,95.38,17260,2.21,2315856,95.39,53644,2.21,729974,95.39,16902,2.21,365912,95.39,8453,2.2,95.39,60833,2.21
Jhansi,,76128533B66072086060089,IND,ADM2,primary_healthcare,TIME,6600,2897,246,0.13,246,0.13,1053,0.13,1053,0.13,2655,0.13,2655,0.13,749,0.13,749,0.13,302,0.13,302,0.13,0.13,2897,0.13
Jhansi,,76128533B66072086060089,IND,ADM2,primary_healthcare,TIME,7200,35566,3004,1.55,2758,1.42,12833,1.56,11780,1.43,32647,1.57,29992,1.44,9279,1.57,8530,1.44,3658,1.58,3356,1.45,1.57,32669,1.44
Longleng,,76128533B66411945144923,IND,ADM2,primary_healthcare,TIME,5400,3729,428,9.93,428,9.93,1684,10.75,1684,10.75,3563,10.61,3563,10.61,960,10.59,960,10.59,243,10.2,243,10.2,10.59,3729,10.59
Longleng,,76128533B66411945144923,IND,ADM2,primary_healthcare,TIME,6000,3804,437,10.13,9,0.21,1718,10.97,34,0.22,3635,10.83,72,0.21,979,10.8,19,0.21,248,10.41,5,0.21,10.8,75,0.21
Longleng,,76128533B66411945144923,IND,ADM2,primary_healthcare,TIME,6600,3852,443,10.27,6,0.14,1739,11.1,21,0.13,3680,10.96,45,0.13,991,10.94,12,0.13,251,10.54,3,0.13,10.93,48,0.14
Longleng,,76128533B66411945144923,IND,ADM2,primary_healthcare,TIME,7200,3852,443,10.27,0,0.0,1739,11.1,0,0.0,3680,10.96,0,0.0,991,10.94,0,0.0,251,10.54,0,0.0,10.93,0,0.0
Bahraich,,76128533B66612397499770,IND,ADM2,primary_healthcare,TIME,7200,5299,643,0.13,643,0.13,2410,0.13,2410,0.13,4927,0.13,4927,0.13,1215,0.13,1215,0.13,482,0.13,482,0.13,0.13,5299,0.13
Mumbai Suburban,,76128533B67326016655833,IND,ADM2,primary_healthcare,TIME,600,2359050,152888,21.84,152888,21.84,651443,21.84,651443,21.84,2178955,21.84,2178955,21.84,652057,21.84,652057,21.84,229131,21.85,229131,21.85,21.84,2359050,21.84
Mumbai Suburban,,76128533B67326016655833,IND,ADM2,primary_healthcare,TIME,1200,8084476,523971,74.85,371083,53.01,2232564,74.86,1581121,53.01,7467334,74.86,5288379,53.01,2234635,74.86,1582578,53.01,785187,74.86,556056,53.01,74.86,5725426,53.01
Mumbai Suburban,,76128533B67326016655833,IND,ADM2,primary_healthcare,TIME,1800,10441461,676751,96.68,152780,21.83,2883503,96.68,650939,21.83,9644421,96.68,2177087,21.82,2886137,96.68,651502,21.82,1014078,96.68,228891,21.82,96.68,2356985,21.82
Mumbai Suburban,,76128533B67326016655833,IND,ADM2,primary_healthcare,TIME,2400,10645433,689971,98.57,13220,1.89,2939832,98.57,56329,1.89,9832823,98.57,188402,1.89,2942517,98.57,56380,1.89,1033888,98.57,19810,1.89,98.57,203972,1.89
Mumbai Suburban,,76128533B67326016655833,IND,ADM2,primary_healthcare,TIME,3000,10783584,698927,99.85,8956,1.28,2977988,99.85,38156,1.28,9960431,99.85,127608,1.28,2980704,99.85,38187,1.28,1047302,99.85,13414,1.28,99.85,138151,1.28
Mumbai Suburban,,76128533B67326016655833,IND,ADM2,primary_healthcare,TIME,3600,10788923,699273,99.9,346,0.05,2979463,99.9,1475,0.05,9965362,99.9,4931,0.05,2982180,99.9,1476,0.05,1047821,99.9,519,0.05,99.9,5339,0.05
Mumbai Suburban,,76128533B67326016655833,IND,ADM2,primary_healthcare,TIME,4200,10789111,699285,99.9,12,0.0,2979515,99.9,52,0.0,9965536,99.9,174,0.0,2982232,99.9,52,0.0,1047839,99.9,18,0.0,99.9,188,0.0
Mumbai Suburban,,76128533B67326016655833,IND,ADM2,primary_healthcare,TIME,4800,10789891,699336,99.91,51,0.01,2979730,99.91,215,0.01,9966257,99.91,721,0.01,2982447,99.91,215,0.01,1047915,99.91,76,0.01,99.91,780,0.01
Mumbai Suburban,,76128533B67326016655833,IND,ADM2,primary_healthcare,TIME,5400,10790102,699350,99.91,14,0.0,2979788,99.91,58,0.0,9966451,99.91,194,0.0,2982505,99.91,58,0.0,1047935,99.91,20,0.0,99.91,211,0.0
Mumbai Suburban,,76128533B67326016655833,IND,ADM2,primary_healthcare,TIME,6000,10790125,699351,99.91,1,0.0,2979795,99.91,7,0.0,9966473,99.91,22,0.0,2982512,99.91,7,0.0,1047938,99.91,3,0.0,99.91,23,0.0
Mumbai Suburban,,76128533B67326016655833,IND,ADM2,primary_healthcare,TIME,6600,10791902,699466,99.93,115,0.02,2980286,99.93,491,0.02,9968115,99.93,1642,0.02,2983003,99.93,491,0.02,1048110,99.93,172,0.02,99.93,1777,0.02
Mumbai Suburban,,76128533B67326016655833,IND,ADM2,primary_healthcare,TIME,7200,10793797,699589,99.94,123,0.02,2980809,99.94,523,0.02,9969865,99.94,1750,0.02,2983527,99.94,524,0.02,1048294,99.94,184,0.02,99.94,1895,0.02
Gurgaon,,76128533B67580812983244,IND,ADM2,primary_healthcare,TIME,600,1225055,109082,50.3,109082,50.3,404316,50.37,404316,50.37,1141330,50.57,1141330,50.57,332552,50.63,332552,50.63,109189,50.52,109189,50.52,50.56,1225055,50.56
Gurgaon,,76128533B67580812983244,IND,ADM2,primary_healthcare,TIME,1200,1909404,170167,78.47,61085,28.17,630733,78.57,226417,28.21,1779022,78.82,637692,28.25,518214,78.9,185662,28.27,170070,78.7,60881,28.17,78.81,684349,28.25
Gurgaon,,76128533B67580812983244,IND,ADM2,primary_healthcare,TIME,1800,2175425,194588,89.73,24421,11.26,720424,89.75,89691,11.17,2026836,89.8,247814,10.98,589850,89.81,71636,10.91,193807,89.68,23737,10.98,89.79,266021,10.98
Gurgaon,,76128533B67580812983244,IND,ADM2,primary_healthcare,TIME,2400,2369538,212100,97.81,17512,8.08,785111,97.8,64687,8.06,2207543,97.81,180707,8.01,642343,97.8,52493,7.99,211248,97.75,17441,8.07,97.8,194113,8.01
Gurgaon,,76128533B67580812983244,IND,ADM2,primary_healthcare,TIME,3000,2416651,216299,99.75,4199,1.94,800707,99.75,15596,1.94,2251325,99.75,43782,1.94,655106,99.75,12763,1.94,215559,99.75,4311,1.99,99.75,47113,1.94
Gurgaon,,76128533B67580812983244,IND,ADM2,primary_healthcare,TIME,3600,2422789,216848,100.0,549,0.25,802734,100.0,2027,0.25,2257040,100.0,5715,0.25,656770,100.0,1664,0.25,216109,100.0,550,0.25,100.0,6138,0.25
Gurgaon,,76128533B67580812983244,IND,ADM2,primary_healthcare,TIME,4200,2422789,216848,100.0,0,0.0,802734,100.0,0,0.0,2257040,100.0,0,0.0,656770,100.0,0,0.0,216109,100.0,0,0.0,100.0,0,0.0
Gurgaon,,76128533B67580812983244,IND,ADM2,primary_healthcare,TIME,4800,2422789,216848,100.0,0,0.0,802734,100.0,0,0.0,2257040,100.0,0,0.0,656770,100.0,0,0.0,216109,100.0,0,0.0,100.0,0,0.0
Gurgaon,,76128533B67580812983244,IND,ADM2,primary_healthcare,TIME,5400,2422789,216848,100.0,0,0.0,802734,100.0,0,0.0,2257040,100.0,0,0.0,656770,100.0,0,0.0,216109,100.0,0,0.0,100.0,0,0.0
Gurgaon,,76128533B67580812983244,IND,ADM2,primary_healthcare,TIME,6000,2422789,216848,100.0,0,0.0,802734,100.0,0,0.0,2257040,100.0,0,0.0,656770,100.0,0,0.0,216109,100.0,0,0.0,100.0,0,0.0
Gurgaon,,76128533B67580812983244,IND,ADM2,primary_healthcare,TIME,6600,2422789,216848,100.0,0,0.0,802734,100.0,0,0.0,2257040,100.0,0,0.0,656770,100.0,0,0.0,216109,100.0,0,0.0,100.0,0,0.0
Gurgaon,,76128533B67580812983244,IND,ADM2,primary_healthcare,TIME,7200,2422789,216848,100.0,0,0.0,802734,100.0,0,0.0,2257040,100.0,0,0.0,656770,100.0,0,0.0,216109,100.0,0,0.0,100.0,0,0.0
Lohit,,76128533B6828791241172,IND,ADM2,primary_healthcare,TIME,5400,677,73,0.93,73,0.93,287,0.93,287,0.93,651,0.93,651,0.93,176,0.93,176,0.93,39,0.92,39,0.92,0.94,677,0.94
Lohit,,76128533B6828791241172,IND,ADM2,primary_healthcare,TIME,6000,2465,266,3.4,193,2.47,1045,3.4,758,2.47,2372,3.41,1721,2.47,642,3.4,466,2.47,144,3.4,105,2.48,3.41,1788,2.47
Lohit,,76128533B6828791241172,IND,ADM2,primary_healthcare,TIME,6600,7682,830,10.61,564,7.21,3259,10.62,2214,7.21,7393,10.62,5021,7.21,2001,10.61,1359,7.21,449,10.61,305,7.21,10.62,5217,7.21
Lohit,,76128533B6828791241172,IND,ADM2,primary_healthcare,TIME,7200,33024,3571,45.63,2741,35.02,14010,45.64,10751,35.02,31778,45.64,24385,35.02,8607,45.64,6606,35.03,1932,45.64,1483,35.03,45.64,25342,35.02
West,,76128533B68379889579232,IND,ADM2,primary_healthcare,TIME,1800,1459761,107886,58.99,107886,58.99,451426,58.82,451426,58.82,1354085,58.99,1354085,58.99,402550,59.0,402550,59.0,136018,57.97,136018,57.97,58.89,1459761,58.89
West,,76128533B68379889579232,IND,ADM2,primary_healthcare,TIME,2400,2478596,182882,100.0,74996,41.01,767475,100.0,316049,41.18,2295485,100.0,941400,41.01,682276,100.0,279726,41.0,234631,100.0,98613,42.03,100.0,1018835,41.11
West,,76128533B68379889579232,IND,ADM2,primary_healthcare,TIME,3000,2478596,182882,100.0,0,0.0,767475,100.0,0,0.0,2295485,100.0,0,0.0,682276,100.0,0,0.0,234631,100.0,0,0.0,100.0,0,0.0
West,,76128533B68379889579232,IND,ADM2,primary_healthcare,TIME,3600,2478596,182882,100.0,0,0.0,767475,100.0,0,0.0,2295485,100.0,0,0.0,682276,100.0,0,0.0,234631,100.0,0,0.0,100.0,0,0.0
West,,76128533B68379889579232,IND,ADM2,primary_healthcare,TIME,4200,2478596,182882,100.0,0,0.0,767475,100.0,0,0.0,2295485,100.0,0,0.0,682276,100.0,0,0.0,234631,100.0,0,0.0,100.0,0,0.0
West,,76128533B68379889579232,IND,ADM2,primary_healthcare,TIME,4800,2478596,182882,100.0,0,0.0,767475,100.0,0,0.0,2295485,100.0,0,0.0,682276,100.0,0,0.0,234631,100.0,0,0.0,100.0,0,0.0
West,,76128533B68379889579232,IND,ADM2,primary_healthcare,TIME,5400,2478596,182882,100.0,0,0.0,767475,100.0,0,0.0,2295485,100.0,0,0.0,682276,100.0,0,0.0,234631,100.0,0,0.0,100.0,0,0.0
West,,76128533B68379889579232,IND,ADM2,primary_healthcare,TIME,6000,2478596,182882,100.0,0,0.0,767475,100.0,0,0.0,2295485,100.0,0,0.0,682276,100.0,0,0.0,234631,100.0,0,0.0,100.0,0,0.0
West,,76128533B68379889579232,IND,ADM2,primary_healthcare,TIME,6600,2478596,182882,100.0,0,0.0,767475,100.0,0,0.0,2295485,100.0,0,0.0,682276,100.0,0,0.0,234631,100.0,0,0.0,100.0,0,0.0
West,,76128533B68379889579232,IND,ADM2,primary_healthcare,TIME,7200,2478596,182882,100.0,0,0.0,767475,100.0,0,0.0,2295485,100.0,0,0.0,682276,100.0,0,0.0,234631,100.0,0,0.0,100.0,0,0.0
Ghaziabad,,76128533B68984344044805,IND,ADM2,primary_healthcare,TIME,2400,173461,17722,4.19,17722,4.19,68225,4.01,68225,4.01,163951,4.04,163951,4.04,45362,3.96,45362,3.96,13115,4.1,13115,4.1,4.05,173461,4.05
Ghaziabad,,76128533B68984344044805,IND,ADM2,primary_healthcare,TIME,3000,2334728,231332,54.66,213610,50.47,925324,54.37,857099,50.36,2208988,54.48,2045037,50.44,622619,54.35,577257,50.39,174270,54.52,161155,50.42,54.48,2161267,50.44
Ghaziabad,,76128533B68984344044805,IND,ADM2,primary_healthcare,TIME,3600,3268263,323248,76.38,91916,21.72,1296936,76.2,371612,21.83,3092363,76.27,883375,21.79,872736,76.19,250117,21.83,243835,76.29,69565,21.76,76.27,933535,21.79
Ghaziabad,,76128533B68984344044805,IND,ADM2,primary_healthcare,TIME,4200,4048877,399983,94.51,76735,18.13,1607818,94.47,310882,18.27,3831073,94.49,738710,18.22,1082207,94.47,209471,18.29,301965,94.47,58130,18.19,94.49,780614,18.22
Ghaziabad,,76128533B68984344044805,IND,ADM2,primary_healthcare,TIME,4800,4279507,422651,99.87,22668,5.36,1699714,99.87,91896,5.4,4049288,99.87,218215,5.38,1144032,99.87,61825,5.4,319173,99.86,17208,5.38,99.87,230630,5.38
Ghaziabad,,76128533B68984344044805,IND,ADM2,primary_healthcare,TIME,5400,4285169,423207,100.0,556,0.13,1702005,100.0,2291,0.13,4054613,100.0,5325,0.13,1145525,100.0,1493,0.13,319628,100.0,455,0.14,100.0,5662,0.13
Ghaziabad,,76128533B68984344044805,IND,ADM2,primary_healthcare,TIME,6000,4285169,423207,100.0,0,0.0,1702005,100.0,0,0.0,4054613,100.0,0,0.0,1145525,100.0,0,0.0,319628,100.0,0,0.0,100.0,0,0.0
Ghaziabad,,76128533B68984344044805,IND,ADM2,primary_healthcare,TIME,6600,4285169,423207,100.0,0,0.0,1702005,100.0,0,0.0,4054613,100.0,0,0.0,1145525,100.0,0,0.0,319628,100.0,0,0.0,100.0,0,0.0
Ghaziabad,,76128533B68984344044805,IND,ADM2,primary_healthcare,TIME,7200,4285169,423207,100.0,0,0.0,1702005,100.0,0,0.0,4054613,100.0,0,0.0,1145525,100.0,0,0.0,319628,100.0,0,0.0,100.0,0,0.0
Sonipat,,76128533B69536039643660,IND,ADM2,primary_healthcare,TIME,3600,219846,18646,12.13,18646,12.13,77103,12.22,77103,12.22,202358,12.4,202358,12.4,57793,12.5,57793,12.5,22057,11.76,22057,11.76,12.34,219846,12.34
Sonipat,,76128533B69536039643660,IND,ADM2,primary_healthcare,TIME,4200,841403,72251,47.0,53605,34.87,297099,47.08,219996,34.86,771294,47.28,568936,34.87,219016,47.38,161223,34.87,87599,46.69,65542,34.93,47.22,621557,34.88
Sonipat,,76128533B69536039643660,IND,ADM2,primary_healthcare,TIME,4800,1231971,106072,69.0,33821,22.0,435703,69.05,138604,21.96,1128424,69.17,357130,21.89,320033,69.23,101017,21.85,129154,68.83,41555,22.15,69.13,390568,21.92
Sonipat,,76128533B69536039643660,IND,ADM2,primary_healthcare,TIME,5400,1600945,137927,89.72,31855,20.72,566223,89.73,130520,20.68,1465761,89.85,337337,20.68,415563,89.89,95530,20.66,168461,89.78,39307,20.95,89.84,368974,20.71
Sonipat,,76128533B69536039643660,IND,ADM2,primary_healthcare,TIME,6000,1768591,152461,99.18,14534,9.45,625768,99.17,59545,9.44,1619113,99.24,153352,9.4,458950,99.28,43387,9.39,186240,99.25,17779,9.48,99.25,167646,9.41
Sonipat,,76128533B69536039643660,IND,ADM2,primary_healthcare,TIME,6600,1782027,153728,100.0,1267,0.82,631034,100.0,5266,0.83,1631431,100.0,12318,0.76,462292,100.0,3342,0.72,187638,100.0,1398,0.75,100.0,13436,0.75
Sonipat,,76128533B69536039643660,IND,ADM2,primary_healthcare,TIME,7200,1782027,153728,100.0,0,0.0,631034,100.0,0,0.0,1631431,100.0,0,0.0,462292,100.0,0,0.0,187638,100.0,0,0.0,100.0,0,0.0
Jhajjar,,76128533B70554191137208,IND,ADM2,primary_healthcare,TIME,1800,15903,1307,1.24,1307,1.24,5191,1.21,5191,1.21,14760,1.26,14760,1.26,4312,1.27,4312,1.27,1473,1.06,1473,1.06,1.24,15903,1.24
Jhajjar,,76128533B70554191137208,IND,ADM2,primary_healthcare,TIME,2400,380649,30276,28.71,28969,27.47,123832,28.8,118641,27.59,350882,29.93,336122,28.67,102534,30.24,98222,28.97,37679,27.06,36206,26.0,29.62,364746,28.38
Jhajjar,,76128533B70554191137208,IND,ADM2,primary_healthcare,TIME,3000,726505,59057,56.0,28781,27.29,240831,56.01,116999,27.21,666089,56.81,315207,26.88,193412,57.05,90878,26.81,75517,54.23,37838,27.17,56.54,345856,26.91
Jhajjar,,76128533B70554191137208,IND,ADM2,primary_healthcare,TIME,3600,981457,80300,76.14,21243,20.14,327079,76.07,86248,20.06,897604,76.55,231515,19.75,260031,76.7,66619,19.65,104253,74.87,28736,20.64,76.37,254952,19.84
Jhajjar,,76128533B70554191137208,IND,ADM2,primary_healthcare,TIME,4200,1087446,89082,84.47,8782,8.33,362996,84.42,35917,8.35,993577,84.74,95973,8.19,287610,84.83,27579,8.13,116473,83.64,12220,8.78,84.62,105989,8.25
Jhajjar,,76128533B70554191137208,IND,ADM2,primary_healthcare,TIME,4800,1179571,96719,91.71,7637,7.24,394221,91.69,31225,7.26,1076997,91.85,83420,7.11,311582,91.9,23972,7.07,127092,91.27,10619,7.63,91.79,92125,7.17
Jhajjar,,76128533B70554191137208,IND,ADM2,primary_healthcare,TIME,5400,1276370,104742,99.32,8023,7.61,427027,99.32,32806,7.63,1164649,99.33,87652,7.48,336770,99.33,25188,7.43,138252,99.28,11160,8.01,99.32,96799,7.53
Jhajjar,,76128533B70554191137208,IND,ADM2,primary_healthcare,TIME,6000,1285052,105462,100.0,720,0.68,429969,100.0,2942,0.68,1172511,100.0,7862,0.67,339030,100.0,2260,0.67,139253,100.0,1001,0.72,100.0,8682,0.68
Jhajjar,,76128533B70554191137208,IND,ADM2,primary_healthcare,TIME,6600,1285052,105462,100.0,0,0.0,429969,100.0,0,0.0,1172511,100.0,0,0.0,339030,100.0,0,0.0,139253,100.0,0,0.0,100.0,0,0.0
Jhajjar,,76128533B70554191137208,IND,ADM2,primary_healthcare,TIME,7200,1285052,105462,100.0,0,0.0,429969,100.0,0,0.0,1172511,100.0,0,0.0,339030,100.0,0,0.0,139253,100.0,0,0.0,100.0,0,0.0
Medchal,,76128533B71056110198347,IND,ADM2,primary_healthcare,TIME,600,71934,5876,2.41,5876,2.41,23107,2.41,23107,2.41,67119,2.41,67119,2.41,21099,2.41,21099,2.41,6309,2.4,6309,2.4,2.41,71934,2.41
Medchal,,76128533B71056110198347,IND,ADM2,primary_healthcare,TIME,1200,1441745,117773,48.32,111897,45.91,463109,48.25,440002,45.84,1345236,48.28,1278117,45.87,422886,48.29,401787,45.88,126478,48.02,120169,45.63,48.25,1369811,45.85
Medchal,,76128533B71056110198347,IND,ADM2,primary_healthcare,TIME,1800,2680139,218803,89.77,101030,41.45,860882,89.69,397773,41.44,2500290,89.73,1155054,41.45,785939,89.74,363053,41.45,235559,89.44,109081,41.42,89.7,1238394,41.45
Medchal,,76128533B71056110198347,IND,ADM2,primary_healthcare,TIME,2400,2947914,240526,98.68,21723,8.91,946925,98.66,86043,8.96,2749576,98.67,249286,8.95,864227,98.68,78288,8.94,259614,98.58,24055,9.13,98.67,267775,8.96
Medchal,,76128533B71056110198347,IND,ADM2,primary_healthcare,TIME,3000,2982294,243315,99.82,2789,1.14,958064,99.82,11139,1.16,2781472,99.82,31896,1.14,874201,99.82,9974,1.14,262812,99.79,3198,1.21,99.82,34380,1.15
Medchal,,76128533B71056110198347,IND,ADM2,primary_healthcare,TIME,3600,2987800,243746,100.0,431,0.18,959830,100.0,1766,0.18,2786544,100.0,5072,0.18,875788,100.0,1587,0.18,263360,100.0,548,0.21,100.0,5506,0.18
Medchal,,76128533B71056110198347,IND,ADM2,primary_healthcare,TIME,4200,2987800,243746,100.0,0,0.0,959830,100.0,0,0.0,2786544,100.0,0,0.0,875788,100.0,0,0.0,263360,100.0,0,0.0,100.0,0,0.0
Medchal,,76128533B71056110198347,IND,ADM2,primary_healthcare,TIME,4800,2987800,243746,100.0,0,0.0,959830,100.0,0,0.0,2786544,100.0,0,0.0,875788,100.0,0,0.0,263360,100.0,0,0.0,100.0,0,0.0
Medchal,,76128533B71056110198347,IND,ADM2,primary_healthcare,TIME,5400,2987800,243746,100.0,0,0.0,959830,100.0,0,0.0,2786544,100.0,0,0.0,875788,100.0,0,0.0,263360,100.0,0,0.0,100.0,0,0.0
Medchal,,76128533B71056110198347,IND,ADM2,primary_healthcare,TIME,6000,2987800,243746,100.0,0,0.0,959830,100.0,0,0.0,2786544,100.0,0,0.0,875788,100.0,0,0.0,263360,100.0,0,0.0,100.0,0,0.0
Medchal,,76128533B71056110198347,IND,ADM2,primary_healthcare,TIME,6600,2987800,243746,100.0,0,0.0,959830,100.0,0,0.0,2786544,100.0,0,0.0,875788,100.0,0,0.0,263360,100.0,0,0.0,100.0,0,0.0
Medchal,,76128533B71056110198347,IND,ADM2,primary_healthcare,TIME,7200,2987800,243746,100.0,0,0.0,959830,100.0,0,0.0,2786544,100.0,0,0.0,875788,100.0,0,0.0,263360,100.0,0,0.0,100.0,0,0.0
Palwal,,76128533B71088079535368,IND,ADM2,primary_healthcare,TIME,1800,11726,1325,0.9,1325,0.9,5060,0.89,5060,0.89,10946,0.86,10946,0.86,2895,0.84,2895,0.84,1023,0.89,1023,0.89,0.86,11726,0.86
Palwal,,76128533B71088079535368,IND,ADM2,primary_healthcare,TIME,2400,314395,35611,24.14,34286,23.24,135960,23.91,130900,23.02,293436,23.06,282490,22.2,77507,22.59,74612,21.74,27493,23.89,26470,23.0,23.13,302669,22.27
Palwal,,76128533B71088079535368,IND,ADM2,primary_healthcare,TIME,3000,762795,84489,57.28,48878,33.14,323878,56.96,187918,33.05,713076,56.03,419640,32.98,190555,55.53,113048,32.94,65574,56.99,38081,33.09,56.11,448400,32.99
Palwal,,76128533B71088079535368,IND,ADM2,primary_healthcare,TIME,3600,1060598,116212,78.79,31723,21.51,446581,78.55,122703,21.58,992213,77.97,279137,21.93,266505,77.66,75950,22.13,90431,78.59,24857,21.6,78.02,297803,21.91
Palwal,,76128533B71088079535368,IND,ADM2,primary_healthcare,TIME,4200,1305931,142011,96.28,25799,17.49,546769,96.17,100188,17.62,1222403,96.06,230190,18.09,329428,96.0,62923,18.34,110672,96.18,20241,17.59,96.07,245333,18.05
Palwal,,76128533B71088079535368,IND,ADM2,primary_healthcare,TIME,4800,1359141,147477,99.98,5466,3.71,568457,99.98,21688,3.81,1272341,99.98,49938,3.92,343108,99.98,13680,3.99,115051,99.98,4379,3.81,99.98,53210,3.91
Palwal,,76128533B71088079535368,IND,ADM2,primary_healthcare,TIME,5400,1359384,147502,100.0,25,0.02,568564,100.0,107,0.02,1272568,100.0,227,0.02,343168,100.0,60,0.02,115072,100.0,21,0.02,100.0,243,0.02
Palwal,,76128533B71088079535368,IND,ADM2,primary_healthcare,TIME,6000,1359384,147502,100.0,0,0.0,568564,100.0,0,0.0,1272568,100.0,0,0.0,343168,100.0,0,0.0,115072,100.0,0,0.0,100.0,0,0.0
Palwal,,76128533B71088079535368,IND,ADM2,primary_healthcare,TIME,6600,1359384,147502,100.0,0,0.0,568564,100.0,0,0.0,1272568,100.0,0,0.0,343168,100.0,0,0.0,115072,100.0,0,0.0,100.0,0,0.0
Palwal,,76128533B71088079535368,IND,ADM2,primary_healthcare,TIME,7200,1359384,147502,100.0,0,0.0,568564,100.0,0,0.0,1272568,100.0,0,0.0,343168,100.0,0,0.0,115072,100.0,0,0.0,100.0,0,0.0
Fatehpur,,76128533B7124697440629,IND,ADM2,primary_healthcare,TIME,2400,51926,4871,1.75,4871,1.75,21753,1.75,21753,1.75,47619,1.75,47619,1.75,12593,1.75,12593,1.75,5385,1.75,5385,1.75,1.75,51926,1.75
Fatehpur,,76128533B7124697440629,IND,ADM2,primary_healthcare,TIME,3000,287801,27002,9.69,22131,7.94,120570,9.69,98817,7.94,263932,9.69,216313,7.94,69801,9.69,57208,7.94,29850,9.69,24465,7.94,9.69,235875,7.94
Fatehpur,,76128533B7124697440629,IND,ADM2,primary_healthcare,TIME,3600,607655,57009,20.45,30007,10.77,254565,20.45,133995,10.77,557259,20.46,293327,10.77,147380,20.46,77579,10.77,63026,20.46,33176,10.77,20.46,319854,10.77
Fatehpur,,76128533B7124697440629,IND,ADM2,primary_healthcare,TIME,4200,1181400,110775,39.74,53766,19.29,494854,39.76,240289,19.31,1083413,39.78,526154,19.32,286617,39.79,139237,19.33,122543,39.79,59517,19.32,39.78,573745,19.32
Fatehpur,,76128533B7124697440629,IND,ADM2,primary_healthcare,TIME,4800,1520324,142574,51.15,31799,11.41,636841,51.17,141987,11.41,1394229,51.2,310816,11.41,368818,51.2,82201,11.41,157697,51.2,35154,11.41,51.2,338924,11.41
Fatehpur,,76128533B7124697440629,IND,ADM2,primary_healthcare,TIME,5400,1929702,180951,64.92,38377,13.77,808353,64.95,171512,13.78,1769609,64.98,375380,13.78,468208,65.0,99390,13.8,200204,65.0,42507,13.8,64.98,409378,13.79
Fatehpur,,76128533B7124697440629,IND,ADM2,primary_healthcare,TIME,6000,2335697,219101,78.61,38150,13.69,978582,78.62,170229,13.68,2141963,78.65,372354,13.67,566635,78.66,98427,13.66,242284,78.67,42080,13.66,78.65,405995,13.67
Fatehpur,,76128533B7124697440629,IND,ADM2,primary_healthcare,TIME,6600,2496654,234222,84.03,15121,5.42,1046024,84.04,67442,5.42,2289568,84.07,147605,5.42,605644,84.07,39009,5.42,258982,84.09,16698,5.42,84.07,160957,5.42
Fatehpur,,76128533B7124697440629,IND,ADM2,primary_healthcare,TIME,7200,2642175,247905,88.94,13683,4.91,1107066,88.95,61042,4.9,2423036,88.97,133468,4.9,640921,88.97,35277,4.9,274060,88.98,15078,4.9,88.98,145521,4.9
North West,,76128533B71353370080255,IND,ADM2,primary_healthcare,TIME,1800,939,70,0.06,70,0.06,304,0.06,304,0.06,884,0.06,884,0.06,263,0.06,263,0.06,74,0.06,74,0.06,0.06,939,0.06
North West,,76128533B71353370080255,IND,ADM2,primary_healthcare,TIME,2400,1298168,102225,80.56,102155,80.5,435555,80.54,435251,80.48,1216906,80.76,1216022,80.71,357564,80.81,357301,80.75,108246,81.24,108172,81.19,80.8,1297229,80.74
North West,,76128533B71353370080255,IND,ADM2,primary_healthcare,TIME,3000,1594786,125950,99.26,23725,18.7,536783,99.26,101228,18.72,1495655,99.26,278749,18.5,439208,99.27,81644,18.45,132281,99.28,24035,18.04,99.27,296618,18.46
North West,,76128533B71353370080255,IND,ADM2,primary_healthcare,TIME,3600,1606583,126894,100.0,944,0.74,540808,100.0,4025,0.74,1506741,100.0,11086,0.74,442455,100.0,3247,0.73,133237,100.0,956,0.72,100.0,11797,0.73
North West,,76128533B71353370080255,IND,ADM2,primary_healthcare,TIME,4200,1606583,126894,100.0,0,0.0,540808,100.0,0,0.0,1506741,100.0,0,0.0,442455,100.0,0,0.0,133237,100.0,0,0.0,100.0,0,0.0
North West,,76128533B71353370080255,IND,ADM2,primary_healthcare,TIME,4800,1606583,126894,100.0,0,0.0,540808,100.0,0,0.0,1506741,100.0,0,0.0,442455,100.0,0,0.0,133237,100.0,0,0.0,100.0,0,0.0
North West,,76128533B71353370080255,IND,ADM2,primary_healthcare,TIME,5400,1606583,126894,100.0,0,0.0,540808,100.0,0,0.0,1506741,100.0,0,0.0,442455,100.0,0,0.0,133237,100.0,0,0.0,100.0,0,0.0
North West,,76128533B71353370080255,IND,ADM2,primary_healthcare,TIME,6000,1606583,126894,100.0,0,0.0,540808,100.0,0,0.0,1506741,100.0,0,0.0,442455,100.0,0,0.0,133237,100.0,0,0.0,100.0,0,0.0
North West,,76128533B71353370080255,IND,ADM2,primary_healthcare,TIME,6600,1606583,126894,100.0,0,0.0,540808,100.0,0,0.0,1506741,100.0,0,0.0,442455,100.0,0,0.0,133237,100.0,0,0.0,100.0,0,0.0
North West,,76128533B71353370080255,IND,ADM2,primary_healthcare,TIME,7200,1606583,126894,100.0,0,0.0,540808,100.0,0,0.0,1506741,100.0,0,0.0,442455,100.0,0,0.0,133237,100.0,0,0.0,100.0,0,0.0
Pune,,76128533B71380851181380,IND,ADM2,primary_healthcare,TIME,600,728548,57423,6.23,57423,6.23,215136,6.23,215136,6.23,664938,6.23,664938,6.23,203730,6.23,203730,6.23,78753,6.23,78753,6.23,6.23,728548,6.23
Pune,,76128533B71380851181380,IND,ADM2,primary_healthcare,TIME,1200,5381166,424137,46.04,366714,39.81,1589027,46.04,1373891,39.8,4911333,46.04,4246395,39.81,1504786,46.04,1301056,39.81,581687,46.03,502934,39.8,46.04,4652618,39.81
Pune,,76128533B71380851181380,IND,ADM2,primary_healthcare,TIME,1800,7455551,587638,63.79,163501,17.75,2201581,63.78,612554,17.75,6804602,63.79,1893269,17.75,2084865,63.79,580079,17.75,805922,63.77,224235,17.74,63.79,2074385,17.75
Pune,,76128533B71380851181380,IND,ADM2,primary_healthcare,TIME,2400,8406655,662603,71.93,74965,8.14,2482436,71.92,280855,8.14,7672664,71.93,868062,8.14,2350831,71.93,265966,8.14,908733,71.91,102811,8.14,71.92,951104,8.14
Pune,,76128533B71380851181380,IND,ADM2,primary_healthcare,TIME,3000,8950561,705459,76.58,42856,4.65,2643061,76.57,160625,4.65,8169026,76.58,496362,4.65,2502914,76.58,152083,4.65,967583,76.56,58850,4.66,76.58,543906,4.65
Pune,,76128533B71380851181380,IND,ADM2,primary_healthcare,TIME,3600,9575484,754697,81.92,49238,5.34,2827622,81.92,184561,5.35,8739305,81.93,570279,5.35,2677642,81.93,174728,5.35,1035216,81.91,67633,5.35,81.92,624923,5.35
Pune,,76128533B71380851181380,IND,ADM2,primary_healthcare,TIME,4200,10093940,795553,86.36,40856,4.44,2980719,86.36,153097,4.44,9212454,86.36,473149,4.44,2822612,86.36,144970,4.44,1091301,86.35,56085,4.44,86.36,518456,4.44
Pune,,76128533B71380851181380,IND,ADM2,primary_healthcare,TIME,4800,10495459,827196,89.79,31643,3.43,3099288,89.79,118569,3.44,9578899,89.8,366445,3.44,2934887,89.8,112275,3.44,1134720,89.79,43419,3.44,89.8,401519,3.44
Pune,,76128533B71380851181380,IND,ADM2,primary_healthcare,TIME,5400,11113041,875867,95.08,48671,5.28,3281662,95.08,182374,5.28,10142515,95.08,563616,5.28,3107572,95.08,172685,5.28,1201524,95.07,66804,5.29,95.08,617582,5.28
Pune,,76128533B71380851181380,IND,ADM2,primary_healthcare,TIME,6000,11339938,893749,97.02,17882,1.94,3348673,97.02,67011,1.94,10349599,97.02,207084,1.94,3171018,97.02,63446,1.94,1226054,97.01,24530,1.94,97.02,226897,1.94
Pune,,76128533B71380851181380,IND,ADM2,primary_healthcare,TIME,6600,11477707,904605,98.2,10856,1.18,3389375,98.2,40702,1.18,10475311,98.2,125712,1.18,3209530,98.2,38512,1.18,1240974,98.19,14920,1.18,98.2,137769,1.18
Pune,,76128533B71380851181380,IND,ADM2,primary_healthcare,TIME,7200,11581054,912753,99.08,8148,0.88,3419918,99.08,30543,0.88,10569618,99.08,94307,0.88,3238417,99.08,28887,0.88,1252161,99.08,11187,0.89,99.08,103347,0.88
Ganganagar,,76128533B72079972234594,IND,ADM2,primary_healthcare,TIME,6000,6347,546,0.31,546,0.31,2326,0.31,2326,0.31,5883,0.31,5883,0.31,1698,0.31,1698,0.31,596,0.31,596,0.31,0.31,6347,0.31
Ganganagar,,76128533B72079972234594,IND,ADM2,primary_healthcare,TIME,6600,62971,5388,3.03,4842,2.72,22873,3.03,20547,2.72,58273,3.04,52390,2.73,16786,3.05,15088,2.74,6007,3.09,5411,2.78,3.04,56624,2.74
Ganganagar,,76128533B72079972234594,IND,ADM2,primary_healthcare,TIME,7200,347160,29809,16.74,24421,13.72,126436,16.75,103563,13.72,321629,16.77,263356,13.73,92376,16.79,75590,13.74,32746,16.84,26739,13.75,16.77,284189,13.73
Kadapa(YSR),,76128533B72109128179340,IND,ADM2,primary_healthcare,TIME,6600,2047,151,0.07,151,0.07,640,0.07,640,0.07,1839,0.07,1839,0.07,564,0.07,564,0.07,250,0.07,250,0.07,0.07,2047,0.07
Kadapa(YSR),,76128533B72109128179340,IND,ADM2,primary_healthcare,TIME,7200,8124,601,0.26,450,0.2,2542,0.26,1902,0.2,7298,0.26,5459,0.2,2238,0.26,1674,0.2,995,0.26,745,0.2,0.26,6077,0.2
East,,76128533B72485933575946,IND,ADM2,primary_healthcare,TIME,2400,1565363,118304,98.04,118304,98.04,490667,98.11,490667,98.11,1457162,98.29,1457162,98.29,438186,98.36,438186,98.36,140738,98.43,140738,98.43,98.31,1565363,98.31
East,,76128533B72485933575946,IND,ADM2,primary_healthcare,TIME,3000,1592332,120669,100.0,2365,1.96,500100,100.0,9433,1.89,1482442,100.0,25280,1.71,445509,100.0,7323,1.64,142988,100.0,2250,1.57,100.0,26969,1.69
East,,76128533B72485933575946,IND,ADM2,primary_healthcare,TIME,3600,1592332,120669,100.0,0,0.0,500100,100.0,0,0.0,1482442,100.0,0,0.0,445509,100.0,0,0.0,142988,100.0,0,0.0,100.0,0,0.0
East,,76128533B72485933575946,IND,ADM2,primary_healthcare,TIME,4200,1592332,120669,100.0,0,0.0,500100,100.0,0,0.0,1482442,100.0,0,0.0,445509,100.0,0,0.0,142988,100.0,0,0.0,100.0,0,0.0
East,,76128533B72485933575946,IND,ADM2,primary_healthcare,TIME,4800,1592332,120669,100.0,0,0.0,500100,100.0,0,0.0,1482442,100.0,0,0.0,445509,100.0,0,0.0,142988,100.0,0,0.0,100.0,0,0.0
East,,76128533B72485933575946,IND,ADM2,primary_healthcare,TIME,5400,1592332,120669,100.0,0,0.0,500100,100.0,0,0.0,1482442,100.0,0,0.0,445509,100.0,0,0.0,142988,100.0,0,0.0,100.0,0,0.0
East,,76128533B72485933575946,IND,ADM2,primary_healthcare,TIME,6000,1592332,120669,100.0,0,0.0,500100,100.0,0,0.0,1482442,100.0,0,0.0,445509,100.0,0,0.0,142988,100.0,0,0.0,100.0,0,0.0
East,,76128533B72485933575946,IND,ADM2,primary_healthcare,TIME,6600,1592332,120669,100.0,0,0.0,500100,100.0,0,0.0,1482442,100.0,0,0.0,445509,100.0,0,0.0,142988,100.0,0,0.0,100.0,0,0.0
East,,76128533B72485933575946,IND,ADM2,primary_healthcare,TIME,7200,1592332,120669,100.0,0,0.0,500100,100.0,0,0.0,1482442,100.0,0,0.0,445509,100.0,0,0.0,142988,100.0,0,0.0,100.0,0,0.0
Guntur,,76128533B72541188260561,IND,ADM2,primary_healthcare,TIME,3600,590,37,0.01,37,0.01,171,0.01,171,0.01,530,0.01,530,0.01,172,0.01,172,0.01,72,0.01,72,0.01,0.01,590,0.01
Guntur,,76128533B72541188260561,IND,ADM2,primary_healthcare,TIME,4200,8404,554,0.16,517,0.15,2522,0.16,2351,0.15,7519,0.16,6989,0.15,2390,0.16,2218,0.15,1059,0.16,987,0.15,0.16,7814,0.15
Guntur,,76128533B72541188260561,IND,ADM2,primary_healthcare,TIME,4800,26602,1741,0.51,1187,0.35,7876,0.51,5354,0.35,23831,0.51,16312,0.35,7617,0.5,5227,0.35,3324,0.51,2265,0.35,0.51,18198,0.35
Guntur,,76128533B72541188260561,IND,ADM2,primary_healthcare,TIME,5400,109623,7171,2.09,5430,1.58,32474,2.1,24598,1.59,98202,2.08,74371,1.58,31392,2.08,23775,1.58,13699,2.09,10375,1.58,2.08,83021,1.58
Guntur,,76128533B72541188260561,IND,ADM2,primary_healthcare,TIME,6000,414948,27095,7.88,19924,5.8,122305,7.9,89831,5.8,371874,7.89,273672,5.81,119085,7.89,87693,5.81,51699,7.89,38000,5.8,7.89,305325,5.81
Guntur,,76128533B72541188260561,IND,ADM2,primary_healthcare,TIME,6600,929348,60686,17.66,33591,9.78,273775,17.68,151470,9.78,832904,17.67,461030,9.78,266752,17.67,147667,9.78,115761,17.67,64062,9.78,17.67,514400,9.78
Guntur,,76128533B72541188260561,IND,ADM2,primary_healthcare,TIME,7200,1618069,105697,30.76,45011,13.1,476642,30.78,202867,13.1,1450129,30.76,617225,13.09,464383,30.76,197631,13.09,201573,30.77,85812,13.1,30.77,688721,13.1
Fazilka,,76128533B7291413308870,IND,ADM2,primary_healthcare,TIME,1800,3505,281,0.28,281,0.28,1202,0.28,1202,0.28,3184,0.28,3184,0.28,942,0.28,942,0.28,393,0.28,393,0.28,0.28,3505,0.28
Fazilka,,76128533B7291413308870,IND,ADM2,primary_healthcare,TIME,2400,71808,5757,5.66,5476,5.38,24549,5.66,23347,5.39,65205,5.68,62021,5.4,19300,5.66,18358,5.38,8095,5.7,7702,5.42,5.68,68303,5.4
Fazilka,,76128533B7291413308870,IND,ADM2,primary_healthcare,TIME,3000,144142,11570,11.38,5813,5.72,49327,11.38,24778,5.72,130903,11.4,65698,5.72,38750,11.36,19450,5.7,16235,11.43,8140,5.73,11.4,72334,5.72
Fazilka,,76128533B7291413308870,IND,ADM2,primary_healthcare,TIME,3600,278352,22369,22.0,10799,10.62,95361,22.0,46034,10.62,252834,22.01,121931,10.62,74906,21.96,36156,10.6,31304,22.04,15069,10.61,22.01,134210,10.61
Fazilka,,76128533B7291413308870,IND,ADM2,primary_healthcare,TIME,4200,376702,30277,29.77,7908,7.78,129073,29.77,33712,7.78,342172,29.79,89338,7.78,101450,29.74,26544,7.78,42360,29.82,11056,7.78,29.79,98350,7.78
Fazilka,,76128533B7291413308870,IND,ADM2,primary_healthcare,TIME,4800,521120,41872,41.17,11595,11.4,178474,41.17,49401,11.4,473300,41.2,131128,11.42,140425,41.17,38975,11.43,58651,41.29,16291,11.47,41.21,144418,11.42
Fazilka,,76128533B7291413308870,IND,ADM2,primary_healthcare,TIME,5400,881681,70875,69.69,29003,28.52,302106,69.69,123632,28.52,800849,69.72,327549,28.52,237757,69.71,97332,28.54,99159,69.81,40508,28.52,69.73,360561,28.52
Fazilka,,76128533B7291413308870,IND,ADM2,primary_healthcare,TIME,6000,1118303,89925,88.43,19050,18.73,383332,88.42,81226,18.74,1015858,88.44,215009,18.72,301641,88.44,63884,18.73,125690,88.48,26531,18.68,88.44,236622,18.71
Fazilka,,76128533B7291413308870,IND,ADM2,primary_healthcare,TIME,6600,1218890,98024,96.39,8099,7.96,417866,96.39,34534,7.97,1107261,96.4,91403,7.96,328797,96.4,27156,7.96,136964,96.42,11274,7.94,96.4,100587,7.96
Fazilka,,76128533B7291413308870,IND,ADM2,primary_healthcare,TIME,7200,1231669,99059,97.41,1035,1.02,422275,97.41,4409,1.02,1118892,97.41,11631,1.01,332243,97.41,3446,1.01,138378,97.42,1414,1.0,97.41,12779,1.01
Dausa,,76128533B73809971322123,IND,ADM2,primary_healthcare,TIME,6600,16494,1743,0.77,1743,0.77,7134,0.77,7134,0.77,15397,0.77,15397,0.77,4128,0.77,4128,0.77,1439,0.77,1439,0.77,0.77,16494,0.77
Dausa,,76128533B73809971322123,IND,ADM2,primary_healthcare,TIME,7200,125019,13222,5.82,11479,5.05,54025,5.82,46891,5.05,116696,5.82,101299,5.05,31293,5.82,27165,5.06,10921,5.82,9482,5.05,5.82,108525,5.05
Rae Bareli,,76128533B74057284038879,IND,ADM2,primary_healthcare,TIME,3600,1539,140,0.05,140,0.05,649,0.05,649,0.05,1406,0.05,1406,0.05,387,0.05,387,0.05,164,0.05,164,0.05,0.05,1539,0.05
Rae Bareli,,76128533B74057284038879,IND,ADM2,primary_healthcare,TIME,4200,33717,3086,1.02,2946,0.97,14226,1.02,13577,0.97,30807,1.02,29401,0.97,8487,1.02,8100,0.97,3611,1.02,3447,0.97,1.02,32178,0.97
Rae Bareli,,76128533B74057284038879,IND,ADM2,primary_healthcare,TIME,4800,265149,24250,8.01,21164,6.99,111790,8.01,97564,6.99,242278,8.02,211471,7.0,66772,7.99,58285,6.98,28382,8.01,24771,6.99,8.02,231432,7.0
Rae Bareli,,76128533B74057284038879,IND,ADM2,primary_healthcare,TIME,5400,779837,71386,23.59,47136,15.57,328919,23.58,217129,15.56,712570,23.58,470292,15.56,196243,23.49,129471,15.5,83476,23.57,55094,15.56,23.58,514688,15.56
Rae Bareli,,76128533B74057284038879,IND,ADM2,primary_healthcare,TIME,6000,1867558,170959,56.49,99573,32.9,787859,56.47,458940,32.9,1706401,56.48,993831,32.89,470043,56.27,273800,32.78,199977,56.47,116501,32.9,56.47,1087721,32.89
Rae Bareli,,76128533B74057284038879,IND,ADM2,primary_healthcare,TIME,6600,2332472,213516,70.55,42557,14.06,984010,70.53,196151,14.06,2131179,70.53,424778,14.06,587351,70.31,117308,14.04,249776,70.53,49799,14.06,70.53,464914,14.06
Rae Bareli,,76128533B74057284038879,IND,ADM2,primary_healthcare,TIME,7200,2676800,245042,80.97,31526,10.42,1129249,80.94,145239,10.41,2445791,80.95,314612,10.41,674798,80.78,87447,10.47,286649,80.94,36873,10.41,80.95,344328,10.41
Thane,,76128533B74859418903113,IND,ADM2,primary_healthcare,TIME,1200,742925,58397,7.81,58397,7.81,229666,7.83,229666,7.83,699158,7.85,699158,7.85,206617,7.85,206617,7.85,59209,7.91,59209,7.91,7.86,742925,7.86
Thane,,76128533B74859418903113,IND,ADM2,primary_healthcare,TIME,1800,3992595,314651,42.08,256254,34.27,1236206,42.14,1006540,34.31,3758409,42.21,3059251,34.36,1110496,42.21,903879,34.36,317176,42.4,257967,34.48,42.22,3249670,34.37
Thane,,76128533B74859418903113,IND,ADM2,primary_healthcare,TIME,2400,6766568,534488,71.49,219837,29.4,2098021,71.51,861815,29.38,6371212,71.55,2612803,29.34,1882395,71.55,771899,29.34,536007,71.65,218831,29.25,71.56,2773973,29.33
Thane,,76128533B74859418903113,IND,ADM2,primary_healthcare,TIME,3000,8330053,658411,88.06,123923,16.57,2583806,88.07,485785,16.56,7843884,88.09,1472672,16.54,2317360,88.09,434965,16.53,659320,88.13,123313,16.48,88.09,1563485,16.53
Thane,,76128533B74859418903113,IND,ADM2,primary_healthcare,TIME,3600,8764065,692815,92.66,34404,4.6,2718664,92.67,134858,4.6,8252690,92.68,408806,4.59,2438101,92.68,120741,4.59,693546,92.7,34226,4.57,92.68,434012,4.59
Thane,,76128533B74859418903113,IND,ADM2,primary_healthcare,TIME,4200,9038314,714554,95.57,21739,2.91,2803880,95.57,85216,2.9,8511012,95.58,258322,2.9,2514431,95.58,76330,2.9,715174,95.59,21628,2.89,95.58,274249,2.9
Thane,,76128533B74859418903113,IND,ADM2,primary_healthcare,TIME,4800,9266465,732640,97.99,18086,2.42,2874772,97.99,70892,2.42,8725913,97.99,214901,2.41,2577901,97.99,63470,2.41,733166,98.0,17992,2.4,97.99,228151,2.41
Thane,,76128533B74859418903113,IND,ADM2,primary_healthcare,TIME,5400,9394742,742808,99.35,10168,1.36,2914631,99.35,39859,1.36,8846740,99.35,120827,1.36,2613596,99.35,35695,1.36,743283,99.35,10117,1.35,99.35,128277,1.36
Thane,,76128533B74859418903113,IND,ADM2,primary_healthcare,TIME,6000,9423255,745068,99.65,2260,0.3,2923491,99.65,8860,0.3,8873597,99.65,26857,0.3,2621528,99.65,7932,0.3,745531,99.65,2248,0.3,99.65,28513,0.3
Thane,,76128533B74859418903113,IND,ADM2,primary_healthcare,TIME,6600,9426619,745335,99.69,267,0.04,2924536,99.69,1045,0.04,8876766,99.69,3169,0.04,2622464,99.69,936,0.04,745796,99.69,265,0.04,99.69,3364,0.04
Thane,,76128533B74859418903113,IND,ADM2,primary_healthcare,TIME,7200,9430972,745680,99.73,345,0.05,2925889,99.73,1353,0.05,8880866,99.73,4100,0.05,2623675,99.73,1211,0.05,746140,99.73,344,0.05,99.73,4353,0.05
Vikarabad,,76128533B74887942950962,IND,ADM2,primary_healthcare,TIME,3600,23041,1882,1.74,1882,1.74,7402,1.72,7402,1.72,21497,1.75,21497,1.75,6757,1.77,6757,1.77,2023,1.7,2023,1.7,1.75,23041,1.75
Vikarabad,,76128533B74887942950962,IND,ADM2,primary_healthcare,TIME,4200,262373,21429,19.83,19547,18.08,84302,19.59,76900,17.87,244768,19.98,223271,18.22,76931,20.16,70174,18.39,23059,19.33,21036,17.63,19.92,239332,18.17
Vikarabad,,76128533B74887942950962,IND,ADM2,primary_healthcare,TIME,4800,448333,36626,33.89,15197,14.06,144182,33.5,59880,13.91,418186,34.13,173418,14.15,131372,34.43,54441,14.27,39466,33.08,16407,13.75,34.04,185960,14.12
Vikarabad,,76128533B74887942950962,IND,ADM2,primary_healthcare,TIME,5400,635175,51975,48.09,15349,14.2,205482,47.75,61300,14.24,591857,48.3,173671,14.17,185321,48.57,53949,14.14,56520,47.37,17054,14.29,48.22,186842,14.18
Vikarabad,,76128533B74887942950962,IND,ADM2,primary_healthcare,TIME,6000,815369,66854,61.85,14879,13.77,265767,61.76,60285,14.01,758747,61.93,166890,13.62,236575,62.01,51254,13.43,73570,61.66,17050,14.29,61.9,180194,13.68
Vikarabad,,76128533B74887942950962,IND,ADM2,primary_healthcare,TIME,6600,1066524,87527,80.98,20673,19.13,348793,81.05,83026,19.29,991875,80.95,233128,19.03,308678,80.91,72103,18.9,96818,81.14,23248,19.48,80.97,251155,19.07
Vikarabad,,76128533B74887942950962,IND,ADM2,primary_healthcare,TIME,7200,1164151,95574,88.42,8047,7.45,381111,88.56,32318,7.51,1082489,88.35,90614,7.4,336688,88.25,28010,7.34,105860,88.72,9042,7.58,88.38,97627,7.41
Almora,,76128533B74917207853309,IND,ADM2,primary_healthcare,TIME,600,84,7,0.01,7,0.01,30,0.01,30,0.01,73,0.01,73,0.01,22,0.01,22,0.01,12,0.01,12,0.01,0.01,84,0.01
Almora,,76128533B74917207853309,IND,ADM2,primary_healthcare,TIME,1200,84,7,0.01,0,0.0,30,0.01,0,0.0,73,0.01,0,0.0,22,0.01,0,0.0,12,0.01,0,0.0,0.01,0,0.0
Almora,,76128533B74917207853309,IND,ADM2,primary_healthcare,TIME,1800,1154,97,0.17,90,0.16,419,0.17,389,0.16,1013,0.17,940,0.16,314,0.17,292,0.16,165,0.17,153,0.16,0.17,1070,0.16
Almora,,76128533B74917207853309,IND,ADM2,primary_healthcare,TIME,2400,8612,722,1.28,625,1.11,3144,1.28,2725,1.11,7534,1.28,6521,1.11,2348,1.29,2034,1.11,1257,1.33,1092,1.15,1.29,7458,1.11
Almora,,76128533B74917207853309,IND,ADM2,primary_healthcare,TIME,3000,22212,1863,3.3,1141,2.02,8115,3.31,4971,2.03,19421,3.3,11887,2.02,6060,3.32,3712,2.03,3252,3.43,1995,2.1,3.32,13600,2.03
Almora,,76128533B74917207853309,IND,ADM2,primary_healthcare,TIME,3600,140094,11747,20.83,9884,17.52,51223,20.91,43108,17.59,122425,20.78,103004,17.49,38238,20.93,32178,17.62,20581,21.71,17329,18.28,20.91,117882,17.6
Almora,,76128533B74917207853309,IND,ADM2,primary_healthcare,TIME,4200,210285,17659,31.31,5912,10.48,76946,31.4,25723,10.5,184013,31.24,61588,10.45,57365,31.41,19127,10.47,30643,32.32,10062,10.61,31.39,70191,10.48
Almora,,76128533B74917207853309,IND,ADM2,primary_healthcare,TIME,4800,293838,24803,43.97,7144,12.67,107761,43.98,30815,12.58,258386,43.86,74373,12.63,79998,43.8,22633,12.39,41559,43.84,10916,11.51,43.86,83553,12.47
Almora,,76128533B74917207853309,IND,ADM2,primary_healthcare,TIME,5400,340849,28781,51.03,3978,7.05,124804,50.94,17043,6.96,300665,51.04,42279,7.18,92832,50.82,12834,7.03,47269,49.86,5710,6.02,50.88,47011,7.02
Almora,,76128533B74917207853309,IND,ADM2,primary_healthcare,TIME,6000,430929,36340,64.43,7559,13.4,157698,64.36,32894,13.42,379518,64.43,78853,13.39,117406,64.28,24574,13.45,60367,63.68,13098,13.82,64.32,90080,13.45
Almora,,76128533B74917207853309,IND,ADM2,primary_healthcare,TIME,6600,484523,40835,72.4,4495,7.97,177296,72.36,19598,8.0,426368,72.38,46850,7.95,132036,72.29,14630,8.01,68226,71.97,7859,8.29,72.32,53594,8.0
Almora,,76128533B74917207853309,IND,ADM2,primary_healthcare,TIME,7200,540137,45497,80.66,4662,8.27,197634,80.66,20338,8.3,474960,80.63,48592,8.25,147217,80.6,15181,8.31,76403,80.59,8177,8.63,80.62,55614,8.3
Bara Banki,,76128533B74938989340684,IND,ADM2,primary_healthcare,TIME,4800,21,1,0.0,1,0.0,7,0.0,7,0.0,20,0.0,20,0.0,5,0.0,5,0.0,2,0.0,2,0.0,0.0,21,0.0
Bara Banki,,76128533B74938989340684,IND,ADM2,primary_healthcare,TIME,5400,438064,45214,11.67,45213,11.67,190338,11.69,190331,11.69,403472,11.74,403452,11.73,105157,11.77,105152,11.76,43697,11.72,43695,11.72,11.73,438043,11.73
Bara Banki,,76128533B74938989340684,IND,ADM2,primary_healthcare,TIME,6000,1236984,128189,33.08,82975,21.41,538845,33.1,348507,21.41,1139222,33.14,735750,21.4,296322,33.15,191165,21.39,123474,33.13,79777,21.4,33.13,798920,21.4
Bara Banki,,76128533B74938989340684,IND,ADM2,primary_healthcare,TIME,6600,2008997,208360,53.77,80171,20.69,875609,53.79,336764,20.69,1850183,53.81,710961,20.68,481060,53.82,184738,20.67,200573,53.81,77099,20.68,53.81,772013,20.68
Bara Banki,,76128533B74938989340684,IND,ADM2,primary_healthcare,TIME,7200,2922342,303186,78.25,94826,24.47,1273990,78.26,398381,24.47,2691284,78.28,841101,24.46,699726,78.29,218666,24.46,291802,78.28,91229,24.47,78.28,913345,24.47
Dharwad,,76128533B75110579117636,IND,ADM2,primary_healthcare,TIME,5400,13853,1102,0.69,1102,0.69,4408,0.69,4408,0.69,12593,0.69,12593,0.69,3864,0.69,3864,0.69,1547,0.69,1547,0.69,0.69,13853,0.69
Dharwad,,76128533B75110579117636,IND,ADM2,primary_healthcare,TIME,6000,104326,8297,5.22,7195,4.52,33111,5.22,28703,4.52,94802,5.22,82209,4.52,29124,5.22,25260,4.53,11692,5.21,10145,4.52,5.22,90473,4.52
Dharwad,,76128533B75110579117636,IND,ADM2,primary_healthcare,TIME,6600,405492,32249,20.27,23952,15.06,128660,20.28,95549,15.06,368457,20.28,273655,15.06,113209,20.28,84085,15.06,45464,20.27,33772,15.06,20.28,301166,15.06
Dharwad,,76128533B75110579117636,IND,ADM2,primary_healthcare,TIME,7200,686018,54553,34.3,22304,14.02,217645,34.3,88985,14.02,623353,34.31,254896,14.03,191531,34.31,78322,14.03,76924,34.29,31460,14.03,34.31,280526,14.03
Una,,76128533B75262864015847,IND,ADM2,primary_healthcare,TIME,4200,5408,393,0.97,393,0.97,1668,0.99,1668,0.99,4791,0.99,4791,0.99,1482,0.99,1482,0.99,729,0.98,729,0.98,0.99,5408,0.99
Una,,76128533B75262864015847,IND,ADM2,primary_healthcare,TIME,4800,46683,3449,8.54,3056,7.57,14444,8.57,12776,7.58,41304,8.56,36513,7.57,12784,8.56,11302,7.57,6349,8.55,5620,7.57,8.56,41275,7.57
Una,,76128533B75262864015847,IND,ADM2,primary_healthcare,TIME,5400,185828,13722,33.99,10273,25.44,57502,34.11,43058,25.54,164499,34.1,123195,25.54,50881,34.06,38097,25.5,25191,33.92,18842,25.37,34.08,139145,25.52
Una,,76128533B75262864015847,IND,ADM2,primary_healthcare,TIME,6000,336680,24921,61.73,11199,27.74,104176,61.79,46674,27.68,297915,61.76,133416,27.66,92174,61.71,41293,27.64,45763,61.62,20572,27.7,61.74,150852,27.66
Una,,76128533B75262864015847,IND,ADM2,primary_healthcare,TIME,6600,431004,31908,79.03,6987,17.31,133303,79.07,29127,17.28,381326,79.06,83411,17.29,118040,79.02,25866,17.32,58636,78.95,12873,17.33,79.04,94324,17.3
Una,,76128533B75262864015847,IND,ADM2,primary_healthcare,TIME,7200,487325,36079,89.36,4171,10.33,150684,89.38,17381,10.31,431127,89.38,49801,10.32,133490,89.37,15450,10.34,66327,89.3,7691,10.36,89.37,56321,10.33
Ernakulam,,76128533B75519739609062,IND,ADM2,primary_healthcare,TIME,5400,249354,14873,7.33,14873,7.33,59762,7.34,59762,7.34,214899,7.31,214899,7.31,66519,7.33,66519,7.33,39638,7.34,39638,7.34,7.32,249354,7.32
Ernakulam,,76128533B75519739609062,IND,ADM2,primary_healthcare,TIME,6000,858698,51148,25.22,36275,17.89,205431,25.22,145669,17.88,740073,25.18,525174,17.87,228738,25.22,162219,17.89,136474,25.26,96836,17.93,25.2,609344,17.88
Ernakulam,,76128533B75519739609062,IND,ADM2,primary_healthcare,TIME,6600,1693828,100788,49.7,49640,24.48,404685,49.68,199254,24.46,1459873,49.68,719800,24.49,450716,49.7,221978,24.48,269163,49.83,132689,24.56,49.7,835130,24.5
Ernakulam,,76128533B75519739609062,IND,ADM2,primary_healthcare,TIME,7200,2748257,163464,80.61,62676,30.91,656266,80.56,251581,30.88,2368687,80.6,908814,30.93,730988,80.6,280272,30.9,436696,80.84,167533,31.01,80.64,1054429,30.94
Thrissur,,76128533B75696328527555,IND,ADM2,primary_healthcare,TIME,1200,18186,1213,0.59,1213,0.59,4856,0.58,4856,0.58,15829,0.56,15829,0.56,5116,0.56,5116,0.56,2735,0.52,2735,0.52,0.55,18186,0.55
Thrissur,,76128533B75696328527555,IND,ADM2,primary_healthcare,TIME,1800,304166,19243,9.32,18030,8.74,78037,9.31,73181,8.73,262390,9.27,246561,8.71,85138,9.27,80022,8.71,48098,9.21,45363,8.68,9.26,285980,8.7
Thrissur,,76128533B75696328527555,IND,ADM2,primary_healthcare,TIME,2400,786068,49488,23.98,30245,14.66,200932,23.97,122895,14.66,677608,23.93,415218,14.67,219913,23.94,134775,14.67,124798,23.89,76700,14.68,23.93,481902,14.67
Thrissur,,76128533B75696328527555,IND,ADM2,primary_healthcare,TIME,3000,1280164,80653,39.08,31165,15.1,327405,39.06,126473,15.09,1103704,38.98,426096,15.05,358155,38.98,138242,15.05,203068,38.87,78270,14.98,38.97,494096,15.04
Thrissur,,76128533B75696328527555,IND,ADM2,primary_healthcare,TIME,3600,1787038,112565,54.55,31912,15.46,456973,54.51,129568,15.46,1540681,54.42,436977,15.43,499951,54.42,141796,15.43,283503,54.26,80435,15.4,54.39,506874,15.43
Thrissur,,76128533B75696328527555,IND,ADM2,primary_healthcare,TIME,4200,2361348,148527,71.97,35962,17.43,603178,71.95,146205,17.44,2035313,71.89,494632,17.47,660540,71.9,160589,17.48,375118,71.8,91615,17.54,71.88,574310,17.48
Thrissur,,76128533B75696328527555,IND,ADM2,primary_healthcare,TIME,4800,2928940,184045,89.18,35518,17.21,747605,89.18,144427,17.23,2524107,89.15,488794,17.26,819242,89.17,158702,17.27,465714,89.14,90596,17.34,89.15,567592,17.28
Thrissur,,76128533B75696328527555,IND,ADM2,primary_healthcare,TIME,5400,3169381,199051,96.46,15006,7.27,808611,96.46,61006,7.28,2731138,96.47,207031,7.31,886353,96.47,67111,7.3,504122,96.49,38408,7.35,96.47,240441,7.32
Thrissur,,76128533B75696328527555,IND,ADM2,primary_healthcare,TIME,6000,3201686,201064,97.43,2013,0.98,816794,97.44,8183,0.98,2758954,97.45,27816,0.98,895358,97.45,9005,0.98,509283,97.48,5161,0.99,97.45,32305,0.98
Thrissur,,76128533B75696328527555,IND,ADM2,primary_healthcare,TIME,6600,3210623,201623,97.7,559,0.27,819063,97.71,2269,0.27,2766656,97.72,7702,0.27,897847,97.72,2489,0.27,510703,97.75,1420,0.27,97.73,8937,0.27
Thrissur,,76128533B75696328527555,IND,ADM2,primary_healthcare,TIME,7200,3218049,202087,97.93,464,0.22,820950,97.93,1887,0.23,2773049,97.95,6393,0.23,899923,97.95,2076,0.23,511890,97.98,1187,0.23,97.95,7426,0.23
Bangalore,,76128533B76927648517269,IND,ADM2,primary_healthcare,TIME,600,6699419,493326,51.71,493326,51.71,1824646,51.69,1824646,51.69,6243564,51.72,6243564,51.72,1989375,51.72,1989375,51.72,595111,51.65,595111,51.65,51.71,6699419,51.71
Bangalore,,76128533B76927648517269,IND,ADM2,primary_healthcare,TIME,1200,11706469,862031,90.36,368705,38.65,3188361,90.33,1363715,38.63,10909913,90.37,4666349,38.65,3476205,90.38,1486830,38.66,1039889,90.25,444778,38.6,90.36,5007050,38.65
Bangalore,,76128533B76927648517269,IND,ADM2,primary_healthcare,TIME,1800,12684812,934063,97.91,72032,7.55,3455581,97.9,267220,7.57,11820834,97.92,910921,7.55,3766301,97.92,290096,7.54,1127647,97.86,87758,7.62,97.91,978343,7.55
Bangalore,,76128533B76927648517269,IND,ADM2,primary_healthcare,TIME,2400,12936059,952562,99.85,18499,1.94,3524540,99.85,68959,1.95,12054444,99.85,233610,1.94,3840635,99.86,74334,1.93,1150507,99.85,22860,1.98,99.85,251247,1.94
Bangalore,,76128533B76927648517269,IND,ADM2,primary_healthcare,TIME,3000,12954342,953915,100.0,1353,0.14,3529666,100.0,5126,0.15,12071408,100.0,16964,0.14,3846015,100.0,5380,0.14,1152206,100.0,1699,0.15,100.0,18283,0.14
Bangalore,,76128533B76927648517269,IND,ADM2,primary_healthcare,TIME,3600,12954843,953952,100.0,37,0.0,3529803,100.0,137,0.0,12071874,100.0,466,0.0,3846164,100.0,149,0.0,1152250,100.0,44,0.0,100.0,501,0.0
Bangalore,,76128533B76927648517269,IND,ADM2,primary_healthcare,TIME,4200,12954946,953959,100.0,7,0.0,3529831,100.0,28,0.0,12071970,100.0,96,0.0,3846195,100.0,31,0.0,1152260,100.0,10,0.0,100.0,103,0.0
Bangalore,,76128533B76927648517269,IND,ADM2,primary_healthcare,TIME,4800,12954946,953959,100.0,0,0.0,3529831,100.0,0,0.0,12071970,100.0,0,0.0,3846195,100.0,0,0.0,1152260,100.0,0,0.0,100.0,0,0.0
Bangalore,,76128533B76927648517269,IND,ADM2,primary_healthcare,TIME,5400,12954946,953959,100.0,0,0.0,3529831,100.0,0,0.0,12071970,100.0,0,0.0,3846195,100.0,0,0.0,1152260,100.0,0,0.0,100.0,0,0.0
Bangalore,,76128533B76927648517269,IND,ADM2,primary_healthcare,TIME,6000,12954946,953959,100.0,0,0.0,3529831,100.0,0,0.0,12071970,100.0,0,0.0,3846195,100.0,0,0.0,1152260,100.0,0,0.0,100.0,0,0.0
Bangalore,,76128533B76927648517269,IND,ADM2,primary_healthcare,TIME,6600,12954946,953959,100.0,0,0.0,3529831,100.0,0,0.0,12071970,100.0,0,0.0,3846195,100.0,0,0.0,1152260,100.0,0,0.0,100.0,0,0.0
Bangalore,,76128533B76927648517269,IND,ADM2,primary_healthcare,TIME,7200,12954946,953959,100.0,0,0.0,3529831,100.0,0,0.0,12071970,100.0,0,0.0,3846195,100.0,0,0.0,1152260,100.0,0,0.0,100.0,0,0.0
Uttara Kannada,,76128533B79180273895456,IND,ADM2,primary_healthcare,TIME,5400,13216,908,0.83,908,0.83,3825,0.83,3825,0.83,11912,0.83,11912,0.83,3695,0.83,3695,0.83,1578,0.83,1578,0.83,0.83,13216,0.83
Uttara Kannada,,76128533B79180273895456,IND,ADM2,primary_healthcare,TIME,6000,141450,9694,8.86,8786,8.03,40833,8.87,37008,8.04,127457,8.88,115545,8.05,39564,8.88,35869,8.05,16933,8.88,15355,8.05,8.88,128234,8.05
Uttara Kannada,,76128533B79180273895456,IND,ADM2,primary_healthcare,TIME,6600,259985,17816,16.28,8122,7.42,75046,16.29,34213,7.43,234266,16.31,106809,7.44,72726,16.32,33162,7.44,31122,16.33,14189,7.44,16.32,118535,7.44
Uttara Kannada,,76128533B79180273895456,IND,ADM2,primary_healthcare,TIME,7200,389383,26689,24.38,8873,8.11,112421,24.41,37375,8.11,350882,24.44,116616,8.12,108941,24.44,36215,8.13,46595,24.44,15473,8.12,24.44,129398,8.12
Ramanagara,,76128533B79600797037735,IND,ADM2,primary_healthcare,TIME,1800,33050,2202,2.89,2202,2.89,9304,2.87,9304,2.87,29077,2.89,29077,2.89,9144,2.89,9144,2.89,4659,2.86,4659,2.86,2.89,33050,2.89
Ramanagara,,76128533B79600797037735,IND,ADM2,primary_healthcare,TIME,2400,199496,13337,17.48,11135,14.6,56292,17.38,46988,14.51,175629,17.46,146552,14.57,55220,17.47,46076,14.58,28014,17.2,23355,14.34,17.42,166446,14.54
Ramanagara,,76128533B79600797037735,IND,ADM2,primary_healthcare,TIME,3000,484800,32282,42.32,18945,24.83,136721,42.22,80429,24.83,426108,42.36,250479,24.9,133953,42.38,78733,24.91,68768,42.23,40754,25.03,42.34,285304,24.92
Ramanagara,,76128533B79600797037735,IND,ADM2,primary_healthcare,TIME,3600,715405,47555,62.34,15273,20.02,201770,62.3,65049,20.09,628281,62.46,202173,20.1,197483,62.48,63530,20.1,101994,62.64,33226,20.41,62.48,230605,20.14
Ramanagara,,76128533B79600797037735,IND,ADM2,primary_healthcare,TIME,4200,895792,59666,78.22,12111,15.88,253189,78.18,51419,15.88,787046,78.24,158765,15.78,247326,78.25,49843,15.77,127365,78.22,25371,15.58,78.24,180387,15.75
Ramanagara,,76128533B79600797037735,IND,ADM2,primary_healthcare,TIME,4800,1046468,69754,91.44,10088,13.22,296052,91.41,42863,13.24,919566,91.41,132520,13.17,288938,91.41,41612,13.16,148654,91.29,21289,13.07,91.4,150676,13.16
Ramanagara,,76128533B79600797037735,IND,ADM2,primary_healthcare,TIME,5400,1093228,72851,95.5,3097,4.06,309242,95.49,13190,4.07,960560,95.49,40994,4.08,301820,95.49,12882,4.08,155392,95.43,6738,4.14,95.48,46760,4.08
Ramanagara,,76128533B79600797037735,IND,ADM2,primary_healthcare,TIME,6000,1119008,74558,97.74,1707,2.24,316515,97.73,7273,2.25,983162,97.73,22602,2.25,308922,97.73,7102,2.25,159106,97.71,3714,2.28,97.73,25780,2.25
Ramanagara,,76128533B79600797037735,IND,ADM2,primary_healthcare,TIME,6600,1123237,74838,98.1,280,0.37,317707,98.1,1192,0.37,986869,98.1,3707,0.37,310087,98.1,1165,0.37,159715,98.09,609,0.37,98.1,4229,0.37
Ramanagara,,76128533B79600797037735,IND,ADM2,primary_healthcare,TIME,7200,1137986,75816,99.39,978,1.28,321869,99.39,4162,1.29,999800,99.39,12931,1.29,314150,99.39,4063,1.29,161839,99.39,2124,1.3,99.39,14749,1.29
Koppal,,76128533B79601545186231,IND,ADM2,primary_healthcare,TIME,6000,2628,252,0.17,252,0.17,1007,0.17,1007,0.17,2424,0.17,2424,0.17,706,0.17,706,0.17,258,0.17,258,0.17,0.17,2628,0.17
Koppal,,76128533B79601545186231,IND,ADM2,primary_healthcare,TIME,6600,17586,1692,1.14,1440,0.97,6752,1.14,5745,0.97,16218,1.14,13794,0.97,4722,1.15,4016,0.97,1733,1.13,1475,0.96,1.14,14958,0.97
Koppal,,76128533B79601545186231,IND,ADM2,primary_healthcare,TIME,7200,92485,8880,5.98,7188,4.84,35365,5.96,28613,4.82,85366,6.02,69148,4.87,24917,6.05,20195,4.9,9040,5.91,7307,4.78,6.01,74899,4.87
Etawah,,76128533B79784438258239,IND,ADM2,primary_healthcare,TIME,5400,4293,402,0.22,402,0.22,1766,0.22,1766,0.22,3945,0.22,3945,0.22,1042,0.22,1042,0.22,436,0.22,436,0.22,0.22,4293,0.22
Etawah,,76128533B79784438258239,IND,ADM2,primary_healthcare,TIME,6000,118593,11091,6.12,10689,5.9,48360,6.12,46594,5.9,108781,6.13,104836,5.91,29017,6.13,27975,5.91,12277,6.13,11841,5.92,6.13,114300,5.91
Etawah,,76128533B79784438258239,IND,ADM2,primary_healthcare,TIME,6600,503327,47075,25.99,35984,19.86,205317,26.0,156957,19.88,461719,26.02,352938,19.89,123109,26.0,94092,19.87,52070,26.01,39793,19.88,26.02,384734,19.89
Etawah,,76128533B79784438258239,IND,ADM2,primary_healthcare,TIME,7200,1226556,114700,63.32,67625,37.33,499759,63.3,294442,37.29,1124877,63.39,663158,37.37,300304,63.43,177195,37.43,127174,63.54,75104,37.52,63.4,723229,37.39
Mewat,,76128533B80016894369263,IND,ADM2,primary_healthcare,TIME,1200,7028,855,0.43,855,0.43,2979,0.45,2979,0.45,6593,0.54,6593,0.54,1729,0.61,1729,0.61,581,0.6,581,0.6,0.55,7028,0.55
Mewat,,76128533B80016894369263,IND,ADM2,primary_healthcare,TIME,1800,255752,38378,19.42,37523,18.98,129521,19.42,126542,18.98,241506,19.91,234913,19.37,57319,20.23,55590,19.62,19561,20.31,18980,19.7,19.94,248724,19.4
Mewat,,76128533B80016894369263,IND,ADM2,primary_healthcare,TIME,2400,404933,61422,31.07,23044,11.66,207348,31.09,77827,11.67,382614,31.55,141108,11.64,90258,31.85,32939,11.62,30736,31.91,11175,11.6,31.58,149181,11.63
Mewat,,76128533B80016894369263,IND,ADM2,primary_healthcare,TIME,3000,477238,72204,36.53,10782,5.45,244078,36.6,36730,5.51,451030,37.19,68416,5.64,106572,37.61,16314,5.76,36127,37.5,5391,5.6,37.22,72305,5.64
Mewat,,76128533B80016894369263,IND,ADM2,primary_healthcare,TIME,3600,661652,101367,51.28,29163,14.75,341899,51.27,97821,14.67,625541,51.58,174511,14.39,146763,51.79,40191,14.18,49864,51.76,13737,14.26,51.6,184414,14.38
Mewat,,76128533B80016894369263,IND,ADM2,primary_healthcare,TIME,4200,832840,128201,64.86,26834,13.58,432134,64.8,90235,13.53,787516,64.94,161975,13.36,184254,65.02,37491,13.23,62635,65.02,12771,13.26,64.95,171188,13.35
Mewat,,76128533B80016894369263,IND,ADM2,primary_healthcare,TIME,4800,1203744,185187,93.69,56986,28.83,624998,93.73,192864,28.92,1138306,93.87,350790,28.93,266283,93.97,82029,28.95,90459,93.9,27824,28.88,93.87,370904,28.92
Mewat,,76128533B80016894369263,IND,ADM2,primary_healthcare,TIME,5400,1267350,195283,98.79,10096,5.11,658846,98.8,33848,5.08,1198484,98.83,60178,4.96,280102,98.85,13819,4.88,95210,98.84,4751,4.93,98.83,63606,4.96
Mewat,,76128533B80016894369263,IND,ADM2,primary_healthcare,TIME,6000,1282361,197665,100.0,2382,1.21,666831,100.0,7985,1.2,1212685,100.0,14201,1.17,283364,100.0,3262,1.15,96331,100.0,1121,1.16,100.0,15011,1.17
Mewat,,76128533B80016894369263,IND,ADM2,primary_healthcare,TIME,6600,1282361,197665,100.0,0,0.0,666831,100.0,0,0.0,1212685,100.0,0,0.0,283364,100.0,0,0.0,96331,100.0,0,0.0,100.0,0,0.0
Mewat,,76128533B80016894369263,IND,ADM2,primary_healthcare,TIME,7200,1282361,197665,100.0,0,0.0,666831,100.0,0,0.0,1212685,100.0,0,0.0,283364,100.0,0,0.0,96331,100.0,0,0.0,100.0,0,0.0
Kanpur Dehat,,76128533B80299348876357,IND,ADM2,primary_healthcare,TIME,1200,15964,1252,0.73,1252,0.73,5884,0.76,5884,0.76,14622,0.84,14622,0.84,4101,0.88,4101,0.88,1674,0.8,1674,0.8,0.84,15964,0.84
Kanpur Dehat,,76128533B80299348876357,IND,ADM2,primary_healthcare,TIME,1800,200719,17746,10.29,16494,9.57,79887,10.37,74003,9.6,182972,10.51,168350,9.67,49131,10.6,45030,9.71,21919,10.43,20245,9.63,10.5,184755,9.67
Kanpur Dehat,,76128533B80299348876357,IND,ADM2,primary_healthcare,TIME,2400,463824,41485,24.06,23739,13.77,186005,24.14,106118,13.77,422605,24.28,239633,13.77,112955,24.36,63824,13.77,50859,24.19,28940,13.76,24.27,263105,13.77
Kanpur Dehat,,76128533B80299348876357,IND,ADM2,primary_healthcare,TIME,3000,693226,62233,36.1,20748,12.04,278681,36.16,92676,12.03,631521,36.28,208916,12.0,168541,36.35,55586,11.99,76114,36.2,25255,12.01,36.27,229402,12.0
Kanpur Dehat,,76128533B80299348876357,IND,ADM2,primary_healthcare,TIME,3600,956178,86014,49.89,23781,13.79,384895,49.94,106214,13.78,870989,50.03,239468,13.76,232258,50.09,63717,13.74,105064,49.97,28950,13.77,50.03,262952,13.76
Kanpur Dehat,,76128533B80299348876357,IND,ADM2,primary_healthcare,TIME,4200,1328772,119716,69.44,33702,19.55,535412,69.48,150517,19.53,1210304,69.53,339315,19.49,322537,69.56,90279,19.47,146087,69.48,41023,19.51,69.52,372594,19.49
Kanpur Dehat,,76128533B80299348876357,IND,ADM2,primary_healthcare,TIME,4800,1687644,152180,88.28,32464,18.83,680407,88.29,144995,18.81,1537126,88.3,326822,18.77,409489,88.32,86952,18.75,185598,88.28,39511,18.79,88.3,358872,18.78
Kanpur Dehat,,76128533B80299348876357,IND,ADM2,primary_healthcare,TIME,5400,1779666,160504,93.1,8324,4.83,717583,93.12,37176,4.82,1620929,93.12,83803,4.81,431785,93.12,22296,4.81,195729,93.1,10131,4.82,93.11,92022,4.81
Kanpur Dehat,,76128533B80299348876357,IND,ADM2,primary_healthcare,TIME,6000,1805246,162812,94.44,2308,1.34,727889,94.45,10306,1.34,1644209,94.45,23280,1.34,437963,94.46,6178,1.33,198560,94.44,2831,1.35,94.45,25580,1.34
Kanpur Dehat,,76128533B80299348876357,IND,ADM2,primary_healthcare,TIME,6600,1911286,172393,100.0,9581,5.56,770640,100.0,42751,5.55,1740770,100.0,96561,5.55,463666,100.0,25703,5.54,210244,100.0,11684,5.56,100.0,106040,5.55
Kanpur Dehat,,76128533B80299348876357,IND,ADM2,primary_healthcare,TIME,7200,1911286,172393,100.0,0,0.0,770640,100.0,0,0.0,1740770,100.0,0,0.0,463666,100.0,0,0.0,210244,100.0,0,0.0,100.0,0,0.0
Chikkaballapura,,76128533B80772392204057,IND,ADM2,primary_healthcare,TIME,2400,1724,118,0.13,118,0.13,530,0.13,530,0.13,1545,0.13,1545,0.13,481,0.13,481,0.13,215,0.13,215,0.13,0.13,1724,0.13
Chikkaballapura,,76128533B80772392204057,IND,ADM2,primary_healthcare,TIME,3000,69952,4809,5.38,4691,5.25,21523,5.38,20993,5.24,62668,5.38,61123,5.25,19533,5.38,19052,5.25,8737,5.38,8522,5.24,5.38,68228,5.25
Chikkaballapura,,76128533B80772392204057,IND,ADM2,primary_healthcare,TIME,3600,403372,27723,31.0,22914,25.62,124149,31.01,102626,25.64,361358,31.02,298690,25.64,112631,31.02,93098,25.64,50399,31.01,41662,25.64,31.02,333420,25.64
Chikkaballapura,,76128533B80772392204057,IND,ADM2,primary_healthcare,TIME,4200,752044,51685,57.8,23962,26.8,231495,57.83,107346,26.82,673712,57.83,312354,26.81,209986,57.83,97355,26.81,93964,57.82,43565,26.81,57.83,348672,26.81
Chikkaballapura,,76128533B80772392204057,IND,ADM2,primary_healthcare,TIME,4800,958891,65916,73.71,14231,15.91,295183,73.74,63688,15.91,859013,73.74,185301,15.91,267730,73.74,57744,15.9,119809,73.73,25845,15.9,73.74,206847,15.91
Chikkaballapura,,76128533B80772392204057,IND,ADM2,primary_healthcare,TIME,5400,1124424,77314,86.46,11398,12.75,346183,86.48,51000,12.74,1007321,86.47,148308,12.73,313929,86.46,46199,12.72,140475,86.45,20666,12.72,86.46,165533,12.73
Chikkaballapura,,76128533B80772392204057,IND,ADM2,primary_healthcare,TIME,6000,1241589,85372,95.47,8058,9.01,382233,95.49,36050,9.01,1112272,95.48,104951,9.01,346644,95.47,32715,9.01,155124,95.46,14649,9.01,95.47,117165,9.01
Chikkaballapura,,76128533B80772392204057,IND,ADM2,primary_healthcare,TIME,6600,1270802,87388,97.72,2016,2.25,391183,97.72,8950,2.24,1138422,97.72,26150,2.24,354802,97.72,8158,2.25,158794,97.72,3670,2.26,97.72,29213,2.25
Chikkaballapura,,76128533B80772392204057,IND,ADM2,primary_healthcare,TIME,7200,1291124,88784,99.28,1396,1.56,397436,99.28,6253,1.56,1156626,99.28,18204,1.56,360476,99.28,5674,1.56,161335,99.28,2541,1.56,99.28,20322,1.56
Kannauj,,76128533B80966996849325,IND,ADM2,primary_healthcare,TIME,3000,1,0,0.0,0,0.0,0,0.0,0,0.0,1,0.0,1,0.0,0,0.0,0,0.0,0,0.0,0,0.0,0.0,1,0.0
Kannauj,,76128533B80966996849325,IND,ADM2,primary_healthcare,TIME,3600,136711,13787,7.6,13787,7.6,59919,7.61,59919,7.61,126550,7.62,126549,7.62,32753,7.63,32753,7.63,13002,7.62,13002,7.62,7.62,136710,7.62
Kannauj,,76128533B80966996849325,IND,ADM2,primary_healthcare,TIME,4200,598893,60470,33.36,46683,25.75,262704,33.37,202785,25.76,554396,33.38,427846,25.76,143419,33.41,110666,25.78,56946,33.37,43944,25.75,33.38,462182,25.76
Kannauj,,76128533B80966996849325,IND,ADM2,primary_healthcare,TIME,4800,892680,90181,49.74,29711,16.39,391630,49.75,128926,16.38,826336,49.76,271940,16.37,213663,49.77,70244,16.36,84899,49.76,27953,16.38,49.76,293787,16.38
Kannauj,,76128533B80966996849325,IND,ADM2,primary_healthcare,TIME,5400,1103161,111450,61.48,21269,11.73,484010,61.49,92380,11.74,1021183,61.49,194847,11.73,264057,61.5,50394,11.74,104908,61.48,20009,11.73,61.49,210481,11.73
Kannauj,,76128533B80966996849325,IND,ADM2,primary_healthcare,TIME,6000,1514444,153009,84.4,41559,22.92,664522,84.42,180512,22.93,1401916,84.42,380733,22.93,362526,84.44,98469,22.94,144007,84.4,39099,22.91,84.41,411283,22.92
Kannauj,,76128533B80966996849325,IND,ADM2,primary_healthcare,TIME,6600,1664942,168207,92.78,15198,8.38,730546,92.8,66024,8.39,1541227,92.81,139311,8.39,398562,92.83,36036,8.39,158322,92.78,14315,8.39,92.8,150498,8.39
Kannauj,,76128533B80966996849325,IND,ADM2,primary_healthcare,TIME,7200,1715489,173314,95.6,5107,2.82,752730,95.62,22184,2.82,1588020,95.62,46793,2.82,410664,95.65,12102,2.82,163128,95.6,4806,2.82,95.62,50547,2.82
Shahdara,,76128533B81419063387740,IND,ADM2,primary_healthcare,TIME,2400,413822,33787,56.68,33787,56.68,141656,56.83,141656,56.83,389107,57.66,389107,57.66,115809,57.89,115809,57.89,33316,58.51,33316,58.51,57.72,413822,57.72
Shahdara,,76128533B81419063387740,IND,ADM2,primary_healthcare,TIME,3000,716893,59605,100.0,25818,43.32,249253,100.0,107597,43.17,674851,100.0,285744,42.34,200064,100.0,84255,42.11,56943,100.0,23627,41.49,100.0,303071,42.28
Shahdara,,76128533B81419063387740,IND,ADM2,primary_healthcare,TIME,3600,716893,59605,100.0,0,0.0,249253,100.0,0,0.0,674851,100.0,0,0.0,200064,100.0,0,0.0,56943,100.0,0,0.0,100.0,0,0.0
Shahdara,,76128533B81419063387740,IND,ADM2,primary_healthcare,TIME,4200,716893,59605,100.0,0,0.0,249253,100.0,0,0.0,674851,100.0,0,0.0,200064,100.0,0,0.0,56943,100.0,0,0.0,100.0,0,0.0
Shahdara,,76128533B81419063387740,IND,ADM2,primary_healthcare,TIME,4800,716893,59605,100.0,0,0.0,249253,100.0,0,0.0,674851,100.0,0,0.0,200064,100.0,0,0.0,56943,100.0,0,0.0,100.0,0,0.0
Shahdara,,76128533B81419063387740,IND,ADM2,primary_healthcare,TIME,5400,716893,59605,100.0,0,0.0,249253,100.0,0,0.0,674851,100.0,0,0.0,200064,100.0,0,0.0,56943,100.0,0,0.0,100.0,0,0.0
Shahdara,,76128533B81419063387740,IND,ADM2,primary_healthcare,TIME,6000,716893,59605,100.0,0,0.0,249253,100.0,0,0.0,674851,100.0,0,0.0,200064,100.0,0,0.0,56943,100.0,0,0.0,100.0,0,0.0
Shahdara,,76128533B81419063387740,IND,ADM2,primary_healthcare,TIME,6600,716893,59605,100.0,0,0.0,249253,100.0,0,0.0,674851,100.0,0,0.0,200064,100.0,0,0.0,56943,100.0,0,0.0,100.0,0,0.0
Shahdara,,76128533B81419063387740,IND,ADM2,primary_healthcare,TIME,7200,716893,59605,100.0,0,0.0,249253,100.0,0,0.0,674851,100.0,0,0.0,200064,100.0,0,0.0,56943,100.0,0,0.0,100.0,0,0.0
Wayanad,,76128533B82539771173603,IND,ADM2,primary_healthcare,TIME,5400,74,5,0.01,5,0.01,21,0.01,21,0.01,67,0.01,67,0.01,21,0.01,21,0.01,8,0.01,8,0.01,0.01,74,0.01
Wayanad,,76128533B82539771173603,IND,ADM2,primary_healthcare,TIME,6000,1178,81,0.13,76,0.12,340,0.14,319,0.13,1065,0.14,998,0.13,340,0.14,319,0.13,138,0.15,130,0.14,0.14,1104,0.13
Wayanad,,76128533B82539771173603,IND,ADM2,primary_healthcare,TIME,6600,26318,1941,3.15,1860,3.02,7712,3.16,7372,3.02,23883,3.17,22818,3.02,7526,3.17,7186,3.03,2982,3.17,2844,3.03,3.17,25140,3.03
Wayanad,,76128533B82539771173603,IND,ADM2,primary_healthcare,TIME,7200,152099,11263,18.3,9322,15.15,44610,18.3,36898,15.14,138060,18.3,114177,15.14,43477,18.3,35951,15.13,17199,18.31,14217,15.13,18.3,125781,15.14
Sangrur,,76128533B82601690264832,IND,ADM2,primary_healthcare,TIME,600,5,0,0.0,0,0.0,1,0.0,1,0.0,5,0.0,5,0.0,1,0.0,1,0.0,0,0.0,0,0.0,0.0,5,0.0
Sangrur,,76128533B82601690264832,IND,ADM2,primary_healthcare,TIME,1200,72024,5158,3.98,5158,3.98,22555,3.97,22554,3.97,64408,4.0,64403,4.0,19343,3.99,19342,3.99,9113,3.88,9113,3.88,3.99,72019,3.99
Sangrur,,76128533B82601690264832,IND,ADM2,primary_healthcare,TIME,1800,262950,18855,14.53,13697,10.56,82586,14.53,60031,10.56,234497,14.57,170089,10.57,70514,14.56,51171,10.56,33919,14.45,24806,10.57,14.56,190926,10.57
Sangrur,,76128533B82601690264832,IND,ADM2,primary_healthcare,TIME,2400,446744,32042,24.7,13187,10.16,140384,24.7,57798,10.17,398162,24.74,163665,10.17,119770,24.73,49256,10.17,57867,24.65,23948,10.2,24.73,183794,10.17
Sangrur,,76128533B82601690264832,IND,ADM2,primary_healthcare,TIME,3000,666647,47831,36.87,15789,12.17,209570,36.88,69186,12.18,593993,36.91,195831,12.17,178714,36.9,58944,12.17,86510,36.86,28643,12.2,36.9,219903,12.17
Sangrur,,76128533B82601690264832,IND,ADM2,primary_healthcare,TIME,3600,861010,61786,47.62,13955,10.76,270723,47.64,61153,10.76,767075,47.66,173082,10.75,230809,47.65,52095,10.76,111831,47.65,25321,10.79,47.66,194363,10.76
Sangrur,,76128533B82601690264832,IND,ADM2,primary_healthcare,TIME,4200,1058943,76004,58.58,14218,10.96,332985,58.6,62262,10.96,943380,58.62,176305,10.95,283885,58.61,53076,10.96,137573,58.61,25742,10.97,58.62,197933,10.96
Sangrur,,76128533B82601690264832,IND,ADM2,primary_healthcare,TIME,4800,1336566,95941,73.95,19937,15.37,420324,73.97,87339,15.37,1190638,73.98,247258,15.36,358313,73.98,74428,15.37,173710,74.01,36137,15.4,73.99,277623,15.37
Sangrur,,76128533B82601690264832,IND,ADM2,primary_healthcare,TIME,5400,1570270,112732,86.89,16791,12.94,493833,86.9,73509,12.94,1398828,86.92,208190,12.94,420995,86.92,62682,12.94,204081,86.95,30371,12.94,86.92,233704,12.94
Sangrur,,76128533B82601690264832,IND,ADM2,primary_healthcare,TIME,6000,1727693,124061,95.62,11329,8.73,543357,95.62,49524,8.72,1539143,95.64,140315,8.72,463255,95.64,42260,8.72,224461,95.63,20380,8.68,95.64,157423,8.71
Sangrur,,76128533B82601690264832,IND,ADM2,primary_healthcare,TIME,6600,1790481,128587,99.11,4526,3.49,563186,99.11,19829,3.49,1595065,99.11,55922,3.47,480066,99.11,16811,3.47,232633,99.11,8172,3.48,99.11,62788,3.48
Sangrur,,76128533B82601690264832,IND,ADM2,primary_healthcare,TIME,7200,1806400,129735,99.99,1148,0.88,568218,99.99,5032,0.89,1609248,99.99,14183,0.88,484327,99.99,4261,0.88,234700,99.99,2067,0.88,99.99,15919,0.88
Mokokchung,,76128533B82793215586362,IND,ADM2,primary_healthcare,TIME,7200,5294,345,3.52,345,3.52,1800,3.54,1800,3.54,4866,3.55,4866,3.55,1474,3.55,1474,3.55,538,3.56,538,3.56,3.55,5294,3.55
Kancheepuram,,76128533B83644689337946,IND,ADM2,primary_healthcare,TIME,600,1145754,83094,26.95,83094,26.95,316014,26.94,316014,26.94,1045527,26.91,1045527,26.91,338329,26.91,338329,26.91,124042,26.88,124042,26.88,26.91,1145754,26.91
Kancheepuram,,76128533B83644689337946,IND,ADM2,primary_healthcare,TIME,1200,2719173,195605,63.44,112511,36.49,745096,63.52,429082,36.58,2479724,63.83,1434197,36.92,803268,63.88,464939,36.98,295970,64.14,171928,37.26,63.86,1573419,36.95
Kancheepuram,,76128533B83644689337946,IND,ADM2,primary_healthcare,TIME,1800,3224035,232591,75.44,36986,12.0,885481,75.49,140385,11.97,2940791,75.7,461067,11.87,952272,75.74,149004,11.85,350259,75.9,54289,11.76,75.72,504862,11.86
Kancheepuram,,76128533B83644689337946,IND,ADM2,primary_healthcare,TIME,2400,3429777,247664,80.32,15073,4.89,942689,80.37,57208,4.88,3128685,80.53,187894,4.84,1012995,80.56,60723,4.83,372384,80.7,22125,4.79,80.55,205742,4.83
Kancheepuram,,76128533B83644689337946,IND,ADM2,primary_healthcare,TIME,3000,3704053,267757,86.84,20093,6.52,1018955,86.87,76266,6.5,3379168,86.98,250483,6.45,1093945,87.0,80950,6.44,401878,87.09,29494,6.39,86.99,274276,6.44
Kancheepuram,,76128533B83644689337946,IND,ADM2,primary_healthcare,TIME,3600,4040704,292421,94.84,24664,8.0,1112566,94.85,93611,7.98,3686616,94.9,307448,7.91,1193304,94.91,99359,7.9,438079,94.94,36201,7.85,94.9,336651,7.91
Kancheepuram,,76128533B83644689337946,IND,ADM2,primary_healthcare,TIME,4200,4175207,302275,98.04,9854,3.2,1149975,98.04,37409,3.19,3809444,98.06,122828,3.16,1232995,98.06,39691,3.16,452549,98.07,14470,3.14,98.06,134503,3.16
Kancheepuram,,76128533B83644689337946,IND,ADM2,primary_healthcare,TIME,4800,4237499,306839,99.52,4564,1.48,1167310,99.52,17335,1.48,3866320,99.52,56876,1.46,1251369,99.52,18374,1.46,459260,99.53,6711,1.45,99.52,62292,1.46
Kancheepuram,,76128533B83644689337946,IND,ADM2,primary_healthcare,TIME,5400,4247134,307545,99.75,706,0.23,1169995,99.75,2685,0.23,3875115,99.75,8795,0.23,1254209,99.75,2840,0.23,460301,99.75,1041,0.23,99.75,9635,0.23
Kancheepuram,,76128533B83644689337946,IND,ADM2,primary_healthcare,TIME,6000,4247461,307569,99.75,24,0.01,1170086,99.75,91,0.01,3875413,99.76,298,0.01,1254306,99.76,97,0.01,460336,99.76,35,0.01,99.76,327,0.01
Kancheepuram,,76128533B83644689337946,IND,ADM2,primary_healthcare,TIME,6600,4247919,307602,99.76,33,0.01,1170213,99.77,127,0.01,3875831,99.77,418,0.01,1254441,99.77,135,0.01,460386,99.77,50,0.01,99.77,458,0.01
Kancheepuram,,76128533B83644689337946,IND,ADM2,primary_healthcare,TIME,7200,4248385,307637,99.78,35,0.01,1170343,99.78,130,0.01,3876257,99.78,426,0.01,1254579,99.78,138,0.01,460436,99.78,50,0.01,99.78,466,0.01
Malappuram,,76128533B83861010847920,IND,ADM2,primary_healthcare,TIME,600,172249,16105,4.01,16105,4.01,60157,4.02,60157,4.02,158216,4.04,158216,4.04,50933,4.04,50933,4.04,17613,4.1,17613,4.1,4.05,172249,4.05
Malappuram,,76128533B83861010847920,IND,ADM2,primary_healthcare,TIME,1200,568469,53422,13.31,37317,9.3,199369,13.32,139212,9.3,522606,13.35,364390,9.31,168250,13.35,117317,9.31,57679,13.43,40066,9.33,13.36,396220,9.31
Malappuram,,76128533B83861010847920,IND,ADM2,primary_healthcare,TIME,1800,1198876,113011,28.16,59589,14.85,421521,28.17,222152,14.84,1102724,28.17,580118,14.82,355029,28.17,186779,14.82,121072,28.18,63393,14.76,28.17,630407,14.81
Malappuram,,76128533B83861010847920,IND,ADM2,primary_healthcare,TIME,2400,2413981,227871,56.79,114860,28.62,849726,56.78,428205,28.61,2220902,56.73,1118178,28.56,715048,56.73,360019,28.56,243256,56.62,122184,28.44,56.72,1215105,28.55
Malappuram,,76128533B83861010847920,IND,ADM2,primary_healthcare,TIME,3000,3218335,303617,75.67,75746,18.88,1132300,75.66,282574,18.88,2960623,75.63,739721,18.9,953208,75.62,238160,18.89,324609,75.56,81353,18.94,75.62,804354,18.9
Malappuram,,76128533B83861010847920,IND,ADM2,primary_healthcare,TIME,3600,3834765,361779,90.16,58162,14.49,1349198,90.15,216898,14.49,3527716,90.11,567093,14.49,1135816,90.11,182608,14.49,386759,90.02,62150,14.47,90.1,616430,14.48
Malappuram,,76128533B83861010847920,IND,ADM2,primary_healthcare,TIME,4200,4128513,389207,97.0,27428,6.84,1451656,97.0,102458,6.85,3797508,97.0,269792,6.89,1222749,97.01,86933,6.9,416820,97.02,30061,7.0,97.01,293748,6.9
Malappuram,,76128533B83861010847920,IND,ADM2,primary_healthcare,TIME,4800,4211712,397078,98.96,7871,1.96,1480997,98.96,29341,1.96,3874083,98.96,76575,1.96,1247404,98.96,24655,1.96,425175,98.97,8355,1.94,98.96,83199,1.95
Malappuram,,76128533B83861010847920,IND,ADM2,primary_healthcare,TIME,5400,4253029,400987,99.93,3909,0.97,1495567,99.93,14570,0.97,3912109,99.93,38026,0.97,1259647,99.93,12243,0.97,429323,99.93,4148,0.97,99.93,41317,0.97
Malappuram,,76128533B83861010847920,IND,ADM2,primary_healthcare,TIME,6000,4254645,401140,99.97,153,0.04,1496138,99.97,571,0.04,3913597,99.97,1488,0.04,1260126,99.97,479,0.04,429486,99.97,163,0.04,99.97,1616,0.04
Malappuram,,76128533B83861010847920,IND,ADM2,primary_healthcare,TIME,6600,4254910,401165,99.98,25,0.01,1496231,99.98,93,0.01,3913841,99.98,244,0.01,1260205,99.98,79,0.01,429512,99.98,26,0.01,99.98,265,0.01
Malappuram,,76128533B83861010847920,IND,ADM2,primary_healthcare,TIME,7200,4254930,401167,99.98,2,0.0,1496238,99.98,7,0.0,3913859,99.98,18,0.0,1260211,99.98,6,0.0,429514,99.98,2,0.0,99.98,20,0.0
Amritsar,,76128533B8426545955058,IND,ADM2,primary_healthcare,TIME,4200,10550,797,0.41,797,0.41,3475,0.41,3475,0.41,9543,0.4,9543,0.4,2869,0.39,2869,0.39,1226,0.4,1226,0.4,0.4,10550,0.4
Amritsar,,76128533B8426545955058,IND,ADM2,primary_healthcare,TIME,4800,738379,54484,27.74,53687,27.33,237426,27.74,233951,27.33,669065,27.71,659522,27.32,201954,27.7,199085,27.31,84662,27.69,83436,27.29,27.71,727829,27.31
Amritsar,,76128533B8426545955058,IND,ADM2,primary_healthcare,TIME,5400,1709791,126067,64.18,71583,36.44,549349,64.18,311923,36.44,1549392,64.17,880327,36.46,467738,64.16,265784,36.46,195939,64.09,111277,36.4,64.16,971412,36.45
Amritsar,,76128533B8426545955058,IND,ADM2,primary_healthcare,TIME,6000,2311461,170418,86.76,44351,22.58,742579,86.75,193230,22.57,2094634,86.75,545242,22.58,632363,86.74,164625,22.58,264873,86.63,68934,22.55,86.74,601670,22.58
Amritsar,,76128533B8426545955058,IND,ADM2,primary_healthcare,TIME,6600,2574521,189769,96.62,19351,9.85,826980,96.61,84401,9.86,2332721,96.61,238087,9.86,704327,96.61,71964,9.87,295314,96.59,30441,9.96,96.61,263060,9.87
Amritsar,,76128533B8426545955058,IND,ADM2,primary_healthcare,TIME,7200,2622568,193304,98.42,3535,1.8,842397,98.42,15417,1.8,2376212,98.41,43491,1.8,717471,98.41,13144,1.8,300868,98.41,5554,1.82,98.41,48047,1.8
Mulugu,,76128533B84398038505400,IND,ADM2,primary_healthcare,TIME,4800,1578,96,0.66,96,0.66,491,0.66,491,0.66,1400,0.66,1400,0.66,441,0.66,441,0.66,210,0.67,210,0.67,0.67,1578,0.67
Mulugu,,76128533B84398038505400,IND,ADM2,primary_healthcare,TIME,5400,32681,2008,13.71,1912,13.06,10173,13.77,9682,13.11,29001,13.77,27601,13.11,9133,13.76,8692,13.1,4360,13.9,4150,13.23,13.79,31103,13.12
Mulugu,,76128533B84398038505400,IND,ADM2,primary_healthcare,TIME,6000,64209,3946,26.95,1938,13.24,19988,27.06,9815,13.29,56977,27.06,27976,13.29,17945,27.04,8812,13.28,8566,27.31,4206,13.41,27.09,31528,13.3
Mulugu,,76128533B84398038505400,IND,ADM2,primary_healthcare,TIME,6600,109448,6727,45.94,2781,18.99,34070,46.12,14082,19.06,97121,46.12,40144,19.07,30588,46.09,12643,19.05,14602,46.55,6036,19.24,46.18,45239,19.09
Mulugu,,76128533B84398038505400,IND,ADM2,primary_healthcare,TIME,7200,111959,6881,46.99,154,1.05,34852,47.18,782,1.06,99349,47.18,2228,1.06,31290,47.15,702,1.06,14937,47.62,335,1.07,47.24,2511,1.06
Hydrabad,,76128533B84676164211579,IND,ADM2,primary_healthcare,TIME,600,2101642,169437,47.98,169437,47.98,689953,48.35,689953,48.35,1969344,48.17,1969344,48.17,619001,48.16,619001,48.16,175983,47.63,175983,47.63,48.12,2101642,48.12
Hydrabad,,76128533B84676164211579,IND,ADM2,primary_healthcare,TIME,1200,4345021,351287,99.48,181850,51.5,1419902,99.49,729949,51.15,4067819,99.49,2098475,51.32,1278625,99.49,659624,51.32,367518,99.48,191535,51.84,99.49,2243379,51.37
Hydrabad,,76128533B84676164211579,IND,ADM2,primary_healthcare,TIME,1800,4367383,353107,100.0,1820,0.52,1427127,100.0,7225,0.51,4088707,100.0,20888,0.51,1285191,100.0,6566,0.51,369457,100.0,1939,0.52,100.0,22362,0.51
Hydrabad,,76128533B84676164211579,IND,ADM2,primary_healthcare,TIME,2400,4367383,353107,100.0,0,0.0,1427127,100.0,0,0.0,4088707,100.0,0,0.0,1285191,100.0,0,0.0,369457,100.0,0,0.0,100.0,0,0.0
Hydrabad,,76128533B84676164211579,IND,ADM2,primary_healthcare,TIME,3000,4367383,353107,100.0,0,0.0,1427127,100.0,0,0.0,4088707,100.0,0,0.0,1285191,100.0,0,0.0,369457,100.0,0,0.0,100.0,0,0.0
Hydrabad,,76128533B84676164211579,IND,ADM2,primary_healthcare,TIME,3600,4367383,353107,100.0,0,0.0,1427127,100.0,0,0.0,4088707,100.0,0,0.0,1285191,100.0,0,0.0,369457,100.0,0,0.0,100.0,0,0.0
Hydrabad,,76128533B84676164211579,IND,ADM2,primary_healthcare,TIME,4200,4367383,353107,100.0,0,0.0,1427127,100.0,0,0.0,4088707,100.0,0,0.0,1285191,100.0,0,0.0,369457,100.0,0,0.0,100.0,0,0.0
Hydrabad,,76128533B84676164211579,IND,ADM2,primary_healthcare,TIME,4800,4367383,353107,100.0,0,0.0,1427127,100.0,0,0.0,4088707,100.0,0,0.0,1285191,100.0,0,0.0,369457,100.0,0,0.0,100.0,0,0.0
Hydrabad,,76128533B84676164211579,IND,ADM2,primary_healthcare,TIME,5400,4367383,353107,100.0,0,0.0,1427127,100.0,0,0.0,4088707,100.0,0,0.0,1285191,100.0,0,0.0,369457,100.0,0,0.0,100.0,0,0.0
Hydrabad,,76128533B84676164211579,IND,ADM2,primary_healthcare,TIME,6000,4367383,353107,100.0,0,0.0,1427127,100.0,0,0.0,4088707,100.0,0,0.0,1285191,100.0,0,0.0,369457,100.0,0,0.0,100.0,0,0.0
Hydrabad,,76128533B84676164211579,IND,ADM2,primary_healthcare,TIME,6600,4367383,353107,100.0,0,0.0,1427127,100.0,0,0.0,4088707,100.0,0,0.0,1285191,100.0,0,0.0,369457,100.0,0,0.0,100.0,0,0.0
Hydrabad,,76128533B84676164211579,IND,ADM2,primary_healthcare,TIME,7200,4367383,353107,100.0,0,0.0,1427127,100.0,0,0.0,4088707,100.0,0,0.0,1285191,100.0,0,0.0,369457,100.0,0,0.0,100.0,0,0.0
Mainpuri,,76128533B84772439394056,IND,ADM2,primary_healthcare,TIME,6000,0,0,0.0,0,0.0,0,0.0,0,0.0,0,0.0,0,0.0,0,0.0,0,0.0,0,0.0,0,0.0,0.0,0,0.0
Mainpuri,,76128533B84772439394056,IND,ADM2,primary_healthcare,TIME,6600,108794,10724,4.99,10724,4.99,47315,4.97,47315,4.97,100366,4.97,100366,4.97,26145,4.96,26145,4.96,10689,4.94,10689,4.94,4.97,108794,4.97
Mainpuri,,76128533B84772439394056,IND,ADM2,primary_healthcare,TIME,7200,399136,39325,18.29,28601,13.3,173548,18.25,126233,13.27,368190,18.23,267824,13.26,95932,18.21,69787,13.25,39242,18.13,28553,13.19,18.22,290342,13.25
Sirsa,,76128533B84837672903805,IND,ADM2,primary_healthcare,TIME,5400,13178,1047,0.87,1047,0.87,4508,0.87,4508,0.87,11968,0.88,11968,0.88,3543,0.89,3543,0.89,1484,0.9,1484,0.9,0.89,13178,0.89
Sirsa,,76128533B84837672903805,IND,ADM2,primary_healthcare,TIME,6000,56518,4539,3.79,3492,2.91,19559,3.78,15051,2.91,51385,3.8,39417,2.91,15209,3.8,11666,2.91,6308,3.82,4824,2.92,3.8,43340,2.91
Sirsa,,76128533B84837672903805,IND,ADM2,primary_healthcare,TIME,6600,163313,13131,10.95,8592,7.17,56590,10.95,37031,7.16,148506,10.98,97121,7.18,43952,10.98,28743,7.18,18202,11.01,11894,7.2,10.98,106795,7.18
Sirsa,,76128533B84837672903805,IND,ADM2,primary_healthcare,TIME,7200,347904,28001,23.35,14870,12.4,120689,23.35,64099,12.4,316407,23.39,167901,12.41,93636,23.4,49684,12.41,38727,23.43,20525,12.42,23.39,184591,12.41
Yadadri Bhongiri,,76128533B85157820615002,IND,ADM2,primary_healthcare,TIME,1800,3967,271,0.54,271,0.54,1268,0.54,1268,0.54,3527,0.54,3527,0.54,1089,0.54,1089,0.54,522,0.54,522,0.54,0.54,3967,0.54
Yadadri Bhongiri,,76128533B85157820615002,IND,ADM2,primary_healthcare,TIME,2400,93589,6414,12.71,6143,12.17,29924,12.7,28656,12.16,83216,12.7,79689,12.16,25712,12.7,24623,12.16,12319,12.69,11797,12.15,12.7,89622,12.16
Yadadri Bhongiri,,76128533B85157820615002,IND,ADM2,primary_healthcare,TIME,3000,300120,20562,40.75,14148,28.04,95959,40.73,66035,28.03,266827,40.73,183611,28.03,82443,40.72,56731,28.02,39531,40.72,27212,28.03,40.73,206531,28.03
Yadadri Bhongiri,,76128533B85157820615002,IND,ADM2,primary_healthcare,TIME,3600,460562,31553,62.54,10991,21.78,147259,62.51,51300,21.78,409464,62.5,142637,21.77,126514,62.49,44071,21.77,60672,62.49,21141,21.77,62.5,160442,21.77
Yadadri Bhongiri,,76128533B85157820615002,IND,ADM2,primary_healthcare,TIME,4200,566026,38777,76.85,7224,14.32,180980,76.82,33721,14.31,503224,76.81,93760,14.31,155483,76.8,28969,14.31,74567,76.8,13895,14.31,76.81,105464,14.31
Yadadri Bhongiri,,76128533B85157820615002,IND,ADM2,primary_healthcare,TIME,4800,625102,42806,84.84,4029,7.99,199847,84.83,18867,8.01,555740,84.83,52516,8.02,171723,84.83,16240,8.02,82355,84.82,7788,8.02,84.83,59076,8.02
Yadadri Bhongiri,,76128533B85157820615002,IND,ADM2,primary_healthcare,TIME,5400,709919,48611,96.34,5805,11.51,226960,96.34,27113,11.51,631143,96.34,75403,11.51,195024,96.34,23301,11.51,93532,96.34,11177,11.51,96.34,84817,11.51
Yadadri Bhongiri,,76128533B85157820615002,IND,ADM2,primary_healthcare,TIME,6000,736914,50456,100.0,1845,3.66,235586,100.0,8626,3.66,655141,100.0,23998,3.66,202442,100.0,7418,3.66,97090,100.0,3558,3.66,100.0,26995,3.66
Yadadri Bhongiri,,76128533B85157820615002,IND,ADM2,primary_healthcare,TIME,6600,736914,50456,100.0,0,0.0,235586,100.0,0,0.0,655141,100.0,0,0.0,202442,100.0,0,0.0,97090,100.0,0,0.0,100.0,0,0.0
Yadadri Bhongiri,,76128533B85157820615002,IND,ADM2,primary_healthcare,TIME,7200,736914,50456,100.0,0,0.0,235586,100.0,0,0.0,655141,100.0,0,0.0,202442,100.0,0,0.0,97090,100.0,0,0.0,100.0,0,0.0
Shimoga,,76128533B85389886560116,IND,ADM2,primary_healthcare,TIME,3600,20788,1464,1.14,1464,1.14,6259,1.13,6259,1.13,18908,1.13,18908,1.13,5968,1.12,5968,1.12,2312,1.12,2312,1.12,1.13,20788,1.13
Shimoga,,76128533B85389886560116,IND,ADM2,primary_healthcare,TIME,4200,164452,11478,8.92,10014,7.78,49176,8.92,42917,7.78,149549,8.91,130641,7.79,47285,8.91,41317,7.79,18321,8.89,16009,7.77,8.91,143664,7.78
Shimoga,,76128533B85389886560116,IND,ADM2,primary_healthcare,TIME,4800,484283,33731,26.22,22253,17.3,144579,26.22,95403,17.3,440379,26.24,290830,17.33,139293,26.25,92008,17.34,53970,26.19,35649,17.3,26.24,319831,17.33
Shimoga,,76128533B85389886560116,IND,ADM2,primary_healthcare,TIME,5400,972643,67661,52.59,33930,26.37,290098,52.6,145519,26.39,884438,52.71,444059,26.46,279826,52.73,140533,26.48,108422,52.61,54452,26.42,52.7,488360,26.46
Shimoga,,76128533B85389886560116,IND,ADM2,primary_healthcare,TIME,6000,1285626,89911,69.88,22250,17.29,385032,69.82,94934,17.21,1169158,69.68,284720,16.97,369539,69.63,89713,16.91,143191,69.48,34769,16.87,69.66,312983,16.96
Shimoga,,76128533B85389886560116,IND,ADM2,primary_healthcare,TIME,6600,1499667,104759,81.42,14848,11.54,448777,81.37,63745,11.56,1363648,81.27,194490,11.59,431107,81.24,61568,11.6,167191,81.13,24000,11.65,81.25,214041,11.6
Shimoga,,76128533B85389886560116,IND,ADM2,primary_healthcare,TIME,7200,1618591,112968,87.8,8209,6.38,484044,87.77,35267,6.39,1471744,87.71,108096,6.44,465361,87.69,34254,6.45,180490,87.58,13299,6.45,87.7,118924,6.44
Lakhimpur,,76128533B85627242103654,IND,ADM2,primary_healthcare,TIME,6600,2559,254,0.23,254,0.23,1001,0.23,1001,0.23,2411,0.23,2411,0.23,704,0.23,704,0.23,200,0.23,200,0.23,0.23,2559,0.23
Lakhimpur,,76128533B85627242103654,IND,ADM2,primary_healthcare,TIME,7200,47286,4699,4.3,4445,4.06,18348,4.3,17347,4.06,44498,4.27,42087,4.04,13046,4.26,12342,4.03,3769,4.24,3569,4.02,4.27,44727,4.04
Bilaspur,,76128533B85695392289827,IND,ADM2,primary_healthcare,TIME,5400,604,43,0.13,43,0.13,174,0.13,174,0.13,532,0.13,532,0.13,164,0.13,164,0.13,84,0.13,84,0.13,0.13,604,0.13
Bilaspur,,76128533B85695392289827,IND,ADM2,primary_healthcare,TIME,6000,25467,1847,5.61,1804,5.48,7403,5.61,7229,5.47,22452,5.61,21920,5.47,6941,5.6,6777,5.47,3545,5.64,3461,5.51,5.61,24863,5.48
Bilaspur,,76128533B85695392289827,IND,ADM2,primary_healthcare,TIME,6600,67970,4928,14.96,3081,9.35,19724,14.94,12321,9.33,59917,14.96,37465,9.36,18524,14.94,11583,9.34,9466,15.06,5921,9.42,14.97,42503,9.36
Bilaspur,,76128533B85695392289827,IND,ADM2,primary_healthcare,TIME,7200,184666,13389,40.64,8461,25.68,53535,40.54,33811,25.6,162770,40.64,102853,25.68,50325,40.6,31801,25.66,25734,40.94,16268,25.88,40.69,116696,25.71
Ratnagiri,,76128533B8575303957680,IND,ADM2,primary_healthcare,TIME,7200,2868,181,0.19,181,0.19,837,0.19,837,0.19,2442,0.19,2442,0.19,784,0.19,784,0.19,485,0.18,485,0.18,0.19,2868,0.19
Panipat,,76128533B86048662040782,IND,ADM2,primary_healthcare,TIME,5400,84057,7839,5.97,7839,5.97,31428,5.97,31428,5.97,78136,6.0,78136,6.0,22101,6.01,22101,6.01,7668,6.05,7668,6.05,6.01,84057,6.01
Panipat,,76128533B86048662040782,IND,ADM2,primary_healthcare,TIME,6000,603888,56533,43.08,48694,37.1,226403,43.03,194975,37.06,561809,43.16,483673,37.16,158894,43.19,136793,37.19,54631,43.12,46963,37.07,43.15,519831,37.15
Panipat,,76128533B86048662040782,IND,ADM2,primary_healthcare,TIME,6600,1134887,106351,81.04,49818,37.96,425991,80.97,199588,37.94,1055836,81.11,494027,37.95,298489,81.14,139595,37.95,102641,81.01,48010,37.89,81.1,530999,37.95
Panipat,,76128533B86048662040782,IND,ADM2,primary_healthcare,TIME,7200,1366987,128154,97.65,21803,16.61,513566,97.61,87575,16.65,1271664,97.69,215828,16.58,359434,97.71,60945,16.57,123736,97.66,21095,16.65,97.69,232100,16.59
Jhunjhunun,,76128533B86135761305702,IND,ADM2,primary_healthcare,TIME,6000,7232,617,0.29,617,0.29,2694,0.29,2694,0.29,6585,0.3,6585,0.3,1921,0.3,1921,0.3,797,0.32,797,0.32,0.3,7232,0.3
Jhunjhunun,,76128533B86135761305702,IND,ADM2,primary_healthcare,TIME,6600,70115,6130,2.88,5513,2.59,26816,2.88,24122,2.59,64206,2.91,57621,2.61,18719,2.91,16798,2.61,7367,3.0,6570,2.68,2.92,62883,2.62
Jhunjhunun,,76128533B86135761305702,IND,ADM2,primary_healthcare,TIME,7200,289916,25599,12.02,19469,9.14,112016,12.02,85200,9.14,266069,12.06,201863,9.15,77529,12.06,58810,9.15,29873,12.17,22506,9.17,12.07,219801,9.15
Alappuzha,,76128533B86368264587575,IND,ADM2,primary_healthcare,TIME,7200,2075,118,0.1,118,0.1,490,0.1,490,0.1,1755,0.1,1755,0.1,564,0.1,564,0.1,362,0.1,362,0.1,0.1,2075,0.1
Viluppuram,,76128533B86430586962522,IND,ADM2,primary_healthcare,TIME,4200,8605,640,0.34,640,0.34,2459,0.33,2459,0.33,7846,0.35,7846,0.35,2513,0.36,2513,0.36,938,0.34,938,0.34,0.35,8605,0.35
Viluppuram,,76128533B86430586962522,IND,ADM2,primary_healthcare,TIME,4800,35751,2703,1.42,2063,1.09,10511,1.39,8052,1.06,32543,1.47,24697,1.12,10323,1.5,7810,1.13,3952,1.42,3014,1.09,1.47,27146,1.11
Viluppuram,,76128533B86430586962522,IND,ADM2,primary_healthcare,TIME,5400,207602,16121,8.49,13418,7.06,63868,8.44,53357,7.05,188434,8.52,155891,7.05,58811,8.54,48488,7.04,23483,8.46,19531,7.03,8.51,171851,7.05
Viluppuram,,76128533B86430586962522,IND,ADM2,primary_healthcare,TIME,6000,419154,32658,17.19,16537,8.71,129735,17.15,65867,8.71,380256,17.19,191822,8.67,118405,17.2,59594,8.66,47610,17.15,24127,8.69,17.19,211552,8.67
Viluppuram,,76128533B86430586962522,IND,ADM2,primary_healthcare,TIME,6600,883227,68954,36.3,36296,19.11,274317,36.26,144582,19.11,801071,36.21,420815,19.02,249117,36.18,130712,18.98,100514,36.2,52904,19.05,36.21,464073,19.03
Viluppuram,,76128533B86430586962522,IND,ADM2,primary_healthcare,TIME,7200,1625496,126539,66.62,57585,30.32,503807,66.6,229490,30.34,1474301,66.65,673230,30.43,458991,66.66,209874,30.48,184983,66.62,84469,30.42,66.64,742269,30.43
Haveri,,76128533B86721175299079,IND,ADM2,primary_healthcare,TIME,1200,17008,1371,1.08,1371,1.08,5643,1.08,5643,1.08,15561,1.08,15561,1.08,4686,1.08,4686,1.08,1800,1.08,1800,1.08,1.08,17008,1.08
Haveri,,76128533B86721175299079,IND,ADM2,primary_healthcare,TIME,1800,84519,6831,5.37,5460,4.29,28088,5.37,22445,4.29,77342,5.37,61781,4.29,23269,5.37,18583,4.29,8934,5.37,7134,4.29,5.37,67511,4.29
Haveri,,76128533B86721175299079,IND,ADM2,primary_healthcare,TIME,2400,170317,13768,10.82,6937,5.45,56609,10.82,28521,5.45,155855,10.82,78513,5.45,46885,10.82,23616,5.45,18001,10.83,9067,5.45,10.82,85798,5.45
Haveri,,76128533B86721175299079,IND,ADM2,primary_healthcare,TIME,3000,331198,26747,21.02,12979,10.2,110007,21.03,53398,10.21,303057,21.05,147202,10.22,91212,21.06,44327,10.23,35025,21.07,17024,10.24,21.05,160881,10.22
Haveri,,76128533B86721175299079,IND,ADM2,primary_healthcare,TIME,3600,625520,50629,39.79,23882,18.77,208070,39.78,98063,18.75,572494,39.76,269437,18.71,172241,39.76,81029,18.7,66028,39.72,31003,18.65,39.75,294322,18.71
Haveri,,76128533B86721175299079,IND,ADM2,primary_healthcare,TIME,4200,939563,76049,59.76,25420,19.98,312538,59.76,104468,19.97,859910,59.72,287416,19.96,258688,59.71,86447,19.96,99182,59.66,33154,19.94,59.71,314043,19.96
Haveri,,76128533B86721175299079,IND,ADM2,primary_healthcare,TIME,4800,1280327,103598,81.41,27549,21.65,425800,81.41,113262,21.65,1171738,81.38,311828,21.66,352493,81.37,93805,21.65,135201,81.32,36019,21.67,81.37,340764,21.66
Haveri,,76128533B86721175299079,IND,ADM2,primary_healthcare,TIME,5400,1525603,123405,96.98,19807,15.57,507204,96.97,81404,15.56,1396144,96.96,224406,15.58,420028,96.96,67535,15.59,161169,96.94,25968,15.62,96.96,245276,15.59
Haveri,,76128533B86721175299079,IND,ADM2,primary_healthcare,TIME,6000,1572080,127143,99.91,3738,2.94,522576,99.91,15372,2.94,1438650,99.91,42506,2.95,432829,99.91,12801,2.95,166107,99.91,4938,2.97,99.91,46477,2.95
Haveri,,76128533B86721175299079,IND,ADM2,primary_healthcare,TIME,6600,1573444,127253,100.0,110,0.09,523030,100.0,454,0.09,1439899,100.0,1249,0.09,433205,100.0,376,0.09,166251,100.0,144,0.09,100.0,1364,0.09
Haveri,,76128533B86721175299079,IND,ADM2,primary_healthcare,TIME,7200,1573444,127253,100.0,0,0.0,523030,100.0,0,0.0,1439899,100.0,0,0.0,433205,100.0,0,0.0,166251,100.0,0,0.0,100.0,0,0.0
Muzaffarnagar,,76128533B87051210355251,IND,ADM2,primary_healthcare,TIME,6600,152351,15604,4.8,15604,4.8,66172,4.79,66172,4.79,142086,4.8,142086,4.8,38262,4.8,38262,4.8,13431,4.81,13431,4.81,4.8,152351,4.8
Muzaffarnagar,,76128533B87051210355251,IND,ADM2,primary_healthcare,TIME,7200,631141,64692,19.89,49088,15.09,274428,19.88,208256,15.09,588619,19.89,446533,15.09,158437,19.89,120175,15.09,55641,19.92,42210,15.11,19.89,478790,15.09
Hapur,,76128533B87317961648652,IND,ADM2,primary_healthcare,TIME,3600,16486,1620,1.06,1620,1.06,6565,1.06,6565,1.06,15601,1.06,15601,1.06,4438,1.06,4438,1.06,1227,1.06,1227,1.06,1.06,16486,1.06
Hapur,,76128533B87317961648652,IND,ADM2,primary_healthcare,TIME,4200,321750,31653,20.69,30033,19.63,128092,20.65,121527,19.6,304471,20.71,288870,19.64,86568,20.72,82130,19.66,23966,20.61,22739,19.56,20.7,305264,19.64
Hapur,,76128533B87317961648652,IND,ADM2,primary_healthcare,TIME,4800,817572,80394,52.54,48741,31.85,325527,52.49,197435,31.84,773676,52.61,469205,31.91,220050,52.67,133482,31.95,60890,52.37,36924,31.76,52.6,495822,31.9
Hapur,,76128533B87317961648652,IND,ADM2,primary_healthcare,TIME,5400,1121962,110447,72.18,30053,19.64,447519,72.16,121992,19.67,1061325,72.17,287649,19.56,301503,72.17,81453,19.5,83958,72.21,23068,19.84,72.18,304390,19.58
Hapur,,76128533B87317961648652,IND,ADM2,primary_healthcare,TIME,6000,1387064,136524,89.22,26077,17.04,553232,89.21,105713,17.05,1312121,89.23,250796,17.06,372792,89.23,71289,17.06,103774,89.26,19816,17.04,89.23,265102,17.05
Hapur,,76128533B87317961648652,IND,ADM2,primary_healthcare,TIME,6600,1500071,147657,96.5,11133,7.28,598397,96.49,45165,7.28,1419048,96.5,106927,7.27,403170,96.5,30378,7.27,112203,96.51,8429,7.25,96.5,113007,7.27
Hapur,,76128533B87317961648652,IND,ADM2,primary_healthcare,TIME,7200,1532602,150854,98.58,3197,2.09,611352,98.58,12955,2.09,1449833,98.59,30785,2.09,411930,98.6,8760,2.1,114625,98.59,2422,2.08,98.59,32531,2.09
Nagapattinam,,76128533B88466433485589,IND,ADM2,primary_healthcare,TIME,600,48267,3278,7.15,3278,7.15,14072,7.21,14072,7.21,43316,7.18,43316,7.18,13931,7.17,13931,7.17,5953,7.24,5953,7.24,7.19,48267,7.19
Nagapattinam,,76128533B88466433485589,IND,ADM2,primary_healthcare,TIME,1200,291229,19887,43.38,16609,36.23,84621,43.34,70549,36.13,261649,43.37,218333,36.19,84222,43.37,70291,36.2,35632,43.31,29679,36.08,43.36,242962,36.17
Nagapattinam,,76128533B88466433485589,IND,ADM2,primary_healthcare,TIME,1800,462802,31627,69.0,11740,25.61,134459,68.86,49838,25.52,415839,68.92,154190,25.56,133858,68.93,49636,25.56,56583,68.78,20951,25.47,68.91,171573,25.55
Nagapattinam,,76128533B88466433485589,IND,ADM2,primary_healthcare,TIME,2400,639067,43632,95.19,12005,26.19,185799,95.15,51340,26.29,574098,95.15,158259,26.23,184769,95.15,50911,26.22,78252,95.12,21669,26.34,95.15,176265,26.24
Nagapattinam,,76128533B88466433485589,IND,ADM2,primary_healthcare,TIME,3000,649626,44344,96.74,712,1.55,188856,96.72,3057,1.57,583576,96.72,9478,1.57,187823,96.72,3054,1.57,79553,96.7,1301,1.58,96.72,10559,1.57
Nagapattinam,,76128533B88466433485589,IND,ADM2,primary_healthcare,TIME,3600,651444,44467,97.01,123,0.27,189385,96.99,529,0.27,585208,96.99,1632,0.27,188348,96.99,525,0.27,79776,96.97,223,0.27,96.99,1818,0.27
Nagapattinam,,76128533B88466433485589,IND,ADM2,primary_healthcare,TIME,4200,654162,44652,97.41,185,0.4,190178,97.4,793,0.41,587648,97.4,2440,0.4,189132,97.4,784,0.4,80112,97.38,336,0.41,97.4,2718,0.4
Nagapattinam,,76128533B88466433485589,IND,ADM2,primary_healthcare,TIME,4800,654862,44700,97.52,48,0.1,190382,97.5,204,0.1,588276,97.5,628,0.1,189334,97.5,202,0.1,80198,97.49,86,0.1,97.5,700,0.1
Nagapattinam,,76128533B88466433485589,IND,ADM2,primary_healthcare,TIME,5400,656369,44802,97.74,102,0.22,190821,97.72,439,0.22,589628,97.73,1352,0.22,189769,97.73,435,0.22,80384,97.71,186,0.23,97.73,1507,0.22
Nagapattinam,,76128533B88466433485589,IND,ADM2,primary_healthcare,TIME,6000,657222,44860,97.86,58,0.13,191069,97.85,248,0.13,590393,97.85,765,0.13,190016,97.85,247,0.13,80489,97.84,105,0.13,97.85,853,0.13
Nagapattinam,,76128533B88466433485589,IND,ADM2,primary_healthcare,TIME,6600,658152,44923,98.0,63,0.14,191339,97.99,270,0.14,591229,97.99,836,0.14,190285,97.99,269,0.14,80603,97.98,114,0.14,97.99,930,0.14
Nagapattinam,,76128533B88466433485589,IND,ADM2,primary_healthcare,TIME,7200,658163,44924,98.0,1,0.0,191343,97.99,4,0.0,591239,97.99,10,0.0,190288,97.99,3,0.0,80605,97.98,2,0.0,97.99,11,0.0
Chengalputtu,,76128533B88669134807148,IND,ADM2,primary_healthcare,TIME,600,123525,8770,5.06,8770,5.06,33587,5.1,33587,5.1,112795,5.21,112795,5.21,36597,5.22,36597,5.22,13297,5.23,13297,5.23,5.21,123525,5.21
Chengalputtu,,76128533B88669134807148,IND,ADM2,primary_healthcare,TIME,1200,835241,60634,35.01,51864,29.95,231025,35.08,197438,29.98,763574,35.24,650779,30.03,247050,35.27,210453,30.04,89028,35.04,75731,29.81,35.22,711716,30.01
Chengalputtu,,76128533B88669134807148,IND,ADM2,primary_healthcare,TIME,1800,1264769,92099,53.18,31465,18.17,350478,53.21,119453,18.14,1155909,53.34,392335,18.11,373844,53.37,126794,18.1,135149,53.2,46121,18.15,53.33,429528,18.11
Chengalputtu,,76128533B88669134807148,IND,ADM2,primary_healthcare,TIME,2400,1550902,113055,65.28,20956,12.1,430077,65.3,79599,12.09,1417367,65.41,261458,12.07,458342,65.43,84498,12.06,165772,65.25,30623,12.05,65.39,286133,12.06
Chengalputtu,,76128533B88669134807148,IND,ADM2,primary_healthcare,TIME,3000,1970736,143809,83.04,30754,17.76,546865,83.03,116788,17.73,1800865,83.11,383498,17.7,582276,83.12,123934,17.69,210836,82.99,45064,17.74,83.1,419834,17.7
Chengalputtu,,76128533B88669134807148,IND,ADM2,primary_healthcare,TIME,3600,2310900,168729,97.43,24920,14.39,641644,97.42,94779,14.39,2111469,97.44,310604,14.33,682624,97.45,100348,14.33,247465,97.4,36629,14.42,97.44,340164,14.34
Chengalputtu,,76128533B88669134807148,IND,ADM2,primary_healthcare,TIME,4200,2370222,173077,99.94,4348,2.51,658257,99.94,16613,2.52,2165582,99.94,54113,2.5,700078,99.94,17454,2.49,253908,99.94,6443,2.54,99.94,59322,2.5
Chengalputtu,,76128533B88669134807148,IND,ADM2,primary_healthcare,TIME,4800,2371637,173181,100.0,104,0.06,658653,100.0,396,0.06,2166872,100.0,1290,0.06,700493,100.0,415,0.06,254063,100.0,155,0.06,100.0,1415,0.06
Chengalputtu,,76128533B88669134807148,IND,ADM2,primary_healthcare,TIME,5400,2371637,173181,100.0,0,0.0,658653,100.0,0,0.0,2166872,100.0,0,0.0,700493,100.0,0,0.0,254063,100.0,0,0.0,100.0,0,0.0
Chengalputtu,,76128533B88669134807148,IND,ADM2,primary_healthcare,TIME,6000,2371637,173181,100.0,0,0.0,658653,100.0,0,0.0,2166872,100.0,0,0.0,700493,100.0,0,0.0,254063,100.0,0,0.0,100.0,0,0.0
Chengalputtu,,76128533B88669134807148,IND,ADM2,primary_healthcare,TIME,6600,2371637,173181,100.0,0,0.0,658653,100.0,0,0.0,2166872,100.0,0,0.0,700493,100.0,0,0.0,254063,100.0,0,0.0,100.0,0,0.0
Chengalputtu,,76128533B88669134807148,IND,ADM2,primary_healthcare,TIME,7200,2371637,173181,100.0,0,0.0,658653,100.0,0,0.0,2166872,100.0,0,0.0,700493,100.0,0,0.0,254063,100.0,0,0.0,100.0,0,0.0
Mathura,,76128533B88758450653156,IND,ADM2,primary_healthcare,TIME,3600,173,18,0.01,18,0.01,76,0.01,76,0.01,161,0.01,161,0.01,41,0.01,41,0.01,15,0.01,15,0.01,0.01,173,0.01
Mathura,,76128533B88758450653156,IND,ADM2,primary_healthcare,TIME,4200,183888,19876,5.99,19858,5.99,80717,5.99,80641,5.98,171472,5.98,171311,5.98,43854,5.98,43813,5.97,16238,6.0,16223,5.99,5.99,183715,5.98
Mathura,,76128533B88758450653156,IND,ADM2,primary_healthcare,TIME,4800,417512,45129,13.61,25253,7.62,183266,13.59,102549,7.61,389321,13.59,217849,7.6,99569,13.57,55715,7.6,36869,13.61,20631,7.62,13.59,233624,7.6
Mathura,,76128533B88758450653156,IND,ADM2,primary_healthcare,TIME,5400,712282,77000,23.22,31871,9.61,312657,23.19,129391,9.6,664190,23.18,274869,9.59,169868,23.16,70299,9.58,62897,23.22,26028,9.61,23.18,294770,9.59
Mathura,,76128533B88758450653156,IND,ADM2,primary_healthcare,TIME,6000,1536734,166116,50.1,89116,26.88,674547,50.03,361890,26.84,1432974,50.01,768784,26.83,366485,49.96,196617,26.8,135703,50.11,72806,26.88,50.02,824452,26.83
Mathura,,76128533B88758450653156,IND,ADM2,primary_healthcare,TIME,6600,2473596,267392,80.65,101276,30.55,1085782,80.54,411235,30.5,2306585,80.5,873611,30.49,589924,80.42,223439,30.46,218428,80.65,82725,30.54,80.51,936862,30.49
Mathura,,76128533B88758450653156,IND,ADM2,primary_healthcare,TIME,7200,2855925,308569,93.07,41177,12.42,1253473,92.98,167691,12.44,2663255,92.94,356670,12.45,681355,92.88,91431,12.46,252034,93.06,33606,12.41,92.95,382329,12.44
Mahamaya Nagar,,76128533B8878807356913,IND,ADM2,primary_healthcare,TIME,7200,21667,2238,1.25,2238,1.25,9451,1.24,9451,1.24,20159,1.24,20159,1.24,5217,1.24,5217,1.24,1957,1.25,1957,1.25,1.24,21667,1.24
Nalgonda,,76128533B8892495882090,IND,ADM2,primary_healthcare,TIME,3000,26825,1837,1.49,1837,1.49,8577,1.49,8577,1.49,23848,1.49,23848,1.49,7368,1.49,7368,1.49,3534,1.49,3534,1.49,1.49,26825,1.49
Nalgonda,,76128533B8892495882090,IND,ADM2,primary_healthcare,TIME,3600,170118,11653,9.44,9816,7.96,54392,9.45,45815,7.96,151239,9.45,127391,7.96,46728,9.45,39360,7.96,22414,9.46,18880,7.97,9.45,143293,7.96
Nalgonda,,76128533B8892495882090,IND,ADM2,primary_healthcare,TIME,4200,490413,33651,27.27,21998,17.83,156809,27.24,102417,17.79,436180,27.25,284941,17.8,134789,27.26,88061,17.81,64427,27.19,42013,17.73,27.25,320295,17.79
Nalgonda,,76128533B8892495882090,IND,ADM2,primary_healthcare,TIME,4800,1138657,78057,63.27,44406,35.99,364076,63.25,207267,36.01,1012486,63.26,576306,36.01,312852,63.27,178063,36.01,149839,63.24,85412,36.05,63.26,648244,36.01
Nalgonda,,76128533B8892495882090,IND,ADM2,primary_healthcare,TIME,5400,1299394,89068,72.19,11011,8.92,415468,72.18,51392,8.93,1155386,72.19,142900,8.93,357005,72.19,44153,8.93,171017,72.18,21178,8.94,72.19,160737,8.93
Nalgonda,,76128533B8892495882090,IND,ADM2,primary_healthcare,TIME,6000,1453129,99617,80.74,10549,8.55,464666,80.73,49198,8.55,1292091,80.73,136705,8.54,399227,80.73,42222,8.54,191243,80.71,20226,8.54,80.73,153735,8.54
Nalgonda,,76128533B8892495882090,IND,ADM2,primary_healthcare,TIME,6600,1638471,112316,91.03,12699,10.29,523933,91.03,59267,10.3,1456869,91.03,164778,10.3,450137,91.03,50910,10.3,215660,91.02,24417,10.31,91.03,185342,10.3
Nalgonda,,76128533B8892495882090,IND,ADM2,primary_healthcare,TIME,7200,1743653,119521,96.87,7205,5.84,557563,96.87,33630,5.84,1550378,96.87,93509,5.84,479029,96.87,28892,5.84,229519,96.87,13859,5.85,96.87,105182,5.84
Chennai,,76128533B89024397489955,IND,ADM2,primary_healthcare,TIME,600,2867849,188232,71.62,188232,71.62,730832,71.66,730832,71.66,2597945,71.9,2597945,71.9,851029,71.94,851029,71.94,329516,72.36,329516,72.36,71.95,2867849,71.95
Chennai,,76128533B89024397489955,IND,ADM2,primary_healthcare,TIME,1200,3939616,259795,98.85,71563,27.23,1008162,98.85,277330,27.19,3571422,98.84,973477,26.94,1169262,98.84,318233,26.9,450082,98.83,120566,26.47,98.84,1071767,26.89
Chennai,,76128533B89024397489955,IND,ADM2,primary_healthcare,TIME,1800,3943688,260062,98.95,267,0.1,1009198,98.95,1036,0.1,3575110,98.94,3688,0.1,1170471,98.94,1209,0.1,450552,98.93,470,0.1,98.94,4072,0.1
Chennai,,76128533B89024397489955,IND,ADM2,primary_healthcare,TIME,2400,3944535,260117,98.97,55,0.02,1009413,98.97,215,0.02,3575877,98.97,767,0.02,1170722,98.96,251,0.02,450649,98.96,97,0.02,98.96,847,0.02
Chennai,,76128533B89024397489955,IND,ADM2,primary_healthcare,TIME,3000,3946423,260241,99.02,124,0.05,1009893,99.02,480,0.05,3577587,99.01,1710,0.05,1171282,99.01,560,0.05,450867,99.0,218,0.05,99.01,1888,0.05
Chennai,,76128533B89024397489955,IND,ADM2,primary_healthcare,TIME,3600,3948267,260362,99.07,121,0.05,1010362,99.06,469,0.05,3579256,99.06,1669,0.05,1171829,99.06,547,0.05,451080,99.05,213,0.05,99.06,1844,0.05
Chennai,,76128533B89024397489955,IND,ADM2,primary_healthcare,TIME,4200,3950062,260479,99.11,117,0.04,1010818,99.11,456,0.04,3580882,99.1,1626,0.05,1172362,99.1,533,0.05,451286,99.1,206,0.05,99.1,1795,0.05
Chennai,,76128533B89024397489955,IND,ADM2,primary_healthcare,TIME,4800,3950708,260522,99.13,43,0.02,1010982,99.13,164,0.02,3581467,99.12,585,0.02,1172554,99.12,192,0.02,451361,99.11,75,0.02,99.12,646,0.02
Chennai,,76128533B89024397489955,IND,ADM2,primary_healthcare,TIME,5400,3952273,260624,99.16,102,0.04,1011381,99.16,399,0.04,3582884,99.16,1417,0.04,1173018,99.16,464,0.04,451541,99.15,180,0.04,99.16,1565,0.04
Chennai,,76128533B89024397489955,IND,ADM2,primary_healthcare,TIME,6000,3952391,260632,99.17,8,0.0,1011410,99.17,29,0.0,3582991,99.16,107,0.0,1173053,99.16,35,0.0,451555,99.15,14,0.0,99.16,118,0.0
Chennai,,76128533B89024397489955,IND,ADM2,primary_healthcare,TIME,6600,3954394,260763,99.22,131,0.05,1011920,99.22,510,0.05,3584805,99.21,1814,0.05,1173648,99.21,595,0.05,451786,99.21,231,0.05,99.21,2003,0.05
Chennai,,76128533B89024397489955,IND,ADM2,primary_healthcare,TIME,7200,3954394,260763,99.22,0,0.0,1011920,99.22,0,0.0,3584805,99.21,0,0.0,1173648,99.21,0,0.0,451786,99.21,0,0.0,99.21,0,0.0
Tinsukia,,76128533B8920527783032,IND,ADM2,primary_healthcare,TIME,600,6666,571,0.46,571,0.46,2367,0.46,2367,0.46,6281,0.48,6281,0.48,1906,0.49,1906,0.49,523,0.49,523,0.49,0.48,6666,0.48
Tinsukia,,76128533B8920527783032,IND,ADM2,primary_healthcare,TIME,1200,97196,8629,6.89,8058,6.44,35349,6.93,32982,6.47,91715,7.0,85434,6.52,27526,7.03,25620,6.55,7501,7.05,6978,6.56,7.0,90530,6.52
Tinsukia,,76128533B8920527783032,IND,ADM2,primary_healthcare,TIME,1800,263285,23544,18.81,14915,11.92,96223,18.86,60874,11.93,248509,18.96,156794,11.96,74410,19.01,46884,11.98,20249,19.04,12748,11.99,18.96,166089,11.96
Tinsukia,,76128533B8920527783032,IND,ADM2,primary_healthcare,TIME,2400,457151,40980,32.74,17436,13.93,167348,32.81,71125,13.94,431534,32.92,183025,13.96,129109,32.99,54699,13.98,35119,33.02,14870,13.98,32.93,193866,13.96
Tinsukia,,76128533B8920527783032,IND,ADM2,primary_healthcare,TIME,3000,615936,55274,44.16,14294,11.42,225634,44.24,58286,11.43,581447,44.36,149913,11.44,173898,44.43,44789,11.44,47292,44.47,12173,11.45,44.37,158785,11.44
Tinsukia,,76128533B8920527783032,IND,ADM2,primary_healthcare,TIME,3600,701344,62960,50.3,7686,6.14,256977,50.38,31343,6.14,662080,50.51,80633,6.15,197992,50.58,24094,6.16,53842,50.63,6550,6.16,50.52,85408,6.15
Tinsukia,,76128533B8920527783032,IND,ADM2,primary_healthcare,TIME,4200,869629,78122,62.41,15162,12.11,318784,62.5,61807,12.12,820969,62.63,158889,12.12,245450,62.71,47458,12.13,66735,62.75,12893,12.12,62.64,168285,12.12
Tinsukia,,76128533B8920527783032,IND,ADM2,primary_healthcare,TIME,4800,907481,81543,65.15,3421,2.73,332710,65.23,13926,2.73,856712,65.36,35743,2.73,256114,65.43,10664,2.72,69632,65.48,2897,2.72,65.37,37852,2.73
Tinsukia,,76128533B8920527783032,IND,ADM2,primary_healthcare,TIME,5400,1020318,91809,73.35,10266,8.2,374411,73.4,41701,8.18,963288,73.49,106576,8.13,287813,73.53,31699,8.1,78238,73.57,8606,8.09,73.49,112837,8.13
Tinsukia,,76128533B8920527783032,IND,ADM2,primary_healthcare,TIME,6000,1033516,93002,74.3,1193,0.95,379268,74.36,4857,0.95,975752,74.44,12464,0.95,291532,74.48,3719,0.95,79247,74.52,1009,0.95,74.44,13198,0.95
Tinsukia,,76128533B8920527783032,IND,ADM2,primary_healthcare,TIME,6600,1044728,94013,75.11,1011,0.81,383389,75.16,4121,0.81,986339,75.25,10587,0.81,294692,75.29,3160,0.81,80105,75.33,858,0.81,75.25,11212,0.81
Tinsukia,,76128533B8920527783032,IND,ADM2,primary_healthcare,TIME,7200,1150702,103748,82.89,9735,7.78,422754,82.88,39365,7.72,1086488,82.89,100149,7.64,324411,82.88,29719,7.59,88133,82.88,8028,7.55,82.89,105974,7.63
Charaideo,,76128533B89228414823983,IND,ADM2,primary_healthcare,TIME,1800,3859,306,0.79,306,0.79,1284,0.79,1284,0.79,3600,0.8,3600,0.8,1109,0.8,1109,0.8,339,0.79,339,0.79,0.8,3859,0.8
Charaideo,,76128533B89228414823983,IND,ADM2,primary_healthcare,TIME,2400,34514,2746,7.1,2440,6.31,11522,7.12,10238,6.33,32231,7.12,28631,6.33,9942,7.14,8833,6.34,3001,7.03,2662,6.24,7.12,30655,6.32
Charaideo,,76128533B89228414823983,IND,ADM2,primary_healthcare,TIME,3000,98109,7821,20.23,5075,13.12,32776,20.25,21254,13.13,91562,20.24,59331,13.11,28201,20.24,18259,13.11,8586,20.12,5585,13.09,20.23,63595,13.11
Charaideo,,76128533B89228414823983,IND,ADM2,primary_healthcare,TIME,3600,189168,15053,38.93,7232,18.7,63054,38.95,30278,18.71,176477,39.0,84915,18.77,54377,39.03,26176,18.79,16622,38.96,8036,18.83,39.0,91059,18.77
Charaideo,,76128533B89228414823983,IND,ADM2,primary_healthcare,TIME,4200,230309,18355,47.47,3302,8.54,76834,47.47,13780,8.51,214852,47.48,38375,8.48,66169,47.5,11792,8.46,20243,47.45,3621,8.49,47.48,41141,8.48
Charaideo,,76128533B89228414823983,IND,ADM2,primary_healthcare,TIME,4800,251222,20016,51.77,1661,4.3,83787,51.76,6953,4.3,234354,51.79,19502,4.31,72181,51.81,6012,4.32,22089,51.77,1846,4.33,51.79,20913,4.31
Charaideo,,76128533B89228414823983,IND,ADM2,primary_healthcare,TIME,5400,421367,33527,86.71,13511,34.94,140358,86.71,56571,34.95,393019,86.86,158665,35.07,121091,86.92,48910,35.11,37106,86.97,15017,35.2,86.87,170145,35.08
Charaideo,,76128533B89228414823983,IND,ADM2,primary_healthcare,TIME,6000,422352,33605,86.91,78,0.2,140686,86.92,328,0.2,393938,87.06,919,0.2,121374,87.12,283,0.2,37192,87.17,86,0.2,87.07,985,0.2
Charaideo,,76128533B89228414823983,IND,ADM2,primary_healthcare,TIME,6600,426213,33912,87.7,307,0.79,141969,87.71,1283,0.79,397538,87.86,3600,0.8,122484,87.92,1110,0.8,37533,87.97,341,0.8,87.87,3861,0.8
Charaideo,,76128533B89228414823983,IND,ADM2,primary_healthcare,TIME,7200,427616,34023,87.99,111,0.29,142436,88.0,467,0.29,398847,88.15,1309,0.29,122888,88.21,404,0.29,37657,88.26,124,0.29,88.16,1403,0.29
Jangaon,,76128533B8930157583904,IND,ADM2,primary_healthcare,TIME,4200,19697,1210,3.64,1210,3.64,6131,3.64,6131,3.64,17479,3.63,17479,3.63,5505,3.62,5505,3.62,2627,3.62,2627,3.62,3.63,19697,3.63
Jangaon,,76128533B8930157583904,IND,ADM2,primary_healthcare,TIME,4800,189173,11627,35.0,10417,31.36,58889,34.99,52758,31.35,167866,34.86,150387,31.23,52869,34.79,47364,31.17,25238,34.79,22611,31.17,34.85,169476,31.22
Jangaon,,76128533B8930157583904,IND,ADM2,primary_healthcare,TIME,5400,297541,18289,55.06,6662,20.06,92625,55.03,33736,20.04,264029,54.82,96163,19.97,83154,54.72,30285,19.93,39696,54.72,14458,19.93,54.81,108368,19.96
Jangaon,,76128533B8930157583904,IND,ADM2,primary_healthcare,TIME,6000,449724,27641,83.22,9352,28.16,139993,83.18,47368,28.14,399071,82.86,135042,28.04,125688,82.72,42534,27.99,60001,82.7,20305,27.99,82.84,152183,28.03
Jangaon,,76128533B8930157583904,IND,ADM2,primary_healthcare,TIME,6600,527773,32331,97.34,4690,14.12,163805,97.32,23812,14.15,468241,97.23,69170,14.36,147668,97.18,21980,14.47,70502,97.18,10501,14.47,97.22,78049,14.38
Jangaon,,76128533B8930157583904,IND,ADM2,primary_healthcare,TIME,7200,542291,33183,99.9,852,2.57,168142,99.9,4337,2.58,481091,99.89,12850,2.67,151789,99.89,4121,2.71,72471,99.89,1969,2.71,99.89,14518,2.67
Vellore,,76128533B89374164863010,IND,ADM2,primary_healthcare,TIME,5400,46313,3389,2.67,3389,2.67,13908,2.67,13908,2.67,42022,2.67,42022,2.67,13411,2.67,13411,2.67,5253,2.67,5253,2.67,2.67,46313,2.67
Vellore,,76128533B89374164863010,IND,ADM2,primary_healthcare,TIME,6000,328175,24016,18.92,20627,16.25,98554,18.92,84646,16.25,297765,18.92,255743,16.25,95033,18.92,81622,16.25,37232,18.91,31979,16.24,18.92,281862,16.25
Vellore,,76128533B89374164863010,IND,ADM2,primary_healthcare,TIME,6600,942788,68984,54.35,44968,35.43,283117,54.35,184563,35.43,855352,54.35,557587,35.43,272967,54.35,177934,35.43,107033,54.36,69801,35.45,54.35,614613,35.43
Vellore,,76128533B89374164863010,IND,ADM2,primary_healthcare,TIME,7200,1597601,116902,92.1,47918,37.75,479761,92.1,196644,37.75,1449466,92.1,594114,37.75,462577,92.1,189610,37.75,181342,92.1,74309,37.74,92.1,654813,37.75
Tiruvannamalai,,76128533B89575258858457,IND,ADM2,primary_healthcare,TIME,3600,27639,2033,0.96,2033,0.96,7950,0.94,7950,0.94,25005,0.97,25005,0.97,7963,0.98,7963,0.98,3208,0.91,3208,0.91,0.96,27639,0.96
Tiruvannamalai,,76128533B89575258858457,IND,ADM2,primary_healthcare,TIME,4200,179516,13230,6.24,11197,5.28,52436,6.17,44486,5.23,161721,6.28,136716,5.31,51158,6.32,43195,5.34,21526,6.08,18318,5.17,6.26,151877,5.29
Tiruvannamalai,,76128533B89575258858457,IND,ADM2,primary_healthcare,TIME,4800,445654,32877,15.52,19647,9.27,131325,15.45,78889,9.28,400515,15.56,238794,9.28,126209,15.6,75051,9.28,54402,15.37,32876,9.29,15.54,266138,9.28
Tiruvannamalai,,76128533B89575258858457,IND,ADM2,primary_healthcare,TIME,5400,560676,41370,19.52,8493,4.01,165407,19.45,34082,4.01,503691,19.57,103176,4.01,158624,19.61,32415,4.01,68638,19.39,14236,4.02,19.55,115022,4.01
Tiruvannamalai,,76128533B89575258858457,IND,ADM2,primary_healthcare,TIME,6000,691898,51056,24.1,9686,4.57,204356,24.04,38949,4.58,621478,24.14,117787,4.58,195658,24.19,37034,4.58,84801,23.95,16163,4.57,24.12,131222,4.57
Tiruvannamalai,,76128533B89575258858457,IND,ADM2,primary_healthcare,TIME,6600,1065749,78650,37.12,27594,13.02,315276,37.08,110920,13.05,956966,37.18,335488,13.03,301117,37.22,105459,13.04,130935,36.99,46134,13.03,37.15,373851,13.03
Tiruvannamalai,,76128533B89575258858457,IND,ADM2,primary_healthcare,TIME,7200,1284007,94779,44.73,16129,7.61,380081,44.7,64805,7.62,1152838,44.79,195872,7.61,362663,44.83,61546,7.61,157858,44.59,26923,7.61,44.76,218258,7.61
Sivaganga,,76128533B89925537847414,IND,ADM2,primary_healthcare,TIME,6600,3276,235,0.23,235,0.23,965,0.22,965,0.22,2939,0.22,2939,0.22,927,0.22,927,0.22,405,0.2,405,0.2,0.21,3276,0.21
Sivaganga,,76128533B89925537847414,IND,ADM2,primary_healthcare,TIME,7200,89625,6253,6.02,6018,5.79,25932,5.96,24967,5.74,80098,5.87,77159,5.65,25247,5.87,24320,5.65,11389,5.67,10984,5.47,5.84,86349,5.63
Sitapur,,76128533B8998698404381,IND,ADM2,primary_healthcare,TIME,5400,0,0,0.0,0,0.0,0,0.0,0,0.0,0,0.0,0,0.0,0,0.0,0,0.0,0,0.0,0,0.0,0.0,0,0.0
Sitapur,,76128533B8998698404381,IND,ADM2,primary_healthcare,TIME,6000,61845,6652,1.2,6652,1.2,27259,1.2,27259,1.2,57343,1.2,57343,1.2,14557,1.2,14557,1.2,5787,1.2,5787,1.2,1.2,61845,1.2
Sitapur,,76128533B8998698404381,IND,ADM2,primary_healthcare,TIME,6600,271175,29195,5.27,22543,4.07,119584,5.27,92325,4.07,251436,5.27,194093,4.07,63802,5.27,49245,4.07,25375,5.27,19588,4.07,5.27,209330,4.07
Sitapur,,76128533B8998698404381,IND,ADM2,primary_healthcare,TIME,7200,399188,42971,7.75,13776,2.49,176033,7.75,56449,2.49,370117,7.76,118681,2.49,93926,7.76,30124,2.49,37369,7.76,11994,2.49,7.76,128013,2.49
Jalandhar,,76128533B91211372620495,IND,ADM2,primary_healthcare,TIME,1200,45404,3024,1.94,3024,1.94,13429,1.94,13429,1.94,40910,1.94,40910,1.94,12599,1.94,12599,1.94,5437,1.94,5437,1.94,1.94,45404,1.94
Jalandhar,,76128533B91211372620495,IND,ADM2,primary_healthcare,TIME,1800,155226,10344,6.62,7320,4.69,45921,6.62,32492,4.69,139870,6.63,98960,4.69,43069,6.63,30470,4.69,18582,6.61,13145,4.68,6.63,109822,4.69
Jalandhar,,76128533B91211372620495,IND,ADM2,primary_healthcare,TIME,2400,303051,20207,12.94,9863,6.32,89692,12.94,43771,6.31,273018,12.94,133148,6.31,84058,12.94,40989,6.31,36332,12.93,17750,6.32,12.94,147825,6.31
Jalandhar,,76128533B91211372620495,IND,ADM2,primary_healthcare,TIME,3000,923513,61570,39.43,41363,26.49,273426,39.44,183734,26.5,831951,39.43,558933,26.49,256142,39.43,172084,26.49,110758,39.42,74426,26.49,39.43,620462,26.49
Jalandhar,,76128533B91211372620495,IND,ADM2,primary_healthcare,TIME,3600,1865353,124340,79.64,62770,40.2,552147,79.64,278721,40.2,1680467,79.65,848516,40.22,517444,79.65,261302,40.22,223658,79.6,112900,40.18,79.64,941840,40.21
Jalandhar,,76128533B91211372620495,IND,ADM2,primary_healthcare,TIME,4200,2298993,153257,98.16,28917,18.52,680551,98.16,128404,18.52,2071023,98.16,390556,18.51,637690,98.16,120246,18.51,275757,98.15,52099,18.54,98.16,433640,18.51
Jalandhar,,76128533B91211372620495,IND,ADM2,primary_healthcare,TIME,4800,2342143,156136,100.0,2879,1.84,693335,100.0,12784,1.84,2109866,100.0,38843,1.84,649660,100.0,11970,1.84,280962,100.0,5205,1.85,100.0,43150,1.84
Jalandhar,,76128533B91211372620495,IND,ADM2,primary_healthcare,TIME,5400,2342143,156136,100.0,0,0.0,693335,100.0,0,0.0,2109866,100.0,0,0.0,649660,100.0,0,0.0,280962,100.0,0,0.0,100.0,0,0.0
Jalandhar,,76128533B91211372620495,IND,ADM2,primary_healthcare,TIME,6000,2342143,156136,100.0,0,0.0,693335,100.0,0,0.0,2109866,100.0,0,0.0,649660,100.0,0,0.0,280962,100.0,0,0.0,100.0,0,0.0
Jalandhar,,76128533B91211372620495,IND,ADM2,primary_healthcare,TIME,6600,2342143,156136,100.0,0,0.0,693335,100.0,0,0.0,2109866,100.0,0,0.0,649660,100.0,0,0.0,280962,100.0,0,0.0,100.0,0,0.0
Jalandhar,,76128533B91211372620495,IND,ADM2,primary_healthcare,TIME,7200,2342143,156136,100.0,0,0.0,693335,100.0,0,0.0,2109866,100.0,0,0.0,649660,100.0,0,0.0,280962,100.0,0,0.0,100.0,0,0.0
Hanumangarh,,76128533B92044109913630,IND,ADM2,primary_healthcare,TIME,6000,8699,760,0.43,760,0.43,3245,0.43,3245,0.43,8093,0.44,8093,0.44,2338,0.44,2338,0.44,786,0.44,786,0.44,0.44,8699,0.44
Hanumangarh,,76128533B92044109913630,IND,ADM2,primary_healthcare,TIME,6600,31598,2772,1.58,2012,1.15,11824,1.58,8579,1.15,29424,1.58,21331,1.15,8494,1.59,6156,1.15,2829,1.59,2043,1.15,1.58,22899,1.15
Hanumangarh,,76128533B92044109913630,IND,ADM2,primary_healthcare,TIME,7200,124408,10889,6.22,8117,4.63,46457,6.22,34633,4.64,115784,6.23,86360,4.65,33430,6.24,24936,4.66,11210,6.29,8381,4.71,6.24,92810,4.65
Bellary,,76128533B92621859299479,IND,ADM2,primary_healthcare,TIME,3000,3301,308,0.11,308,0.11,1209,0.11,1209,0.11,3073,0.11,3073,0.11,918,0.11,918,0.11,296,0.11,296,0.11,0.11,3301,0.11
Bellary,,76128533B92621859299479,IND,ADM2,primary_healthcare,TIME,3600,33413,3128,1.16,2820,1.04,12244,1.16,11035,1.04,31104,1.16,28031,1.04,9289,1.16,8371,1.04,3002,1.16,2706,1.04,1.16,30112,1.04
Bellary,,76128533B92621859299479,IND,ADM2,primary_healthcare,TIME,4200,150600,14111,5.22,10983,4.07,55215,5.22,42971,4.06,140208,5.22,109104,4.06,41869,5.22,32580,4.06,13523,5.22,10521,4.06,5.22,117187,4.06
Bellary,,76128533B92621859299479,IND,ADM2,primary_healthcare,TIME,4800,256000,23996,8.88,9885,3.66,93880,8.88,38665,3.66,238342,8.88,98134,3.66,71171,8.88,29302,3.65,22979,8.86,9456,3.65,8.88,105400,3.65
Bellary,,76128533B92621859299479,IND,ADM2,primary_healthcare,TIME,5400,458075,42919,15.89,18923,7.01,167921,15.88,74041,7.0,426427,15.88,188085,7.01,127341,15.88,56170,7.01,41170,15.88,18191,7.02,15.88,202075,7.01
Bellary,,76128533B92621859299479,IND,ADM2,primary_healthcare,TIME,6000,610720,57228,21.19,14309,5.3,223897,21.18,55976,5.29,568535,21.18,142108,5.29,169775,21.18,42434,5.29,54879,21.17,13709,5.29,21.18,152645,5.29
Bellary,,76128533B92621859299479,IND,ADM2,primary_healthcare,TIME,6600,772204,72341,26.79,15113,5.6,283053,26.77,59156,5.59,718843,26.78,150308,5.6,214674,26.78,44899,5.6,69411,26.78,14532,5.61,26.78,161484,5.6
Bellary,,76128533B92621859299479,IND,ADM2,primary_healthcare,TIME,7200,1088180,101974,37.76,29633,10.97,398969,37.73,115916,10.96,1013041,37.73,294198,10.96,302520,37.73,87846,10.96,97758,37.71,28347,10.94,37.73,315976,10.96
Satara,,76128533B93152786731267,IND,ADM2,primary_healthcare,TIME,3000,2528,175,0.08,175,0.08,736,0.08,736,0.08,2191,0.08,2191,0.08,675,0.08,675,0.08,389,0.08,389,0.08,0.08,2528,0.08
Satara,,76128533B93152786731267,IND,ADM2,primary_healthcare,TIME,3600,50711,3577,1.66,3402,1.58,14795,1.64,14059,1.56,44191,1.65,42000,1.56,13608,1.64,12933,1.56,7574,1.58,7185,1.5,1.64,48183,1.55
Satara,,76128533B93152786731267,IND,ADM2,primary_healthcare,TIME,4200,138262,9693,4.5,6116,2.84,40314,4.46,25519,2.82,120179,4.48,75988,2.83,37020,4.47,23412,2.83,20957,4.36,13383,2.79,4.46,87551,2.82
Satara,,76128533B93152786731267,IND,ADM2,primary_healthcare,TIME,4800,207948,14565,6.76,4872,2.26,60627,6.71,20313,2.25,180684,6.73,60505,2.25,55660,6.73,18640,2.25,31587,6.57,10630,2.21,6.71,69686,2.25
Satara,,76128533B93152786731267,IND,ADM2,primary_healthcare,TIME,5400,425887,29687,13.79,15122,7.02,124105,13.74,63478,7.03,369331,13.75,188647,7.03,113798,13.75,58138,7.03,65408,13.61,33821,7.04,13.73,217939,7.03
Satara,,76128533B93152786731267,IND,ADM2,primary_healthcare,TIME,6000,681235,47428,22.03,17741,8.24,198490,21.97,74385,8.23,590476,21.99,221145,8.24,181948,21.99,68150,8.24,104920,21.84,39512,8.22,21.97,255348,8.23
Satara,,76128533B93152786731267,IND,ADM2,primary_healthcare,TIME,6600,1168392,81230,37.72,33802,15.7,340383,37.68,141893,15.71,1012159,37.7,421683,15.7,311905,37.69,129957,15.71,180519,37.57,75599,15.73,37.68,487157,15.71
Satara,,76128533B93152786731267,IND,ADM2,primary_healthcare,TIME,7200,1576036,109519,50.86,28289,13.14,459144,50.82,118761,13.15,1365006,50.84,352847,13.14,420639,50.83,108734,13.14,243790,50.74,63271,13.17,50.82,407644,13.15
Kurukshetra,,76128533B94710820075529,IND,ADM2,primary_healthcare,TIME,5400,2883,216,0.21,216,0.21,893,0.21,893,0.21,2607,0.23,2607,0.23,788,0.23,788,0.23,335,0.24,335,0.24,0.23,2883,0.23
Kurukshetra,,76128533B94710820075529,IND,ADM2,primary_healthcare,TIME,6000,140270,11271,11.07,11055,10.86,46452,11.11,45559,10.89,127452,11.22,124845,10.99,38313,11.26,37525,11.03,15734,11.3,15399,11.06,11.23,137387,11.0
Kurukshetra,,76128533B94710820075529,IND,ADM2,primary_healthcare,TIME,6600,414216,33375,32.77,22104,21.7,137532,32.88,91080,21.78,376431,33.14,248979,21.92,113129,33.26,74816,21.99,46395,33.32,30661,22.02,33.16,273946,21.93
Kurukshetra,,76128533B94710820075529,IND,ADM2,primary_healthcare,TIME,7200,895896,72514,71.2,39139,38.43,298569,71.39,161037,38.5,814173,71.68,437742,38.54,244318,71.82,131189,38.57,100345,72.07,53950,38.75,71.72,481680,38.56
Ambala,,76128533B95049353851516,IND,ADM2,primary_healthcare,TIME,4800,201217,15004,16.67,15004,16.67,62028,16.68,62028,16.68,181892,16.72,181892,16.72,55005,16.74,55005,16.74,23507,16.78,23507,16.78,16.73,201217,16.73
Ambala,,76128533B95049353851516,IND,ADM2,primary_healthcare,TIME,5400,608969,45411,50.47,30407,33.79,187724,50.48,125696,33.8,550491,50.61,368599,33.89,166471,50.65,111466,33.91,71135,50.79,47628,34.0,50.63,407752,33.9
Ambala,,76128533B95049353851516,IND,ADM2,primary_healthcare,TIME,6000,792130,59085,65.66,13674,15.2,244255,65.68,56531,15.2,716074,65.84,165583,15.22,216541,65.89,50070,15.23,92521,66.05,21386,15.27,65.86,183161,15.23
Ambala,,76128533B95049353851516,IND,ADM2,primary_healthcare,TIME,6600,1020160,76105,84.58,17020,18.91,314655,84.61,70400,18.93,922207,84.79,206133,18.95,278878,84.85,62337,18.97,119158,85.07,26637,19.02,84.82,228030,18.96
Ambala,,76128533B95049353851516,IND,ADM2,primary_healthcare,TIME,7200,1186715,88781,98.66,12676,14.09,366936,98.66,52281,14.06,1073171,98.67,150964,13.88,324298,98.67,45420,13.82,138211,98.67,19053,13.6,98.67,166555,13.85
Changlang,,76128533B9558749744242,IND,ADM2,primary_healthcare,TIME,3000,262,30,0.17,30,0.17,111,0.17,111,0.17,250,0.17,250,0.17,67,0.16,67,0.16,17,0.16,17,0.16,0.17,262,0.17
Changlang,,76128533B9558749744242,IND,ADM2,primary_healthcare,TIME,3600,1172,136,0.75,106,0.59,500,0.75,389,0.58,1119,0.75,869,0.58,303,0.75,236,0.58,76,0.74,59,0.57,0.75,910,0.58
Changlang,,76128533B9558749744242,IND,ADM2,primary_healthcare,TIME,4200,3558,381,2.11,245,1.35,1445,2.17,945,1.42,3385,2.26,2266,1.51,949,2.34,646,1.59,247,2.39,171,1.66,2.27,2386,1.52
Changlang,,76128533B9558749744242,IND,ADM2,primary_healthcare,TIME,4800,6729,734,4.06,353,1.95,2764,4.15,1319,1.98,6408,4.28,3023,2.02,1782,4.39,833,2.05,461,4.47,214,2.07,4.29,3171,2.02
Changlang,,76128533B9558749744242,IND,ADM2,primary_healthcare,TIME,5400,14518,1639,9.06,905,5.0,6087,9.14,3323,4.99,13847,9.25,7439,4.97,3797,9.34,2015,4.96,972,9.42,511,4.95,9.27,7789,4.97
Changlang,,76128533B9558749744242,IND,ADM2,primary_healthcare,TIME,6000,19516,2212,12.23,573,3.17,8201,12.31,2114,3.17,18618,12.44,4771,3.19,5097,12.54,1300,3.2,1303,12.62,331,3.21,12.45,4998,3.19
Changlang,,76128533B9558749744242,IND,ADM2,primary_healthcare,TIME,6600,23175,2636,14.57,424,2.34,9760,14.65,1559,2.34,22112,14.78,3494,2.34,6045,14.88,948,2.33,1544,14.96,241,2.34,14.79,3659,2.34
Changlang,,76128533B9558749744242,IND,ADM2,primary_healthcare,TIME,7200,43142,4950,27.36,2314,12.79,18267,27.42,8507,12.77,41182,27.52,19070,12.74,11215,27.6,5170,12.72,2856,27.67,1312,12.71,27.53,19967,12.74
Mysore,,76128533B95879808095476,IND,ADM2,primary_healthcare,TIME,600,900111,60495,26.19,60495,26.19,258984,26.19,258984,26.19,811806,26.17,811806,26.17,261165,26.17,261165,26.17,107015,26.07,107015,26.07,26.16,900111,26.16
Mysore,,76128533B95879808095476,IND,ADM2,primary_healthcare,TIME,1200,1338806,89841,38.9,29346,12.71,384717,38.9,125733,12.71,1206803,38.91,394997,12.73,388238,38.91,127073,12.74,159831,38.93,52816,12.87,38.91,438695,12.75
Mysore,,76128533B95879808095476,IND,ADM2,primary_healthcare,TIME,1800,1719016,115396,49.97,25555,11.07,494118,49.96,109401,11.06,1549720,49.96,342917,11.06,498558,49.96,110320,11.06,205028,49.94,45197,11.01,49.96,380210,11.05
Mysore,,76128533B95879808095476,IND,ADM2,primary_healthcare,TIME,2400,2309950,155092,67.16,39696,17.19,664071,67.15,169953,17.18,2082571,67.14,532851,17.18,669983,67.14,171425,17.18,275394,67.09,70366,17.14,67.13,590934,17.17
Mysore,,76128533B95879808095476,IND,ADM2,primary_healthcare,TIME,3000,2752504,184789,80.01,29697,12.86,791236,80.01,127165,12.86,2481441,80.0,398870,12.86,798313,80.01,128330,12.86,328276,79.97,52882,12.88,80.0,442554,12.86
Mysore,,76128533B95879808095476,IND,ADM2,primary_healthcare,TIME,3600,3103795,208372,90.23,23583,10.21,892214,90.22,100978,10.21,2798115,90.21,316674,10.21,900199,90.22,101886,10.21,370195,90.18,41919,10.21,90.2,351291,10.21
Mysore,,76128533B95879808095476,IND,ADM2,primary_healthcare,TIME,4200,3251841,218260,94.51,9888,4.28,934652,94.51,42438,4.29,2931466,94.51,133351,4.3,943049,94.51,42850,4.29,387968,94.51,17773,4.33,94.51,148046,4.3
Mysore,,76128533B95879808095476,IND,ADM2,primary_healthcare,TIME,4800,3310321,222166,96.2,3906,1.69,951426,96.2,16774,1.7,2984162,96.21,52696,1.7,959970,96.21,16921,1.7,394969,96.21,7001,1.71,96.21,58480,1.7
Mysore,,76128533B95879808095476,IND,ADM2,primary_healthcare,TIME,5400,3361749,225615,97.69,3449,1.49,966202,97.7,14776,1.49,3030523,97.7,46361,1.49,974885,97.7,14915,1.49,401104,97.71,6135,1.49,97.7,51428,1.49
Mysore,,76128533B95879808095476,IND,ADM2,primary_healthcare,TIME,6000,3378126,226716,98.17,1101,0.48,970914,98.18,4712,0.48,3045294,98.18,14771,0.48,979637,98.18,4752,0.48,403050,98.18,1946,0.47,98.18,16377,0.48
Mysore,,76128533B95879808095476,IND,ADM2,primary_healthcare,TIME,6600,3380947,226906,98.25,190,0.08,971726,98.26,812,0.08,3047838,98.26,2544,0.08,980455,98.26,818,0.08,403386,98.27,336,0.08,98.26,2821,0.08
Mysore,,76128533B95879808095476,IND,ADM2,primary_healthcare,TIME,7200,3423471,229764,99.49,2858,1.24,983962,99.49,12236,1.24,3086191,99.5,38353,1.24,992794,99.5,12339,1.24,408440,99.5,5054,1.23,99.5,42524,1.24
Khammam,,76128533B96571577519224,IND,ADM2,primary_healthcare,TIME,600,491451,32024,33.17,32024,33.17,152030,33.17,152030,33.17,444369,33.17,444369,33.17,143627,33.17,143627,33.17,57297,33.14,57297,33.14,33.17,491451,33.17
Khammam,,76128533B96571577519224,IND,ADM2,primary_healthcare,TIME,1200,652830,42540,44.07,10516,10.89,201952,44.07,49922,10.89,590287,44.06,145918,10.89,190790,44.06,47163,10.89,76112,44.02,18815,10.88,44.06,161379,10.89
Khammam,,76128533B96571577519224,IND,ADM2,primary_healthcare,TIME,1800,812711,52958,54.86,10418,10.79,251411,54.86,49459,10.79,734849,54.85,144562,10.79,237513,54.85,46723,10.79,94755,54.81,18643,10.78,54.85,159881,10.79
Khammam,,76128533B96571577519224,IND,ADM2,primary_healthcare,TIME,2400,955761,62265,64.5,9307,9.64,295670,64.52,44259,9.66,864127,64.5,129278,9.65,279269,64.5,41756,9.64,111500,64.49,16745,9.69,64.5,143050,9.65
Khammam,,76128533B96571577519224,IND,ADM2,primary_healthcare,TIME,3000,1081760,70473,73.01,8208,8.5,334626,73.02,38956,8.5,978048,73.0,113921,8.5,316092,73.0,36823,8.5,126197,72.99,14697,8.5,73.0,125999,8.5
Khammam,,76128533B96571577519224,IND,ADM2,primary_healthcare,TIME,3600,1272026,82870,85.85,12397,12.84,393468,85.86,58842,12.84,1150081,85.84,172033,12.84,371696,85.84,55604,12.84,148384,85.83,22187,12.83,85.84,190266,12.84
Khammam,,76128533B96571577519224,IND,ADM2,primary_healthcare,TIME,4200,1380392,89930,93.16,7060,7.31,426979,93.17,33511,7.31,1248062,93.16,97981,7.31,403366,93.16,31670,7.31,161022,93.14,12638,7.31,93.16,108366,7.31
Khammam,,76128533B96571577519224,IND,ADM2,primary_healthcare,TIME,4800,1469463,95730,99.17,5800,6.01,454498,99.17,27519,6.0,1328581,99.17,80519,6.01,429390,99.17,26024,6.01,171426,99.15,10404,6.02,99.17,89071,6.01
Khammam,,76128533B96571577519224,IND,ADM2,primary_healthcare,TIME,5400,1473960,96019,99.47,289,0.3,455852,99.47,1354,0.3,1332626,99.47,4045,0.3,430696,99.47,1306,0.3,171972,99.47,546,0.32,99.47,4497,0.3
Khammam,,76128533B96571577519224,IND,ADM2,primary_healthcare,TIME,6000,1474611,96062,99.51,43,0.04,456053,99.51,201,0.04,1333214,99.51,588,0.04,430887,99.51,191,0.04,172048,99.51,76,0.04,99.51,651,0.04
Khammam,,76128533B96571577519224,IND,ADM2,primary_healthcare,TIME,6600,1479911,96407,99.87,345,0.36,457693,99.87,1640,0.36,1338007,99.87,4793,0.36,432436,99.87,1549,0.36,172666,99.87,618,0.36,99.87,5300,0.36
Khammam,,76128533B96571577519224,IND,ADM2,primary_healthcare,TIME,7200,1479911,96407,99.87,0,0.0,457693,99.87,0,0.0,1338007,99.87,0,0.0,432436,99.87,0,0.0,172666,99.87,0,0.0,99.87,0,0.0
Shahjahanpur,,76128533B96870418529164,IND,ADM2,primary_healthcare,TIME,7200,0,0,0.0,0,0.0,0,0.0,0,0.0,0,0.0,0,0.0,0,0.0,0,0.0,0,0.0,0,0.0,0.0,0,0.0
South,,76128533B97089774514948,IND,ADM2,primary_healthcare,TIME,600,10122,797,0.64,797,0.64,3375,0.64,3375,0.64,9573,0.64,9573,0.64,2827,0.64,2827,0.64,759,0.64,759,0.64,0.64,10122,0.64
South,,76128533B97089774514948,IND,ADM2,primary_healthcare,TIME,1200,619147,48831,39.43,48034,38.79,206550,39.43,203175,38.79,585539,39.43,575966,38.78,172907,39.43,170080,38.78,46478,39.43,45719,38.78,39.43,609025,38.78
South,,76128533B97089774514948,IND,ADM2,primary_healthcare,TIME,1800,1538187,121283,97.94,72452,58.51,513070,97.94,306520,58.51,1454692,97.95,869153,58.52,429576,97.95,256669,58.53,115468,97.95,68990,58.52,97.95,919040,58.52
South,,76128533B97089774514948,IND,ADM2,primary_healthcare,TIME,2400,1570381,123833,100.0,2550,2.06,523839,100.0,10769,2.06,1485139,100.0,30447,2.05,438563,100.0,8987,2.05,117884,100.0,2416,2.05,100.0,32194,2.05
South,,76128533B97089774514948,IND,ADM2,primary_healthcare,TIME,3000,1570381,123833,100.0,0,0.0,523839,100.0,0,0.0,1485139,100.0,0,0.0,438563,100.0,0,0.0,117884,100.0,0,0.0,100.0,0,0.0
South,,76128533B97089774514948,IND,ADM2,primary_healthcare,TIME,3600,1570381,123833,100.0,0,0.0,523839,100.0,0,0.0,1485139,100.0,0,0.0,438563,100.0,0,0.0,117884,100.0,0,0.0,100.0,0,0.0
South,,76128533B97089774514948,IND,ADM2,primary_healthcare,TIME,4200,1570381,123833,100.0,0,0.0,523839,100.0,0,0.0,1485139,100.0,0,0.0,438563,100.0,0,0.0,117884,100.0,0,0.0,100.0,0,0.0
South,,76128533B97089774514948,IND,ADM2,primary_healthcare,TIME,4800,1570381,123833,100.0,0,0.0,523839,100.0,0,0.0,1485139,100.0,0,0.0,438563,100.0,0,0.0,117884,100.0,0,0.0,100.0,0,0.0
South,,76128533B97089774514948,IND,ADM2,primary_healthcare,TIME,5400,1570381,123833,100.0,0,0.0,523839,100.0,0,0.0,1485139,100.0,0,0.0,438563,100.0,0,0.0,117884,100.0,0,0.0,100.0,0,0.0
South,,76128533B97089774514948,IND,ADM2,primary_healthcare,TIME,6000,1570381,123833,100.0,0,0.0,523839,100.0,0,0.0,1485139,100.0,0,0.0,438563,100.0,0,0.0,117884,100.0,0,0.0,100.0,0,0.0
South,,76128533B97089774514948,IND,ADM2,primary_healthcare,TIME,6600,1570381,123833,100.0,0,0.0,523839,100.0,0,0.0,1485139,100.0,0,0.0,438563,100.0,0,0.0,117884,100.0,0,0.0,100.0,0,0.0
South,,76128533B97089774514948,IND,ADM2,primary_healthcare,TIME,7200,1570381,123833,100.0,0,0.0,523839,100.0,0,0.0,1485139,100.0,0,0.0,438563,100.0,0,0.0,117884,100.0,0,0.0,100.0,0,0.0
Medak,,76128533B97126567441665,IND,ADM2,primary_healthcare,TIME,2400,17874,1416,2.3,1416,2.3,6058,2.3,6058,2.3,16137,2.3,16137,2.3,4904,2.3,4904,2.3,2108,2.3,2108,2.3,2.3,17874,2.3
Medak,,76128533B97126567441665,IND,ADM2,primary_healthcare,TIME,3000,77492,6142,9.99,4726,7.68,26267,9.99,20209,7.68,69962,9.98,53825,7.68,21260,9.98,16356,7.68,9140,9.98,7032,7.68,9.98,59618,7.68
Medak,,76128533B97126567441665,IND,ADM2,primary_healthcare,TIME,3600,162747,12900,20.97,6758,10.99,55166,20.97,28899,10.99,146933,20.97,76971,10.98,44651,20.97,23391,10.98,19196,20.97,10056,10.98,20.97,85255,10.98
Medak,,76128533B97126567441665,IND,ADM2,primary_healthcare,TIME,4200,260751,20668,33.6,7768,12.63,88387,33.6,33221,12.63,235415,33.6,88482,12.63,71540,33.59,26889,12.63,30756,33.6,11560,12.63,33.6,98004,12.63
Medak,,76128533B97126567441665,IND,ADM2,primary_healthcare,TIME,4800,460647,36509,59.36,15841,25.75,156139,59.36,67752,25.76,415888,59.35,180473,25.76,126389,59.35,54849,25.76,54334,59.35,23578,25.76,59.35,199896,25.76
Medak,,76128533B97126567441665,IND,ADM2,primary_healthcare,TIME,5400,545248,43215,70.26,6706,10.9,184817,70.26,28678,10.9,492268,70.25,76380,10.9,149600,70.25,23211,10.9,64313,70.25,9979,10.9,70.25,84601,10.9
Medak,,76128533B97126567441665,IND,ADM2,primary_healthcare,TIME,6000,649421,51471,83.68,8256,13.42,220127,83.68,35310,13.42,586320,83.68,94052,13.42,178183,83.67,28583,13.42,76600,83.67,12287,13.42,83.68,104173,13.42
Medak,,76128533B97126567441665,IND,ADM2,primary_healthcare,TIME,6600,760889,60303,98.04,8832,14.36,257905,98.04,37778,14.36,686956,98.04,100636,14.36,208771,98.04,30588,14.36,89749,98.04,13149,14.36,98.04,111468,14.36
Medak,,76128533B97126567441665,IND,ADM2,primary_healthcare,TIME,7200,772249,61200,99.5,897,1.46,261748,99.5,3843,1.46,697211,99.5,10255,1.46,211893,99.5,3122,1.47,91089,99.5,1340,1.46,99.5,11360,1.46
Bidar,,76128533B9794868259401,IND,ADM2,primary_healthcare,TIME,6000,950,79,0.05,79,0.05,340,0.05,340,0.05,855,0.05,855,0.05,251,0.05,251,0.05,114,0.05,114,0.05,0.05,950,0.05
Bidar,,76128533B9794868259401,IND,ADM2,primary_healthcare,TIME,6600,102900,8913,5.62,8834,5.57,38238,5.62,37898,5.57,92437,5.65,91582,5.6,26503,5.67,26252,5.61,12601,5.63,12487,5.58,5.65,101950,5.59
Bidar,,76128533B9794868259401,IND,ADM2,primary_healthcare,TIME,7200,363143,31570,19.9,22657,14.28,135460,19.9,97222,14.29,326149,19.93,233712,14.28,93270,19.94,66767,14.28,44542,19.92,31941,14.28,19.93,260243,14.28
Kaushambi,,76128533B98420041301261,IND,ADM2,primary_healthcare,TIME,6000,6577,710,0.36,710,0.36,2995,0.36,2995,0.36,6082,0.37,6082,0.37,1535,0.37,1535,0.37,631,0.37,631,0.37,0.37,6577,0.37
Kaushambi,,76128533B98420041301261,IND,ADM2,primary_healthcare,TIME,6600,130826,14327,7.29,13617,6.93,60106,7.29,57111,6.93,121103,7.29,115021,6.92,30416,7.28,28881,6.91,12442,7.28,11811,6.91,7.29,124249,6.92
Kaushambi,,76128533B98420041301261,IND,ADM2,primary_healthcare,TIME,7200,369383,40409,20.57,26082,13.28,169658,20.58,109552,13.29,341904,20.57,220801,13.29,85949,20.57,55533,13.29,35156,20.57,22714,13.29,20.57,238557,13.29
Tirap,,76128533B99469070633974,IND,ADM2,primary_healthcare,TIME,1800,3322,335,3.14,335,3.14,1314,3.3,1314,3.3,3128,3.65,3128,3.65,871,3.94,871,3.94,262,3.74,262,3.74,3.65,3322,3.65
Tirap,,76128533B99469070633974,IND,ADM2,primary_healthcare,TIME,2400,4174,433,4.06,98,0.92,1682,4.22,368,0.92,3931,4.58,803,0.94,1079,4.88,208,0.94,329,4.69,67,0.96,4.59,852,0.94
Tirap,,76128533B99469070633974,IND,ADM2,primary_healthcare,TIME,3000,4626,487,4.57,54,0.51,1881,4.72,199,0.5,4358,5.08,427,0.5,1187,5.37,108,0.49,364,5.19,35,0.5,5.09,452,0.5
Tirap,,76128533B99469070633974,IND,ADM2,primary_healthcare,TIME,3600,6221,671,6.29,184,1.73,2575,6.46,694,1.74,5862,6.83,1504,1.75,1573,7.11,386,1.74,488,6.96,124,1.77,6.84,1595,1.75
Tirap,,76128533B99469070633974,IND,ADM2,primary_healthcare,TIME,4200,6501,704,6.6,33,0.31,2698,6.77,123,0.31,6127,7.14,265,0.31,1641,7.42,68,0.31,510,7.27,22,0.31,7.15,280,0.31
Tirap,,76128533B99469070633974,IND,ADM2,primary_healthcare,TIME,4800,8414,930,8.72,226,2.12,3541,8.89,843,2.12,7930,9.24,1803,2.1,2099,9.49,458,2.07,658,9.38,148,2.11,9.25,1913,2.1
Tirap,,76128533B99469070633974,IND,ADM2,primary_healthcare,TIME,5400,25596,2957,27.74,2027,19.01,11110,27.89,7569,19.0,24136,28.13,16206,18.89,6239,28.2,4140,18.71,1991,28.39,1333,19.01,28.15,17182,18.9
Tirap,,76128533B99469070633974,IND,ADM2,primary_healthcare,TIME,6000,28033,3245,30.44,288,2.7,12184,30.58,1074,2.7,26434,30.8,2298,2.68,6829,30.87,590,2.67,2181,31.1,190,2.71,30.83,2437,2.68
Tirap,,76128533B99469070633974,IND,ADM2,primary_healthcare,TIME,6600,30832,3575,33.53,330,3.1,13417,33.68,1233,3.1,29074,33.88,2640,3.08,7498,33.89,669,3.02,2398,34.19,217,3.09,33.91,2799,3.08
Tirap,,76128533B99469070633974,IND,ADM2,primary_healthcare,TIME,7200,32830,3811,35.75,236,2.21,14298,35.89,881,2.21,30958,36.08,1884,2.2,7977,36.06,479,2.17,2554,36.42,156,2.22,36.1,1998,2.2
North East,,76128533B9976625304286,IND,ADM2,primary_healthcare,TIME,2400,211877,18826,41.89,18826,41.89,79349,42.0,79349,42.0,201335,42.19,201335,42.19,59104,42.28,59104,42.28,14946,42.03,14946,42.03,42.18,211877,42.18
North East,,76128533B9976625304286,IND,ADM2,primary_healthcare,TIME,3000,499311,44666,99.39,25840,57.5,187762,99.39,108413,57.39,474352,99.4,273017,57.21,138950,99.4,79846,57.12,35337,99.38,20391,57.34,99.4,287434,57.22
North East,,76128533B9976625304286,IND,ADM2,primary_healthcare,TIME,3600,502349,44942,100.0,276,0.61,188910,100.0,1148,0.61,477232,100.0,2880,0.6,139787,100.0,837,0.6,35559,100.0,222,0.62,100.0,3038,0.6
North East,,76128533B9976625304286,IND,ADM2,primary_healthcare,TIME,4200,502349,44942,100.0,0,0.0,188910,100.0,0,0.0,477232,100.0,0,0.0,139787,100.0,0,0.0,35559,100.0,0,0.0,100.0,0,0.0
North East,,76128533B9976625304286,IND,ADM2,primary_healthcare,TIME,4800,502349,44942,100.0,0,0.0,188910,100.0,0,0.0,477232,100.0,0,0.0,139787,100.0,0,0.0,35559,100.0,0,0.0,100.0,0,0.0
North East,,76128533B9976625304286,IND,ADM2,primary_healthcare,TIME,5400,502349,44942,100.0,0,0.0,188910,100.0,0,0.0,477232,100.0,0,0.0,139787,100.0,0,0.0,35559,100.0,0,0.0,100.0,0,0.0
North East,,76128533B9976625304286,IND,ADM2,primary_healthcare,TIME,6000,502349,44942,100.0,0,0.0,188910,100.0,0,0.0,477232,100.0,0,0.0,139787,100.0,0,0.0,35559,100.0,0,0.0,100.0,0,0.0
North East,,76128533B9976625304286,IND,ADM2,primary_healthcare,TIME,6600,502349,44942,100.0,0,0.0,188910,100.0,0,0.0,477232,100.0,0,0.0,139787,100.0,0,0.0,35559,100.0,0,0.0,100.0,0,0.0
North East,,76128533B9976625304286,IND,ADM2,primary_healthcare,TIME,7200,502349,44942,100.0,0,0.0,188910,100.0,0,0.0,477232,100.0,0,0.0,139787,100.0,0,0.0,35559,100.0,0,0.0,100.0,0,0.0
Raigarh,,76128533B99895802074414,IND,ADM2,primary_healthcare,TIME,1200,9186,697,0.3,697,0.3,2810,0.3,2810,0.3,8357,0.3,8357,0.3,2565,0.3,2565,0.3,1019,0.3,1019,0.3,0.3,9186,0.3
Raigarh,,76128533B99895802074414,IND,ADM2,primary_healthcare,TIME,1800,458227,34932,14.9,34235,14.6,140408,14.87,137598,14.57,418196,14.89,409839,14.59,127907,14.85,125342,14.55,49556,14.57,48537,14.27,14.85,449041,14.56
Raigarh,,76128533B99895802074414,IND,ADM2,primary_healthcare,TIME,2400,1028124,78268,33.38,43336,18.48,314877,33.34,174469,18.48,937239,33.37,519043,18.48,287019,33.32,159112,18.47,112255,33.01,62699,18.44,33.33,569897,18.47
Raigarh,,76128533B99895802074414,IND,ADM2,primary_healthcare,TIME,3000,1264728,96237,41.04,17969,7.66,387279,41.01,72402,7.67,1152516,41.03,215277,7.66,353084,40.99,66065,7.67,138501,40.73,26246,7.72,41.0,236604,7.67
Raigarh,,76128533B99895802074414,IND,ADM2,primary_healthcare,TIME,3600,1572793,119630,51.01,23393,9.98,481545,50.99,94266,9.98,1432783,51.01,280267,9.98,439104,50.98,86020,9.99,172702,50.79,34201,10.06,50.98,308065,9.99
Raigarh,,76128533B99895802074414,IND,ADM2,primary_healthcare,TIME,4200,2034190,154733,65.98,35103,14.97,622824,65.95,141279,14.96,1853182,65.97,420399,14.97,567918,65.94,128814,14.96,223290,65.67,50588,14.88,65.94,461397,14.96
Raigarh,,76128533B99895802074414,IND,ADM2,primary_healthcare,TIME,4800,2265047,172265,73.46,17532,7.48,693466,73.43,70642,7.48,2063219,73.45,210037,7.48,632379,73.42,64461,7.48,248910,73.2,25620,7.53,73.42,230857,7.48
Raigarh,,76128533B99895802074414,IND,ADM2,primary_healthcare,TIME,5400,2376925,180761,77.08,8496,3.62,727700,77.06,34234,3.63,2165001,77.07,101782,3.62,663618,77.05,31239,3.63,261331,76.86,12421,3.65,77.05,111878,3.63
Raigarh,,76128533B99895802074414,IND,ADM2,primary_healthcare,TIME,6000,2565697,195096,83.19,14335,6.11,785462,83.18,57762,6.12,2336739,83.19,171738,6.11,716329,83.17,52711,6.12,282289,83.02,20958,6.16,83.17,188772,6.12
Raigarh,,76128533B99895802074414,IND,ADM2,primary_healthcare,TIME,6600,2664101,202568,86.38,7472,3.19,815573,86.37,30111,3.19,2426264,86.37,89525,3.19,743806,86.36,27477,3.19,293214,86.23,10925,3.21,86.36,98404,3.19
Raigarh,,76128533B99895802074414,IND,ADM2,primary_healthcare,TIME,7200,2831187,215249,91.79,12681,5.41,866693,91.78,51120,5.41,2578241,91.78,151977,5.41,790457,91.77,46651,5.42,311795,91.7,18581,5.46,91.77,167086,5.42
Fatehgarh Sahib,,76128533B99919205026025,IND,ADM2,primary_healthcare,TIME,1800,376,26,0.06,26,0.06,112,0.06,112,0.06,337,0.06,337,0.06,102,0.06,102,0.06,46,0.06,46,0.06,0.06,376,0.06
Fatehgarh Sahib,,76128533B99919205026025,IND,ADM2,primary_healthcare,TIME,2400,94711,6573,14.54,6547,14.48,28408,14.6,28296,14.55,85105,14.64,84768,14.58,25688,14.61,25586,14.56,11574,14.62,11528,14.56,14.64,94335,14.58
Fatehgarh Sahib,,76128533B99919205026025,IND,ADM2,primary_healthcare,TIME,3000,300076,20810,46.04,14237,31.5,89945,46.24,61537,31.64,269492,46.36,184387,31.72,81392,46.31,55704,31.69,36820,46.52,25246,31.9,46.38,205365,31.74
Fatehgarh Sahib,,76128533B99919205026025,IND,ADM2,primary_healthcare,TIME,3600,525844,36569,80.9,15759,34.86,157812,81.13,67867,34.89,472200,81.23,202708,34.87,142737,81.21,61345,34.9,64574,81.58,27754,35.06,81.27,225768,34.89
Fatehgarh Sahib,,76128533B99919205026025,IND,ADM2,primary_healthcare,TIME,4200,642572,44881,99.29,8312,18.39,193154,99.3,35342,18.17,577304,99.31,105104,18.08,174551,99.31,31814,18.1,78624,99.33,14050,17.75,99.31,116728,18.04
Fatehgarh Sahib,,76128533B99919205026025,IND,ADM2,primary_healthcare,TIME,4800,647020,45203,100.0,322,0.71,194513,100.0,1359,0.7,581316,100.0,4012,0.69,175768,100.0,1217,0.69,79152,100.0,528,0.67,100.0,4448,0.69
Fatehgarh Sahib,,76128533B99919205026025,IND,ADM2,primary_healthcare,TIME,5400,647020,45203,100.0,0,0.0,194513,100.0,0,0.0,581316,100.0,0,0.0,175768,100.0,0,0.0,79152,100.0,0,0.0,100.0,0,0.0
Fatehgarh Sahib,,76128533B99919205026025,IND,ADM2,primary_healthcare,TIME,6000,647020,45203,100.0,0,0.0,194513,100.0,0,0.0,581316,100.0,0,0.0,175768,100.0,0,0.0,79152,100.0,0,0.0,100.0,0,0.0
Fatehgarh Sahib,,76128533B99919205026025,IND,ADM2,primary_healthcare,TIME,6600,647020,45203,100.0,0,0.0,194513,100.0,0,0.0,581316,100.0,0,0.0,175768,100.0,0,0.0,79152,100.0,0,0.0,100.0,0,0.0
Fatehgarh Sahib,,76128533B99919205026025,IND,ADM2,primary_healthcare,TIME,7200,647020,45203,100.0,0,0.0,194513,100.0,0,0.0,581316,100.0,0,0.0,175768,100.0,0,0.0,79152,100.0,0,0.0,100.0,0,0.0
Puducherry,IN-PY,90661403B68687713084743,IND,ADM0,primary_healthcare,TIME,600,26926092,1897291,1.53,1897291,1.53,7635449,1.51,7635449,1.51,24727415,1.95,24727415,1.95,7710652,2.12,7710652,2.12,2758368,1.96,2758368,1.96,1.95,26926092,1.95
Puducherry,IN-PY,90661403B68687713084743,IND,ADM0,primary_healthcare,TIME,1200,63360540,4561383,3.67,2664092,2.15,18346454,3.64,10711005,2.12,58263970,4.6,33536555,2.65,18086993,4.97,10376341,2.85,6413597,4.55,3655229,2.6,4.6,36434448,2.64
Puducherry,IN-PY,90661403B68687713084743,IND,ADM0,primary_healthcare,TIME,1800,92065846,6716722,5.41,2155339,1.74,27133931,5.38,8787477,1.74,84780075,6.7,26516105,2.09,26156148,7.19,8069155,2.22,9199473,6.53,2785876,1.98,6.68,28705306,2.08
Puducherry,IN-PY,90661403B68687713084743,IND,ADM0,primary_healthcare,TIME,2400,121928409,9044967,7.28,2328245,1.88,36672962,7.27,9539031,1.89,112268948,8.87,27488873,2.17,34478624,9.47,8322476,2.29,12193894,8.66,2994421,2.13,8.85,29862563,2.17
Puducherry,IN-PY,90661403B68687713084743,IND,ADM0,primary_healthcare,TIME,3000,149495396,11196890,9.02,2151923,1.73,45554662,9.03,8881700,1.76,137476587,10.86,25207639,1.99,42121138,11.57,7642514,2.1,15126257,10.74,2932363,2.08,10.85,27566987,2.0
Puducherry,IN-PY,90661403B68687713084743,IND,ADM0,primary_healthcare,TIME,3600,173436142,13041236,10.5,1844346,1.49,53282545,10.56,7727883,1.53,159189511,12.57,21712924,1.71,48718426,13.39,6597288,1.81,17851718,12.68,2725461,1.94,12.58,23940746,1.74
Puducherry,IN-PY,90661403B68687713084743,IND,ADM0,primary_healthcare,TIME,4200,199175894,15042026,12.11,2000790,1.61,61782444,12.25,8499899,1.69,182528466,14.42,23338955,1.84,55751020,15.32,7032594,1.93,20787547,14.76,2935829,2.08,14.45,25739752,1.87
Puducherry,IN-PY,90661403B68687713084743,IND,ADM0,primary_healthcare,TIME,4800,225483643,17112723,13.78,2070697,1.67,70569280,13.99,8786836,1.74,206445568,16.3,23917102,1.89,62908645,17.29,7157625,1.97,23725033,16.85,2937486,2.09,16.36,26307749,1.91
Puducherry,IN-PY,90661403B68687713084743,IND,ADM0,primary_healthcare,TIME,5400,253046760,19330777,15.57,2218054,1.79,79947117,15.85,9377837,1.86,231526208,18.29,25080640,1.98,70348981,19.33,7440336,2.04,26780445,19.02,3055412,2.17,18.36,27563117,2.0
Puducherry,IN-PY,90661403B68687713084743,IND,ADM0,primary_healthcare,TIME,6000,281731946,21695409,17.47,2364632,1.9,89951343,17.83,10004226,1.98,257599316,20.34,26073108,2.06,78002705,21.43,7653724,2.1,29988780,21.3,3208335,2.28,20.44,28685186,2.08
Puducherry,IN-PY,90661403B68687713084743,IND,ADM0,primary_healthcare,TIME,6600,312904721,24283565,19.56,2588156,2.08,100841490,19.99,10890147,2.16,285920043,22.58,28320727,2.24,86290757,23.71,8288052,2.28,33488793,23.78,3500013,2.49,22.7,31172775,2.26
Puducherry,IN-PY,90661403B68687713084743,IND,ADM0,primary_healthcare,TIME,7200,346028344,27040070,21.78,2756505,2.22,112390249,22.28,11548759,2.29,316047714,24.96,30127671,2.38,95147921,26.15,8857164,2.43,37173260,26.4,3684467,2.62,25.1,33123623,2.4
