{"type": "FeatureCollection", "features": [{"type": "Feature", "properties": {"shapeName": "Jabalpur", "shapeISO": "", "shapeID": "76128533B27615708126939", "shapeGroup": "IND", "shapeType": "ADM2"}, "geometry": {"type": "Polygon", "coordinates": [[[79.97956, 23.56856], [79.98101, 23.57381], [79.98626, 23.57669], [79.99119, 23.58316], [79.99319, 23.5818], [79.99716, 23.58202], [80.0043, 23.58409], [80.00736, 23.60431], [80.01374, 23.60861], [80.01366, 23.61828], [80.0031, 23.61479], [79.98305, 23.60471], [79.98137, 23.60449], [79.96698, 23.6039], [79.962, 23.60405], [79.94202, 23.59456], [79.93049, 23.59387], [79.93137, 23.59274], [79.92534, 23.58987], [79.91912, 23.5842], [79.91444, 23.58458], [79.9129, 23.58248], [79.91188, 23.58399], [79.91104, 23.58249], [79.90758, 23.58397], [79.90549, 23.58328], [79.90304, 23.57288], [79.89772, 23.57042], [79.89511, 23.57064], [79.89368, 23.56569], [79.89504, 23.56408], [79.89273, 23.56385], [79.88694, 23.55714], [79.88415, 23.55643], [79.87975, 23.55079], [79.87723, 23.55059], [79.87811, 23.54916], [79.87628, 23.54731], [79.87601, 23.53858], [79.84977, 23.5014], [79.84476, 23.5021], [79.83912, 23.50854], [79.81872, 23.51071], [79.82287, 23.5079], [79.82176, 23.50475], [79.81764, 23.49949], [79.81503, 23.4995], [79.81193, 23.49635], [79.81767, 23.49279], [79.81662, 23.48806], [79.80979, 23.47912], [79.8041, 23.46336], [79.79846, 23.46073], [79.79472, 23.46247], [79.78934, 23.45737], [79.79552, 23.45303], [79.78751, 23.44619], [79.78792, 23.44405], [79.79096, 23.44398], [79.7853, 23.44075], [79.78412, 23.43863], [79.77708, 23.43679], [79.77337, 23.44013], [79.7735, 23.4435], [79.76961, 23.44285], [79.76853, 23.43579], [79.76039, 23.42949], [79.75751, 23.43057], [79.74914, 23.42766], [79.74674, 23.42902], [79.74329, 23.42734], [79.74281, 23.43159], [79.73974, 23.43411], [79.73902, 23.43047], [79.73679, 23.42867], [79.73743, 23.42378], [79.73117, 23.42578], [79.72632, 23.42291], [79.72855, 23.42192], [79.72683, 23.41992], [79.72492, 23.42026], [79.72676, 23.41633], [79.73183, 23.41818], [79.73508, 23.4172], [79.73256, 23.41035], [79.73486, 23.40913], [79.73514, 23.40681], [79.72696, 23.39718], [79.72171, 23.39593], [79.72443, 23.39133], [79.71924, 23.38972], [79.72161, 23.38646], [79.72139, 23.38334], [79.71807, 23.37999], [79.71758, 23.37541], [79.71445, 23.36921], [79.70644, 23.37348], [79.70545, 23.37264], [79.7083, 23.36554], [79.70482, 23.35906], [79.68952, 23.34732], [79.67681, 23.3409], [79.67647, 23.33575], [79.6704, 23.33268], [79.66687, 23.33403], [79.63535, 23.31567], [79.61695, 23.30671], [79.59662, 23.29254], [79.57143, 23.27845], [79.56832, 23.27376], [79.56347, 23.27341], [79.55736, 23.26817], [79.54732, 23.26445], [79.53409, 23.25714], [79.53286, 23.25779], [79.53463, 23.26093], [79.53343, 23.26332], [79.51777, 23.26588], [79.51321, 23.26574], [79.5002, 23.25913], [79.49613, 23.26114], [79.49027, 23.26156], [79.49498, 23.25939], [79.49092, 23.25451], [79.49082, 23.25061], [79.48884, 23.2474], [79.48118, 23.24194], [79.47645, 23.23528], [79.46063, 23.22538], [79.44841, 23.21319], [79.43012, 23.19931], [79.42851, 23.1953], [79.42485, 23.19187], [79.39245, 23.17368], [79.37253, 23.16512], [79.37485, 23.16067], [79.37458, 23.15385], [79.36788, 23.14661], [79.35613, 23.14038], [79.35319, 23.13637], [79.35386, 23.13311], [79.35948, 23.12817], [79.35504, 23.12387], [79.35364, 23.11087], [79.34894, 23.1065], [79.35006, 23.10471], [79.36481, 23.10356], [79.37927, 23.11069], [79.38565, 23.11053], [79.40349, 23.09817], [79.40943, 23.09824], [79.41962580500007, 23.102683123000077], [79.43835618500003, 23.105797643000074], [79.45466, 23.09588], [79.46061, 23.09554], [79.46633, 23.09905], [79.48255, 23.11581], [79.49912, 23.12615], [79.51147, 23.13791], [79.52127, 23.14159], [79.53782, 23.13781], [79.54772, 23.13791], [79.55512, 23.13541], [79.57042, 23.13358], [79.57813, 23.12799], [79.57968, 23.11575], [79.5833, 23.1096], [79.59579, 23.10831], [79.61, 23.10335], [79.61724, 23.10277], [79.61683, 23.10087], [79.60955, 23.09589], [79.61032, 23.09407], [79.61524, 23.09253], [79.61589, 23.0881], [79.60849, 23.0884], [79.60435, 23.09032], [79.60189, 23.08907], [79.60397, 23.08112], [79.60738, 23.08199], [79.60785, 23.08468], [79.61023, 23.0854], [79.61066, 23.08195], [79.6083, 23.07353], [79.6096, 23.06497], [79.60916, 23.06369], [79.60292, 23.0619], [79.59879, 23.05707], [79.60166, 23.04965], [79.59692, 23.04538], [79.59571, 23.0418], [79.60051, 23.03568], [79.60045, 23.02652], [79.61402, 23.01971], [79.61873, 23.0089], [79.62543, 23.00435], [79.62684, 22.99557], [79.6359, 22.99212], [79.64354, 22.98675], [79.64632, 22.98141], [79.64649, 22.97578], [79.64517, 22.97351], [79.64257, 22.97265], [79.64223, 22.97023], [79.63987, 22.97079], [79.64049, 22.96855], [79.62468, 22.96539], [79.62627, 22.95796], [79.62428, 22.95311], [79.62806, 22.95146], [79.63385, 22.94168], [79.64148, 22.94217], [79.65077, 22.92402], [79.65841, 22.921], [79.66696, 22.92096], [79.67105, 22.9219], [79.67473, 22.92568], [79.68081, 22.92432], [79.68888, 22.92745], [79.68734, 22.92149], [79.6967, 22.92137], [79.70282, 22.92307], [79.70888, 22.92128], [79.7181, 22.9218], [79.71987, 22.92024], [79.7256, 22.9199], [79.73212, 22.9173], [79.74297, 22.91849], [79.74723, 22.91688], [79.75053, 22.91813], [79.7533, 22.91107], [79.74603, 22.89443], [79.75129, 22.89753], [79.75718, 22.89021], [79.76552, 22.88591], [79.76953, 22.88552], [79.77462, 22.88064], [79.78327, 22.87691], [79.77275, 22.87068], [79.76663, 22.86149], [79.76115, 22.85781], [79.76491, 22.84477], [79.76726, 22.84232], [79.78677, 22.84418], [79.78947, 22.84679], [79.79179, 22.84689], [79.79541, 22.8539], [79.80259, 22.86101], [79.82254, 22.86879], [79.82275, 22.86448], [79.81993, 22.85814], [79.82057, 22.84599], [79.82891, 22.84234], [79.82843, 22.8396], [79.83015, 22.83586], [79.83495, 22.83281], [79.83633, 22.83013], [79.84173, 22.82854], [79.84877, 22.82842], [79.85646, 22.83104], [79.86578, 22.84935], [79.8715, 22.85277], [79.88383, 22.84965], [79.88477, 22.84818], [79.88831, 22.85795], [79.90235, 22.86117], [79.90449, 22.86137], [79.906, 22.85807], [79.90865, 22.84285], [79.92713, 22.85472], [79.93321, 22.85478], [79.94298, 22.85837], [79.94848, 22.85719], [79.95289, 22.85448], [79.96029, 22.85376], [79.9663, 22.84957], [79.96687, 22.85057], [79.96854, 22.86391], [79.96717, 22.86931], [79.96424, 22.86856], [79.97066, 22.87713], [79.9775, 22.88297], [79.9709, 22.88711], [79.97227, 22.88948], [79.97206, 22.89846], [79.97016, 22.90575], [79.97135, 22.91312], [79.97643, 22.91497], [79.97274, 22.9215], [79.96426, 22.92937], [79.95613, 22.93445], [79.95675, 22.94172], [79.95329, 22.94356], [79.95484, 22.94581], [79.9627, 22.9491], [79.96381, 22.95151], [79.96857, 22.95277], [79.96789, 22.95583], [79.97183, 22.95886], [79.98406, 22.96377], [79.98599, 22.96656], [79.99157, 22.96723], [79.99575, 22.97163], [79.99933, 22.97307], [80.00112, 22.97702], [80.0075, 22.97691], [80.00349, 22.98488], [80.00042, 22.98819], [79.99665, 22.98967], [79.99314, 22.99583], [79.99835, 23.00037], [80.00734, 23.00083], [80.0082, 23.00322], [80.00163, 23.01365], [79.99227, 23.01138], [79.9948, 23.01324], [79.99723, 23.01872], [79.99441, 23.02624], [80.00247, 23.029], [80.01656, 23.02916], [80.02306, 23.03227], [80.0392, 23.03608], [80.04392, 23.041], [80.04506, 23.04501], [80.05085, 23.04986], [80.0564, 23.05157], [80.06027, 23.05678], [80.07341, 23.06396], [80.08193, 23.06377], [80.0849, 23.07162], [80.08364, 23.07438], [80.10006, 23.07684], [80.11067, 23.0736], [80.10949, 23.05746], [80.11064, 23.05057], [80.11437, 23.04907], [80.12277, 23.05073], [80.1278, 23.05232], [80.13041, 23.05618], [80.13600582800007, 23.05725355900006], [80.14402, 23.05371], [80.14232, 23.04727], [80.14395, 23.04217], [80.14624, 23.04722], [80.15119, 23.04329], [80.15977, 23.04695], [80.16517, 23.04601], [80.17128, 23.03996], [80.17793, 23.02165], [80.18809, 23.01972], [80.19257, 23.02606], [80.19397, 23.03077], [80.18905, 23.03915], [80.18975, 23.04114], [80.18695, 23.05088], [80.1824, 23.053], [80.18408, 23.06048], [80.18894, 23.06469], [80.19491, 23.06614], [80.19816, 23.06412], [80.20601, 23.06619], [80.20454, 23.08382], [80.19058, 23.08961], [80.19185, 23.10305], [80.18328, 23.10849], [80.18152, 23.11967], [80.19061, 23.12714], [80.20596, 23.12903], [80.21098, 23.1276], [80.21809, 23.12915], [80.22885, 23.14041], [80.23295, 23.14062], [80.23939, 23.13788], [80.24199, 23.13877], [80.2443, 23.14149], [80.24419, 23.14505], [80.2499, 23.14874], [80.26048, 23.14664], [80.26778, 23.1429], [80.27799, 23.14352], [80.28045, 23.14082], [80.28047, 23.13843], [80.27407, 23.13464], [80.27316, 23.12909], [80.27643, 23.12314], [80.28369, 23.11926], [80.28633, 23.10915], [80.3013, 23.10385], [80.30344, 23.09598], [80.30696, 23.09459], [80.33105, 23.09451], [80.33923, 23.10853], [80.33857, 23.11412], [80.35225, 23.11842], [80.36078, 23.13659], [80.39445, 23.13966], [80.39132, 23.14207], [80.39144, 23.15565], [80.3958, 23.16468], [80.39294, 23.16883], [80.41285, 23.16962], [80.42162, 23.15153], [80.42479, 23.15046], [80.42452, 23.14107], [80.42624, 23.13959], [80.43609, 23.13791], [80.45208, 23.14052], [80.46363, 23.1397], [80.4646, 23.1293], [80.45986, 23.12239], [80.4726, 23.1196], [80.47618, 23.12294], [80.48047, 23.12361], [80.48099, 23.11461], [80.48347, 23.11315], [80.48843, 23.11487], [80.49021, 23.11355], [80.4926, 23.10469], [80.50244, 23.10349], [80.5138, 23.10458], [80.51414, 23.08897], [80.50719, 23.08153], [80.50921, 23.08018], [80.50917, 23.07741], [80.51833, 23.07486], [80.5221, 23.07605], [80.53005, 23.07546], [80.53119, 23.08091], [80.53007, 23.08401], [80.52675, 23.09535], [80.5277, 23.10291], [80.54384, 23.10161], [80.55378, 23.10987], [80.5559, 23.11672], [80.5588, 23.11953], [80.56676, 23.11742], [80.56931, 23.1181], [80.57601, 23.12468], [80.57942, 23.12532], [80.58378, 23.13559], [80.56408, 23.14461], [80.55766, 23.15127], [80.55654, 23.16221], [80.55377, 23.16485], [80.54429, 23.16398], [80.53779, 23.1587], [80.5315, 23.15659], [80.52467, 23.15176], [80.52275, 23.15692], [80.52146, 23.15948], [80.51602, 23.16645], [80.51642, 23.16768], [80.51209, 23.16838], [80.51035, 23.17387], [80.50262, 23.1829], [80.49451, 23.1871], [80.48148, 23.1908], [80.47975, 23.19752], [80.48633, 23.19967], [80.50492, 23.19997], [80.50544, 23.20871], [80.52283, 23.23687], [80.52262, 23.24982], [80.52449, 23.25667], [80.52951, 23.25471], [80.53525, 23.2547], [80.54484, 23.26054], [80.54466, 23.2682], [80.57025, 23.26638], [80.57101, 23.27485], [80.57322, 23.27932], [80.58435, 23.2798], [80.5864, 23.28696], [80.58468, 23.31121], [80.58003, 23.31111], [80.57927, 23.31316], [80.56967, 23.31387], [80.57498, 23.3339], [80.57591, 23.34736], [80.57779, 23.34941], [80.56911, 23.35221], [80.54888, 23.35249], [80.5443, 23.35119], [80.54231, 23.36018], [80.54656, 23.36455], [80.55485, 23.36775], [80.55767, 23.37552], [80.55621, 23.37916], [80.54716, 23.3837], [80.546, 23.38955], [80.54461, 23.38958], [80.54397, 23.38958], [80.53503, 23.38393], [80.53213, 23.37981], [80.52678, 23.37645], [80.51872, 23.37635], [80.51077, 23.37857], [80.50906, 23.38072], [80.50576, 23.38403], [80.50138, 23.38572], [80.50033, 23.38613], [80.48743, 23.38886], [80.48446, 23.38101], [80.4846, 23.37867], [80.4869, 23.37698], [80.48563, 23.37096], [80.4822, 23.36826], [80.47274, 23.36814], [80.46766, 23.36269], [80.46592, 23.34381], [80.45971, 23.34067], [80.44468, 23.34082], [80.44231, 23.34352], [80.44164, 23.34468], [80.44054, 23.34505], [80.43999, 23.34509], [80.43845, 23.34518], [80.43591, 23.34228], [80.42622, 23.34371], [80.42566, 23.3446], [80.42536, 23.34445], [80.42519, 23.343], [80.41415, 23.33812], [80.41003, 23.33871], [80.40979, 23.34238], [80.40968, 23.34282], [80.40598, 23.3469], [80.40108, 23.34728], [80.3998, 23.34738], [80.39899, 23.34784], [80.39887, 23.34797], [80.39702, 23.34787], [80.39651, 23.34758], [80.39567, 23.34667], [80.39503, 23.34646], [80.39465, 23.34594], [80.39396, 23.34578], [80.39374, 23.34491], [80.39436, 23.34462], [80.39417, 23.33476], [80.3845, 23.33297], [80.38256, 23.33383], [80.37943, 23.33045], [80.37967, 23.32806], [80.36834, 23.32593], [80.36713, 23.32191], [80.3712, 23.31695], [80.37125, 23.31061], [80.37281, 23.30886], [80.36952, 23.30597], [80.37036, 23.30238], [80.35817, 23.30429], [80.34507, 23.30043], [80.3347, 23.30198], [80.33173, 23.30233], [80.33005, 23.30258], [80.32547, 23.30351], [80.32008, 23.30498], [80.32057, 23.30682], [80.31642, 23.30448], [80.31263, 23.30442], [80.30263, 23.29857], [80.30159, 23.29566], [80.30118, 23.29863], [80.30695, 23.30329], [80.30842, 23.30796], [80.3076, 23.30992], [80.30993, 23.31423], [80.30559, 23.32174], [80.30611, 23.32533], [80.30694, 23.32622], [80.30746, 23.32913], [80.30426, 23.33157], [80.30521, 23.33465], [80.30036, 23.3355], [80.30243, 23.33772], [80.30102, 23.3404], [80.30258, 23.34148], [80.30171, 23.34418], [80.30455, 23.34685], [80.30341, 23.34808], [80.30473, 23.35059], [80.30396, 23.35163], [80.30251, 23.35068], [80.3022, 23.35061], [80.30127, 23.34949], [80.30017, 23.3502], [80.30031, 23.3529], [80.29998, 23.3534], [80.3, 23.36119], [80.29581, 23.36249], [80.29309, 23.37027], [80.29481, 23.38456], [80.29648, 23.3831], [80.29809, 23.37558], [80.30104, 23.37472], [80.30224, 23.3749], [80.30635, 23.37695], [80.30838, 23.38522], [80.3091, 23.38754], [80.31455, 23.39732], [80.31449, 23.40275], [80.30263, 23.4179], [80.29906, 23.43116], [80.29178, 23.42109], [80.29111, 23.42398], [80.28819, 23.42564], [80.27715, 23.4234], [80.26965, 23.42875], [80.26956, 23.43418], [80.2656, 23.43401], [80.26237, 23.43879], [80.26049, 23.44295], [80.26173, 23.44802], [80.25934, 23.44937], [80.25697, 23.46893], [80.26037, 23.47471], [80.25248, 23.47332], [80.24325, 23.47423], [80.24416, 23.47846], [80.24197, 23.47943], [80.22496, 23.47758], [80.21416, 23.4743], [80.21238, 23.48644], [80.21192, 23.4886], [80.20928, 23.49642], [80.21765, 23.50473], [80.21765, 23.52263], [80.22134, 23.52964], [80.22273, 23.53006], [80.22652, 23.53008], [80.22837, 23.52922], [80.23155, 23.52491], [80.23209, 23.5162], [80.23955, 23.52138], [80.24404, 23.52271], [80.24585, 23.52848], [80.25707, 23.53931], [80.25707, 23.5423], [80.25267, 23.54168], [80.25001, 23.54315], [80.24791, 23.54845], [80.25405, 23.54767], [80.25918, 23.55138], [80.26033, 23.5574], [80.25923, 23.56232], [80.25505, 23.56671], [80.24511, 23.56781], [80.24095, 23.56771], [80.23843, 23.5666], [80.23743, 23.56358], [80.23435, 23.57225], [80.23318, 23.57355], [80.22388, 23.58088], [80.22013, 23.57406], [80.21938, 23.57354], [80.21508, 23.57109], [80.21194, 23.56556], [80.19937, 23.55443], [80.19475, 23.56566], [80.19554, 23.57025], [80.19536, 23.57089], [80.19732, 23.57263], [80.19909, 23.57308], [80.20498, 23.57579], [80.21194, 23.5763], [80.2173, 23.57837], [80.21864, 23.57843], [80.22067, 23.58011], [80.21993, 23.58728], [80.21625, 23.58808], [80.18898, 23.58181], [80.18564, 23.57406], [80.18128, 23.57057], [80.18084, 23.5659], [80.1803, 23.56399], [80.17602, 23.54267], [80.16675, 23.56171], [80.16954, 23.57066], [80.17067, 23.57377], [80.17114, 23.57728], [80.16961, 23.57679], [80.16137, 23.57418], [80.14085, 23.56677], [80.14226, 23.57667], [80.14213, 23.57823], [80.13824, 23.58296], [80.13244, 23.58529], [80.12466, 23.58367], [80.12061, 23.58516], [80.12029, 23.58427], [80.11978, 23.583], [80.11153, 23.57265], [80.10962, 23.56554], [80.09767, 23.56461], [80.09354, 23.56689], [80.08784, 23.56685], [80.07852, 23.56529], [80.06999, 23.56101], [80.06633, 23.56368], [80.05604, 23.56429], [80.05239, 23.56482], [80.04231, 23.56814], [80.03783, 23.56558], [80.03664, 23.56402], [80.03586, 23.5622], [80.0251, 23.56046], [80.02335, 23.56635], [80.02327, 23.56859], [80.02244, 23.57749], [80.00896, 23.57362], [80.00205, 23.57095], [79.98606, 23.56488], [79.98057, 23.56531], [79.9797, 23.56752], [79.97956, 23.56856]]]}}, {"type": "Feature", "properties": {"shapeName": "Indore", "shapeISO": "", "shapeID": "76128533B60360721573267", "shapeGroup": "IND", "shapeType": "ADM2"}, "geometry": {"type": "Polygon", "coordinates": [[[75.43952, 22.8654], [75.4445, 22.86475], [75.44411, 22.85172], [75.44044, 22.84217], [75.43555, 22.84248], [75.43743, 22.82876], [75.43417, 22.82756], [75.42754, 22.82917], [75.42555, 22.82636], [75.42612, 22.82232], [75.4287, 22.82201], [75.42738, 22.80714], [75.43831, 22.80701], [75.43725, 22.79672], [75.44552, 22.79325], [75.44164, 22.78423], [75.44068, 22.77123], [75.45879, 22.76708], [75.46829, 22.76685], [75.47425, 22.77075], [75.47682, 22.77066], [75.47756, 22.76814], [75.48165, 22.76897], [75.48334, 22.76676], [75.48619, 22.76664], [75.48656, 22.76399], [75.4924, 22.76143], [75.49348, 22.7599], [75.49009, 22.75913], [75.48691, 22.75456], [75.48821, 22.75183], [75.48607, 22.74894], [75.48783, 22.74724], [75.48779, 22.74452], [75.48461, 22.74156], [75.48497, 22.73968], [75.483, 22.73999], [75.48088, 22.73755], [75.47986, 22.73833], [75.4804, 22.73087], [75.49528, 22.73008], [75.49917, 22.73224], [75.49984, 22.7302], [75.49836, 22.72891], [75.51135, 22.72954], [75.51267, 22.72254], [75.5094, 22.71308], [75.51733, 22.70684], [75.5141, 22.69521], [75.5097, 22.69286], [75.5196, 22.68149], [75.52197, 22.66673], [75.50369, 22.66241], [75.50127, 22.6556], [75.49753, 22.65313], [75.49675, 22.64249], [75.5117, 22.6418], [75.51706, 22.64843], [75.52025, 22.65678], [75.52286, 22.65718], [75.52615, 22.65229], [75.52044, 22.65057], [75.52642, 22.64325], [75.52704, 22.63873], [75.52595, 22.63802], [75.53007, 22.63341], [75.53103, 22.62828], [75.53827, 22.62776], [75.53971, 22.63337], [75.55748, 22.63526], [75.56701, 22.63368], [75.56996, 22.65561], [75.57819, 22.65853], [75.58635, 22.65814], [75.59199, 22.65678], [75.59372, 22.65066], [75.60074, 22.64864], [75.60199, 22.6412], [75.60725, 22.62816], [75.618, 22.62956], [75.63863, 22.62861], [75.64764, 22.62977], [75.65761, 22.63595], [75.66078, 22.63474], [75.66966, 22.63527], [75.67281, 22.63396], [75.68214, 22.63378], [75.69001, 22.62744], [75.69883, 22.62405], [75.69977, 22.62618], [75.70493, 22.62657], [75.70619, 22.62853], [75.70796, 22.62848], [75.70681, 22.64418], [75.69462, 22.64163], [75.68958, 22.63619], [75.68575, 22.63496], [75.68139, 22.6407], [75.68258, 22.64738], [75.68567, 22.64822], [75.686, 22.6525], [75.68138, 22.65582], [75.68929, 22.6567], [75.69368, 22.65892], [75.70907, 22.6592], [75.71089, 22.64676], [75.7159, 22.63186], [75.71583, 22.61835], [75.71048, 22.61235], [75.70736, 22.61244], [75.70267, 22.60937], [75.70045, 22.61127], [75.7006, 22.60475], [75.69864, 22.59905], [75.70257, 22.6036], [75.70497, 22.60387], [75.70043, 22.59802], [75.69838, 22.59767], [75.6986, 22.59476], [75.70105, 22.59353], [75.70136, 22.59118], [75.69778, 22.59277], [75.69133, 22.59028], [75.68853, 22.59358], [75.68573, 22.58555], [75.68263, 22.58202], [75.68321, 22.5795], [75.66652, 22.57377], [75.66545, 22.5698], [75.65963, 22.56679], [75.63746, 22.56335], [75.63694, 22.55854], [75.63354, 22.55737], [75.62856, 22.55695], [75.62251, 22.55851], [75.62079, 22.55628], [75.61797, 22.55609], [75.61233, 22.56359], [75.61232, 22.56608], [75.59823, 22.5647], [75.59743, 22.54495], [75.60479, 22.53857], [75.59998, 22.53951], [75.59931, 22.52448], [75.60203, 22.522], [75.60077, 22.51748], [75.58058, 22.51546], [75.57964, 22.51117], [75.57417, 22.51132], [75.56838, 22.51376], [75.55981, 22.5128], [75.56052, 22.50551], [75.55688, 22.49834], [75.55537, 22.4886], [75.55607, 22.4863], [75.5671, 22.48874], [75.56945, 22.47571], [75.56706, 22.46956], [75.5769, 22.45068], [75.56777, 22.44064], [75.56784, 22.42742], [75.5638, 22.4219], [75.55072, 22.4125], [75.54266, 22.40924], [75.54531, 22.40913], [75.54832, 22.40575], [75.54929, 22.39005], [75.55039, 22.3919], [75.55262, 22.39017], [75.55288, 22.38746], [75.55739, 22.38563], [75.55426, 22.38053], [75.55987, 22.37457], [75.56711, 22.37349], [75.56888, 22.372], [75.57651, 22.37569], [75.5813, 22.37145], [75.58234, 22.36789], [75.58415, 22.36926], [75.59071, 22.36912], [75.59264, 22.36125], [75.59517, 22.35863], [75.60096, 22.36226], [75.60206, 22.3601], [75.60116, 22.35764], [75.60451, 22.36097], [75.61277, 22.36135], [75.60901, 22.35735], [75.61289, 22.35649], [75.61292, 22.35535], [75.60959, 22.35383], [75.60802, 22.34907], [75.61338, 22.34443], [75.61007, 22.34268], [75.60772, 22.34421], [75.6051, 22.34299], [75.60229, 22.34538], [75.6021, 22.33842], [75.60833, 22.33832], [75.61815, 22.33538], [75.62312, 22.34066], [75.62795, 22.34056], [75.63147, 22.34243], [75.63752, 22.35055], [75.6376, 22.35284], [75.64393, 22.35368], [75.64478, 22.34468], [75.64313, 22.34466], [75.64314, 22.34305], [75.64875, 22.339], [75.64678, 22.33362], [75.65601, 22.3298], [75.65603, 22.33308], [75.65361, 22.33714], [75.65699, 22.34025], [75.66492, 22.34325], [75.67718, 22.3417], [75.67798, 22.34691], [75.68381, 22.35084], [75.68963, 22.35205], [75.69519, 22.35756], [75.70618, 22.35625], [75.70531, 22.35891], [75.71593, 22.35993], [75.72389, 22.36713], [75.72757, 22.36668], [75.72827, 22.36283], [75.73852, 22.35583], [75.74284, 22.35672], [75.7545, 22.35557], [75.76112, 22.36159], [75.76512, 22.36245], [75.76491, 22.36455], [75.7705, 22.36471], [75.7727, 22.36688], [75.77385, 22.36455], [75.77765, 22.36344], [75.78285, 22.37123], [75.7868, 22.37392], [75.79352, 22.37429], [75.80186, 22.37792], [75.80207, 22.38339], [75.80742, 22.3856], [75.81149, 22.38474], [75.81814, 22.38953], [75.82426, 22.40379], [75.8368, 22.4065], [75.8406, 22.39818], [75.85198, 22.38947], [75.85188, 22.38158], [75.8587, 22.3814], [75.86077, 22.37823], [75.86679, 22.37769], [75.87637, 22.3792], [75.88124, 22.3823], [75.8837, 22.38108], [75.88989, 22.38774], [75.89518, 22.38897], [75.90175, 22.3884], [75.90583, 22.38472], [75.9118, 22.38563], [75.914, 22.3999], [75.91112, 22.40676], [75.91571, 22.41217], [75.91639, 22.41814], [75.96282, 22.42832], [75.97107, 22.42643], [75.97367, 22.41747], [75.98942, 22.41438], [75.99623, 22.41126], [76.00154, 22.41626], [76.00844, 22.41888], [76.00852, 22.4233], [76.00719, 22.42422], [76.00976, 22.42647], [76.00905, 22.43046], [76.01539, 22.43872], [76.01103, 22.44225], [76.02388, 22.4426], [76.0343, 22.43472], [76.03394, 22.44588], [76.04802, 22.45748], [76.05171, 22.45586], [76.0516, 22.45425], [76.05504, 22.45135], [76.05769, 22.45924], [76.05256, 22.46976], [76.05307, 22.476], [76.05011, 22.47831], [76.04302, 22.47854], [76.04167, 22.48121], [76.03713, 22.47957], [76.03716, 22.4834], [76.02608, 22.49268], [76.02843, 22.49395], [76.02833, 22.49977], [76.03283, 22.5077], [76.0331, 22.51049], [76.03068, 22.51589], [76.03029, 22.52684], [76.03218, 22.52778], [76.03577, 22.52556], [76.04193, 22.52678], [76.04652, 22.53216], [76.05439, 22.52845], [76.06285, 22.53117], [76.07633, 22.52555], [76.07877, 22.52135], [76.0806, 22.52826], [76.08386, 22.53237], [76.08311, 22.53679], [76.08939, 22.53768], [76.08718, 22.54064], [76.08746, 22.54442], [76.09504, 22.55425], [76.09968, 22.55201], [76.10888, 22.55738], [76.10511, 22.55997], [76.10728, 22.56116], [76.10605, 22.56322], [76.10899, 22.56439], [76.10796, 22.56529], [76.10498, 22.56432], [76.10487, 22.5623], [76.1026, 22.56167], [76.09029, 22.5633], [76.08203, 22.56754], [76.08078, 22.57077], [76.07488, 22.5709], [76.075, 22.57459], [76.07287, 22.57769], [76.06421, 22.58244], [76.06579, 22.58587], [76.06694, 22.58372], [76.07158, 22.58381], [76.0749, 22.58194], [76.07609, 22.58331], [76.08718, 22.5814], [76.08526, 22.58544], [76.08636, 22.5862], [76.09071, 22.58377], [76.08554, 22.59012], [76.08989, 22.59004], [76.08595, 22.5935], [76.08413, 22.60099], [76.08652, 22.59979], [76.08913, 22.59546], [76.0914, 22.59753], [76.09374, 22.59529], [76.09361, 22.59153], [76.09597, 22.58875], [76.09952, 22.59448], [76.10296, 22.59318], [76.10103, 22.58728], [76.10324, 22.58397], [76.10473, 22.58463], [76.10785, 22.58315], [76.10907, 22.58545], [76.10785, 22.58786], [76.11, 22.59072], [76.11344, 22.58861], [76.11593, 22.57951], [76.11789, 22.58355], [76.12182, 22.58249], [76.11681, 22.58425], [76.11732, 22.58649], [76.12191, 22.58808], [76.12585, 22.5868], [76.12149, 22.58979], [76.12202, 22.59116], [76.11951, 22.59331], [76.11683, 22.59279], [76.11564, 22.59556], [76.11375, 22.59528], [76.11024, 22.59762], [76.11602, 22.59914], [76.1192, 22.59789], [76.11899, 22.60073], [76.12123, 22.6018], [76.12338, 22.59741], [76.12652, 22.59608], [76.1293, 22.59157], [76.13042, 22.59257], [76.12846, 22.59912], [76.13024, 22.60158], [76.13405, 22.59587], [76.13517, 22.59728], [76.13452, 22.60222], [76.1383, 22.60043], [76.14035, 22.60173], [76.14324, 22.59727], [76.14084, 22.59542], [76.14375, 22.59307], [76.13907, 22.59], [76.14606, 22.58644], [76.14669, 22.58753], [76.1439, 22.58981], [76.14621, 22.59622], [76.1437, 22.59808], [76.14332, 22.60121], [76.1502, 22.60131], [76.14441, 22.60511], [76.15118, 22.61106], [76.15589, 22.60649], [76.16364, 22.60535], [76.16467, 22.59844], [76.1675, 22.59831], [76.17055, 22.60104], [76.16811, 22.60847], [76.16356, 22.60916], [76.16306, 22.61295], [76.16037, 22.6131], [76.15976, 22.61603], [76.16224, 22.61643], [76.1683, 22.61372], [76.16883, 22.61468], [76.16552, 22.61725], [76.16494, 22.62024], [76.15466, 22.6218], [76.15413, 22.62299], [76.15634, 22.62428], [76.15385, 22.63022], [76.16173, 22.62674], [76.1603, 22.63167], [76.16305, 22.63176], [76.16744, 22.6271], [76.17253, 22.62531], [76.17458, 22.6277], [76.17442, 22.63063], [76.1766, 22.62938], [76.17725, 22.63264], [76.17891, 22.63246], [76.18095, 22.63606], [76.18363, 22.63557], [76.18547, 22.63678], [76.18752, 22.63419], [76.19097, 22.63763], [76.19284, 22.63705], [76.19254, 22.63227], [76.1902, 22.63427], [76.18866, 22.63009], [76.18309, 22.63133], [76.17758, 22.62363], [76.17817, 22.62161], [76.17474, 22.61876], [76.1766, 22.61751], [76.17777, 22.61245], [76.18113, 22.613], [76.1833, 22.61512], [76.18613, 22.61492], [76.18484, 22.60915], [76.18805, 22.60926], [76.19164, 22.60643], [76.18707, 22.60231], [76.181, 22.6027], [76.17805, 22.59805], [76.18234, 22.59633], [76.18611, 22.59674], [76.18675, 22.59483], [76.18989, 22.59472], [76.19556, 22.5984], [76.19499, 22.6102], [76.20182, 22.62283], [76.21648, 22.62068], [76.21671, 22.61461], [76.21909, 22.61339], [76.23445, 22.61467], [76.23844, 22.62142], [76.23989, 22.63318], [76.24966, 22.64142], [76.24468, 22.64052], [76.24294, 22.6463], [76.2355, 22.64689], [76.23301, 22.64913], [76.23025, 22.64897], [76.2323, 22.65172], [76.23175, 22.65333], [76.23652, 22.6594], [76.23205, 22.67292], [76.22423, 22.66929], [76.22421, 22.66726], [76.21588, 22.65947], [76.2107, 22.66017], [76.20306, 22.65881], [76.19878, 22.66037], [76.19368, 22.65844], [76.19468, 22.66512], [76.20635, 22.6737], [76.20232, 22.67408], [76.20262, 22.67608], [76.20124, 22.67642], [76.19939, 22.68211], [76.19288, 22.68781], [76.18304, 22.69217], [76.17764, 22.69264], [76.17523, 22.69183], [76.17348, 22.68804], [76.15963, 22.68701], [76.14302, 22.69068], [76.13727, 22.69587], [76.12553, 22.70033], [76.12215, 22.70054], [76.1215, 22.69698], [76.12029, 22.69687], [76.10564, 22.6992], [76.10267, 22.71387], [76.10018, 22.7134], [76.0985, 22.7151], [76.09583, 22.71266], [76.09591, 22.71572], [76.10038, 22.72072], [76.10042, 22.7237], [76.098, 22.72545], [76.09129, 22.72665], [76.0902, 22.7311], [76.08875, 22.73167], [76.08892, 22.73613], [76.09134, 22.73789], [76.09143, 22.74319], [76.08685, 22.74639], [76.08715, 22.74822], [76.0896, 22.7482], [76.08815, 22.74975], [76.08585, 22.74969], [76.0845, 22.75264], [76.08186, 22.75301], [76.08546, 22.75521], [76.0853, 22.75747], [76.08123, 22.76189], [76.08257, 22.76547], [76.07909, 22.77115], [76.07539, 22.77092], [76.07449, 22.77453], [76.07075, 22.77901], [76.07044, 22.78733], [76.06755, 22.78882], [76.06464, 22.79328], [76.06527, 22.79978], [76.06238, 22.80171], [76.0627, 22.80442], [76.05618, 22.80029], [76.05442, 22.80351], [76.05162, 22.80418], [76.0509, 22.8067], [76.05317, 22.80801], [76.05472, 22.81127], [76.05391, 22.81279], [76.05666, 22.81362], [76.0537, 22.81662], [76.05093, 22.81471], [76.04497, 22.82074], [76.04483, 22.82436], [76.03915, 22.82743], [76.03911, 22.831], [76.04159, 22.83485], [76.03936, 22.83582], [76.03994, 22.83881], [76.0364, 22.8401], [76.03487, 22.84518], [76.03, 22.8493], [76.02826, 22.85], [76.0263, 22.84802], [76.02506, 22.84861], [76.02339, 22.85444], [76.02565, 22.85734], [76.01617, 22.86063], [76.0135, 22.86023], [76.01286, 22.85778], [76.00845, 22.85786], [76.00608, 22.86329], [75.99984, 22.86755], [75.99904, 22.87183], [75.99304, 22.86925], [75.98672, 22.87037], [75.98179, 22.8785], [75.98282, 22.88088], [75.98856, 22.88361], [75.98299, 22.89074], [75.98539, 22.89448], [75.98491, 22.89925], [75.98204, 22.90376], [75.98431, 22.90872], [75.97958, 22.9146], [75.97983, 22.91939], [75.97314, 22.92731], [75.96823, 22.92716], [75.96711, 22.9324], [75.96905, 22.93581], [75.96752, 22.94203], [75.96568, 22.94244], [75.9626, 22.94031], [75.9541, 22.94411], [75.95385, 22.94907], [75.95003, 22.95061], [75.94885, 22.95545], [75.94374, 22.95611], [75.94473, 22.96081], [75.93951, 22.96065], [75.93888, 22.96572], [75.93476, 22.96641], [75.93, 22.97185], [75.92652, 22.97233], [75.926, 22.97364], [75.92871, 22.97585], [75.92725, 22.97788], [75.92196, 22.97727], [75.91994, 22.97341], [75.91788, 22.9739], [75.91446, 22.98165], [75.91624, 22.98587], [75.91157, 22.98704], [75.90841, 22.99128], [75.90379, 22.99219], [75.90276, 22.99603], [75.89931, 22.99977], [75.89791, 23.00364], [75.89432, 23.00256], [75.89018, 23.00582], [75.89162, 23.01035], [75.88674, 23.0138], [75.88655, 23.01751], [75.88896, 23.01905], [75.88606, 23.02504], [75.88344, 23.02585], [75.88022, 23.02371], [75.87944, 23.02793], [75.87434, 23.03095], [75.87708, 23.03494], [75.87674, 23.03682], [75.87302, 23.03543], [75.86951, 23.03637], [75.86944, 23.03444], [75.84909, 23.03402], [75.84462, 23.02672], [75.83658, 23.03024], [75.81785, 23.03508], [75.82014, 23.03746], [75.8186, 23.0385], [75.81029, 23.03784], [75.8072, 23.03204], [75.79649, 23.03254], [75.78009, 23.03016], [75.78067, 23.02539], [75.76248, 23.02601], [75.76248, 23.03251], [75.76091, 23.03284], [75.74277, 23.03267], [75.73543, 23.0312], [75.73411, 23.01327], [75.72763, 23.01238], [75.7193, 23.01259], [75.71227, 23.01506], [75.71206, 23.01621], [75.7005, 23.01561], [75.68725, 23.01842], [75.68154, 23.01782], [75.68084, 23.01381], [75.6742, 23.01171], [75.6604, 23.01655], [75.65907, 23.0183], [75.65498, 23.01873], [75.65268, 23.01752], [75.65294, 23.02127], [75.65098, 23.02117], [75.65191, 23.02353], [75.64705, 23.01894], [75.647, 23.01723], [75.6437, 23.02133], [75.6434, 23.01833], [75.64057, 23.01847], [75.6392, 23.02015], [75.63799, 23.01772], [75.63879, 23.01527], [75.6419, 23.01586], [75.6435, 23.0147], [75.64323, 23.01047], [75.64821, 23.00767], [75.64869, 23.0045], [75.6347, 23.00452], [75.63376, 23.01528], [75.63577, 23.02674], [75.63085, 23.02769], [75.62881, 23.0346], [75.62359, 23.04127], [75.62469, 23.0427], [75.62973, 23.04361], [75.62722, 23.04923], [75.62519, 23.04902], [75.62447, 23.04707], [75.62189, 23.04734], [75.6106, 23.03577], [75.59907, 23.03308], [75.59483, 23.04486], [75.58515, 23.04923], [75.58205, 23.04845], [75.58181, 23.05407], [75.57868, 23.05862], [75.56976, 23.0664], [75.56715, 23.06252], [75.55212, 23.06136], [75.54817, 23.06003], [75.54791, 23.04654], [75.53971, 23.04218], [75.53781, 23.03462], [75.53639, 23.03456], [75.53609, 23.03287], [75.53095, 23.03143], [75.52839, 23.03388], [75.523, 23.03475], [75.52455, 23.03577], [75.52335, 23.03934], [75.51963, 23.0369], [75.5212, 23.03], [75.51737, 23.02523], [75.51895, 23.01983], [75.50955, 23.01923], [75.50985, 23.01546], [75.51368, 23.0144], [75.51411, 23.01279], [75.51195, 23.00931], [75.51011, 23.01027], [75.50864, 23.00415], [75.50514, 22.99967], [75.50133, 22.99964], [75.49972, 22.99674], [75.49771, 23.00046], [75.49022, 23.00106], [75.49105, 23.01248], [75.48695, 23.0155], [75.47794, 23.01419], [75.462, 23.00409], [75.46161, 23.00288], [75.47617, 23.00028], [75.47598, 22.98389], [75.4882, 22.98314], [75.48955, 22.98509], [75.49539, 22.98222], [75.48877, 22.96563], [75.46594, 22.96712], [75.4583, 22.93952], [75.47862, 22.93693], [75.47799, 22.92394], [75.46176, 22.92365], [75.45864, 22.91286], [75.45351, 22.91157], [75.45104, 22.90858], [75.44145, 22.90487], [75.44319, 22.8781], [75.43952, 22.8654]]]}}, {"type": "Feature", "properties": {"shapeName": "Gwalior", "shapeISO": "", "shapeID": "76128533B90551733723251", "shapeGroup": "IND", "shapeType": "ADM2"}, "geometry": {"type": "Polygon", "coordinates": [[[77.68318, 25.91021], [77.68818, 25.90935], [77.69928, 25.89742], [77.701, 25.89473], [77.70094, 25.88104], [77.70555, 25.87583], [77.71677, 25.87338], [77.72075, 25.87702], [77.73627, 25.8748], [77.74013, 25.8761], [77.7445, 25.8801], [77.75125, 25.8811], [77.75294, 25.87993], [77.75218, 25.87844], [77.74982, 25.87843], [77.75036, 25.87155], [77.74765, 25.86296], [77.75142, 25.85814], [77.76231, 25.85881], [77.76271, 25.85151], [77.76624, 25.84371], [77.77062, 25.8452], [77.77659, 25.8543], [77.78428, 25.85407], [77.7875, 25.85185], [77.78841, 25.84852], [77.79371, 25.85136], [77.79756, 25.85156], [77.8023, 25.84793], [77.8109, 25.83594], [77.82495, 25.81086], [77.83703, 25.80895], [77.84533, 25.8113], [77.85295, 25.81074], [77.86855, 25.80497], [77.87143, 25.80137], [77.87228, 25.79273], [77.87901, 25.78578], [77.86912, 25.77903], [77.87437, 25.7782], [77.87525, 25.77392], [77.87832, 25.77737], [77.8788, 25.77628], [77.8762, 25.76938], [77.87768, 25.76689], [77.87513, 25.76312], [77.87687, 25.75986], [77.87242, 25.76], [77.87224, 25.76316], [77.86968, 25.75866], [77.86734, 25.75822], [77.86639, 25.75634], [77.86793, 25.75653], [77.86828, 25.75445], [77.87043, 25.75537], [77.87133, 25.75082], [77.87316, 25.75578], [77.87427, 25.75362], [77.87872, 25.75343], [77.87641, 25.74893], [77.87727, 25.74501], [77.8757, 25.73969], [77.87247, 25.74242], [77.87082, 25.74097], [77.87656, 25.73569], [77.88313, 25.73464], [77.88559, 25.73261], [77.89673, 25.73957], [77.91271, 25.74095], [77.91588, 25.74933], [77.91822, 25.75145], [77.92396, 25.75136], [77.94164, 25.74676], [77.95535, 25.74787], [77.96427, 25.74641], [77.96723, 25.75035], [77.97042, 25.74946], [77.97329, 25.75059], [77.9727, 25.75375], [77.98108, 25.76007], [78.00032, 25.76261], [78.00341, 25.76227], [78.00471, 25.75565], [78.00088, 25.7473], [77.9993, 25.73667], [78.01443, 25.72921], [78.01328, 25.72425], [78.02175, 25.72242], [78.02103, 25.72135], [78.02526, 25.71383], [78.02867, 25.71719], [78.03263, 25.71348], [78.04021, 25.71234], [78.05592, 25.70592], [78.05842, 25.70939], [78.06456, 25.70786], [78.07657, 25.71624], [78.0879, 25.71746], [78.09151, 25.71677], [78.09503, 25.71344], [78.09883, 25.71441], [78.10044, 25.71339], [78.10107, 25.71445], [78.10401, 25.71415], [78.10388, 25.7154], [78.10758, 25.71779], [78.11365, 25.71692], [78.11737, 25.71847], [78.11835, 25.7158], [78.12274, 25.71787], [78.12385, 25.71708], [78.12631, 25.71824], [78.12753, 25.71714], [78.12987, 25.71855], [78.12863, 25.71959], [78.13581, 25.72345], [78.13636, 25.72185], [78.13744, 25.72252], [78.13905, 25.72097], [78.1441, 25.72282], [78.14441, 25.72011], [78.14559, 25.72251], [78.15049, 25.72394], [78.15187, 25.71801], [78.15943, 25.71636], [78.16253, 25.71714], [78.16714, 25.72686], [78.17834, 25.73732], [78.19657, 25.73657], [78.21106, 25.73407], [78.21644, 25.73479], [78.23749, 25.75779], [78.24021, 25.75503], [78.24608, 25.75584], [78.2643, 25.77957], [78.26626, 25.78049], [78.27899, 25.77921], [78.29092, 25.78259], [78.29992, 25.78304], [78.31333, 25.7899], [78.32191, 25.79003], [78.32545, 25.79479], [78.32878, 25.79526], [78.31678, 25.81026], [78.31087, 25.80869], [78.30993, 25.80976], [78.315, 25.81353], [78.31703, 25.81879], [78.32083, 25.82174], [78.32057, 25.82354], [78.33082, 25.83075], [78.33834, 25.83341], [78.34488, 25.82983], [78.35017, 25.83259], [78.36582, 25.82916], [78.3708, 25.83335], [78.38245, 25.83258], [78.39153, 25.8351], [78.39441, 25.83808], [78.39559, 25.84222], [78.38898, 25.85052], [78.38995, 25.85355], [78.40219, 25.85558], [78.41571, 25.86584], [78.42281, 25.87575], [78.43905, 25.88085], [78.45596, 25.89854], [78.47144, 25.90502], [78.47506, 25.9085], [78.47749, 25.91698], [78.47387, 25.92908], [78.48565, 25.93825], [78.48403, 25.95398], [78.48431, 25.95799], [78.48647, 25.96119], [78.49307, 25.96189], [78.50978, 25.9603], [78.51456, 25.96469], [78.52011, 25.96673], [78.54427, 25.9706], [78.54718, 25.97446], [78.54878, 25.98235], [78.55422, 25.98526], [78.55979, 25.99156], [78.57188, 25.99339], [78.57804, 25.9992], [78.58752, 26.00394], [78.60339, 26.03244], [78.6056, 26.04376], [78.60892, 26.04587], [78.61282, 26.04543], [78.62376, 26.04863], [78.62991, 26.04642], [78.63247, 26.05018], [78.64723, 26.05888], [78.64876, 26.06184], [78.64604, 26.06486], [78.63677, 26.06784], [78.63371, 26.07015], [78.63441, 26.07365], [78.64181, 26.07948], [78.61246, 26.09404], [78.60926, 26.096], [78.60831, 26.09863], [78.61121, 26.10601], [78.61439, 26.10865], [78.61169, 26.11645], [78.61104, 26.12683], [78.61776, 26.13088], [78.62936, 26.12254], [78.63708, 26.1192], [78.64849, 26.11769], [78.65446, 26.12371], [78.64214, 26.12525], [78.63497, 26.14897], [78.63073, 26.1514], [78.62876, 26.15455], [78.62459, 26.16334], [78.62681, 26.19516], [78.62901, 26.20027], [78.62133, 26.20462], [78.62303, 26.2092], [78.61983, 26.20955], [78.62095, 26.21463], [78.61426, 26.21491], [78.61521, 26.20789], [78.61308, 26.20383], [78.61489, 26.19749], [78.61047, 26.18944], [78.60934, 26.18993], [78.60908, 26.20153], [78.59668, 26.20498], [78.59577, 26.20775], [78.58393, 26.21364], [78.57804, 26.20621], [78.57025, 26.20337], [78.57261, 26.19822], [78.56886, 26.19542], [78.56773, 26.18963], [78.56413, 26.18924], [78.56232, 26.19091], [78.55077, 26.18646], [78.54681, 26.18881], [78.54557, 26.19201], [78.54835, 26.19682], [78.54186, 26.20137], [78.54038, 26.204], [78.54295, 26.20888], [78.54326, 26.21547], [78.53348, 26.21814], [78.53276, 26.22126], [78.53077, 26.22235], [78.5197, 26.22449], [78.51896, 26.22775], [78.52205, 26.2367], [78.52066, 26.23704], [78.51982, 26.24009], [78.51751, 26.23906], [78.50633, 26.24213], [78.50576, 26.24472], [78.51016, 26.2528], [78.50189, 26.25724], [78.5008, 26.26183], [78.48134, 26.26386], [78.47604, 26.24966], [78.47598, 26.24468], [78.4728, 26.24302], [78.46889, 26.25373], [78.46571, 26.25612], [78.45755, 26.25401], [78.44235, 26.25761], [78.44365, 26.27656], [78.43199, 26.2806], [78.41542, 26.29228], [78.41618, 26.29323], [78.41479, 26.29399], [78.41827, 26.31184], [78.41651, 26.31422], [78.41723, 26.31689], [78.42118, 26.31993], [78.42334, 26.32819], [78.41388, 26.3285], [78.40964, 26.33019], [78.40866, 26.32834], [78.39905, 26.33297], [78.39151, 26.33182], [78.38984, 26.33005], [78.37971, 26.33303], [78.37925, 26.3355], [78.37514, 26.33741], [78.36858, 26.33673], [78.36011, 26.3317], [78.35837, 26.33366], [78.3499, 26.33348], [78.35068, 26.33738], [78.34607, 26.34046], [78.34664, 26.34155], [78.33209, 26.34473], [78.32622, 26.34412], [78.32052, 26.33959], [78.31417, 26.33961], [78.3072, 26.3431], [78.30744, 26.34084], [78.30418, 26.34051], [78.30451, 26.33562], [78.29934, 26.33385], [78.29667, 26.33499], [78.29709, 26.33916], [78.29978, 26.33959], [78.29992, 26.34304], [78.29535, 26.34486], [78.29382, 26.34317], [78.29257, 26.3448], [78.28898, 26.34321], [78.28718, 26.34416], [78.27655, 26.33357], [78.26669, 26.33399], [78.26312, 26.32964], [78.25728, 26.32759], [78.25617, 26.32555], [78.26182, 26.31673], [78.26292, 26.31188], [78.25862, 26.3095], [78.25603, 26.31347], [78.24254, 26.317], [78.22897, 26.31585], [78.18355, 26.32143], [78.18261, 26.31914], [78.17129, 26.32603], [78.16934, 26.32439], [78.16403, 26.325], [78.16354, 26.3305], [78.15256, 26.33863], [78.14885, 26.33696], [78.12183, 26.33623], [78.12062, 26.3299], [78.11282, 26.32121], [78.10272, 26.32076], [78.09577, 26.32236], [78.08362, 26.32817], [78.07626, 26.32926], [78.07736, 26.32566], [78.07591, 26.32324], [78.06947, 26.32184], [78.06722, 26.31836], [78.07066, 26.3133], [78.06977, 26.31074], [78.06676, 26.31078], [78.06392, 26.31409], [78.06054, 26.31513], [78.05776, 26.30986], [78.05504, 26.30804], [78.04967, 26.31175], [78.04821, 26.31063], [78.03571, 26.3105], [78.03183, 26.30677], [78.02962, 26.30698], [78.00964, 26.31762], [78.00713, 26.32298], [78.00389, 26.32016], [78.0049, 26.30825], [78.00283, 26.29486], [78.00348, 26.28505], [78.01365, 26.26946], [77.99901, 26.26953], [77.99402, 26.26714], [77.99076, 26.26241], [77.99436, 26.25601], [77.99924, 26.25208], [77.99748, 26.23938], [77.99039, 26.24028], [77.99022, 26.24511], [77.98783, 26.2475], [77.96447, 26.25677], [77.95408, 26.23903], [77.95021, 26.24955], [77.91454, 26.24913], [77.90944, 26.2467], [77.90845, 26.24284], [77.90587, 26.2409], [77.90684, 26.23798], [77.90362, 26.22813], [77.89491, 26.22249], [77.88601, 26.22824], [77.87766, 26.22814], [77.87592, 26.22383], [77.87621, 26.21584], [77.86584, 26.20961], [77.85896, 26.20878], [77.84978, 26.21024], [77.8512, 26.21711], [77.83785, 26.22524], [77.83748, 26.22882], [77.84227, 26.24172], [77.84732, 26.24604], [77.82264, 26.25012], [77.8196, 26.25274], [77.81811, 26.25241], [77.8152, 26.24495], [77.80914, 26.24093], [77.79758, 26.22325], [77.78368, 26.2167], [77.78438, 26.20992], [77.78306, 26.20615], [77.77363, 26.19777], [77.77282, 26.17904], [77.76581, 26.17696], [77.76371, 26.16928], [77.75724, 26.16492], [77.751, 26.16312], [77.74564, 26.15815], [77.74993, 26.14175], [77.74421, 26.13523], [77.74315, 26.11939], [77.74751, 26.11425], [77.75143, 26.11359], [77.75449, 26.1109], [77.75874, 26.11123], [77.76316, 26.11472], [77.77479, 26.1125], [77.77446, 26.10674], [77.76279, 26.07955], [77.76829, 26.07798], [77.76944, 26.06885], [77.77823, 26.05078], [77.77803, 26.04639], [77.77613, 26.04379], [77.76916, 26.04087], [77.76376, 26.03429], [77.76187, 26.03625], [77.75098, 26.03737], [77.73537, 26.04336], [77.73081, 26.04371], [77.72351, 26.03409], [77.70806, 26.00307], [77.67987, 25.98172], [77.67042, 25.96612], [77.66972, 25.96074], [77.67427, 25.95027], [77.67257, 25.94053], [77.6744, 25.93788], [77.67411, 25.93508], [77.68008, 25.92998], [77.67537, 25.9268], [77.67795, 25.91478], [77.68318, 25.91021]]]}}, {"type": "Feature", "properties": {"shapeName": "Bhopal", "shapeISO": "", "shapeID": "76128533B22439249004073", "shapeGroup": "IND", "shapeType": "ADM2"}, "geometry": {"type": "Polygon", "coordinates": [[[77.52044, 23.50492], [77.52018, 23.51124], [77.51355, 23.5154], [77.51392, 23.51963], [77.51076, 23.51972], [77.50761, 23.52234], [77.50666, 23.54245], [77.5092, 23.54699], [77.51307, 23.54688], [77.51313, 23.54814], [77.51042, 23.55954], [77.508, 23.5627], [77.50834, 23.56619], [77.51814, 23.57437], [77.52661, 23.57276], [77.53072, 23.57793], [77.53738, 23.57822], [77.54773, 23.58709], [77.55329, 23.58499], [77.55683, 23.5885], [77.56468, 23.60142], [77.56081, 23.6098], [77.56776, 23.60809], [77.56828, 23.60979], [77.56651, 23.61114], [77.57065, 23.61944], [77.56921, 23.62158], [77.57327, 23.62693], [77.57311, 23.63142], [77.57643, 23.63486], [77.57222, 23.64166], [77.57533, 23.64235], [77.57593, 23.64522], [77.58923, 23.64755], [77.58791, 23.64958], [77.59118, 23.6497], [77.59231, 23.65345], [77.60885, 23.65694], [77.61333, 23.65586], [77.62214, 23.65694], [77.62586, 23.65481], [77.63201, 23.65547], [77.63457, 23.66432], [77.64331, 23.6761], [77.64663, 23.68496], [77.65068, 23.69033], [77.64923, 23.69918], [77.65028, 23.71051], [77.64578, 23.70986], [77.64202, 23.70484], [77.63725, 23.71162], [77.63416, 23.71041], [77.63066, 23.70586], [77.62399, 23.70848], [77.62055, 23.70811], [77.61745, 23.7103], [77.61888, 23.72213], [77.60571, 23.72525], [77.6033, 23.7241], [77.6044, 23.73017], [77.60297, 23.73125], [77.60887, 23.73031], [77.61239, 23.74452], [77.59347, 23.74857], [77.59142, 23.75172], [77.58446, 23.75417], [77.58268, 23.75797], [77.5788, 23.75815], [77.57776, 23.76318], [77.57566, 23.76435], [77.56492, 23.76314], [77.56514, 23.75752], [77.55698, 23.75251], [77.54859, 23.7548], [77.54337, 23.75269], [77.53757, 23.75693], [77.53028, 23.75661], [77.52805, 23.76009], [77.51809, 23.75913], [77.5127, 23.76307], [77.50883, 23.77004], [77.50196, 23.77292], [77.49733, 23.76757], [77.49415, 23.76702], [77.49231, 23.764], [77.48431, 23.76194], [77.47684, 23.75395], [77.46985, 23.75348], [77.45635, 23.75876], [77.45676, 23.76923], [77.44747, 23.77526], [77.4403, 23.77156], [77.44003, 23.77368], [77.43765, 23.77287], [77.43594, 23.77821], [77.43902, 23.78578], [77.44864, 23.7889], [77.44736, 23.79235], [77.44106, 23.79236], [77.43159, 23.79794], [77.42932, 23.80091], [77.41872, 23.79976], [77.41736, 23.79722], [77.41175, 23.80553], [77.40737, 23.81798], [77.40954, 23.8246], [77.40358, 23.82283], [77.40335, 23.82629], [77.40139, 23.82519], [77.39656, 23.82644], [77.39142, 23.83101], [77.39327, 23.83348], [77.39147, 23.83512], [77.39547, 23.8371], [77.39882, 23.83422], [77.40166, 23.83391], [77.40373, 23.84483], [77.39791, 23.85031], [77.39116, 23.85335], [77.38578, 23.8591], [77.38109, 23.87048], [77.37944, 23.88157], [77.34382, 23.8887], [77.33735, 23.88808], [77.33501, 23.88998], [77.32834, 23.89019], [77.32193, 23.88768], [77.31841, 23.88916], [77.32082, 23.88178], [77.31218, 23.88679], [77.30305, 23.88754], [77.30101, 23.89101], [77.29604, 23.89278], [77.29275, 23.88892], [77.28099, 23.88391], [77.26801, 23.88446], [77.266, 23.8861], [77.25668, 23.88598], [77.2511, 23.89051], [77.2424, 23.88819], [77.22866, 23.89037], [77.22342, 23.85973], [77.22681, 23.84528], [77.21627, 23.83773], [77.22528, 23.83171], [77.22738, 23.82227], [77.22605, 23.81055], [77.21806, 23.80193], [77.21689, 23.79811], [77.21697, 23.79342], [77.21991, 23.78848], [77.21954, 23.78312], [77.21758, 23.77931], [77.21049, 23.77541], [77.20848, 23.77247], [77.20587, 23.75636], [77.1936, 23.73837], [77.18928, 23.72357], [77.18859, 23.71514], [77.18007, 23.69674], [77.179, 23.69072], [77.16826, 23.68168], [77.16788, 23.6804], [77.17219, 23.67582], [77.16894, 23.67206], [77.17397, 23.67065], [77.1731, 23.66848], [77.17592, 23.66441], [77.17577, 23.65755], [77.1784, 23.65781], [77.17817, 23.66208], [77.18037, 23.66683], [77.18294, 23.66514], [77.18787, 23.66476], [77.19029, 23.66034], [77.19243, 23.65933], [77.19359, 23.65301], [77.20242, 23.64604], [77.20683, 23.65114], [77.20535, 23.65149], [77.20799, 23.65796], [77.21666, 23.65814], [77.22278, 23.65259], [77.22815, 23.65081], [77.22874, 23.64261], [77.23157, 23.63506], [77.2291, 23.62907], [77.22552, 23.62543], [77.22504, 23.61922], [77.23297, 23.61146], [77.24147, 23.61241], [77.25278, 23.61122], [77.25768, 23.60566], [77.26475, 23.6013], [77.27986, 23.59729], [77.27673, 23.59191], [77.27503, 23.59172], [77.27592, 23.57885], [77.28754, 23.57766], [77.29795, 23.57164], [77.29393, 23.56345], [77.28555, 23.5552], [77.28583, 23.55118], [77.28466, 23.55111], [77.29125, 23.54188], [77.28946, 23.53862], [77.29361, 23.53732], [77.29373, 23.53191], [77.29097, 23.52702], [77.29277, 23.51783], [77.29087, 23.50781], [77.29802, 23.50609], [77.29992, 23.49935], [77.29627, 23.49248], [77.2915, 23.49004], [77.28932, 23.48475], [77.28586, 23.48536], [77.28604, 23.46907], [77.30041, 23.46539], [77.29532, 23.4608], [77.29378, 23.45232], [77.28954, 23.44975], [77.28564, 23.43886], [77.2869, 23.42896], [77.29033, 23.42597], [77.29045, 23.42377], [77.28329, 23.41861], [77.28487, 23.41676], [77.28427, 23.41439], [77.27063, 23.39737], [77.2511, 23.40273], [77.24848, 23.40201], [77.24617, 23.39897], [77.24284, 23.40068], [77.23593, 23.40117], [77.23601, 23.39308], [77.22984, 23.38815], [77.23727, 23.38678], [77.24321, 23.38848], [77.2481, 23.38342], [77.25195, 23.38293], [77.25562, 23.37503], [77.24926, 23.37189], [77.24474, 23.37369], [77.24247, 23.37035], [77.23682, 23.36774], [77.23684, 23.36115], [77.22682, 23.35299], [77.22406, 23.34828], [77.22593, 23.34272], [77.21983, 23.32733], [77.21984, 23.31805], [77.20778, 23.31589], [77.20682, 23.31989], [77.2024, 23.32379], [77.19856, 23.33683], [77.19975, 23.34395], [77.19543, 23.35001], [77.18633, 23.34933], [77.18357, 23.35104], [77.17904, 23.34725], [77.17733, 23.34223], [77.17736, 23.3307], [77.17924, 23.32275], [77.17103, 23.31353], [77.17402, 23.30634], [77.17193, 23.29968], [77.18603, 23.29897], [77.18952, 23.28969], [77.19661, 23.29202], [77.20148, 23.2897], [77.20589, 23.29044], [77.20737, 23.2886], [77.2138, 23.28864], [77.21554, 23.28776], [77.21693, 23.28289], [77.2126, 23.27736], [77.21493, 23.27398], [77.21432, 23.26832], [77.21254, 23.26665], [77.20831, 23.26726], [77.20544, 23.26282], [77.20515, 23.25372], [77.20892, 23.2458], [77.19159, 23.23933], [77.18994, 23.23752], [77.18899, 23.2309], [77.18489, 23.22792], [77.17868, 23.22677], [77.179, 23.22155], [77.18595, 23.20974], [77.19562, 23.21025], [77.2001, 23.21194], [77.19889, 23.21344], [77.21157, 23.2175], [77.21187, 23.21576], [77.2091, 23.21479], [77.20899, 23.20921], [77.21674, 23.20569], [77.2162, 23.20272], [77.21391, 23.19809], [77.20557, 23.19242], [77.20535, 23.19004], [77.23031, 23.18543], [77.23075, 23.18305], [77.22825, 23.17982], [77.22791, 23.17613], [77.22403, 23.17239], [77.23385, 23.16942], [77.2333, 23.16129], [77.23967, 23.15671], [77.23986, 23.14792], [77.24652, 23.14929], [77.24978, 23.14769], [77.25047, 23.14164], [77.24887, 23.13235], [77.25818, 23.13161], [77.26735, 23.12841], [77.27359, 23.122], [77.27402, 23.1139], [77.27696, 23.10948], [77.27844, 23.10163], [77.27347, 23.09161], [77.27853, 23.09244], [77.28331, 23.09144], [77.29819, 23.09867], [77.31806, 23.09733], [77.32348, 23.09823], [77.32171, 23.08724], [77.32381, 23.08294], [77.33957, 23.07708], [77.34926, 23.07844], [77.35525, 23.07732], [77.35747, 23.07877], [77.36382, 23.07775], [77.36928, 23.07425], [77.3769, 23.07447], [77.38167, 23.07004], [77.38922, 23.07285], [77.40178, 23.07501], [77.40433, 23.07665], [77.40419, 23.0824], [77.41022, 23.07939], [77.41352, 23.07943], [77.41671, 23.08295], [77.43003, 23.08509], [77.43288, 23.08696], [77.43585, 23.08453], [77.43954, 23.08551], [77.44703, 23.08348], [77.4495, 23.08549], [77.45327, 23.08558], [77.45566, 23.08392], [77.45991, 23.09268], [77.46591, 23.09252], [77.46729, 23.09115], [77.47482, 23.09699], [77.47583, 23.09148], [77.48166, 23.09198], [77.48536, 23.09058], [77.48449, 23.09463], [77.48933, 23.09455], [77.49101, 23.09278], [77.49618, 23.09814], [77.50044, 23.09654], [77.50369, 23.09752], [77.50129, 23.09936], [77.50209, 23.10249], [77.50708, 23.1028], [77.5084, 23.10831], [77.51365, 23.10959], [77.51193, 23.11428], [77.51489, 23.11504], [77.51698, 23.1183], [77.5183, 23.11791], [77.51752, 23.11453], [77.51865, 23.11381], [77.52496, 23.11557], [77.52656, 23.11375], [77.53312, 23.1167], [77.53683, 23.11644], [77.53752, 23.11907], [77.53524, 23.12038], [77.53527, 23.1232], [77.5396, 23.12758], [77.53987, 23.132], [77.54542, 23.13227], [77.54635, 23.1355], [77.54883, 23.13586], [77.56359, 23.13515], [77.56837, 23.15004], [77.5683, 23.15486], [77.56632, 23.15485], [77.5649, 23.15272], [77.56279, 23.15399], [77.56394, 23.16101], [77.56043, 23.16308], [77.56043, 23.17248], [77.58116, 23.17696], [77.5837, 23.18395], [77.58127, 23.18419], [77.58162, 23.18289], [77.57471, 23.18435], [77.57538, 23.19381], [77.58118, 23.19239], [77.59166, 23.21751], [77.59644, 23.22004], [77.59707, 23.22239], [77.59412, 23.22446], [77.59339, 23.23788], [77.59024, 23.2405], [77.58825, 23.24711], [77.59741, 23.25391], [77.58955, 23.26447], [77.58563, 23.26574], [77.58439, 23.26965], [77.58924, 23.27543], [77.59067, 23.2808], [77.58803, 23.28378], [77.58836, 23.28618], [77.59145, 23.29075], [77.59966, 23.29673], [77.60757, 23.30695], [77.62347, 23.31389], [77.6277, 23.31231], [77.6298, 23.31596], [77.62137, 23.32654], [77.62917, 23.33708], [77.62559, 23.34255], [77.58314, 23.33891], [77.58385, 23.34771], [77.58539, 23.34984], [77.58255, 23.34942], [77.58308, 23.3544], [77.57787, 23.35428], [77.56637, 23.35969], [77.56451, 23.36391], [77.55748, 23.37015], [77.5591, 23.37466], [77.56095, 23.37476], [77.56009, 23.37636], [77.55883, 23.37566], [77.55842, 23.37681], [77.55445, 23.37405], [77.54928, 23.37615], [77.55026, 23.39177], [77.55362, 23.39479], [77.55984, 23.3959], [77.56185, 23.39914], [77.55998, 23.40249], [77.56135, 23.40689], [77.55712, 23.41327], [77.53708, 23.41567], [77.52961, 23.41514], [77.51949, 23.41225], [77.51798, 23.4114], [77.51333, 23.39945], [77.50998, 23.40073], [77.50669, 23.40544], [77.50381, 23.4058], [77.50404, 23.4106], [77.49157, 23.41414], [77.49353, 23.42485], [77.49798, 23.43472], [77.49542, 23.44485], [77.49981, 23.44877], [77.49974, 23.45551], [77.5029, 23.46038], [77.50404, 23.46937], [77.50714, 23.47313], [77.50341, 23.48077], [77.51381, 23.48987], [77.51455, 23.49658], [77.51803, 23.50411], [77.52044, 23.50492]]]}}, {"type": "Feature", "properties": {"shapeName": "Bhagalpur", "shapeISO": "", "shapeID": "76128533B83462627230182", "shapeGroup": "IND", "shapeType": "ADM2"}, "geometry": {"type": "Polygon", "coordinates": [[[87.55282, 25.33161], [87.5449, 25.33225], [87.5415, 25.33051], [87.53586, 25.33719], [87.52718, 25.34259], [87.52983, 25.34756], [87.52899, 25.35449], [87.52751, 25.35582], [87.52434, 25.3551], [87.52568, 25.34835], [87.51331, 25.35399], [87.50165, 25.35133], [87.49004, 25.36596], [87.4883, 25.36591], [87.48706, 25.3691], [87.4782, 25.3665], [87.46168, 25.3669], [87.4544, 25.35986], [87.44179, 25.36358], [87.43684, 25.37286], [87.43672, 25.37898], [87.43509, 25.38125], [87.42982, 25.37485], [87.42744, 25.37665], [87.42522, 25.37581], [87.40828, 25.38055], [87.40638, 25.38627], [87.40874, 25.39251], [87.40567, 25.3913], [87.38235, 25.40526], [87.36719, 25.40933], [87.36451, 25.41535], [87.36629, 25.41785], [87.36793, 25.41726], [87.36874, 25.41842], [87.36565, 25.42447], [87.36095, 25.42085], [87.36156, 25.41925], [87.35737, 25.41526], [87.34987, 25.41652], [87.34328, 25.41509], [87.33919, 25.41651], [87.32163, 25.40808], [87.3149, 25.40833], [87.30987, 25.40472], [87.30903, 25.40186], [87.30186, 25.40339], [87.2922, 25.39949], [87.29312, 25.39406], [87.28511, 25.37836], [87.28154, 25.36701], [87.27528, 25.35773], [87.27124, 25.35907], [87.26867, 25.35317], [87.26282, 25.35141], [87.27648, 25.37167], [87.24462, 25.3814], [87.23853, 25.37671], [87.2296, 25.37658], [87.22892, 25.38003], [87.22513, 25.38209], [87.21964, 25.3908], [87.21458, 25.39529], [87.21715, 25.40367], [87.21726, 25.41126], [87.20066, 25.41472], [87.19957, 25.41634], [87.20142, 25.42317], [87.20704, 25.42935], [87.21273, 25.42993], [87.21592, 25.43335], [87.21963, 25.43399], [87.22243, 25.43758], [87.22511, 25.44542], [87.2223, 25.4488], [87.22596, 25.45362], [87.20831, 25.45842], [87.20304, 25.44634], [87.19485, 25.44683], [87.19138, 25.44996], [87.18938, 25.44908], [87.18824, 25.44582], [87.18546, 25.44482], [87.18531, 25.44175], [87.18203, 25.44092], [87.18048, 25.44227], [87.1811, 25.44532], [87.17782, 25.44837], [87.16914, 25.45156], [87.16447, 25.45177], [87.15829, 25.4469], [87.15426, 25.43797], [87.14938, 25.43642], [87.13401, 25.43913], [87.12922, 25.43682], [87.12345, 25.43849], [87.11831, 25.43685], [87.11673, 25.43983], [87.11088, 25.4384], [87.10888, 25.43537], [87.10482, 25.43326], [87.1005, 25.43346], [87.09804, 25.43744], [87.09458, 25.43787], [87.09494, 25.44268], [87.09349, 25.44429], [87.08666, 25.44663], [87.08628, 25.44495], [87.08238, 25.44294], [87.08019, 25.44924], [87.0827, 25.45304], [87.07794, 25.45478], [87.08003, 25.46293], [87.07832, 25.46564], [87.07996, 25.47644], [87.08434, 25.47692], [87.08539, 25.47857], [87.08972, 25.47817], [87.09801, 25.49032], [87.09713, 25.49877], [87.09956, 25.50799], [87.09774, 25.51584], [87.095, 25.51358], [87.09257, 25.50233], [87.08983, 25.50239], [87.08696, 25.49746], [87.08341, 25.49484], [87.0801, 25.49496], [87.07899, 25.49238], [87.08092, 25.49105], [87.07518, 25.48178], [87.07293, 25.48079], [87.07224, 25.47278], [87.06959, 25.46989], [87.06576, 25.4682], [87.0609, 25.47049], [87.05575, 25.46995], [87.0487, 25.47268], [87.04047, 25.47278], [87.01607, 25.45826], [87.01442, 25.45499], [87.01174, 25.43259], [87.00853, 25.4305], [87.00604, 25.43052], [87.00499, 25.43475], [87.01033, 25.44332], [87.01167, 25.4483], [87.00561, 25.45643], [87.00385, 25.45644], [86.99667, 25.4505], [86.99243, 25.45246], [86.98815, 25.44658], [86.99099, 25.44406], [86.99055, 25.44276], [86.98356, 25.44364], [86.98214, 25.45363], [86.97114, 25.45261], [86.96631, 25.4468], [86.96317, 25.43301], [86.96123, 25.43542], [86.95943, 25.44831], [86.95726, 25.45033], [86.94753, 25.45789], [86.94183, 25.45952], [86.94017, 25.45522], [86.93737, 25.45447], [86.92815, 25.46186], [86.92764, 25.46409], [86.92927, 25.46551], [86.93854, 25.46825], [86.93855, 25.47133], [86.9335, 25.47163], [86.9278, 25.4761], [86.92524, 25.47644], [86.92239, 25.47356], [86.92171, 25.46955], [86.9184, 25.46725], [86.91703, 25.46886], [86.91834, 25.47321], [86.91692, 25.47668], [86.90167, 25.47751], [86.90059, 25.47531], [86.90177, 25.46999], [86.90342, 25.46796], [86.90771, 25.46798], [86.90853, 25.46635], [86.90854, 25.46246], [86.90469, 25.45229], [86.90087, 25.45266], [86.8976, 25.4572], [86.8908, 25.45421], [86.88749, 25.45454], [86.88339, 25.45203], [86.88083, 25.44742], [86.87427, 25.44605], [86.87286, 25.44332], [86.87348, 25.44009], [86.87139, 25.43836], [86.86498, 25.44101], [86.86222, 25.43815], [86.86001, 25.43836], [86.85711, 25.44322], [86.8524, 25.44621], [86.84995, 25.44508], [86.84846, 25.44052], [86.841, 25.44071], [86.83947, 25.43825], [86.84102, 25.43464], [86.84014, 25.43263], [86.83412, 25.43645], [86.82774, 25.43393], [86.82335, 25.43687], [86.81942, 25.43704], [86.81562, 25.43509], [86.80661, 25.43473], [86.80379, 25.43231], [86.80729, 25.42691], [86.80719, 25.42481], [86.80401, 25.42417], [86.80884, 25.41769], [86.80616, 25.41201], [86.80376, 25.41067], [86.80489, 25.40519], [86.80261, 25.39741], [86.80401, 25.39616], [86.8084, 25.39662], [86.81144, 25.39208], [86.81502, 25.39053], [86.81678, 25.38352], [86.82174, 25.38159], [86.8208, 25.37268], [86.82695, 25.36958], [86.83265, 25.37106], [86.83385, 25.36958], [86.83675, 25.37101], [86.84416, 25.35724], [86.83191, 25.34775], [86.82489, 25.34569], [86.81355, 25.3377], [86.80731, 25.32984], [86.80349, 25.32986], [86.80104, 25.32422], [86.79843, 25.3246], [86.7972, 25.32823], [86.79458, 25.33005], [86.7917, 25.33036], [86.77978, 25.32651], [86.77338, 25.32143], [86.77639, 25.31575], [86.77516, 25.31085], [86.76801, 25.30736], [86.77525, 25.30382], [86.75877, 25.29794], [86.7618, 25.29311], [86.75328, 25.2891], [86.75113, 25.28444], [86.75961, 25.27414], [86.76333, 25.27403], [86.76536, 25.27692], [86.77194, 25.27811], [86.77138, 25.27457], [86.76399, 25.26958], [86.76166, 25.26981], [86.7505, 25.26407], [86.74957, 25.26483], [86.75366, 25.26859], [86.74548, 25.26649], [86.73702, 25.26272], [86.72434, 25.25373], [86.71447, 25.25211], [86.71, 25.24093], [86.69062, 25.24349], [86.66892, 25.24207], [86.64231, 25.246], [86.63602, 25.24562], [86.63573, 25.24272], [86.63797, 25.24096], [86.63633, 25.23879], [86.63657, 25.23103], [86.64178, 25.23042], [86.64673, 25.2268], [86.64369, 25.22413], [86.64421, 25.21804], [86.64675, 25.21636], [86.65949, 25.21612], [86.6625, 25.21472], [86.66505, 25.20991], [86.66965, 25.20586], [86.66999, 25.19797], [86.67205, 25.1944], [86.6754, 25.19413], [86.6753, 25.19135], [86.6846, 25.1922], [86.68806, 25.19403], [86.68822, 25.19557], [86.68604, 25.19682], [86.68533, 25.2032], [86.68838, 25.20594], [86.69015, 25.20293], [86.69502, 25.20073], [86.69437, 25.19216], [86.6999, 25.19159], [86.7009, 25.19319], [86.69934, 25.19615], [86.70216, 25.19674], [86.70348, 25.19245], [86.71092, 25.19192], [86.716, 25.18816], [86.7141, 25.18437], [86.71282, 25.18408], [86.71171, 25.18646], [86.70903, 25.18105], [86.70221, 25.17611], [86.70113, 25.17889], [86.6977, 25.17868], [86.69561, 25.17672], [86.68964, 25.16958], [86.6905, 25.16777], [86.6852, 25.1627], [86.68455, 25.16018], [86.68621, 25.15907], [86.68374, 25.15804], [86.68453, 25.15646], [86.68262, 25.15195], [86.67788, 25.15099], [86.67354, 25.15385], [86.67067, 25.15049], [86.667, 25.14981], [86.66861, 25.14559], [86.66376, 25.12717], [86.66904, 25.12764], [86.67281, 25.12265], [86.6761, 25.12462], [86.67456, 25.11443], [86.67672, 25.11514], [86.68188, 25.12321], [86.68413, 25.12201], [86.68434, 25.11863], [86.68548, 25.12033], [86.69291, 25.1223], [86.7109, 25.12017], [86.71138, 25.12642], [86.71282, 25.12736], [86.72057, 25.12681], [86.72423, 25.12473], [86.72521, 25.12319], [86.72346, 25.11957], [86.72673, 25.11691], [86.75063, 25.11458], [86.75608, 25.11968], [86.76079, 25.12085], [86.7634, 25.12029], [86.76484, 25.11642], [86.77185, 25.11549], [86.77611, 25.113], [86.78425, 25.12355], [86.78722, 25.12394], [86.79581, 25.1206], [86.80293, 25.11205], [86.80133, 25.10884], [86.79612, 25.11013], [86.79615, 25.10598], [86.79375, 25.1048], [86.79374, 25.09996], [86.79696, 25.10431], [86.80169, 25.09993], [86.80574, 25.09987], [86.80902, 25.10856], [86.81414, 25.10951], [86.81532, 25.11473], [86.82418, 25.11189], [86.82538, 25.10981], [86.83112, 25.10942], [86.83215, 25.10353], [86.83448, 25.10769], [86.83895, 25.11042], [86.84208, 25.10827], [86.84689, 25.09968], [86.86092, 25.09324], [86.8635, 25.09682], [86.87168, 25.09686], [86.87459, 25.09843], [86.88288, 25.09609], [86.89065, 25.09824], [86.90574, 25.09417], [86.90889, 25.09565], [86.91624, 25.09529], [86.92306, 25.09852], [86.92966, 25.09859], [86.93149, 25.09686], [86.93647, 25.10233], [86.94118, 25.09531], [86.94001, 25.08906], [86.94194, 25.09254], [86.94795, 25.09347], [86.95265, 25.09191], [86.95625, 25.09413], [86.96104, 25.09202], [86.96954, 25.0922], [86.97617, 25.09689], [86.97927, 25.0964], [86.98234, 25.09865], [86.98588, 25.09836], [86.99172, 25.09516], [86.99012, 25.10003], [86.99812, 25.09136], [86.99944, 25.09354], [87.00098, 25.09352], [87.00498, 25.08996], [87.01308, 25.0885], [87.01827, 25.08547], [87.02167, 25.0863], [87.02331, 25.09094], [87.03171, 25.09649], [87.03397, 25.09405], [87.03917, 25.09417], [87.05092, 25.0901], [87.06431, 25.08817], [87.07137, 25.08381], [87.07509, 25.08627], [87.08059, 25.08469], [87.08494, 25.08563], [87.09019, 25.08473], [87.09381, 25.08688], [87.10056, 25.08531], [87.10177, 25.08034], [87.11749, 25.08139], [87.13038, 25.07273], [87.12864, 25.06646], [87.13011, 25.05559], [87.15161, 25.05713], [87.15242, 25.05298], [87.15561, 25.05512], [87.15894, 25.05432], [87.16131, 25.05227], [87.15929, 25.04749], [87.15662, 25.0463], [87.15831, 25.04327], [87.1599, 25.04327], [87.16224, 25.04767], [87.16596, 25.0507], [87.1749, 25.05117], [87.18224, 25.0648], [87.18983, 25.06782], [87.19328, 25.06781], [87.19863, 25.07147], [87.20355, 25.07583], [87.20536, 25.08024], [87.21622, 25.08605], [87.21685, 25.09039], [87.22115, 25.09099], [87.22346, 25.08934], [87.23936, 25.08662], [87.24535, 25.10025], [87.24654, 25.10159], [87.2508, 25.09987], [87.25606, 25.10664], [87.26423, 25.1054], [87.26991, 25.09858], [87.2757, 25.09445], [87.29655, 25.09009], [87.30078, 25.10051], [87.29823, 25.10549], [87.30031, 25.11272], [87.30033, 25.11462], [87.29872, 25.11515], [87.30338, 25.13544], [87.30533, 25.13537], [87.30887, 25.13891], [87.30775, 25.14609], [87.31344, 25.15105], [87.31589, 25.16108], [87.31983, 25.16351], [87.3205, 25.16579], [87.31848, 25.17001], [87.31612, 25.17056], [87.3226, 25.18941], [87.32146, 25.19768], [87.32618, 25.20612], [87.33594, 25.21778], [87.35324, 25.21389], [87.36055, 25.21413], [87.37534, 25.20578], [87.3794, 25.21927], [87.3826, 25.22334], [87.38874, 25.22419], [87.39722, 25.22823], [87.41307, 25.21974], [87.41491, 25.21587], [87.42201, 25.21565], [87.46046, 25.19826], [87.46319, 25.19856], [87.46728, 25.19592], [87.4722, 25.19642], [87.47297, 25.19392], [87.47703, 25.19537], [87.47676, 25.2189], [87.4784, 25.23223], [87.47802, 25.24161], [87.49107, 25.26017], [87.49295, 25.26271], [87.5002, 25.2604], [87.50109, 25.26319], [87.50097, 25.26602], [87.49734, 25.27214], [87.49986, 25.27613], [87.49297, 25.2783], [87.48691, 25.29585], [87.4918, 25.29676], [87.49548, 25.30587], [87.50427, 25.29298], [87.51824, 25.29283], [87.53089, 25.28169], [87.53478, 25.28032], [87.54508, 25.28233], [87.54385, 25.29693], [87.54949, 25.32357], [87.55218, 25.32433], [87.55282, 25.33161]]]}}, {"type": "Feature", "properties": {"shapeName": "Gaya", "shapeISO": "", "shapeID": "76128533B91871300208785", "shapeGroup": "IND", "shapeType": "ADM2"}, "geometry": {"type": "Polygon", "coordinates": [[[85.28872, 24.4977], [85.2887, 24.50964], [85.28612, 24.51956], [85.28928, 24.52715], [85.29481, 24.52886], [85.30411, 24.5291], [85.3253, 24.52511], [85.34464, 24.52849], [85.37698, 24.53009], [85.38948, 24.53304], [85.39007, 24.53572], [85.40975, 24.54545], [85.4133, 24.54617], [85.41963, 24.54472], [85.41115, 24.5517], [85.40466, 24.55188], [85.40147, 24.55481], [85.39123, 24.55954], [85.3787, 24.56004], [85.37479, 24.55792], [85.3734, 24.55407], [85.36567, 24.55494], [85.33548, 24.56356], [85.32895, 24.56788], [85.32964, 24.57484], [85.33874, 24.5742], [85.34096, 24.57642], [85.34173, 24.58051], [85.34013, 24.59038], [85.33707, 24.59229], [85.3289, 24.59137], [85.32285, 24.5928], [85.32224, 24.59632], [85.3261, 24.61209], [85.3252, 24.6141], [85.31874, 24.61696], [85.3194, 24.63212], [85.31704, 24.63463], [85.31648, 24.63934], [85.31243, 24.64696], [85.31593, 24.65981], [85.31817, 24.65935], [85.32291, 24.65382], [85.33246, 24.65051], [85.33111, 24.6602], [85.33316, 24.66229], [85.32842, 24.66698], [85.32528, 24.66377], [85.31553, 24.6659], [85.31603, 24.67393], [85.31132, 24.67726], [85.30719, 24.68273], [85.30697, 24.68759], [85.308, 24.68945], [85.3124, 24.6885], [85.31313, 24.69122], [85.3259, 24.68625], [85.33132, 24.68266], [85.33465, 24.68272], [85.33358, 24.70614], [85.34163, 24.71342], [85.34283, 24.71979], [85.342, 24.73072], [85.33735, 24.74023], [85.33882, 24.74642], [85.3375, 24.74869], [85.33404, 24.74958], [85.31829, 24.74361], [85.31931, 24.7589], [85.31191, 24.76108], [85.31328, 24.76659], [85.31182, 24.76803], [85.29856, 24.76374], [85.29449, 24.76054], [85.28966, 24.7617], [85.28801, 24.76562], [85.2896, 24.76902], [85.29547, 24.77067], [85.29729, 24.77444], [85.2932, 24.77873], [85.29742, 24.78674], [85.2976, 24.78873], [85.29374, 24.79069], [85.29572, 24.79698], [85.30238, 24.80366], [85.30556, 24.804], [85.30997, 24.80142], [85.3136, 24.80238], [85.31543, 24.80487], [85.3218, 24.82811], [85.3192, 24.83983], [85.32072, 24.84637], [85.32397, 24.84578], [85.33071, 24.84986], [85.33833, 24.85811], [85.34017, 24.86853], [85.33718, 24.87137], [85.33587, 24.87705], [85.34431, 24.87692], [85.35497, 24.88233], [85.35198, 24.88937], [85.34314, 24.89642], [85.34257, 24.89998], [85.35385, 24.9061], [85.36055, 24.903], [85.378, 24.90115], [85.37951, 24.9023], [85.37832, 24.90693], [85.38107, 24.91336], [85.39133, 24.91632], [85.38897, 24.91947], [85.39077, 24.92466], [85.38839, 24.92894], [85.38868, 24.93404], [85.38562, 24.94669], [85.38763, 24.95137], [85.39384, 24.95169], [85.39464, 24.95469], [85.39413, 24.95699], [85.38961, 24.95981], [85.38722, 24.96342], [85.38568, 24.97288], [85.39668, 24.98045], [85.39957, 24.98453], [85.39705, 24.98523], [85.38956, 24.99595], [85.38438, 24.99617], [85.38784, 25.00327], [85.38866, 25.01052], [85.37132, 25.00934], [85.36949, 25.01922], [85.36552, 25.02588], [85.36677, 25.02937], [85.36942, 25.02979], [85.36806, 25.03672], [85.3577, 25.0371], [85.35463, 25.03272], [85.35628, 25.03286], [85.35535, 25.03061], [85.34901, 25.02983], [85.34662, 25.02756], [85.33876, 25.02806], [85.33237, 25.039], [85.32352, 25.04287], [85.30809, 25.04775], [85.2943, 25.04488], [85.29276, 25.04737], [85.28908, 25.04728], [85.28816, 25.04925], [85.28124, 25.04874], [85.28183, 25.05269], [85.28021, 25.05787], [85.27352, 25.05514], [85.27152, 25.05137], [85.27316, 25.04577], [85.27245, 25.04123], [85.26557, 25.0255], [85.26411, 25.02678], [85.26163, 25.02518], [85.25958, 25.02714], [85.25786, 25.03335], [85.24927, 25.0347], [85.2516, 25.03998], [85.25012, 25.04527], [85.25155, 25.0549], [85.24903, 25.07466], [85.2348, 25.0758], [85.22992, 25.06356], [85.22342, 25.06052], [85.2207, 25.05686], [85.21277, 25.05617], [85.20974, 25.05421], [85.20666, 25.05532], [85.20904, 25.05765], [85.21066, 25.07048], [85.20293, 25.06938], [85.19519, 25.0709], [85.19084, 25.07033], [85.19168, 25.08079], [85.19724, 25.08286], [85.20008, 25.0875], [85.1985, 25.09232], [85.18866, 25.08924], [85.18559, 25.08648], [85.1707, 25.08711], [85.16907, 25.08491], [85.17004, 25.07208], [85.16735, 25.06918], [85.15636, 25.07287], [85.14437, 25.07166], [85.14189, 25.06445], [85.13741, 25.05896], [85.13854, 25.05085], [85.13026, 25.03001], [85.12414, 25.02616], [85.12441, 25.02222], [85.11952, 25.0224], [85.11844, 25.01686], [85.11444, 25.01426], [85.10917, 25.00769], [85.09923, 25.00819], [85.10328, 25.0113], [85.10368, 25.01588], [85.10242, 25.01679], [85.09463, 25.01495], [85.09178, 25.01731], [85.08236, 25.01735], [85.07665, 25.01477], [85.07083, 25.01746], [85.06841, 25.02247], [85.06409, 25.04666], [85.06225, 25.04833], [85.05586, 25.04975], [85.04727, 25.04663], [85.04745, 25.04149], [85.04463, 25.03854], [85.04626, 25.03393], [85.04878, 25.03299], [85.04844, 25.03151], [85.04095, 25.03226], [85.03745, 25.03629], [85.02585, 25.0363], [85.01512, 25.03858], [85.01476, 25.03684], [85.01714, 25.03418], [85.01721, 25.02867], [85.01361, 25.02493], [85.00807, 25.02405], [85.00507, 25.01846], [84.98694, 25.01822], [84.98053, 25.0132], [84.97566, 25.00316], [84.96632, 25.0045], [84.95809, 25.00419], [84.95649, 25.00302], [84.95162, 25.00835], [84.95382, 25.01705], [84.95006, 25.02936], [84.94494, 25.03201], [84.9403, 25.03904], [84.93102, 25.04274], [84.93088, 25.05013], [84.93741, 25.05453], [84.9408, 25.05515], [84.94342, 25.05927], [84.94644, 25.06085], [84.94931, 25.0665], [84.94804, 25.06867], [84.93348, 25.07273], [84.92945, 25.0781], [84.92555, 25.07703], [84.92018, 25.07842], [84.90986, 25.07565], [84.89367, 25.07676], [84.88644, 25.07268], [84.88414, 25.07508], [84.87067, 25.07617], [84.86644, 25.07426], [84.85856, 25.07501], [84.85532, 25.07989], [84.85217, 25.07709], [84.84951, 25.07772], [84.84929, 25.08339], [84.83807, 25.08559], [84.83571, 25.08346], [84.82911, 25.08239], [84.82421, 25.07523], [84.82148, 25.07357], [84.81732, 25.07742], [84.809, 25.07919], [84.80492, 25.0753], [84.79954, 25.06059], [84.79423, 25.05762], [84.78155, 25.06165], [84.76998, 25.06108], [84.75944, 25.0636], [84.75245, 25.04993], [84.73673, 25.05175], [84.72544, 25.05013], [84.72376, 25.04749], [84.72334, 25.04333], [84.72779, 25.03772], [84.72804, 25.03415], [84.73993, 25.02535], [84.7412, 25.01588], [84.74413, 25.01207], [84.74859, 25.01024], [84.76151, 25.01354], [84.76798, 25.0119], [84.76964, 25.0092], [84.76885, 24.9941], [84.76536, 24.9927], [84.75695, 24.9925], [84.75251, 24.98527], [84.75293, 24.97815], [84.75886, 24.9754], [84.76146, 24.97217], [84.76044, 24.96624], [84.75484, 24.96454], [84.73862, 24.96452], [84.73364, 24.9609], [84.73814, 24.95458], [84.73654, 24.94758], [84.74158, 24.94276], [84.74176, 24.9368], [84.73949, 24.93302], [84.73877, 24.92504], [84.73225, 24.92325], [84.72737, 24.91131], [84.72782, 24.90702], [84.7172, 24.9095], [84.71518, 24.91144], [84.71282, 24.91097], [84.71115, 24.90836], [84.70558, 24.90974], [84.70246, 24.8989], [84.69451, 24.90062], [84.68805, 24.89816], [84.68656, 24.89215], [84.69308, 24.89213], [84.69581, 24.88868], [84.69431, 24.8856], [84.695, 24.88285], [84.69216, 24.88062], [84.68765, 24.88062], [84.6874, 24.88579], [84.68214, 24.88846], [84.67015, 24.89001], [84.66573, 24.88818], [84.66529, 24.88651], [84.66802, 24.88157], [84.66749, 24.87529], [84.67445, 24.87125], [84.67579, 24.86462], [84.69166, 24.85965], [84.69559, 24.85628], [84.69602, 24.85277], [84.6983, 24.8506], [84.69829, 24.84157], [84.70633, 24.84035], [84.71444, 24.84159], [84.71761, 24.84028], [84.71931, 24.83698], [84.71869, 24.83385], [84.72275, 24.8312], [84.72076, 24.82049], [84.72614, 24.81737], [84.72514, 24.80659], [84.73168, 24.80406], [84.75439, 24.79987], [84.75558, 24.7985], [84.75535, 24.79311], [84.74699, 24.79219], [84.74547, 24.78885], [84.74713, 24.786], [84.75157, 24.78623], [84.75106, 24.78145], [84.75374, 24.78026], [84.75496, 24.77617], [84.75403, 24.77235], [84.73936, 24.77144], [84.73823, 24.77024], [84.73944, 24.76855], [84.73887, 24.76141], [84.74587, 24.75877], [84.74699, 24.75574], [84.74905, 24.75575], [84.74561, 24.75062], [84.74751, 24.74772], [84.74766, 24.73908], [84.74528, 24.73316], [84.74157, 24.70563], [84.73294, 24.70785], [84.72317, 24.70483], [84.71825, 24.7049], [84.71408, 24.69687], [84.71407, 24.69368], [84.71663, 24.68912], [84.71553, 24.68449], [84.70257, 24.68278], [84.68145, 24.68718], [84.67883, 24.68367], [84.67368, 24.68307], [84.6691, 24.68069], [84.66296, 24.6836], [84.66363, 24.67845], [84.6622, 24.67183], [84.66367, 24.66875], [84.65725, 24.66836], [84.65649, 24.65509], [84.6528, 24.65197], [84.64858, 24.6518], [84.63093, 24.65769], [84.62774, 24.65493], [84.62098, 24.65489], [84.61667, 24.64138], [84.6158, 24.62627], [84.61634, 24.62509], [84.62272, 24.62575], [84.61015, 24.61572], [84.61425, 24.60828], [84.61106, 24.60552], [84.61384, 24.59698], [84.6062, 24.58859], [84.6039, 24.58162], [84.59359, 24.57374], [84.59151, 24.56825], [84.58584, 24.56561], [84.5834, 24.56187], [84.5856, 24.55985], [84.59292, 24.56021], [84.5992, 24.55594], [84.58884, 24.55164], [84.58874, 24.54995], [84.59192, 24.54744], [84.5902, 24.545], [84.59048, 24.54171], [84.5786, 24.52954], [84.57333, 24.5282], [84.57098, 24.52444], [84.56352, 24.52444], [84.56017, 24.52597], [84.54697, 24.52354], [84.52919, 24.51689], [84.52341, 24.51603], [84.51811, 24.51048], [84.51334, 24.51161], [84.51107, 24.51379], [84.50859, 24.52111], [84.49451, 24.53756], [84.48611, 24.53595], [84.48103, 24.53339], [84.47609, 24.53562], [84.47269, 24.54333], [84.47125, 24.5658], [84.46541, 24.57463], [84.45726, 24.57488], [84.45503, 24.56484], [84.44978, 24.55622], [84.44525, 24.56256], [84.43399, 24.57034], [84.43358, 24.57307], [84.4362, 24.57501], [84.43375, 24.57777], [84.43107, 24.57841], [84.4255, 24.57468], [84.41944, 24.57488], [84.41897, 24.57159], [84.42111, 24.57034], [84.42186, 24.56648], [84.41881, 24.55996], [84.42019, 24.55629], [84.41644, 24.55165], [84.41279, 24.55354], [84.41275, 24.55813], [84.40942, 24.5582], [84.40774, 24.55257], [84.40804, 24.54182], [84.41008, 24.53502], [84.3987, 24.53435], [84.40244, 24.52178], [84.39955, 24.51542], [84.39187, 24.5118], [84.3842, 24.50558], [84.37455, 24.50326], [84.37048, 24.49744], [84.3559, 24.49173], [84.32907, 24.48956], [84.31561, 24.4867], [84.30157, 24.48056], [84.29263, 24.46573], [84.30057, 24.45066], [84.32235, 24.44737], [84.33773, 24.43108], [84.33798, 24.42832], [84.33481, 24.42763], [84.32674, 24.42914], [84.3224, 24.42334], [84.32556, 24.42011], [84.3322, 24.42356], [84.33513, 24.42206], [84.33319, 24.41084], [84.33895, 24.40458], [84.34529, 24.40123], [84.34318, 24.39577], [84.35427, 24.39202], [84.36259, 24.39093], [84.36866, 24.38661], [84.37456, 24.38694], [84.38106, 24.39097], [84.38951, 24.38968], [84.39229, 24.37934], [84.39929, 24.37576], [84.40494, 24.37742], [84.40705, 24.37466], [84.4022, 24.36782], [84.42979, 24.35921], [84.42542, 24.34241], [84.42466, 24.33145], [84.45214, 24.33428], [84.45389, 24.3398], [84.46176, 24.33875], [84.46916, 24.31769], [84.47629, 24.31849], [84.48491, 24.31622], [84.48851, 24.31852], [84.49845, 24.33], [84.5046, 24.33436], [84.508, 24.33268], [84.50879, 24.32801], [84.50619, 24.32424], [84.50296, 24.32137], [84.48981, 24.31513], [84.48626, 24.30944], [84.48575, 24.30306], [84.49425, 24.305], [84.49592, 24.30235], [84.49467, 24.29902], [84.49138, 24.2971], [84.5007, 24.28724], [84.50406, 24.29292], [84.50946, 24.29474], [84.5084, 24.29901], [84.51171, 24.30608], [84.51036, 24.31558], [84.51781, 24.31732], [84.52459, 24.33384], [84.53266, 24.33964], [84.52655, 24.34598], [84.52599, 24.35329], [84.53389, 24.36115], [84.53513, 24.36497], [84.53124, 24.36888], [84.52871, 24.37637], [84.54886, 24.37683], [84.55302, 24.37383], [84.57296, 24.38407], [84.57149, 24.39001], [84.56629, 24.39722], [84.57257, 24.40757], [84.57967, 24.41245], [84.58723, 24.41052], [84.589, 24.40159], [84.59708, 24.4045], [84.60136, 24.40414], [84.60811, 24.40112], [84.61966, 24.40136], [84.62234, 24.40395], [84.62642, 24.4022], [84.63003, 24.40409], [84.63598, 24.40033], [84.65018, 24.39878], [84.66537, 24.39393], [84.66724, 24.39617], [84.67008, 24.41078], [84.67492, 24.41313], [84.67552, 24.42639], [84.67298, 24.42858], [84.67336, 24.43133], [84.68127, 24.44165], [84.68604, 24.45647], [84.6912, 24.45932], [84.70121, 24.46193], [84.71366, 24.47248], [84.72004, 24.46876], [84.72463, 24.46897], [84.73204, 24.47308], [84.74719, 24.4884], [84.74914, 24.49659], [84.78699, 24.50498], [84.79077, 24.51783], [84.7968, 24.52167], [84.80243, 24.52961], [84.80873, 24.52125], [84.82658, 24.52496], [84.83969, 24.51164], [84.83499, 24.48619], [84.83423, 24.47032], [84.8405, 24.46981], [84.83978, 24.46139], [84.83767, 24.45944], [84.84143, 24.45276], [84.84901, 24.45571], [84.85452, 24.46617], [84.86437, 24.46101], [84.86405, 24.45783], [84.86678, 24.45689], [84.86995, 24.4579], [84.87447, 24.46716], [84.87974, 24.46608], [84.88327, 24.46305], [84.88719, 24.46306], [84.88505, 24.44408], [84.88704, 24.43234], [84.88489, 24.42295], [84.88934, 24.41742], [84.89888, 24.39889], [84.90514, 24.39417], [84.90745, 24.38246], [84.90137, 24.37542], [84.90497, 24.37252], [84.91025, 24.3727], [84.93228, 24.37844], [84.94189, 24.37687], [84.95486, 24.3722], [84.97548, 24.37638], [84.99731, 24.41263], [85.0176, 24.4165], [85.02756, 24.42243], [85.03899, 24.42576], [85.04262, 24.42353], [85.04643, 24.42455], [85.04913, 24.41871], [85.06015, 24.41557], [85.06435, 24.41693], [85.06727, 24.42505], [85.07593, 24.43609], [85.08304, 24.44029], [85.08254, 24.4222], [85.0806, 24.41346], [85.08141, 24.40892], [85.07724, 24.40564], [85.07606, 24.40167], [85.07785, 24.40016], [85.07232, 24.38725], [85.08748, 24.38127], [85.09625, 24.37971], [85.09925, 24.382], [85.10277, 24.39127], [85.10548, 24.39442], [85.11615, 24.39932], [85.12189, 24.40952], [85.1275, 24.40893], [85.15477, 24.41869], [85.1621, 24.41852], [85.16466, 24.42466], [85.17617, 24.42997], [85.17563, 24.43229], [85.17232, 24.43458], [85.17053, 24.44192], [85.16814, 24.44377], [85.16555, 24.45172], [85.15674, 24.45631], [85.1561, 24.45973], [85.15749, 24.46332], [85.17005, 24.46765], [85.17669, 24.46655], [85.18941, 24.46913], [85.20604, 24.46787], [85.21004, 24.47342], [85.23072, 24.47167], [85.23532, 24.47989], [85.24211, 24.48033], [85.24622, 24.4893], [85.25327, 24.49576], [85.26121, 24.4984], [85.28872, 24.4977]]]}}, {"type": "Feature", "properties": {"shapeName": "Aurangabad", "shapeISO": "", "shapeID": "76128533B21485639457044", "shapeGroup": "IND", "shapeType": "ADM2"}, "geometry": {"type": "Polygon", "coordinates": [[[84.32907, 24.48956], [84.3559, 24.49173], [84.37048, 24.49744], [84.37455, 24.50326], [84.3842, 24.50558], [84.39187, 24.5118], [84.39955, 24.51542], [84.40244, 24.52178], [84.3987, 24.53435], [84.41008, 24.53502], [84.40804, 24.54182], [84.40774, 24.55257], [84.40942, 24.5582], [84.41275, 24.55813], [84.41279, 24.55354], [84.41644, 24.55165], [84.42019, 24.55629], [84.41881, 24.55996], [84.42186, 24.56648], [84.42111, 24.57034], [84.41897, 24.57159], [84.41944, 24.57488], [84.4255, 24.57468], [84.43107, 24.57841], [84.43375, 24.57777], [84.4362, 24.57501], [84.43358, 24.57307], [84.43399, 24.57034], [84.44525, 24.56256], [84.44978, 24.55622], [84.45503, 24.56484], [84.45726, 24.57488], [84.46541, 24.57463], [84.47125, 24.5658], [84.47269, 24.54333], [84.47609, 24.53562], [84.48103, 24.53339], [84.48611, 24.53595], [84.49451, 24.53756], [84.50859, 24.52111], [84.51107, 24.51379], [84.51334, 24.51161], [84.51811, 24.51048], [84.52341, 24.51603], [84.52919, 24.51689], [84.54697, 24.52354], [84.56017, 24.52597], [84.56352, 24.52444], [84.57098, 24.52444], [84.57333, 24.5282], [84.5786, 24.52954], [84.59048, 24.54171], [84.5902, 24.545], [84.59192, 24.54744], [84.58874, 24.54995], [84.58884, 24.55164], [84.5992, 24.55594], [84.59292, 24.56021], [84.5856, 24.55985], [84.5834, 24.56187], [84.58584, 24.56561], [84.59151, 24.56825], [84.59359, 24.57374], [84.6039, 24.58162], [84.6062, 24.58859], [84.61384, 24.59698], [84.61106, 24.60552], [84.61425, 24.60828], [84.61015, 24.61572], [84.62272, 24.62575], [84.61634, 24.62509], [84.6158, 24.62627], [84.61667, 24.64138], [84.62098, 24.65489], [84.62774, 24.65493], [84.63093, 24.65769], [84.64858, 24.6518], [84.6528, 24.65197], [84.65649, 24.65509], [84.65725, 24.66836], [84.66367, 24.66875], [84.6622, 24.67183], [84.66363, 24.67845], [84.66296, 24.6836], [84.6691, 24.68069], [84.67368, 24.68307], [84.67883, 24.68367], [84.68145, 24.68718], [84.70257, 24.68278], [84.71553, 24.68449], [84.71663, 24.68912], [84.71407, 24.69368], [84.71408, 24.69687], [84.71825, 24.7049], [84.72317, 24.70483], [84.73294, 24.70785], [84.74157, 24.70563], [84.74528, 24.73316], [84.74766, 24.73908], [84.74751, 24.74772], [84.74561, 24.75062], [84.74905, 24.75575], [84.74699, 24.75574], [84.74587, 24.75877], [84.73887, 24.76141], [84.73944, 24.76855], [84.73823, 24.77024], [84.73936, 24.77144], [84.75403, 24.77235], [84.75496, 24.77617], [84.75374, 24.78026], [84.75106, 24.78145], [84.75157, 24.78623], [84.74713, 24.786], [84.74547, 24.78885], [84.74699, 24.79219], [84.75535, 24.79311], [84.75558, 24.7985], [84.75439, 24.79987], [84.73168, 24.80406], [84.72514, 24.80659], [84.72614, 24.81737], [84.72076, 24.82049], [84.72275, 24.8312], [84.71869, 24.83385], [84.71931, 24.83698], [84.71761, 24.84028], [84.71444, 24.84159], [84.70633, 24.84035], [84.69829, 24.84157], [84.6983, 24.8506], [84.69602, 24.85277], [84.69559, 24.85628], [84.69166, 24.85965], [84.67579, 24.86462], [84.67445, 24.87125], [84.66749, 24.87529], [84.66802, 24.88157], [84.66529, 24.88651], [84.66573, 24.88818], [84.67015, 24.89001], [84.68214, 24.88846], [84.6874, 24.88579], [84.68765, 24.88062], [84.69216, 24.88062], [84.695, 24.88285], [84.69431, 24.8856], [84.69581, 24.88868], [84.69308, 24.89213], [84.68656, 24.89215], [84.68805, 24.89816], [84.69451, 24.90062], [84.70246, 24.8989], [84.70558, 24.90974], [84.71115, 24.90836], [84.71282, 24.91097], [84.71518, 24.91144], [84.7172, 24.9095], [84.72782, 24.90702], [84.72737, 24.91131], [84.73225, 24.92325], [84.73877, 24.92504], [84.73949, 24.93302], [84.74176, 24.9368], [84.74158, 24.94276], [84.73654, 24.94758], [84.73814, 24.95458], [84.73364, 24.9609], [84.73862, 24.96452], [84.75484, 24.96454], [84.76044, 24.96624], [84.76146, 24.97217], [84.75886, 24.9754], [84.75293, 24.97815], [84.75251, 24.98527], [84.75695, 24.9925], [84.76536, 24.9927], [84.76885, 24.9941], [84.76964, 25.0092], [84.76798, 25.0119], [84.76151, 25.01354], [84.74859, 25.01024], [84.74413, 25.01207], [84.7412, 25.01588], [84.73993, 25.02535], [84.72804, 25.03415], [84.72779, 25.03772], [84.72334, 25.04333], [84.72376, 25.04749], [84.72544, 25.05013], [84.73673, 25.05175], [84.75245, 25.04993], [84.75944, 25.0636], [84.75818, 25.07063], [84.75941, 25.07295], [84.75293, 25.07437], [84.75114, 25.07968], [84.74785, 25.08159], [84.74449, 25.08668], [84.73705, 25.08556], [84.73341, 25.08691], [84.73498, 25.09396], [84.73383, 25.09609], [84.71954, 25.10266], [84.71144, 25.11032], [84.69811, 25.11537], [84.69462, 25.11413], [84.69019, 25.10798], [84.66842, 25.12053], [84.66723, 25.11774], [84.65565, 25.10758], [84.64864, 25.10472], [84.64878, 25.09577], [84.64703, 25.09139], [84.64063, 25.10322], [84.64517, 25.11084], [84.64444, 25.11288], [84.64177, 25.11386], [84.64291, 25.12193], [84.63991, 25.12443], [84.62873, 25.12698], [84.62604, 25.12487], [84.62867, 25.1148], [84.61979, 25.11862], [84.61757, 25.11757], [84.61925, 25.10937], [84.61647, 25.10594], [84.61583, 25.09672], [84.60531, 25.09655], [84.60281, 25.09393], [84.59759, 25.09409], [84.59635, 25.09472], [84.59755, 25.09942], [84.60642, 25.1029], [84.60495, 25.12559], [84.60278, 25.12896], [84.58106, 25.12901], [84.58612, 25.13713], [84.58654, 25.13835], [84.58464, 25.13897], [84.58013, 25.13574], [84.57332, 25.13555], [84.56918, 25.1322], [84.56275, 25.13187], [84.5531, 25.12578], [84.52016, 25.1202], [84.51183, 25.11432], [84.50688, 25.11478], [84.50245, 25.11276], [84.49472, 25.11223], [84.48683, 25.10608], [84.48299, 25.10618], [84.46949, 25.1102], [84.4669, 25.11217], [84.47373, 25.11942], [84.4691, 25.13888], [84.46483, 25.1422], [84.45649, 25.14799], [84.44824, 25.13263], [84.43704, 25.11617], [84.42684, 25.08754], [84.41794, 25.07417], [84.39612, 25.06001], [84.36838, 25.047], [84.365, 25.04355], [84.35927, 25.04307], [84.33623, 25.03239], [84.31706, 25.02074], [84.30355, 25.00989], [84.27157, 24.96987], [84.26372, 24.95709], [84.20725, 24.89508], [84.18848, 24.87051], [84.16353, 24.84564], [84.13981, 24.82713], [84.12415, 24.80715], [84.10002, 24.78802], [84.08803, 24.77441], [84.06319, 24.74176], [84.03178, 24.69359], [84.01113, 24.65144], [84.00514, 24.63597], [84.02214, 24.63103], [84.02326, 24.62699], [84.02725, 24.62622], [84.03178, 24.62846], [84.0344, 24.62714], [84.03658, 24.62205], [84.03963, 24.621], [84.04085, 24.61838], [84.04582, 24.61883], [84.05432, 24.61173], [84.05245, 24.60641], [84.05543, 24.60596], [84.06069, 24.59417], [84.05899, 24.59099], [84.06049, 24.58744], [84.06891, 24.58884], [84.0702, 24.58325], [84.06731, 24.57648], [84.07282, 24.57456], [84.07529, 24.57054], [84.08003, 24.56911], [84.08222, 24.56427], [84.08123, 24.55711], [84.08477, 24.552], [84.08588, 24.54456], [84.0972, 24.53351], [84.09409, 24.51422], [84.0966, 24.50374], [84.10446, 24.49535], [84.1084, 24.48754], [84.11725, 24.48106], [84.13006, 24.48633], [84.13239, 24.49796], [84.14743, 24.50444], [84.14378, 24.52898], [84.15356, 24.5399], [84.16813, 24.53786], [84.1719, 24.53334], [84.16319, 24.52398], [84.16336, 24.51913], [84.16111, 24.51728], [84.1692, 24.51207], [84.17883, 24.50946], [84.18671, 24.51009], [84.18974, 24.518], [84.19389, 24.52215], [84.18986, 24.52327], [84.18029, 24.54161], [84.18037, 24.54675], [84.18906, 24.54668], [84.19445, 24.54893], [84.19577, 24.55494], [84.20737, 24.55665], [84.20797, 24.54908], [84.21367, 24.54498], [84.21638, 24.53683], [84.22493, 24.53484], [84.22813, 24.54998], [84.24247, 24.55285], [84.24171, 24.54325], [84.24853, 24.5429], [84.25572, 24.53845], [84.25738, 24.53544], [84.25595, 24.53129], [84.26456, 24.53046], [84.26589, 24.53739], [84.27017, 24.53681], [84.27216, 24.54027], [84.27688, 24.54107], [84.27602, 24.54655], [84.28571, 24.54718], [84.28752, 24.55161], [84.27933, 24.55371], [84.27668, 24.56393], [84.28741, 24.56304], [84.30039, 24.56568], [84.30485, 24.56284], [84.30942, 24.54697], [84.31685, 24.53928], [84.32024, 24.52653], [84.3265, 24.52208], [84.33371, 24.50251], [84.33302, 24.49651], [84.32907, 24.48956]]]}}, {"type": "Feature", "properties": {"shapeName": "Muzaffarpur", "shapeISO": "", "shapeID": "76128533B88481188307630", "shapeGroup": "IND", "shapeType": "ADM2"}, "geometry": {"type": "Polygon", "coordinates": [[[85.70478, 26.09192], [85.7029, 26.10029], [85.70864, 26.10056], [85.71077, 26.10542], [85.72454, 26.10751], [85.73061, 26.11458], [85.72724, 26.11302], [85.71556, 26.11286], [85.71202, 26.10871], [85.70456, 26.10855], [85.70348, 26.11009], [85.7058, 26.11158], [85.70538, 26.11707], [85.70986, 26.12148], [85.72089, 26.11764], [85.72548, 26.11908], [85.72535, 26.12049], [85.71975, 26.12146], [85.71837, 26.12333], [85.72047, 26.13808], [85.72197, 26.13962], [85.72933, 26.13958], [85.73751, 26.1454], [85.74481, 26.15625], [85.74236, 26.16054], [85.73759, 26.16422], [85.73333, 26.17356], [85.72788, 26.17665], [85.71723, 26.17835], [85.71413, 26.18131], [85.71459, 26.18713], [85.72029, 26.19605], [85.71929, 26.20276], [85.72236, 26.21434], [85.7216, 26.21908], [85.71326, 26.22127], [85.7146, 26.22621], [85.70722, 26.23141], [85.70425, 26.23556], [85.70329, 26.24344], [85.69437, 26.24463], [85.69787, 26.25466], [85.71156, 26.25567], [85.7156, 26.26283], [85.7066, 26.26531], [85.70018, 26.26509], [85.6959, 26.27144], [85.69591, 26.27319], [85.69947, 26.27404], [85.70309, 26.27866], [85.70617, 26.27976], [85.70797, 26.28374], [85.71135, 26.28418], [85.7167, 26.28879], [85.71632, 26.2899], [85.71256, 26.29005], [85.7148, 26.29436], [85.71505, 26.30613], [85.70507, 26.30992], [85.70434, 26.3193], [85.70142, 26.321], [85.69456, 26.3213], [85.68892, 26.33142], [85.67966, 26.33004], [85.67429, 26.32367], [85.67008, 26.32283], [85.65822, 26.32697], [85.65412, 26.32613], [85.65333, 26.32854], [85.64277, 26.32881], [85.63672, 26.32624], [85.63198, 26.32727], [85.63135, 26.3289], [85.63918, 26.33932], [85.63869, 26.34181], [85.6277, 26.34538], [85.62149, 26.34555], [85.6166, 26.34324], [85.61356, 26.34662], [85.61468, 26.34825], [85.62123, 26.34997], [85.61984, 26.35645], [85.59778, 26.36212], [85.58768, 26.37065], [85.5806, 26.37112], [85.58146, 26.37499], [85.59143, 26.38655], [85.59091, 26.39322], [85.58875, 26.39475], [85.57612, 26.38777], [85.56708, 26.38801], [85.56102, 26.37726], [85.55377, 26.37362], [85.55266, 26.37462], [85.54339, 26.37417], [85.54048, 26.37701], [85.53854, 26.38334], [85.52372, 26.37951], [85.5206, 26.38501], [85.51352, 26.38656], [85.50991, 26.38524], [85.50687, 26.38145], [85.50707, 26.36692], [85.5014, 26.36592], [85.49985, 26.35794], [85.49473, 26.35712], [85.49305, 26.3546], [85.48758, 26.35262], [85.48681, 26.3454], [85.48369, 26.34048], [85.47535, 26.34018], [85.47327, 26.3379], [85.47185, 26.3352], [85.47258, 26.33316], [85.46802, 26.32885], [85.46456, 26.3198], [85.4651, 26.31556], [85.46136, 26.30769], [85.45539, 26.30548], [85.45125, 26.2979], [85.44507, 26.29628], [85.44175, 26.28813], [85.43623, 26.28178], [85.43755, 26.28696], [85.42565, 26.27812], [85.42481, 26.28014], [85.42164, 26.27849], [85.42195, 26.28162], [85.42489, 26.28299], [85.42426, 26.28653], [85.42623, 26.28759], [85.4275, 26.29335], [85.43014, 26.29586], [85.42855, 26.29691], [85.42377, 26.29419], [85.41794, 26.28667], [85.41832, 26.28447], [85.41566, 26.28103], [85.41083, 26.27892], [85.40664, 26.27911], [85.40494, 26.28288], [85.40653, 26.28452], [85.4063, 26.28883], [85.40281, 26.28909], [85.4018, 26.29083], [85.40194, 26.29351], [85.40925, 26.29285], [85.40932, 26.29478], [85.40579, 26.29585], [85.40121, 26.2948], [85.39379, 26.28315], [85.39028, 26.28346], [85.38951, 26.29315], [85.40091, 26.29918], [85.40116, 26.30726], [85.40727, 26.30799], [85.41456, 26.30396], [85.4168, 26.30565], [85.41487, 26.31309], [85.41568, 26.31595], [85.40359, 26.31293], [85.39458, 26.31559], [85.3899, 26.31026], [85.38366, 26.31466], [85.37566, 26.31527], [85.37443, 26.31752], [85.37694, 26.3187], [85.37868, 26.32562], [85.37661, 26.32714], [85.37698, 26.33123], [85.37961, 26.33365], [85.37871, 26.33655], [85.3751, 26.33774], [85.3722, 26.34338], [85.36857, 26.34538], [85.35817, 26.34083], [85.35683, 26.33624], [85.3519, 26.33777], [85.35189, 26.34286], [85.34422, 26.34261], [85.33855, 26.3411], [85.3385, 26.33698], [85.33619, 26.33521], [85.33818, 26.33147], [85.33641, 26.32619], [85.32697, 26.3347], [85.33052, 26.34416], [85.32991, 26.34763], [85.32763, 26.34947], [85.31988, 26.3448], [85.3086, 26.34729], [85.30248, 26.34186], [85.2895, 26.35098], [85.28456, 26.35106], [85.2808, 26.34501], [85.27924, 26.345], [85.26458, 26.34893], [85.2569, 26.3452], [85.25364, 26.34522], [85.24484, 26.35123], [85.24332, 26.35857], [85.24151, 26.36086], [85.23713, 26.36231], [85.23606, 26.36592], [85.23094, 26.36461], [85.22534, 26.36633], [85.2227, 26.36871], [85.21724, 26.36668], [85.21429, 26.36104], [85.20941, 26.36095], [85.2074, 26.35934], [85.20443, 26.35992], [85.20463, 26.35729], [85.20876, 26.35405], [85.20717, 26.34597], [85.21919, 26.34386], [85.22131, 26.34696], [85.2256, 26.34835], [85.23254, 26.34544], [85.22733, 26.33719], [85.23221, 26.33569], [85.23327, 26.33329], [85.24003, 26.33281], [85.24412, 26.33833], [85.25143, 26.33768], [85.25558, 26.33985], [85.26088, 26.33923], [85.26636, 26.33389], [85.27133, 26.33239], [85.26885, 26.32534], [85.26059, 26.32986], [85.25699, 26.33003], [85.25205, 26.32159], [85.24867, 26.3193], [85.24755, 26.31502], [85.2503, 26.31368], [85.25014, 26.3049], [85.25394, 26.30334], [85.25385, 26.30179], [85.25601, 26.30066], [85.25531, 26.29879], [85.24992, 26.29641], [85.24311, 26.29738], [85.24223, 26.3011], [85.24049, 26.3014], [85.22756, 26.2988], [85.22575, 26.29525], [85.22265, 26.29756], [85.21598, 26.29755], [85.21025, 26.29193], [85.2055, 26.29428], [85.19924, 26.29408], [85.19416, 26.29056], [85.19377, 26.28418], [85.19067, 26.28542], [85.18956, 26.28874], [85.19761, 26.2968], [85.19762, 26.2999], [85.19523, 26.29914], [85.19113, 26.29342], [85.18736, 26.29177], [85.18197, 26.29184], [85.1785, 26.29705], [85.18015, 26.30056], [85.18828, 26.29981], [85.194, 26.30364], [85.19507, 26.30808], [85.19242, 26.31485], [85.19058, 26.30948], [85.18602, 26.30777], [85.18684, 26.32149], [85.18433, 26.32485], [85.18236, 26.32461], [85.18008, 26.32132], [85.18202, 26.31103], [85.18034, 26.31111], [85.17906, 26.31422], [85.16959, 26.31553], [85.17724, 26.32137], [85.1764, 26.32445], [85.17334, 26.32656], [85.17484, 26.33291], [85.17176, 26.33384], [85.17105, 26.33064], [85.16792, 26.33315], [85.16425, 26.33192], [85.16423, 26.32453], [85.15294, 26.32435], [85.14993, 26.31656], [85.14674, 26.31299], [85.13935, 26.31133], [85.13655, 26.31211], [85.13443, 26.31656], [85.13114, 26.31678], [85.12411, 26.31124], [85.1226, 26.30777], [85.11578, 26.30616], [85.11307, 26.30823], [85.11035, 26.30816], [85.10802, 26.31091], [85.10411, 26.31083], [85.09935, 26.30813], [85.09465, 26.309], [85.08741, 26.31729], [85.08468, 26.31657], [85.08223, 26.31326], [85.07858, 26.31673], [85.06837, 26.31586], [85.06502, 26.3218], [85.05797, 26.32015], [85.05313, 26.32875], [85.04864, 26.33179], [85.04415, 26.33269], [85.03681, 26.33011], [85.02858, 26.33086], [85.02703, 26.32395], [85.02082, 26.32084], [85.01611, 26.31012], [85.01248, 26.3109], [85.00721, 26.30699], [85.00159, 26.3084], [85.0003, 26.31359], [84.99651, 26.31532], [84.97925, 26.31857], [84.96363, 26.30715], [84.9323, 26.30835], [84.92585, 26.30681], [84.90486, 26.30665], [84.90135, 26.30276], [84.89374, 26.29981], [84.88876, 26.2993], [84.88544, 26.30143], [84.87793, 26.29347], [84.87838, 26.29083], [84.8718, 26.28587], [84.86656, 26.27908], [84.85411, 26.25863], [84.85044, 26.24635], [84.84338, 26.24389], [84.84322, 26.23807], [84.84635, 26.22834], [84.84362, 26.2253], [84.84703, 26.21979], [84.86748, 26.22274], [84.87606, 26.22161], [84.87501, 26.21439], [84.86682, 26.20818], [84.86631, 26.20476], [84.86029, 26.20473], [84.86096, 26.2016], [84.8674, 26.1958], [84.86993, 26.18915], [84.87757, 26.1824], [84.88329, 26.17306], [84.89069, 26.16862], [84.88801, 26.15831], [84.88311, 26.15003], [84.88412, 26.14039], [84.88572, 26.13848], [84.88964, 26.13774], [84.89276, 26.13178], [84.89962, 26.12635], [84.92333, 26.11559], [84.92524, 26.10479], [84.92928, 26.1055], [84.93359, 26.10349], [84.92166, 26.09514], [84.92392, 26.09251], [84.93168, 26.09244], [84.93115, 26.08625], [84.93349, 26.0774], [84.93211, 26.07483], [84.93642, 26.06411], [84.92935, 26.05234], [84.92125, 26.04778], [84.91795, 26.03967], [84.92308, 26.03825], [84.92109, 26.02873], [84.92261, 26.02327], [84.92588, 26.0209], [84.92497, 26.01811], [84.93517, 26.01091], [84.94755, 26.00975], [84.95203, 25.99875], [84.95497, 25.99621], [84.96108, 25.99603], [84.97258, 26.00193], [84.98262, 26.01275], [84.98473, 26.01317], [84.98509, 26.015], [85.00937, 26.00908], [85.01951, 26.00273], [85.03183, 25.99871], [85.04131, 25.99313], [85.04897, 25.99175], [85.05249, 25.99054], [85.06171, 25.98326], [85.06466, 25.98383], [85.07022, 25.98164], [85.07342, 25.97823], [85.0747, 25.98193], [85.08003, 25.98608], [85.08773, 25.98487], [85.09015, 25.9879], [85.09766, 25.98866], [85.10106, 25.99369], [85.09643, 25.99864], [85.09577, 26.00391], [85.10014, 26.00421], [85.10291, 26.00597], [85.11495, 26.00533], [85.12128, 26.00335], [85.13043, 26.00667], [85.13443, 26.00438], [85.14021, 26.00435], [85.14232, 26.01134], [85.15084, 26.01273], [85.15522, 26.01498], [85.16398, 26.0156], [85.17281, 26.01536], [85.17604, 26.01343], [85.17638, 26.01092], [85.18009, 26.01045], [85.18777, 26.01406], [85.20403, 26.01419], [85.21136, 26.00779], [85.21595, 26.01413], [85.21895, 26.01419], [85.22207, 26.01237], [85.22196, 26.00519], [85.2279, 26.02403], [85.2331, 26.02137], [85.23733, 26.0212], [85.23962, 26.01779], [85.24174, 26.01935], [85.24793, 26.02015], [85.25013, 26.02231], [85.25411, 26.0213], [85.25871, 26.02212], [85.26017, 26.01669], [85.26608, 26.01577], [85.26819, 26.01732], [85.27644, 26.01511], [85.28513, 26.00816], [85.28071, 25.99067], [85.28254, 25.98726], [85.28046, 25.97869], [85.28195, 25.96968], [85.28095, 25.96689], [85.27703, 25.96354], [85.2799, 25.95794], [85.28809, 25.95683], [85.29614, 25.95811], [85.30589, 25.95646], [85.31418, 25.9606], [85.32731, 25.96397], [85.33442, 25.96065], [85.33624, 25.95835], [85.34363, 25.95606], [85.34742, 25.95185], [85.35546, 25.95109], [85.36353, 25.94194], [85.37396, 25.94128], [85.38, 25.94142], [85.38294, 25.94409], [85.394, 25.94265], [85.3996, 25.94946], [85.401, 25.95384], [85.40289, 25.95438], [85.40775, 25.94932], [85.41222, 25.94734], [85.42613, 25.94743], [85.42832, 25.94091], [85.44558, 25.93407], [85.44765, 25.9372], [85.46145, 25.94049], [85.46232, 25.94583], [85.46727, 25.94228], [85.47769, 25.94002], [85.48437, 25.93182], [85.48599, 25.926], [85.50211, 25.91822], [85.50601, 25.92244], [85.50858, 25.92962], [85.52325, 25.93605], [85.53009, 25.9349], [85.53697, 25.92776], [85.54874, 25.92524], [85.55157, 25.92868], [85.55546, 25.94164], [85.55789, 25.94379], [85.56447, 25.94172], [85.56969, 25.94335], [85.5734, 25.93845], [85.57588, 25.93771], [85.58605, 25.94029], [85.59052, 25.9462], [85.60515, 25.94617], [85.61252, 25.94224], [85.61567, 25.93761], [85.62893, 25.9399], [85.62828, 25.94686], [85.62981, 25.94983], [85.63007, 25.95721], [85.63198, 25.96044], [85.63123, 25.96302], [85.62238, 25.96391], [85.6221, 25.97188], [85.61924, 25.97897], [85.62195, 25.99157], [85.62836, 25.99956], [85.62736, 26.00245], [85.62326, 26.00495], [85.62464, 26.00734], [85.62205, 26.01195], [85.62324, 26.01741], [85.62822, 26.01581], [85.63762, 26.01601], [85.63986, 26.02368], [85.6444, 26.02956], [85.64724, 26.03016], [85.64901, 26.03365], [85.65609, 26.03978], [85.65703, 26.04341], [85.6645, 26.04352], [85.66598, 26.04504], [85.67212, 26.04329], [85.67641, 26.05195], [85.6775, 26.05788], [85.68126, 26.06037], [85.68257, 26.06372], [85.6927, 26.06208], [85.6941, 26.07578], [85.70216, 26.0797], [85.70059, 26.0864], [85.70478, 26.09192]]]}}, {"type": "Feature", "properties": {"shapeName": "Patna", "shapeISO": "", "shapeID": "76128533B60721316645780", "shapeGroup": "IND", "shapeType": "ADM2"}, "geometry": {"type": "Polygon", "coordinates": [[[84.87453, 25.24963], [84.88214, 25.24647], [84.89031, 25.23986], [84.89368, 25.2393], [84.90064, 25.23329], [84.90296, 25.236], [84.90304, 25.24128], [84.89955, 25.25059], [84.90221, 25.25508], [84.90696, 25.25733], [84.90311, 25.26024], [84.90145, 25.26371], [84.90996, 25.26278], [84.90989, 25.26391], [84.9159, 25.26473], [84.91797, 25.26887], [84.91342, 25.27124], [84.91285, 25.27289], [84.91382, 25.27825], [84.91673, 25.28123], [84.9322, 25.28886], [84.94156, 25.28985], [84.94432, 25.29392], [84.95109, 25.28814], [84.94267, 25.27975], [84.94295, 25.27741], [84.9474, 25.27311], [84.9598, 25.26996], [84.96024, 25.27129], [84.95678, 25.27189], [84.95947, 25.2742], [84.96272, 25.27451], [84.96307, 25.27591], [84.95918, 25.27767], [84.9592, 25.27906], [84.97359, 25.29012], [84.98119, 25.2869], [84.99196, 25.28569], [84.99594, 25.28585], [85.00037, 25.28803], [85.00529, 25.28778], [85.00763, 25.2854], [85.00698, 25.2842], [85.01117, 25.28463], [85.00679, 25.29891], [85.01638, 25.30049], [85.01734, 25.30747], [85.02288, 25.30935], [85.02699, 25.30832], [85.02827, 25.29957], [85.03445, 25.28584], [85.04222, 25.28653], [85.04693, 25.2814], [85.04529, 25.27823], [85.04723, 25.27732], [85.04376, 25.26839], [85.0373, 25.26467], [85.03671, 25.26108], [85.03861, 25.25888], [85.0462, 25.26055], [85.05003, 25.2666], [85.05783, 25.26751], [85.05978, 25.2713], [85.06542, 25.27248], [85.06736, 25.27542], [85.06966, 25.27438], [85.07601, 25.27601], [85.08071, 25.27414], [85.08657, 25.28037], [85.08838, 25.2795], [85.08845, 25.27526], [85.0949, 25.27253], [85.097, 25.26481], [85.09992, 25.27051], [85.10543, 25.27504], [85.10601, 25.27942], [85.11298, 25.28033], [85.12183, 25.27056], [85.12103, 25.26242], [85.12448, 25.26426], [85.12821, 25.26256], [85.13325, 25.2696], [85.1318, 25.27382], [85.12634, 25.27897], [85.12596, 25.28292], [85.12842, 25.28774], [85.13531, 25.2886], [85.14038, 25.29291], [85.1462, 25.30406], [85.14568, 25.30688], [85.15135, 25.30674], [85.1594, 25.30425], [85.16264, 25.3053], [85.16464, 25.30126], [85.17017, 25.29776], [85.17931, 25.30109], [85.17857, 25.30338], [85.18126, 25.30766], [85.17755, 25.31078], [85.17939, 25.31345], [85.18343, 25.31201], [85.18574, 25.31444], [85.18385, 25.31744], [85.1852, 25.32621], [85.18738, 25.32832], [85.18774, 25.34148], [85.1851, 25.34777], [85.18503, 25.35729], [85.18281, 25.36242], [85.18528, 25.36475], [85.18457, 25.37395], [85.17542, 25.37687], [85.17364, 25.39215], [85.18097, 25.39183], [85.18273, 25.39407], [85.18983, 25.39715], [85.19526, 25.39778], [85.19809, 25.39758], [85.19726, 25.39525], [85.19999, 25.39476], [85.23379, 25.39317], [85.23371, 25.39984], [85.24028, 25.40076], [85.24378, 25.40033], [85.24564, 25.39509], [85.24976, 25.39218], [85.24902, 25.38482], [85.25438, 25.39051], [85.26647, 25.39208], [85.27047, 25.38835], [85.27241, 25.39369], [85.27446, 25.39481], [85.27815, 25.39416], [85.27789, 25.38744], [85.28584, 25.38718], [85.28793, 25.38575], [85.28752, 25.38333], [85.29301, 25.3826], [85.30052, 25.39041], [85.30069, 25.38276], [85.302, 25.38115], [85.30686, 25.38153], [85.31105, 25.38556], [85.31605, 25.38312], [85.3309, 25.38169], [85.33668, 25.38621], [85.33822, 25.39089], [85.34068, 25.39155], [85.34532, 25.38962], [85.34704, 25.38322], [85.36021, 25.38168], [85.36122, 25.38272], [85.36016, 25.3891], [85.36475, 25.39458], [85.36344, 25.40092], [85.36589, 25.41011], [85.37761, 25.40923], [85.38664, 25.4117], [85.39286, 25.41071], [85.39414, 25.41259], [85.39646, 25.41286], [85.39418, 25.43149], [85.39551, 25.43384], [85.40224, 25.43178], [85.40456, 25.42572], [85.41493, 25.4259], [85.41758, 25.42332], [85.42279, 25.42352], [85.42979, 25.41977], [85.43138, 25.42175], [85.43422, 25.42194], [85.43676, 25.41976], [85.43608, 25.416], [85.44044, 25.41468], [85.44256, 25.41654], [85.45352, 25.41819], [85.46297, 25.41322], [85.46943, 25.41333], [85.47225, 25.40828], [85.47554, 25.40961], [85.47998, 25.4089], [85.48192, 25.41277], [85.47909, 25.41381], [85.47967, 25.41647], [85.48565, 25.41688], [85.49151, 25.40963], [85.4905, 25.40798], [85.48627, 25.40934], [85.49031, 25.40641], [85.48925, 25.40393], [85.49837, 25.39956], [85.50419, 25.40139], [85.51636, 25.39374], [85.51927, 25.3936], [85.52307, 25.39859], [85.53119, 25.39547], [85.5288, 25.39161], [85.52972, 25.39078], [85.53415, 25.39243], [85.54807, 25.38941], [85.5573, 25.39338], [85.55887, 25.39077], [85.55638, 25.38831], [85.55908, 25.38655], [85.56397, 25.39122], [85.56939, 25.38973], [85.57536, 25.39035], [85.57851, 25.37874], [85.57824, 25.3701], [85.57313, 25.3682], [85.57967, 25.36771], [85.5822, 25.36591], [85.58594, 25.3533], [85.59087, 25.35391], [85.5936, 25.35166], [85.59657, 25.36026], [85.60036, 25.361], [85.60125, 25.35869], [85.60526, 25.35715], [85.60637, 25.35342], [85.61671, 25.35129], [85.62385, 25.35142], [85.62499, 25.34957], [85.62395, 25.34037], [85.62775, 25.33997], [85.635, 25.33577], [85.6314, 25.32352], [85.6327, 25.32318], [85.63642, 25.32745], [85.63928, 25.32784], [85.64252, 25.31939], [85.64872, 25.31794], [85.64892, 25.30806], [85.63931, 25.30737], [85.63545, 25.30448], [85.62613, 25.3036], [85.62399, 25.29245], [85.62666, 25.28994], [85.63282, 25.29106], [85.63745, 25.2961], [85.64265, 25.29737], [85.64383, 25.29607], [85.64281, 25.29111], [85.64706, 25.29148], [85.6472, 25.28603], [85.66193, 25.28654], [85.66426, 25.28896], [85.66535, 25.30261], [85.66108, 25.30583], [85.6669, 25.30806], [85.6732, 25.31268], [85.67364, 25.31809], [85.69092, 25.31886], [85.69203, 25.32546], [85.69453, 25.32675], [85.69549, 25.3314], [85.70294, 25.3373], [85.70567, 25.33733], [85.70884, 25.33498], [85.71622, 25.3262], [85.71763, 25.32708], [85.71917, 25.33837], [85.72812, 25.33659], [85.73015, 25.33756], [85.74718, 25.33629], [85.74985, 25.3282], [85.74818, 25.32036], [85.7502, 25.31446], [85.74817, 25.3121], [85.74204, 25.31381], [85.74026, 25.31008], [85.7432, 25.31005], [85.74418, 25.30868], [85.74321, 25.30093], [85.74455, 25.29782], [85.75407, 25.29614], [85.76377, 25.29192], [85.76789, 25.29519], [85.78556, 25.29121], [85.78763, 25.28652], [85.79111, 25.28424], [85.79407, 25.28692], [85.80387, 25.28358], [85.80941, 25.28475], [85.81321, 25.27978], [85.81721, 25.26595], [85.82039, 25.26426], [85.84064, 25.263], [85.84686, 25.26546], [85.87005, 25.2655], [85.86971, 25.2532], [85.87166, 25.25145], [85.89465, 25.24939], [85.89598, 25.2508], [85.89573, 25.25811], [85.89717, 25.26141], [85.88653, 25.26866], [85.88533, 25.28875], [85.88692, 25.28903], [85.88937, 25.29351], [85.89306, 25.28986], [85.90005, 25.29354], [85.90505, 25.29297], [85.89887, 25.31469], [85.8996, 25.31666], [85.91942, 25.31542], [85.92536, 25.31206], [85.95691, 25.30524], [85.96951, 25.30029], [85.97746, 25.29932], [85.97888, 25.29408], [85.98585, 25.29066], [85.9849, 25.28409], [85.9872, 25.28236], [86.00061, 25.28327], [86.00001, 25.28716], [86.00193, 25.29615], [86.01386, 25.29819], [86.01919, 25.31469], [86.02319, 25.3138], [86.03008, 25.30887], [86.05225, 25.30899], [86.05603, 25.3099], [86.05677, 25.31148], [86.05392, 25.32617], [86.03454, 25.35562], [86.02998, 25.36011], [86.02928, 25.36404], [86.02701, 25.36427], [86.02322, 25.36865], [86.01752, 25.36879], [86.0112, 25.35762], [86.01401, 25.35318], [86.01365, 25.34054], [86.00576, 25.33889], [86.00044, 25.3415], [85.99677, 25.3396], [85.98107, 25.35005], [85.98436, 25.35672], [85.96955, 25.36778], [85.94785, 25.37847], [85.93878, 25.3854], [85.93431, 25.38177], [85.92276, 25.38347], [85.91725, 25.38798], [85.91262, 25.38907], [85.90396, 25.39419], [85.89132, 25.40684], [85.88899, 25.40545], [85.88389, 25.39552], [85.87499, 25.39976], [85.86652, 25.3946], [85.86703, 25.40126], [85.85704, 25.41503], [85.86597, 25.42993], [85.86724, 25.44807], [85.87186, 25.44756], [85.87765, 25.44239], [85.89169, 25.43554], [85.89514, 25.43883], [85.89504, 25.44064], [85.89141, 25.44701], [85.88723, 25.44871], [85.88131, 25.45621], [85.87601, 25.46848], [85.87573, 25.47895], [85.8714, 25.47658], [85.84786, 25.48687], [85.83321, 25.49669], [85.82312, 25.50011], [85.82549, 25.51253], [85.80042, 25.53439], [85.79118, 25.53846], [85.77602, 25.53898], [85.75437, 25.535], [85.73832, 25.52863], [85.72765, 25.51946], [85.72622, 25.51606], [85.71957, 25.51132], [85.71684, 25.51285], [85.71783, 25.50817], [85.7149, 25.50481], [85.71454, 25.50878], [85.70531, 25.51076], [85.69678, 25.49451], [85.69249, 25.48819], [85.68749, 25.48409], [85.68615, 25.47951], [85.67782, 25.4802], [85.67533, 25.48418], [85.67162, 25.48194], [85.66899, 25.48708], [85.65381, 25.49013], [85.65054, 25.49534], [85.64702, 25.49477], [85.64752, 25.49579], [85.6433, 25.49806], [85.64879, 25.46249], [85.64851, 25.45238], [85.64359, 25.44886], [85.62912, 25.44812], [85.61572, 25.45315], [85.61619, 25.45903], [85.6138, 25.46188], [85.59335, 25.46878], [85.59377, 25.47304], [85.59988, 25.48385], [85.59589, 25.48742], [85.5766, 25.48564], [85.5479, 25.48733], [85.54137, 25.48635], [85.54173, 25.49952], [85.52847, 25.50025], [85.52372, 25.51453], [85.52268, 25.52242], [85.52696, 25.52869], [85.53301, 25.54937], [85.50561, 25.54699], [85.49437, 25.55084], [85.49068, 25.54661], [85.47976, 25.54281], [85.4719, 25.53163], [85.4661, 25.52679], [85.45608, 25.52404], [85.43303, 25.524], [85.43013, 25.52291], [85.42901, 25.52062], [85.43034, 25.51794], [85.42396, 25.50358], [85.41527, 25.5048], [85.41074, 25.50868], [85.40389, 25.51066], [85.38946, 25.51161], [85.38532, 25.50517], [85.38178, 25.50779], [85.3437, 25.51619], [85.32655, 25.51509], [85.30903, 25.51595], [85.30361, 25.51884], [85.30285, 25.52293], [85.29996, 25.52313], [85.29802, 25.52154], [85.2928, 25.524], [85.28143, 25.53928], [85.27579, 25.5491], [85.27053, 25.56331], [85.26504, 25.57161], [85.25277, 25.58731], [85.23331, 25.60274], [85.21812, 25.61275], [85.18939, 25.62201], [85.17162, 25.6252], [85.13157, 25.62587], [85.13095, 25.63064], [85.14095, 25.65012], [85.13685, 25.64923], [85.13319, 25.65063], [85.12601, 25.6541], [85.12552, 25.65712], [85.12263, 25.6586], [85.09706, 25.65783], [85.09955, 25.65927], [85.09934, 25.66078], [85.0907, 25.66726], [85.09094, 25.66936], [85.09365, 25.67561], [85.1006, 25.67971], [85.10033, 25.68218], [85.07948, 25.68557], [85.08047, 25.69147], [85.08304, 25.69565], [85.09116, 25.69543], [85.09142, 25.69651], [85.0745, 25.70064], [85.07302, 25.70185], [85.07299, 25.70529], [85.06954, 25.70827], [85.06068, 25.70982], [85.05891, 25.71283], [85.05644, 25.7135], [85.05098, 25.70495], [85.04302, 25.70588], [85.03236, 25.6995], [85.03221, 25.70249], [85.02842, 25.70291], [85.0276, 25.70535], [85.02155, 25.70515], [85.01511, 25.71273], [85.0127, 25.71232], [85.00945, 25.70895], [85.00644, 25.70905], [84.99839, 25.73963], [84.9923, 25.74161], [84.99057, 25.74351], [84.98112, 25.74009], [84.97287, 25.73931], [84.96884, 25.73575], [84.96735, 25.72682], [84.96529, 25.72662], [84.96385, 25.7294], [84.96087, 25.7296], [84.951, 25.72277], [84.941, 25.72825], [84.94019, 25.72123], [84.93503, 25.72321], [84.9308, 25.72288], [84.92943, 25.7282], [84.92444, 25.7284], [84.92158, 25.73187], [84.90883, 25.73152], [84.90907, 25.74173], [84.9001, 25.73976], [84.89645, 25.73584], [84.88547, 25.73535], [84.88298, 25.73725], [84.88134, 25.74272], [84.87881, 25.7435], [84.87294, 25.7427], [84.86883, 25.73728], [84.86222, 25.73571], [84.85883, 25.73245], [84.8612, 25.73031], [84.85948, 25.73008], [84.85927, 25.72744], [84.85721, 25.72638], [84.84535, 25.72699], [84.82798, 25.73276], [84.82628, 25.73225], [84.82523, 25.72443], [84.83965, 25.72583], [84.83833, 25.72364], [84.84241, 25.69212], [84.84023, 25.67637], [84.83908, 25.6755], [84.82889, 25.68198], [84.82175, 25.68118], [84.81872, 25.67276], [84.82046, 25.67083], [84.81787, 25.67102], [84.81584, 25.66942], [84.81267, 25.66073], [84.8041, 25.65041], [84.80576, 25.64647], [84.81436, 25.64928], [84.81832, 25.655], [84.81721, 25.66176], [84.81982, 25.66475], [84.82639, 25.66602], [84.83467, 25.65675], [84.83597, 25.65703], [84.83487, 25.65554], [84.83066, 25.65615], [84.82465, 25.65208], [84.82096, 25.64218], [84.81946, 25.62734], [84.82311, 25.62458], [84.81722, 25.61893], [84.81501, 25.60282], [84.82138, 25.59662], [84.81921, 25.58605], [84.81387, 25.57676], [84.79755, 25.57765], [84.79548, 25.56979], [84.78694, 25.5613], [84.76604, 25.54629], [84.762, 25.53228], [84.76327, 25.53071], [84.75941, 25.51802], [84.75503, 25.51038], [84.75221, 25.49729], [84.76545, 25.48535], [84.77613, 25.46834], [84.78208, 25.4542], [84.78289, 25.44774], [84.76979, 25.44947], [84.77274, 25.44057], [84.76886, 25.4353], [84.77071, 25.43418], [84.77929, 25.43581], [84.77535, 25.43277], [84.77232, 25.42357], [84.7597, 25.41413], [84.75861, 25.40606], [84.76008, 25.39466], [84.75765, 25.39114], [84.75827, 25.38749], [84.76066, 25.38484], [84.7534, 25.37663], [84.74917, 25.36913], [84.74464, 25.35061], [84.73689, 25.34139], [84.72777, 25.33658], [84.72651, 25.3335], [84.73225, 25.33325], [84.73652, 25.33145], [84.74356, 25.32118], [84.75895, 25.31051], [84.76038, 25.30512], [84.75574, 25.30304], [84.75198, 25.30371], [84.73813, 25.30114], [84.738, 25.29419], [84.73631, 25.29001], [84.72865, 25.2889], [84.72325, 25.29144], [84.71526, 25.27943], [84.71604, 25.27673], [84.71971, 25.27511], [84.72469, 25.27585], [84.72768, 25.27855], [84.73259, 25.27908], [84.73202, 25.28244], [84.73493, 25.28356], [84.73779, 25.28203], [84.75135, 25.28425], [84.75471, 25.28265], [84.75403, 25.28003], [84.76314, 25.27932], [84.76599, 25.27538], [84.76955, 25.27467], [84.77762, 25.27655], [84.77958, 25.28386], [84.78499, 25.2817], [84.79102, 25.28175], [84.79475, 25.27643], [84.80202, 25.27501], [84.80695, 25.27635], [84.81212, 25.27534], [84.81633, 25.27298], [84.81918, 25.26709], [84.81458, 25.25984], [84.80609, 25.2607], [84.80038, 25.25207], [84.79724, 25.25011], [84.78899, 25.25092], [84.78851, 25.25451], [84.78498, 25.25704], [84.7856, 25.26161], [84.77816, 25.25939], [84.77569, 25.25629], [84.77507, 25.24984], [84.76355, 25.24357], [84.75571, 25.2436], [84.74718, 25.23847], [84.74777, 25.23629], [84.75259, 25.23402], [84.7512, 25.22588], [84.75891, 25.22398], [84.76214, 25.22918], [84.76762, 25.23205], [84.76926, 25.23488], [84.77245, 25.23444], [84.77636, 25.23595], [84.77968, 25.24027], [84.79021, 25.23874], [84.79991, 25.24496], [84.81351, 25.2404], [84.81564, 25.24227], [84.81783, 25.24189], [84.82952, 25.23729], [84.83226, 25.2331], [84.83596, 25.23265], [84.83778, 25.23674], [84.84232, 25.23934], [84.84483, 25.24286], [84.84656, 25.24365], [84.84976, 25.24247], [84.85617, 25.24971], [84.8652, 25.25122], [84.86459, 25.25399], [84.87306, 25.25242], [84.87453, 25.24963]]]}}, {"type": "Feature", "properties": {"shapeName": "Kolar", "shapeISO": "", "shapeID": "76128533B29292403538801", "shapeGroup": "IND", "shapeType": "ADM2"}, "geometry": {"type": "Polygon", "coordinates": [[[78.1991, 13.56656], [78.19744, 13.5655], [78.20295, 13.56342], [78.20082, 13.55984], [78.20045, 13.55532], [78.19551, 13.54831], [78.19647, 13.54625], [78.20063, 13.54479], [78.20316, 13.54117], [78.20302, 13.53337], [78.20584, 13.52806], [78.20536, 13.52417], [78.19913, 13.52066], [78.19221, 13.52063], [78.18893, 13.51354], [78.19245, 13.51234], [78.2005, 13.51272], [78.20183, 13.48255], [78.20852, 13.47714], [78.21088, 13.47049], [78.20591, 13.46565], [78.20623, 13.45775], [78.20321, 13.4493], [78.19681, 13.44842], [78.19646, 13.44215], [78.19379, 13.43785], [78.18909, 13.44355], [78.18835, 13.44267], [78.18644, 13.43869], [78.18656, 13.43581], [78.18853, 13.43422], [78.18504, 13.43415], [78.18275, 13.41909], [78.17688, 13.41804], [78.1691, 13.4131], [78.16318, 13.4146], [78.15922, 13.41407], [78.15552, 13.4091], [78.14865, 13.40974], [78.13951, 13.40489], [78.13816, 13.40545], [78.1361, 13.39825], [78.13294, 13.39533], [78.13037, 13.38715], [78.12727, 13.38701], [78.12227, 13.37633], [78.12302, 13.37462], [78.12877, 13.37438], [78.13021, 13.37241], [78.1444, 13.3773], [78.14983, 13.36677], [78.14726, 13.36165], [78.15051, 13.36156], [78.15172, 13.35066], [78.1337, 13.35205], [78.13298, 13.34247], [78.13767, 13.33227], [78.1357, 13.333], [78.1325, 13.32849], [78.11239, 13.32441], [78.11692, 13.3178], [78.12217, 13.31782], [78.12452, 13.31152], [78.13598, 13.30565], [78.13675, 13.30012], [78.13861, 13.29841], [78.13663, 13.28745], [78.12713, 13.29251], [78.12575, 13.29549], [78.11307, 13.30339], [78.10502, 13.30439], [78.09807, 13.31002], [78.09404, 13.30994], [78.09181, 13.30381], [78.0887, 13.30232], [78.08162, 13.30251], [78.07694, 13.30042], [78.06264, 13.30129], [78.06093, 13.29421], [78.05677, 13.29601], [78.05496, 13.29467], [78.04924, 13.27975], [78.03765, 13.28077], [78.02901, 13.2832], [78.0166, 13.28227], [78.01513, 13.28412], [78.0155, 13.28941], [78.01292, 13.29026], [78.01349, 13.30092], [78.00324, 13.30478], [77.99075, 13.30443], [77.98983, 13.30146], [77.98656, 13.29845], [77.98627, 13.28601], [77.9766, 13.28539], [77.96989, 13.28214], [77.96289, 13.28426], [77.95939, 13.28096], [77.9584, 13.27722], [77.961, 13.2759], [77.96134, 13.27207], [77.95689, 13.26954], [77.94757, 13.27131], [77.9465, 13.26941], [77.94331, 13.26897], [77.94313, 13.26736], [77.94005, 13.26784], [77.9398, 13.26395], [77.94303, 13.25784], [77.93653, 13.24833], [77.93675, 13.24273], [77.9407, 13.23473], [77.93342, 13.22172], [77.9277, 13.20716], [77.93654, 13.1718], [77.93654, 13.14891], [77.9303, 13.14215], [77.9069, 13.13851], [77.8965, 13.12499], [77.89546, 13.10263], [77.90222, 13.09587], [77.90378, 13.08962], [77.89702, 13.08286], [77.87933, 13.07714], [77.86997, 13.0631], [77.86529, 13.04282], [77.84917, 13.00589], [77.8478, 12.98122], [77.84085, 12.96533], [77.83461, 12.94296], [77.83929, 12.93152], [77.83825, 12.918], [77.83305, 12.9076], [77.83513, 12.89252], [77.83089, 12.8885], [77.83261, 12.88241], [77.83137, 12.87904], [77.83607, 12.8692], [77.84694, 12.86787], [77.85015, 12.8661], [77.85997, 12.86797], [77.87287, 12.86755], [77.87769, 12.8694], [77.88871, 12.86986], [77.89287, 12.86873], [77.89807, 12.87726], [77.91115, 12.87824], [77.91283, 12.88373], [77.92502, 12.88393], [77.92839, 12.88876], [77.93496, 12.88825], [77.93971, 12.88519], [77.93941, 12.88185], [77.92904, 12.87927], [77.93036, 12.87391], [77.94428, 12.87213], [77.94517, 12.86649], [77.94178, 12.86665], [77.93952, 12.86469], [77.93852, 12.86091], [77.92914, 12.85779], [77.92604, 12.85469], [77.92559, 12.84942], [77.91996, 12.83245], [77.92121, 12.83013], [77.92899, 12.82966], [77.93557, 12.82419], [77.94377, 12.82341], [77.95069, 12.83984], [77.9433, 12.85009], [77.94421, 12.85524], [77.94935, 12.86015], [77.95632, 12.8598], [77.95934, 12.8586], [77.95885, 12.85295], [77.9688, 12.84686], [77.96585, 12.83569], [77.96834, 12.83204], [77.98216, 12.8332], [77.98547, 12.82501], [77.99226, 12.82101], [77.99235, 12.80624], [77.99697, 12.80592], [77.99991, 12.80815], [78.01245, 12.80609], [78.01659, 12.81392], [78.00423, 12.82428], [78.0108, 12.82966], [78.0144, 12.8291], [78.01771, 12.83118], [78.01899, 12.83359], [78.01807, 12.83883], [78.02, 12.84433], [78.02774, 12.84418], [78.0278, 12.849], [78.02527, 12.85362], [78.02584, 12.85655], [78.03053, 12.85684], [78.03311, 12.85187], [78.05101, 12.8489], [78.05299, 12.85279], [78.05774, 12.85307], [78.06155, 12.84923], [78.06242, 12.84302], [78.07564, 12.84091], [78.07747, 12.83744], [78.07703, 12.82969], [78.08479, 12.83207], [78.08724, 12.83129], [78.09764, 12.81416], [78.10633, 12.81108], [78.10886, 12.80679], [78.12069, 12.80228], [78.12383, 12.7996], [78.12631, 12.79362], [78.1291, 12.79081], [78.13197, 12.78095], [78.14784, 12.78012], [78.15908, 12.7743], [78.16953, 12.77124], [78.17756, 12.77603], [78.18673, 12.77436], [78.19011, 12.77114], [78.19539, 12.77369], [78.20171, 12.77217], [78.21042, 12.7662], [78.22401, 12.76621], [78.23218, 12.76375], [78.23667, 12.7661], [78.24104, 12.77318], [78.2517, 12.81429], [78.25331, 12.8233], [78.25251, 12.85852], [78.25607, 12.86221], [78.26525, 12.86072], [78.26956, 12.86676], [78.27408, 12.86773], [78.28203, 12.86172], [78.28717, 12.86034], [78.31464, 12.85844], [78.31774, 12.86771], [78.31558, 12.87698], [78.33313, 12.87411], [78.33425, 12.8791], [78.33902, 12.8853], [78.33424, 12.88743], [78.33295, 12.88291], [78.32243, 12.88505], [78.32146, 12.8877], [78.32479, 12.891], [78.3239, 12.89451], [78.32497, 12.89984], [78.32795, 12.90383], [78.33366, 12.90082], [78.33869, 12.90047], [78.34982, 12.91774], [78.34976, 12.92699], [78.35548, 12.92933], [78.3519, 12.93323], [78.35224, 12.93615], [78.35691, 12.9393], [78.38024, 12.9131], [78.38994, 12.90654], [78.39654, 12.90752], [78.39999, 12.91687], [78.41117, 12.90759], [78.41444, 12.90272], [78.42318, 12.90232], [78.42903, 12.90046], [78.43635, 12.90485], [78.4381, 12.9135], [78.44753, 12.91212], [78.44743, 12.90034], [78.45007, 12.89654], [78.45023, 12.89123], [78.4582, 12.88624], [78.46446, 12.87703], [78.46392, 12.86727], [78.46605, 12.86472], [78.4701, 12.89126], [78.46788, 12.90427], [78.46078, 12.90816], [78.45293, 12.9171], [78.44616, 12.91972], [78.43761, 12.92856], [78.42862, 12.9316], [78.42624, 12.92894], [78.4217, 12.91791], [78.41925, 12.91949], [78.41888, 12.92662], [78.4146, 12.93581], [78.41266, 12.94411], [78.41487, 12.94672], [78.42217, 12.94909], [78.42297, 12.95196], [78.4202, 12.95538], [78.42071, 12.95825], [78.428, 12.95574], [78.43893, 12.96192], [78.43541, 12.96576], [78.43446, 12.96919], [78.43419, 12.97996], [78.44065, 12.98071], [78.46954, 12.97467], [78.46922, 12.98209], [78.47304, 12.99055], [78.46699, 13.00149], [78.46385, 13.01513], [78.46141, 13.03715], [78.46307, 13.04288], [78.47256, 13.04337], [78.47622, 13.04627], [78.47856, 13.05274], [78.48259, 13.05523], [78.48889, 13.05452], [78.49261, 13.05578], [78.49945, 13.06113], [78.51614, 13.06419], [78.51634, 13.07079], [78.51008, 13.08119], [78.51343, 13.09305], [78.5183, 13.09559], [78.52533, 13.0961], [78.52632, 13.10253], [78.53948, 13.10879], [78.5277, 13.11222], [78.52261, 13.11771], [78.52016, 13.12463], [78.52021, 13.13095], [78.52438, 13.1316], [78.53288, 13.14043], [78.54693, 13.14214], [78.54816, 13.14833], [78.54418, 13.15348], [78.5452, 13.15744], [78.55023, 13.16296], [78.55834, 13.16449], [78.56943, 13.16365], [78.57274, 13.16713], [78.58057, 13.16792], [78.5748, 13.18881], [78.57085, 13.1912], [78.55831, 13.18999], [78.55386, 13.19153], [78.55235, 13.1986], [78.56467, 13.20061], [78.56979, 13.20355], [78.57155, 13.20957], [78.5773, 13.21228], [78.58009, 13.21564], [78.56857, 13.22337], [78.57025, 13.23846], [78.57124, 13.24469], [78.58351, 13.25993], [78.58879, 13.27338], [78.58744, 13.27845], [78.57846, 13.28307], [78.57571, 13.29469], [78.57135, 13.3046], [78.5669, 13.31067], [78.56537, 13.30954], [78.56447, 13.29588], [78.56188, 13.28729], [78.55844, 13.28393], [78.54682, 13.2873], [78.53997, 13.28708], [78.53686, 13.2805], [78.53501, 13.27184], [78.53204, 13.26681], [78.52673, 13.26835], [78.52318, 13.27114], [78.51953, 13.28065], [78.51514, 13.28371], [78.51234, 13.28835], [78.50638, 13.29035], [78.49463, 13.29918], [78.48365, 13.3022], [78.48127, 13.30497], [78.48282, 13.31897], [78.47745, 13.32115], [78.46521, 13.31516], [78.44699, 13.30934], [78.44129, 13.3188], [78.44003, 13.32806], [78.43541, 13.33005], [78.4262, 13.32806], [78.418, 13.32101], [78.40218, 13.31459], [78.39, 13.32773], [78.37785, 13.33087], [78.37875, 13.3393], [78.38216, 13.34303], [78.38838, 13.34215], [78.38623, 13.33723], [78.39545, 13.3344], [78.39928, 13.32932], [78.40213, 13.33458], [78.4061, 13.33345], [78.40825, 13.3432], [78.39576, 13.34903], [78.39451, 13.35318], [78.38558, 13.35722], [78.37899, 13.3591], [78.36719, 13.35748], [78.36598, 13.36595], [78.37945, 13.39057], [78.38201, 13.40174], [78.38017, 13.41967], [78.37598, 13.43508], [78.37768, 13.44195], [78.37481, 13.44859], [78.37319, 13.46272], [78.37418, 13.46989], [78.37789, 13.47749], [78.37885, 13.50038], [78.37785, 13.50579], [78.38474, 13.51613], [78.38363, 13.52285], [78.396, 13.54227], [78.39651, 13.55454], [78.40827, 13.57677], [78.40438, 13.58122], [78.40122, 13.58865], [78.39076, 13.59184], [78.35404, 13.58824], [78.33316, 13.5934], [78.32278, 13.59389], [78.30211, 13.58917], [78.27561, 13.58852], [78.26848, 13.58559], [78.25987, 13.58457], [78.2467, 13.59472], [78.23782, 13.59743], [78.23274, 13.5873], [78.2186, 13.59206], [78.2125, 13.57816], [78.20594, 13.57086], [78.1991, 13.56656]]]}}, {"type": "Feature", "properties": {"shapeName": "Bangalore Rural", "shapeISO": "", "shapeID": "76128533B48075109668277", "shapeGroup": "IND", "shapeType": "ADM2"}, "geometry": {"type": "Polygon", "coordinates": [[[77.38765, 13.50108], [77.37392, 13.48064], [77.37489, 13.47168], [77.37037, 13.4706], [77.36796, 13.46704], [77.35487, 13.46054], [77.35116, 13.45373], [77.3568, 13.44303], [77.36468, 13.43605], [77.36589, 13.42664], [77.36511, 13.42061], [77.36111, 13.41758], [77.35432, 13.41938], [77.35015, 13.41836], [77.34434, 13.37946], [77.34703, 13.37652], [77.34491, 13.35597], [77.34731, 13.34637], [77.34044, 13.33066], [77.33101, 13.33029], [77.31376, 13.32334], [77.31233, 13.31576], [77.30926, 13.31158], [77.28332, 13.3108], [77.28427, 13.29851], [77.27743, 13.29939], [77.27219, 13.31124], [77.25701, 13.30961], [77.25454, 13.304], [77.24715, 13.30333], [77.24487, 13.30351], [77.2433, 13.30828], [77.23172, 13.31176], [77.22394, 13.29559], [77.22244, 13.28485], [77.22393, 13.26929], [77.22016, 13.26401], [77.21032, 13.26268], [77.19996, 13.26744], [77.19511, 13.27184], [77.18978, 13.27271], [77.18769, 13.2563], [77.19269, 13.24244], [77.18345, 13.22817], [77.19082, 13.22493], [77.19438, 13.22177], [77.19542, 13.21102], [77.19926, 13.20619], [77.2038, 13.19383], [77.20849, 13.19439], [77.20888, 13.18899], [77.2046, 13.18444], [77.2089, 13.17916], [77.209, 13.17316], [77.21491, 13.16805], [77.21797, 13.16171], [77.21457, 13.15135], [77.21878, 13.14496], [77.22865, 13.1461], [77.23218, 13.14459], [77.23377, 13.14682], [77.24336, 13.14605], [77.24743, 13.15024], [77.2563, 13.15279], [77.26748, 13.15093], [77.27109, 13.15304], [77.27593, 13.15289], [77.27577, 13.1408], [77.2716, 13.14385], [77.26852, 13.14386], [77.26696, 13.12856], [77.26964, 13.11935], [77.27224, 13.11839], [77.27795, 13.11928], [77.28048, 13.12828], [77.28029, 13.1343], [77.28575, 13.13477], [77.2882, 13.12126], [77.29329, 13.12056], [77.29407, 13.11015], [77.29849, 13.10897], [77.30419, 13.1107], [77.31519, 13.10639], [77.31074, 13.08325], [77.31036, 13.05624], [77.31238, 13.04616], [77.32222, 13.04823], [77.32516, 13.04706], [77.3282, 13.05002], [77.33049, 13.04973], [77.33139, 13.04732], [77.3326, 13.0428], [77.33107, 13.03904], [77.3314, 13.02654], [77.32689, 13.02344], [77.32913, 13.00865], [77.3236, 13.00827], [77.32755, 12.9958], [77.34288, 12.99575], [77.36992, 13.00875], [77.37641, 13.00949], [77.37411, 13.01662], [77.38048, 13.01981], [77.37943, 13.03022], [77.39457, 13.02936], [77.39931, 13.05502], [77.39329, 13.05591], [77.39035, 13.05046], [77.38801, 13.05225], [77.38469, 13.05868], [77.38564, 13.06569], [77.40303, 13.07155], [77.43098, 13.06893], [77.42737, 13.08714], [77.4221, 13.08707], [77.42208, 13.09699], [77.42029, 13.10555], [77.40552, 13.11404], [77.40641, 13.1262], [77.40737, 13.12897], [77.41191, 13.12909], [77.41521, 13.1393], [77.42019, 13.13765], [77.43501, 13.15542], [77.43219, 13.16069], [77.43377, 13.16493], [77.44599, 13.16499], [77.45253, 13.16232], [77.46248, 13.1608], [77.46905, 13.16347], [77.46885, 13.17284], [77.47564, 13.18763], [77.47748, 13.19606], [77.47646, 13.20548], [77.47424, 13.20733], [77.4755, 13.21519], [77.48045, 13.22206], [77.51307, 13.22505], [77.5171, 13.2209], [77.52245, 13.21025], [77.52898, 13.2193], [77.5373, 13.21979], [77.5482, 13.2324], [77.56001, 13.23257], [77.55801, 13.21529], [77.57077, 13.21398], [77.57113, 13.20197], [77.57622, 13.19805], [77.59948, 13.19003], [77.60311, 13.19053], [77.60791, 13.20217], [77.61652, 13.20265], [77.61759, 13.20575], [77.62098, 13.20585], [77.6544, 13.2017], [77.65562, 13.18881], [77.65914, 13.18715], [77.66938, 13.18584], [77.67434, 13.18765], [77.6776, 13.19179], [77.68498, 13.19158], [77.69002, 13.19305], [77.69106, 13.19808], [77.69537, 13.19705], [77.69721, 13.18964], [77.70235, 13.18783], [77.71578, 13.19161], [77.72228, 13.1913], [77.72988, 13.1888], [77.73231, 13.18368], [77.73152, 13.17754], [77.72857, 13.17193], [77.73189, 13.16726], [77.72993, 13.16037], [77.73174, 13.15864], [77.73101, 13.15469], [77.73251, 13.14836], [77.73997, 13.14046], [77.73827, 13.12884], [77.74212, 13.12293], [77.73517, 13.11539], [77.72455, 13.11131], [77.7236, 13.09289], [77.71617, 13.09065], [77.71234, 13.09663], [77.70849, 13.07428], [77.71317, 13.06388], [77.72981, 13.04724], [77.72461, 13.00927], [77.72794, 13.00497], [77.72726, 13.00345], [77.72981, 12.99783], [77.74073, 12.98899], [77.74386, 12.97911], [77.73813, 12.96715], [77.73761, 12.94894], [77.72721, 12.94582], [77.71785, 12.93334], [77.73553, 12.9167], [77.7709, 12.90422], [77.79378, 12.88394], [77.82026, 12.85315], [77.82409, 12.85423], [77.82751, 12.85918], [77.83257, 12.86006], [77.83271, 12.86483], [77.83607, 12.8692], [77.83137, 12.87904], [77.83261, 12.88241], [77.83089, 12.8885], [77.83513, 12.89252], [77.83305, 12.9076], [77.83825, 12.918], [77.83929, 12.93152], [77.83461, 12.94296], [77.84085, 12.96533], [77.8478, 12.98122], [77.84917, 13.00589], [77.86529, 13.04282], [77.86997, 13.0631], [77.87933, 13.07714], [77.89702, 13.08286], [77.90378, 13.08962], [77.90222, 13.09587], [77.89546, 13.10263], [77.8965, 13.12499], [77.9069, 13.13851], [77.9303, 13.14215], [77.93654, 13.14891], [77.93654, 13.1718], [77.9277, 13.20716], [77.93342, 13.22172], [77.9407, 13.23473], [77.93675, 13.24273], [77.93653, 13.24833], [77.94303, 13.25784], [77.9398, 13.26395], [77.94005, 13.26784], [77.94061, 13.27504], [77.93687, 13.27723], [77.93238, 13.27776], [77.93256, 13.27928], [77.92935, 13.27829], [77.92613, 13.28255], [77.92613, 13.2848], [77.92421, 13.28484], [77.92475, 13.28901], [77.92232, 13.28932], [77.91723, 13.28834], [77.91375, 13.27651], [77.89658, 13.26115], [77.88061, 13.25949], [77.86756, 13.26428], [77.8632, 13.26257], [77.84883, 13.24458], [77.83512, 13.24835], [77.82208, 13.25528], [77.82261, 13.2589], [77.81179, 13.2624], [77.81968, 13.29544], [77.82385, 13.2966], [77.82508, 13.29054], [77.83173, 13.29182], [77.83152, 13.29854], [77.82916, 13.30427], [77.81668, 13.30619], [77.81412, 13.30999], [77.81466, 13.31142], [77.82057, 13.3114], [77.82094, 13.31404], [77.82622, 13.32047], [77.82902, 13.32686], [77.81523, 13.33307], [77.81063, 13.33906], [77.80126, 13.33945], [77.79311, 13.35206], [77.78556, 13.35238], [77.77149, 13.35639], [77.7624, 13.36104], [77.75508, 13.36239], [77.75193, 13.35919], [77.74926, 13.35903], [77.74681, 13.35517], [77.73884, 13.3608], [77.73281, 13.35968], [77.73184, 13.35307], [77.71798, 13.35153], [77.71543, 13.35326], [77.71592, 13.36219], [77.71882, 13.36268], [77.71654, 13.366], [77.70381, 13.35974], [77.70361, 13.35464], [77.70708, 13.34537], [77.70584, 13.34193], [77.70037, 13.33622], [77.68696, 13.35241], [77.68561, 13.35072], [77.66942, 13.34993], [77.66056, 13.35631], [77.65914, 13.36682], [77.66394, 13.3796], [77.66039, 13.38496], [77.65623, 13.38682], [77.65986, 13.39794], [77.65512, 13.39809], [77.65299, 13.39378], [77.6415, 13.39359], [77.63522, 13.37576], [77.62397, 13.37632], [77.623, 13.3827], [77.61628, 13.38629], [77.61922, 13.40229], [77.60914, 13.40492], [77.60724, 13.39706], [77.60332, 13.39764], [77.60192, 13.41521], [77.61424, 13.41638], [77.61578, 13.42154], [77.61193, 13.42575], [77.60455, 13.44185], [77.60096, 13.43773], [77.5935, 13.43594], [77.59275, 13.42186], [77.55617, 13.41833], [77.55358, 13.43069], [77.55085, 13.43563], [77.5395, 13.4363], [77.53711, 13.43218], [77.52974, 13.43192], [77.52366, 13.43429], [77.51824, 13.44327], [77.509, 13.44871], [77.5064, 13.4575], [77.49999, 13.45844], [77.49276, 13.46197], [77.48774, 13.46749], [77.4731, 13.46973], [77.46417, 13.46569], [77.46032, 13.4688], [77.45744, 13.46537], [77.44641, 13.46317], [77.43807, 13.46504], [77.43559, 13.47026], [77.4274, 13.47328], [77.42651, 13.48614], [77.42047, 13.48748], [77.41599, 13.49582], [77.41061, 13.49803], [77.40163, 13.49507], [77.38765, 13.50108]]]}}, {"type": "Feature", "properties": {"shapeName": "Tumkur", "shapeISO": "", "shapeID": "76128533B64905184636422", "shapeGroup": "IND", "shapeType": "ADM2"}, "geometry": {"type": "MultiPolygon", "coordinates": [[[[76.95251, 14.09255], [76.93519, 14.08085], [76.93159, 14.07705], [76.92789, 14.05943], [76.92056, 14.05789], [76.91908, 14.06143], [76.91141, 14.06196], [76.90552, 14.05932], [76.89636, 14.05227], [76.89317, 14.04786], [76.88342, 14.01826], [76.88035, 14.01767], [76.87654, 14.01303], [76.87209, 14.01006], [76.84355, 14.01621], [76.83857, 14.01587], [76.83323, 14.00547], [76.82824, 14.00133], [76.82587, 13.995], [76.82966, 13.99038], [76.84489, 13.98301], [76.84977, 13.9792], [76.85024, 13.96339], [76.84393, 13.96214], [76.8243, 13.94923], [76.82322, 13.94084], [76.82069, 13.9381], [76.81474, 13.93587], [76.81561, 13.91708], [76.81023, 13.91636], [76.7826, 13.92441], [76.76887, 13.924], [76.76723, 13.92047], [76.75515, 13.91953], [76.75583, 13.90822], [76.73805, 13.90464], [76.72726, 13.90038], [76.72401, 13.89579], [76.73168, 13.88102], [76.76005, 13.84196], [76.76801, 13.83659], [76.77056, 13.80058], [76.76464, 13.78035], [76.73698, 13.78432], [76.73229, 13.78774], [76.72624, 13.79715], [76.7192, 13.79571], [76.71295, 13.78326], [76.69932, 13.77044], [76.69876, 13.76018], [76.69048, 13.74426], [76.68862, 13.73121], [76.69137, 13.72091], [76.69084, 13.70997], [76.68749, 13.68956], [76.67513, 13.70717], [76.67555, 13.71904], [76.67021, 13.72222], [76.66113, 13.72171], [76.6451, 13.71586], [76.63155, 13.71521], [76.62788, 13.73298], [76.62425, 13.73222], [76.62192, 13.73454], [76.61724, 13.73032], [76.61662, 13.72635], [76.61414, 13.72366], [76.6056, 13.72546], [76.60034, 13.72422], [76.59828, 13.72131], [76.57413, 13.71416], [76.57499, 13.70608], [76.57793, 13.6996], [76.58001, 13.68875], [76.56497, 13.68377], [76.55555, 13.67901], [76.54938, 13.67367], [76.54049, 13.66255], [76.53067, 13.66414], [76.53334, 13.65324], [76.5208, 13.63999], [76.51887, 13.63382], [76.51278, 13.63015], [76.50029, 13.62717], [76.50184, 13.62214], [76.48189, 13.62246], [76.46193, 13.61779], [76.45857, 13.61181], [76.46225, 13.59772], [76.45745, 13.59465], [76.45606, 13.59049], [76.44108, 13.59417], [76.43581, 13.59412], [76.43195, 13.59131], [76.4263, 13.58248], [76.42237, 13.57965], [76.41688, 13.57863], [76.41139, 13.57984], [76.40702, 13.59054], [76.40191, 13.59383], [76.39986, 13.59058], [76.39547, 13.59039], [76.38439, 13.57807], [76.38123, 13.58695], [76.37718, 13.59233], [76.35487, 13.57877], [76.35837, 13.57086], [76.36488, 13.54718], [76.372, 13.54864], [76.37653, 13.54219], [76.38411, 13.53527], [76.38985, 13.53326], [76.39767, 13.53484], [76.4025, 13.52512], [76.42772, 13.52451], [76.4202, 13.51639], [76.41701, 13.50892], [76.40979, 13.50559], [76.39916, 13.50355], [76.39857, 13.49212], [76.40278, 13.48911], [76.40837, 13.48846], [76.41186, 13.48113], [76.4154, 13.4784], [76.41168, 13.47172], [76.40835, 13.45984], [76.41918, 13.4484], [76.40147, 13.42116], [76.39883, 13.40332], [76.39259, 13.39569], [76.39405, 13.38734], [76.38841, 13.37123], [76.38369, 13.3716], [76.38208, 13.36978], [76.38348, 13.36689], [76.38277, 13.36465], [76.3472, 13.36086], [76.34795, 13.34688], [76.35307, 13.32517], [76.3502, 13.31588], [76.34893, 13.3026], [76.35043, 13.29505], [76.35443, 13.29117], [76.35652, 13.28662], [76.35736, 13.2615], [76.35945, 13.25948], [76.35721, 13.25135], [76.36332, 13.25077], [76.36662, 13.23477], [76.37337, 13.23355], [76.38087, 13.23016], [76.38008, 13.22028], [76.37693, 13.21419], [76.3717, 13.21191], [76.3731, 13.19966], [76.38574, 13.19749], [76.39605, 13.19803], [76.39696, 13.1934], [76.41444, 13.19224], [76.41693, 13.19027], [76.41703, 13.18534], [76.42816, 13.18538], [76.42938, 13.17967], [76.43156, 13.17965], [76.43231, 13.17358], [76.43088, 13.17094], [76.44278, 13.17289], [76.45374, 13.16432], [76.45819, 13.14678], [76.47612, 13.14802], [76.47701, 13.14192], [76.47125, 13.11485], [76.46934, 13.0965], [76.47048, 13.09159], [76.47624, 13.08943], [76.48502, 13.0933], [76.50045, 13.09636], [76.50215, 13.09027], [76.5015, 13.0858], [76.50947, 13.07625], [76.5182, 13.06959], [76.52441, 13.07171], [76.52679, 13.07645], [76.53412, 13.07844], [76.58885, 13.07154], [76.59345, 13.07439], [76.5991, 13.07558], [76.60583, 13.07386], [76.61371, 13.06885], [76.618, 13.06437], [76.62087, 13.05813], [76.61676, 13.05459], [76.60779, 13.05465], [76.60427, 13.04365], [76.60576, 13.03656], [76.609, 13.03094], [76.60802, 13.01509], [76.60922, 13.00971], [76.61374, 13.00704], [76.61796, 13.00861], [76.63264, 13.00673], [76.63558, 13.00574], [76.64147, 13.00844], [76.64748, 13.00614], [76.65366, 13.00763], [76.6568, 13.01233], [76.67467, 13.05504], [76.68538, 13.04393], [76.69525, 13.0363], [76.70333, 13.04035], [76.71214, 13.03843], [76.72574, 13.04006], [76.74597, 13.03577], [76.76308, 13.0358], [76.78399, 13.02815], [76.78393, 13.02384], [76.78818, 13.01285], [76.79514, 13.01453], [76.80696, 13.01077], [76.81089, 13.0132], [76.81588, 13.00357], [76.82816, 13.00136], [76.83561, 12.9912], [76.85235, 12.97881], [76.85317, 12.97648], [76.85233, 12.97469], [76.84028, 12.97256], [76.84036, 12.94699], [76.83619, 12.95009], [76.82507, 12.95074], [76.82302, 12.9406], [76.82759, 12.94064], [76.83153, 12.93851], [76.84035, 12.94536], [76.84856, 12.9445], [76.84907, 12.94175], [76.85175, 12.93892], [76.85932, 12.93519], [76.86491, 12.92889], [76.8825, 12.93448], [76.88894, 12.93467], [76.89076, 12.93242], [76.8955, 12.9209], [76.89407, 12.91864], [76.88161, 12.92115], [76.87599, 12.92085], [76.86807, 12.91745], [76.86593, 12.91513], [76.86428, 12.91212], [76.86523, 12.90778], [76.86973, 12.90037], [76.87264, 12.89807], [76.88856, 12.89899], [76.89274, 12.89009], [76.89354, 12.88317], [76.89275, 12.85402], [76.89726, 12.85083], [76.90754, 12.82676], [76.91796, 12.81933], [76.92591, 12.80548], [76.9332, 12.80083], [76.93554, 12.80331], [76.94276, 12.80498], [76.95223, 12.80177], [76.95958, 12.80409], [76.97182, 12.80364], [76.97484, 12.79357], [76.98087, 12.79397], [76.98881, 12.78851], [76.99937, 12.77638], [77.00079, 12.77588], [77.01171, 12.78206], [77.00932, 12.7698], [77.01124, 12.76507], [77.01877, 12.76301], [77.02656, 12.76251], [77.02749, 12.76628], [77.03627, 12.76926], [77.04395, 12.77754], [77.04612, 12.77728], [77.045, 12.77338], [77.05243, 12.74865], [77.05476, 12.74775], [77.06537, 12.75564], [77.06995, 12.75604], [77.07807, 12.74685], [77.08194, 12.7472], [77.08285, 12.75707], [77.08496, 12.75778], [77.08987, 12.75237], [77.09498, 12.75345], [77.09422, 12.75745], [77.09599, 12.76573], [77.101, 12.77536], [77.10854, 12.77824], [77.1119, 12.77584], [77.1156, 12.77619], [77.12159, 12.77277], [77.13771, 12.78133], [77.14533, 12.78117], [77.15018, 12.78408], [77.15266, 12.79307], [77.1419, 12.8096], [77.1578, 12.82613], [77.15116, 12.83368], [77.15121, 12.84809], [77.14183, 12.85173], [77.13748, 12.85479], [77.13561, 12.85963], [77.13404, 12.85925], [77.13573, 12.8745], [77.13532, 12.87853], [77.13227, 12.87857], [77.13394, 12.88819], [77.12166, 12.88635], [77.11242, 12.89188], [77.1157, 12.89511], [77.12207, 12.89812], [77.127, 12.89862], [77.12935, 12.90221], [77.13668, 12.89901], [77.13893, 12.89995], [77.14177, 12.91323], [77.14446, 12.91641], [77.15113, 12.91585], [77.16087, 12.91273], [77.16645, 12.9245], [77.16723, 12.93041], [77.16445, 12.93496], [77.163, 12.93515], [77.16257, 12.93969], [77.16038, 12.94231], [77.16114, 12.95711], [77.14687, 12.96317], [77.1399, 12.96809], [77.13426, 12.97488], [77.13305, 12.97996], [77.13476, 12.98085], [77.13507, 12.98526], [77.14396, 12.98474], [77.14767, 12.98911], [77.13834, 12.99653], [77.14005, 13.00075], [77.13726, 13.00455], [77.13384, 13.00686], [77.12739, 13.00687], [77.12924, 13.0013], [77.13241, 12.99971], [77.13123, 12.99497], [77.11017, 12.99538], [77.10776, 12.99353], [77.10002, 12.99873], [77.10406, 13.00499], [77.11837, 13.01125], [77.11908, 13.01458], [77.11151, 13.02161], [77.10683, 13.02393], [77.09752, 13.0257], [77.09635, 13.02832], [77.08536, 13.03635], [77.08097, 13.09674], [77.07294, 13.11443], [77.07376, 13.12516], [77.07777, 13.12979], [77.08279, 13.13275], [77.09443, 13.13501], [77.09798, 13.14411], [77.1069, 13.14191], [77.10912, 13.13857], [77.10852, 13.1322], [77.11763, 13.13006], [77.11875, 13.1358], [77.11654, 13.13886], [77.11772, 13.1435], [77.12088, 13.14562], [77.12178, 13.16204], [77.13236, 13.1654], [77.1406, 13.17533], [77.14557, 13.17169], [77.1502, 13.17444], [77.15757, 13.19229], [77.16748, 13.19564], [77.17038, 13.18398], [77.17838, 13.18607], [77.18502, 13.18566], [77.19894, 13.18137], [77.2046, 13.18444], [77.20888, 13.18899], [77.20849, 13.19439], [77.2038, 13.19383], [77.19926, 13.20619], [77.19542, 13.21102], [77.19438, 13.22177], [77.19082, 13.22493], [77.18345, 13.22817], [77.19269, 13.24244], [77.18769, 13.2563], [77.18978, 13.27271], [77.19511, 13.27184], [77.19996, 13.26744], [77.21032, 13.26268], [77.22016, 13.26401], [77.22393, 13.26929], [77.22244, 13.28485], [77.22394, 13.29559], [77.23172, 13.31176], [77.2433, 13.30828], [77.24487, 13.30351], [77.24715, 13.30333], [77.25454, 13.304], [77.25701, 13.30961], [77.27219, 13.31124], [77.27743, 13.29939], [77.28427, 13.29851], [77.28332, 13.3108], [77.30926, 13.31158], [77.31233, 13.31576], [77.31376, 13.32334], [77.33101, 13.33029], [77.34044, 13.33066], [77.34731, 13.34637], [77.34491, 13.35597], [77.34703, 13.37652], [77.34434, 13.37946], [77.35015, 13.41836], [77.35432, 13.41938], [77.36111, 13.41758], [77.36511, 13.42061], [77.36589, 13.42664], [77.36468, 13.43605], [77.3568, 13.44303], [77.35116, 13.45373], [77.35487, 13.46054], [77.36796, 13.46704], [77.37037, 13.4706], [77.37489, 13.47168], [77.37392, 13.48064], [77.38765, 13.50108], [77.38429, 13.51292], [77.39192, 13.52087], [77.39412, 13.52666], [77.39379, 13.53321], [77.38865, 13.53828], [77.38515, 13.54518], [77.38298, 13.57699], [77.37692, 13.58923], [77.36569, 13.59386], [77.36329, 13.61391], [77.36484, 13.62233], [77.36973, 13.63018], [77.37282, 13.64067], [77.37876, 13.64599], [77.38449, 13.66153], [77.39155, 13.66495], [77.40289, 13.67352], [77.43638, 13.67381], [77.44087, 13.68275], [77.45793, 13.68441], [77.45297, 13.70434], [77.45415, 13.70922], [77.46156, 13.71269], [77.46499, 13.72123], [77.46623, 13.7389], [77.47074, 13.75214], [77.47022, 13.7576], [77.46682, 13.75836], [77.462, 13.78655], [77.4588, 13.79402], [77.46076, 13.79981], [77.46548, 13.80554], [77.46361, 13.8083], [77.44854, 13.81075], [77.44343, 13.80768], [77.43663, 13.79645], [77.42802, 13.7974], [77.4248, 13.79937], [77.42745, 13.80423], [77.42718, 13.80813], [77.41655, 13.80765], [77.4161, 13.81087], [77.42157, 13.81579], [77.42065, 13.82016], [77.43415, 13.83813], [77.4324, 13.84352], [77.41176, 13.83978], [77.39763, 13.84126], [77.38061, 13.83959], [77.38087, 13.84649], [77.37526, 13.85149], [77.36717, 13.85393], [77.35989, 13.85263], [77.34235, 13.83765], [77.33489, 13.83302], [77.32762, 13.83397], [77.32374, 13.84792], [77.31446, 13.8654], [77.29719, 13.85816], [77.29301, 13.85416], [77.29042, 13.84912], [77.28262, 13.85091], [77.25785, 13.84755], [77.26043, 13.86419], [77.25111, 13.86834], [77.24808, 13.87391], [77.24614, 13.88952], [77.24886, 13.89686], [77.2474, 13.90208], [77.24113, 13.90291], [77.23274, 13.90344], [77.22915, 13.8968], [77.22427, 13.87724], [77.21879, 13.8694], [77.21538, 13.86838], [77.21609, 13.88639], [77.21216, 13.88911], [77.20819, 13.87447], [77.20412, 13.86749], [77.19994, 13.86417], [77.18599, 13.86777], [77.1823, 13.86932], [77.18676, 13.88624], [77.18636, 13.89118], [77.18935, 13.90919], [77.18873, 13.91865], [77.18415, 13.92523], [77.17713, 13.92419], [77.16661, 13.9163], [77.16301, 13.90765], [77.16409, 13.89916], [77.16881, 13.8903], [77.17205, 13.87412], [77.16962, 13.86489], [77.15531, 13.86767], [77.14646, 13.8669], [77.13722, 13.85779], [77.13095, 13.85724], [77.13232, 13.85087], [77.15289, 13.84284], [77.15504, 13.83675], [77.16507, 13.83339], [77.16945, 13.82868], [77.16915, 13.8234], [77.16339, 13.81929], [77.16353, 13.81171], [77.1613, 13.80851], [77.16572, 13.79507], [77.17863, 13.78005], [77.17695, 13.76939], [77.17389, 13.76268], [77.14474, 13.76362], [77.14133, 13.76099], [77.13068, 13.75884], [77.10234, 13.76877], [77.09284, 13.76599], [77.09229, 13.76243], [77.08743, 13.76129], [77.08636, 13.75389], [77.08768, 13.74528], [77.06705, 13.74671], [77.06173, 13.75233], [77.05431, 13.76389], [77.04209, 13.77705], [77.03324, 13.7792], [77.02673, 13.77761], [77.01831, 13.74049], [76.99942, 13.75028], [76.99894, 13.75723], [76.98795, 13.79346], [76.99159, 13.79637], [76.99251, 13.80067], [76.99043, 13.81184], [76.98674, 13.81483], [76.97555, 13.81784], [76.97505, 13.82201], [76.9782, 13.82649], [76.99066, 13.83537], [76.99291, 13.84685], [77.00081, 13.84659], [77.01269, 13.85773], [77.01472, 13.87053], [77.019, 13.87172], [77.01838, 13.87907], [77.02394, 13.90098], [77.03451, 13.9048], [77.04801, 13.90506], [77.04252, 13.93322], [77.02523, 13.94236], [77.01467, 13.95492], [77.00596, 13.95797], [76.99551, 13.96419], [76.99781, 13.98329], [77.00085, 13.98898], [76.99146, 13.99498], [76.98159, 14.00402], [76.97058, 14.00965], [76.95488, 14.01416], [76.95104, 14.01804], [76.94704, 14.02796], [76.93734, 14.03007], [76.93995, 14.04799], [76.94419, 14.05492], [76.95599, 14.05518], [76.97784, 14.05976], [76.98052, 14.06507], [76.98131, 14.07263], [76.97855, 14.07575], [76.97813, 14.08304], [76.97435, 14.08707], [76.95765, 14.09267], [76.95251, 14.09255]]], [[[77.01028, 14.2388], [77.00287, 14.2324], [77.00896, 14.22037], [77.00859, 14.21187], [77.00471, 14.19926], [77.00929, 14.19573], [77.0157, 14.19473], [77.02254, 14.19095], [77.02631, 14.18524], [77.02612, 14.18002], [77.02738, 14.17166], [77.02233, 14.16002], [77.02014, 14.13476], [77.02546, 14.1327], [77.02662, 14.12968], [77.02272, 14.12489], [77.02296, 14.11348], [77.01467, 14.10551], [77.01681, 14.09944], [77.03042, 14.09079], [77.03098, 14.08461], [77.02669, 14.06888], [77.03017, 14.06072], [77.04083, 14.05896], [77.04976, 14.05915], [77.07564, 14.05472], [77.07615, 14.04699], [77.08312, 14.04561], [77.09743, 14.04584], [77.10336, 14.04829], [77.12786, 14.04981], [77.13147, 14.04239], [77.13465, 14.02631], [77.14087, 14.01736], [77.13972, 14.0119], [77.1412, 14.00584], [77.14638, 14.0049], [77.15424, 13.99935], [77.16135, 13.99835], [77.16972, 14.00551], [77.16861, 14.01399], [77.17834, 14.01635], [77.20158, 14.01066], [77.22593, 14.01574], [77.24972, 14.01418], [77.26292, 14.02885], [77.2717, 14.03442], [77.27865, 14.03582], [77.28142, 14.0241], [77.27983, 14.01594], [77.28574, 14.01484], [77.29956, 14.02245], [77.30531, 14.03098], [77.31084, 14.03469], [77.32081, 14.0328], [77.32382, 14.02945], [77.32435, 14.02331], [77.32757, 14.01725], [77.33147, 14.01333], [77.33753, 14.00293], [77.33774, 13.99841], [77.3409, 13.9961], [77.3531, 13.99366], [77.36125, 13.99042], [77.36088, 13.9844], [77.35443, 13.9687], [77.35471, 13.96347], [77.35123, 13.95901], [77.36958, 13.95362], [77.37016, 13.95046], [77.35016, 13.9204], [77.35108, 13.91415], [77.35348, 13.9115], [77.35592, 13.90472], [77.36604, 13.90381], [77.39804, 13.90595], [77.39959, 13.88817], [77.40476, 13.88882], [77.42675, 13.90322], [77.4334, 13.91037], [77.43519, 13.91754], [77.43027, 13.92025], [77.41789, 13.92287], [77.41539, 13.94434], [77.43031, 13.94727], [77.43642, 13.95162], [77.43834, 13.97703], [77.4343, 13.98152], [77.42815, 13.98509], [77.41782, 13.98513], [77.3941, 13.98216], [77.38321, 13.9773], [77.38025, 13.98365], [77.38074, 13.98984], [77.3874, 14.00141], [77.3909, 14.01548], [77.38257, 14.0202], [77.3698, 14.02407], [77.35752, 14.02451], [77.35145, 14.0271], [77.33355, 14.03094], [77.3386, 14.04784], [77.3453, 14.06182], [77.3575, 14.06139], [77.36595, 14.06695], [77.36875, 14.07397], [77.37978, 14.07988], [77.38705, 14.0984], [77.39309, 14.10149], [77.40287, 14.11148], [77.40384, 14.11859], [77.40184, 14.12266], [77.39713, 14.12658], [77.38772, 14.12462], [77.38059, 14.12057], [77.36625, 14.11668], [77.35975, 14.11331], [77.35582, 14.10721], [77.35186, 14.10403], [77.355, 14.13226], [77.36214, 14.13168], [77.38401, 14.13757], [77.38995, 14.15568], [77.39689, 14.16151], [77.39703, 14.17321], [77.41708, 14.1777], [77.42373, 14.17727], [77.43088, 14.17309], [77.46129, 14.17105], [77.47083, 14.17231], [77.49593, 14.16128], [77.50806, 14.15912], [77.51796, 14.18017], [77.51703, 14.1851], [77.51173, 14.18879], [77.50725, 14.21257], [77.5006, 14.22204], [77.50036, 14.22812], [77.49757, 14.23568], [77.50377, 14.24845], [77.50629, 14.25758], [77.50683, 14.26854], [77.50371, 14.27976], [77.49957, 14.27927], [77.4918, 14.28324], [77.48674, 14.29273], [77.46203, 14.28013], [77.45092, 14.28545], [77.4496, 14.31762], [77.43475, 14.3127], [77.43306, 14.32864], [77.41644, 14.3349], [77.40199, 14.33692], [77.39275, 14.33262], [77.38591, 14.32484], [77.38094, 14.31287], [77.3821, 14.30296], [77.39221, 14.28026], [77.39151, 14.27343], [77.39705, 14.26922], [77.40823, 14.26826], [77.41201, 14.25648], [77.41602, 14.23187], [77.42202, 14.22499], [77.42301, 14.2199], [77.42221, 14.21117], [77.39851, 14.19881], [77.39105, 14.19973], [77.38734, 14.21043], [77.38886, 14.21807], [77.38383, 14.22458], [77.37148, 14.23115], [77.36254, 14.23786], [77.36636, 14.25142], [77.36537, 14.26813], [77.36635, 14.27711], [77.31444, 14.28152], [77.30237, 14.28413], [77.29239, 14.28239], [77.28647, 14.28372], [77.28953, 14.3099], [77.28795, 14.33868], [77.28009, 14.33931], [77.2741, 14.33456], [77.2646, 14.33323], [77.25183, 14.32206], [77.23867, 14.31858], [77.22959, 14.32247], [77.21643, 14.32048], [77.20295, 14.32175], [77.18605, 14.33378], [77.18327, 14.33369], [77.17839, 14.33761], [77.17071, 14.33784], [77.16622, 14.3436], [77.15859, 14.34509], [77.15289, 14.33953], [77.14695, 14.34345], [77.14195, 14.34133], [77.13831, 14.33792], [77.13903, 14.33138], [77.13735, 14.32115], [77.1322, 14.30888], [77.12372, 14.29876], [77.11832, 14.29487], [77.11696, 14.28228], [77.11335, 14.26912], [77.12197, 14.2642], [77.11802, 14.25585], [77.11946, 14.24731], [77.11694, 14.23938], [77.11644, 14.22888], [77.11156, 14.22069], [77.10168, 14.21688], [77.0913, 14.21584], [77.08174, 14.21671], [77.06663, 14.23143], [77.05578, 14.24663], [77.03934, 14.24775], [77.03082, 14.24394], [77.01869, 14.24232], [77.01028, 14.2388]]]]}}, {"type": "Feature", "properties": {"shapeName": "Ramanagara", "shapeISO": "", "shapeID": "76128533B79600797037735", "shapeGroup": "IND", "shapeType": "ADM2"}, "geometry": {"type": "Polygon", "coordinates": [[[77.32347, 12.30824], [77.3279, 12.30708], [77.3307, 12.30418], [77.33978, 12.28629], [77.34804, 12.27989], [77.35409, 12.27958], [77.36475, 12.2835], [77.38664, 12.27987], [77.39949, 12.27948], [77.40872, 12.28216], [77.41913, 12.28848], [77.43093, 12.2878], [77.43653, 12.283], [77.44124, 12.27426], [77.44948, 12.25155], [77.4519, 12.24973], [77.46454, 12.24897], [77.47366, 12.24578], [77.47421, 12.25405], [77.47738, 12.25848], [77.48088, 12.27188], [77.48914, 12.27968], [77.49493, 12.27982], [77.50136, 12.28311], [77.50393, 12.28284], [77.51284, 12.27638], [77.52915, 12.27964], [77.53213, 12.28884], [77.53432, 12.29111], [77.55356, 12.29386], [77.55598, 12.30284], [77.56694, 12.30732], [77.57945, 12.33436], [77.58615, 12.33644], [77.59702, 12.3465], [77.60204, 12.3594], [77.61108, 12.36144], [77.6147, 12.36397], [77.6172, 12.37048], [77.62071, 12.38387], [77.62409, 12.408], [77.62661, 12.41509], [77.63088, 12.41869], [77.63144, 12.42397], [77.62789, 12.42885], [77.6277, 12.43482], [77.63085, 12.44828], [77.62889, 12.45331], [77.6324, 12.46462], [77.63589, 12.48743], [77.62795, 12.49565], [77.60728, 12.47472], [77.58592, 12.47844], [77.59308, 12.48638], [77.61236, 12.50176], [77.61534, 12.50499], [77.61695, 12.50989], [77.61578, 12.51342], [77.60571, 12.51375], [77.58902, 12.51705], [77.59032, 12.52151], [77.58688, 12.54684], [77.58278, 12.55041], [77.58043, 12.56791], [77.58158, 12.57351], [77.58462, 12.5772], [77.59182, 12.5942], [77.59246, 12.61504], [77.59574, 12.62188], [77.60389, 12.62652], [77.60818, 12.631], [77.60519, 12.63708], [77.60583, 12.64039], [77.60199, 12.6427], [77.59966, 12.64658], [77.59824, 12.65263], [77.59955, 12.65818], [77.59575, 12.66542], [77.60243, 12.67589], [77.60634, 12.69008], [77.61887, 12.7067], [77.61663, 12.70937], [77.60422, 12.71669], [77.59804, 12.7185], [77.59187, 12.71642], [77.57454, 12.70084], [77.57113, 12.6998], [77.56496, 12.70604], [77.56008, 12.72265], [77.56, 12.73133], [77.57047, 12.73416], [77.57002, 12.73764], [77.57839, 12.7527], [77.58357, 12.75388], [77.5896, 12.75028], [77.59886, 12.75715], [77.60072, 12.76734], [77.59557, 12.77833], [77.59524, 12.78322], [77.58366, 12.78759], [77.57434, 12.78061], [77.5751, 12.76986], [77.57353, 12.76362], [77.56937, 12.75984], [77.5644, 12.76457], [77.55823, 12.78103], [77.56466, 12.78669], [77.55978, 12.78922], [77.55579, 12.7894], [77.55978, 12.80076], [77.54274, 12.79959], [77.55189, 12.78721], [77.54521, 12.77675], [77.55319, 12.77444], [77.54518, 12.76441], [77.54601, 12.75411], [77.54465, 12.75316], [77.53988, 12.75559], [77.52848, 12.74267], [77.52698, 12.73666], [77.5247, 12.73359], [77.52234, 12.73306], [77.52165, 12.74478], [77.51686, 12.74566], [77.50734, 12.73656], [77.491, 12.74393], [77.47829, 12.75503], [77.47826, 12.76026], [77.47561, 12.76713], [77.47951, 12.77993], [77.47898, 12.78321], [77.47282, 12.79037], [77.47264, 12.79388], [77.47457, 12.79616], [77.48628, 12.8001], [77.48638, 12.8024], [77.48094, 12.80651], [77.48273, 12.80877], [77.46727, 12.80988], [77.4543, 12.81914], [77.44583, 12.80835], [77.43936, 12.81276], [77.43826, 12.81674], [77.43452, 12.81742], [77.43855, 12.82397], [77.42816, 12.82415], [77.42418, 12.82688], [77.42334, 12.83137], [77.42702, 12.83591], [77.433, 12.83956], [77.43917, 12.8405], [77.43951, 12.85081], [77.43409, 12.8524], [77.43023, 12.85584], [77.4224, 12.86946], [77.43212, 12.87201], [77.43151, 12.87805], [77.42758, 12.87415], [77.42211, 12.87313], [77.42045, 12.87156], [77.4184, 12.87188], [77.4167, 12.87569], [77.41367, 12.87682], [77.40948, 12.8751], [77.40604, 12.87235], [77.40363, 12.86486], [77.39803, 12.87023], [77.39522, 12.86286], [77.37897, 12.85449], [77.37647, 12.85579], [77.36969, 12.86451], [77.36757, 12.87188], [77.35566, 12.87074], [77.34959, 12.86859], [77.34922, 12.87614], [77.34062, 12.87892], [77.33818, 12.88385], [77.33574, 12.88487], [77.33563, 12.88692], [77.34623, 12.8879], [77.33845, 12.90987], [77.34281, 12.91475], [77.34322, 12.9292], [77.33513, 12.92989], [77.33532, 12.9398], [77.33974, 12.94275], [77.33805, 12.94572], [77.33408, 12.948], [77.33018, 12.98542], [77.32755, 12.9958], [77.3236, 13.00827], [77.32913, 13.00865], [77.32689, 13.02344], [77.3314, 13.02654], [77.33107, 13.03904], [77.3326, 13.0428], [77.33139, 13.04732], [77.33049, 13.04973], [77.3282, 13.05002], [77.32516, 13.04706], [77.32222, 13.04823], [77.31238, 13.04616], [77.31036, 13.05624], [77.31074, 13.08325], [77.31519, 13.10639], [77.30419, 13.1107], [77.29849, 13.10897], [77.29407, 13.11015], [77.29329, 13.12056], [77.2882, 13.12126], [77.28575, 13.13477], [77.28029, 13.1343], [77.28048, 13.12828], [77.27795, 13.11928], [77.27224, 13.11839], [77.26964, 13.11935], [77.26696, 13.12856], [77.26852, 13.14386], [77.2716, 13.14385], [77.27577, 13.1408], [77.27593, 13.15289], [77.27109, 13.15304], [77.26748, 13.15093], [77.2563, 13.15279], [77.24743, 13.15024], [77.24336, 13.14605], [77.23377, 13.14682], [77.23218, 13.14459], [77.22865, 13.1461], [77.21878, 13.14496], [77.21457, 13.15135], [77.21797, 13.16171], [77.21491, 13.16805], [77.209, 13.17316], [77.2089, 13.17916], [77.2046, 13.18444], [77.19894, 13.18137], [77.18502, 13.18566], [77.17838, 13.18607], [77.17038, 13.18398], [77.16748, 13.19564], [77.15757, 13.19229], [77.1502, 13.17444], [77.14557, 13.17169], [77.1406, 13.17533], [77.13236, 13.1654], [77.12178, 13.16204], [77.12088, 13.14562], [77.11772, 13.1435], [77.11654, 13.13886], [77.11875, 13.1358], [77.11763, 13.13006], [77.10852, 13.1322], [77.10912, 13.13857], [77.1069, 13.14191], [77.09798, 13.14411], [77.09443, 13.13501], [77.08279, 13.13275], [77.07777, 13.12979], [77.07376, 13.12516], [77.07294, 13.11443], [77.08097, 13.09674], [77.08536, 13.03635], [77.09635, 13.02832], [77.09752, 13.0257], [77.10683, 13.02393], [77.11151, 13.02161], [77.11908, 13.01458], [77.11837, 13.01125], [77.10406, 13.00499], [77.10002, 12.99873], [77.10776, 12.99353], [77.11017, 12.99538], [77.13123, 12.99497], [77.13241, 12.99971], [77.12924, 13.0013], [77.12739, 13.00687], [77.13384, 13.00686], [77.13726, 13.00455], [77.14005, 13.00075], [77.13834, 12.99653], [77.14767, 12.98911], [77.14396, 12.98474], [77.13507, 12.98526], [77.13476, 12.98085], [77.13305, 12.97996], [77.13426, 12.97488], [77.1399, 12.96809], [77.14687, 12.96317], [77.16114, 12.95711], [77.16038, 12.94231], [77.16257, 12.93969], [77.163, 12.93515], [77.16445, 12.93496], [77.16723, 12.93041], [77.16645, 12.9245], [77.16087, 12.91273], [77.15113, 12.91585], [77.14446, 12.91641], [77.14177, 12.91323], [77.13893, 12.89995], [77.13668, 12.89901], [77.12935, 12.90221], [77.127, 12.89862], [77.12207, 12.89812], [77.1157, 12.89511], [77.11242, 12.89188], [77.12166, 12.88635], [77.13394, 12.88819], [77.13227, 12.87857], [77.13532, 12.87853], [77.13573, 12.8745], [77.13404, 12.85925], [77.13561, 12.85963], [77.13748, 12.85479], [77.14183, 12.85173], [77.15121, 12.84809], [77.15116, 12.83368], [77.1578, 12.82613], [77.1419, 12.8096], [77.15266, 12.79307], [77.15018, 12.78408], [77.14533, 12.78117], [77.13771, 12.78133], [77.12159, 12.77277], [77.1156, 12.77619], [77.1119, 12.77584], [77.10854, 12.77824], [77.101, 12.77536], [77.09599, 12.76573], [77.09422, 12.75745], [77.09498, 12.75345], [77.08987, 12.75237], [77.08496, 12.75778], [77.08285, 12.75707], [77.08194, 12.7472], [77.08624, 12.74123], [77.08275, 12.73473], [77.08167, 12.72527], [77.07465, 12.70231], [77.07392, 12.69339], [77.07542, 12.68352], [77.07735, 12.67944], [77.08452, 12.6771], [77.0934, 12.67549], [77.09915, 12.67604], [77.10079, 12.66804], [77.10103, 12.6419], [77.10267, 12.62981], [77.10489, 12.62938], [77.10612, 12.62592], [77.11725, 12.62903], [77.12484, 12.62381], [77.12485, 12.62071], [77.11738, 12.61695], [77.11265, 12.61637], [77.10928, 12.60233], [77.11154, 12.59732], [77.11488, 12.59622], [77.11962, 12.58065], [77.13104, 12.56887], [77.12978, 12.5674], [77.13086, 12.56113], [77.12974, 12.5527], [77.12308, 12.55463], [77.1157, 12.5541], [77.1156, 12.54359], [77.12129, 12.54012], [77.12613, 12.53104], [77.12727, 12.52109], [77.13121, 12.5189], [77.13382, 12.50204], [77.12492, 12.48608], [77.12702, 12.48159], [77.1341, 12.47768], [77.13553, 12.47111], [77.14174, 12.46339], [77.14839, 12.46277], [77.15736, 12.47103], [77.15902, 12.47577], [77.16728, 12.47623], [77.16733, 12.4833], [77.16987, 12.48464], [77.17541, 12.48353], [77.17904, 12.47951], [77.18892, 12.48282], [77.19519, 12.48324], [77.19621, 12.48449], [77.19979, 12.48415], [77.20139, 12.48918], [77.20536, 12.48907], [77.20714, 12.48526], [77.21093, 12.48583], [77.21498, 12.4871], [77.21803, 12.49165], [77.22348, 12.49191], [77.22561, 12.50084], [77.24024, 12.50028], [77.24113, 12.4935], [77.23995, 12.4884], [77.23565, 12.48725], [77.22807, 12.48903], [77.22717, 12.47623], [77.22886, 12.47586], [77.23202, 12.48306], [77.23552, 12.48283], [77.23541, 12.47893], [77.23718, 12.47638], [77.23482, 12.47515], [77.23515, 12.47302], [77.23885, 12.47032], [77.24434, 12.47001], [77.24566, 12.46764], [77.25653, 12.4703], [77.25993, 12.46312], [77.26514, 12.4631], [77.27016, 12.46607], [77.2759, 12.44032], [77.27173, 12.43578], [77.27653, 12.4314], [77.28536, 12.42911], [77.28658, 12.42292], [77.28328, 12.42108], [77.2846, 12.40836], [77.28248, 12.40753], [77.28262, 12.4054], [77.28525, 12.40491], [77.28792, 12.39299], [77.31518, 12.39108], [77.32931, 12.36675], [77.33437, 12.35427], [77.32593, 12.32728], [77.32347, 12.30824]]]}}, {"type": "Feature", "properties": {"shapeName": "Nashik", "shapeISO": "", "shapeID": "76128533B50056157736049", "shapeGroup": "IND", "shapeType": "ADM2"}, "geometry": {"type": "Polygon", "coordinates": [[[73.46826, 20.72184], [73.45169, 20.71452], [73.44668, 20.71067], [73.44025, 20.70132], [73.44951, 20.69361], [73.44582, 20.68321], [73.43647, 20.67823], [73.43278, 20.66508], [73.42318, 20.66113], [73.41195, 20.66075], [73.40773, 20.65633], [73.39638, 20.65266], [73.39429, 20.64951], [73.39543, 20.6429], [73.40409, 20.63887], [73.41073, 20.63076], [73.40785, 20.62835], [73.40869, 20.62646], [73.42041, 20.62477], [73.42358, 20.6208], [73.43189, 20.60153], [73.43029, 20.59775], [73.43316, 20.59539], [73.44767, 20.59485], [73.47376, 20.58383], [73.47667, 20.57866], [73.47877, 20.56429], [73.47469, 20.54361], [73.49371, 20.54047], [73.47763, 20.52596], [73.46976, 20.5223], [73.4651, 20.51432], [73.46878, 20.4953], [73.46261, 20.49261], [73.45385, 20.47843], [73.44866, 20.47569], [73.44169, 20.46702], [73.43054, 20.44606], [73.42845, 20.43642], [73.42338, 20.42918], [73.42231, 20.41476], [73.41542, 20.41471], [73.40883, 20.41105], [73.40833, 20.40657], [73.40711, 20.40606], [73.40553, 20.40824], [73.40125, 20.40462], [73.40198, 20.40175], [73.40008, 20.3967], [73.39015, 20.39964], [73.3879, 20.39843], [73.38374, 20.39062], [73.38262, 20.38063], [73.38394, 20.37333], [73.39046, 20.37516], [73.39553, 20.38222], [73.40012, 20.38434], [73.40444, 20.38393], [73.40724, 20.38197], [73.41589, 20.3525], [73.41855, 20.31635], [73.42098, 20.31231], [73.4232, 20.29848], [73.42938, 20.28255], [73.42864, 20.27945], [73.41701, 20.27728], [73.41553, 20.27413], [73.4168, 20.26958], [73.41275, 20.25746], [73.41463, 20.24855], [73.41266, 20.24275], [73.41516, 20.23723], [73.41472, 20.23223], [73.42022, 20.2159], [73.42265, 20.21279], [73.42227, 20.2067], [73.41916, 20.20205], [73.40144, 20.20099], [73.39503, 20.19553], [73.39028, 20.19655], [73.38847, 20.20215], [73.38957, 20.20645], [73.38751, 20.20968], [73.38069, 20.20682], [73.37581, 20.20292], [73.36845, 20.20585], [73.36806, 20.1955], [73.36642, 20.19321], [73.359, 20.19689], [73.35688, 20.20155], [73.36134, 20.21225], [73.35963, 20.21389], [73.35385, 20.21254], [73.35136, 20.20967], [73.34927, 20.20306], [73.34488, 20.19904], [73.34007, 20.19962], [73.32839, 20.20468], [73.3198, 20.20309], [73.30605, 20.20827], [73.30301, 20.20782], [73.29002, 20.19679], [73.28666, 20.19686], [73.28586, 20.1945], [73.28553, 20.18662], [73.28242, 20.17507], [73.28538, 20.15454], [73.27517, 20.14643], [73.26007, 20.13999], [73.2544, 20.12866], [73.25105, 20.12539], [73.25098, 20.12142], [73.25511, 20.11355], [73.25836, 20.11119], [73.27009, 20.1082], [73.2731, 20.10556], [73.27558, 20.08848], [73.27481, 20.08406], [73.26709, 20.07929], [73.2643, 20.07447], [73.26962, 20.07228], [73.26615, 20.06406], [73.26667, 20.06141], [73.27972, 20.04721], [73.28566, 20.04525], [73.28686, 20.05117], [73.29051, 20.04927], [73.29235, 20.05036], [73.29149, 20.05869], [73.29383, 20.06065], [73.29672, 20.06111], [73.29941, 20.05898], [73.30382, 20.05151], [73.30616, 20.05169], [73.31233, 20.05794], [73.317, 20.05013], [73.33467, 20.04029], [73.34143, 20.04219], [73.34732, 20.0373], [73.35369, 20.03981], [73.35756, 20.0393], [73.36148, 20.03527], [73.36451, 20.03574], [73.36557, 20.0216], [73.37424, 20.01534], [73.37713, 20.01735], [73.37644, 20.02091], [73.37853, 20.02608], [73.38323, 20.02247], [73.38542, 20.01495], [73.38756, 20.01403], [73.39189, 20.02017], [73.39943, 20.01733], [73.40701, 20.01753], [73.41221, 20.01329], [73.41768, 20.00537], [73.42175, 19.99203], [73.42725, 19.9852], [73.4378, 19.98096], [73.44519, 19.98043], [73.45362, 19.98261], [73.44964, 19.96668], [73.45599, 19.95973], [73.45385, 19.95704], [73.44306, 19.95486], [73.44357, 19.94133], [73.44136, 19.9352], [73.43546, 19.92666], [73.42483, 19.91629], [73.42481, 19.91124], [73.42758, 19.90659], [73.42919, 19.89547], [73.4364, 19.87356], [73.41947, 19.8648], [73.41789, 19.86038], [73.41905, 19.84323], [73.42376, 19.83595], [73.43696, 19.83118], [73.44391, 19.82608], [73.44494, 19.78462], [73.44782, 19.77378], [73.45186, 19.76787], [73.46305, 19.76012], [73.47685, 19.75828], [73.49346, 19.76027], [73.50205, 19.75934], [73.50607, 19.74489], [73.50469, 19.73233], [73.5082, 19.73044], [73.49175, 19.7207], [73.49241, 19.7152], [73.49488, 19.71279], [73.50758, 19.70746], [73.52137, 19.70244], [73.52382, 19.69453], [73.52787, 19.69246], [73.53239, 19.68655], [73.53352, 19.68132], [73.5454, 19.66646], [73.55274, 19.65091], [73.55985, 19.64488], [73.56481, 19.64298], [73.56813, 19.6221], [73.56708, 19.61718], [73.57749, 19.61693], [73.58757, 19.60929], [73.5787, 19.60207], [73.5807, 19.60092], [73.59129, 19.60206], [73.59667, 19.60061], [73.62131, 19.58768], [73.63524, 19.59764], [73.63949, 19.59809], [73.64853, 19.59091], [73.66473, 19.58692], [73.66933, 19.58749], [73.67624, 19.59119], [73.68434, 19.58963], [73.68853, 19.59185], [73.68993, 19.59586], [73.70489, 19.5972], [73.71071, 19.60034], [73.71338, 19.60337], [73.71386, 19.61464], [73.72344, 19.61995], [73.72884, 19.62228], [73.7373, 19.62088], [73.7444, 19.62435], [73.74949, 19.62422], [73.75379, 19.62558], [73.7572, 19.62941], [73.76567, 19.62966], [73.77174, 19.63392], [73.77566, 19.63037], [73.77918, 19.63247], [73.78065, 19.63624], [73.78044, 19.64304], [73.79122, 19.64372], [73.79486, 19.64645], [73.79348, 19.64816], [73.78488, 19.64901], [73.78242, 19.65096], [73.78251, 19.65683], [73.78477, 19.66144], [73.78853, 19.66193], [73.79035, 19.66368], [73.79823, 19.67681], [73.80598, 19.67765], [73.80695, 19.67917], [73.80534, 19.68286], [73.79663, 19.68629], [73.79622, 19.68827], [73.79762, 19.68995], [73.80368, 19.68841], [73.80707, 19.69023], [73.80965, 19.68507], [73.8117, 19.68448], [73.81462, 19.68631], [73.81499, 19.69571], [73.82044, 19.70916], [73.82597, 19.71552], [73.83647, 19.71808], [73.84185, 19.7289], [73.84257, 19.73992], [73.84385, 19.74159], [73.86071, 19.74606], [73.86879, 19.75017], [73.87087, 19.74307], [73.87697, 19.74119], [73.88425, 19.74249], [73.88832, 19.74448], [73.8923, 19.75316], [73.89483, 19.75009], [73.90136, 19.74882], [73.90263, 19.74716], [73.89769, 19.71974], [73.89974, 19.71564], [73.90799, 19.71057], [73.91002, 19.70625], [73.91372, 19.70573], [73.91349, 19.69952], [73.90724, 19.69693], [73.91058, 19.6885], [73.91672, 19.68225], [73.94052, 19.67347], [73.9525, 19.67302], [73.98128, 19.67699], [73.98507, 19.67363], [73.99244, 19.67073], [74.0139, 19.67008], [74.02043, 19.67296], [74.02517, 19.67025], [74.03513, 19.66909], [74.06187, 19.66133], [74.07168, 19.66074], [74.0846, 19.64841], [74.08957, 19.6472], [74.09782, 19.64039], [74.10217, 19.64762], [74.10858, 19.64354], [74.1225, 19.64437], [74.12841, 19.65919], [74.13299, 19.66159], [74.13843, 19.66968], [74.14265, 19.67121], [74.14469, 19.67393], [74.13866, 19.68312], [74.13563, 19.69198], [74.13702, 19.69556], [74.15175, 19.68836], [74.15457, 19.6912], [74.15512, 19.69706], [74.15848, 19.70088], [74.15729, 19.7042], [74.1632, 19.71327], [74.16533, 19.7257], [74.16869, 19.72872], [74.18937, 19.73403], [74.19042, 19.7376], [74.22394, 19.73757], [74.22639, 19.74081], [74.24703, 19.74455], [74.25416, 19.75375], [74.26433, 19.7577], [74.26767, 19.76094], [74.2793, 19.77903], [74.28266, 19.77962], [74.29632, 19.77739], [74.31203, 19.76944], [74.32005, 19.76795], [74.32548, 19.77099], [74.32721, 19.77422], [74.32664, 19.78369], [74.3295, 19.79531], [74.33475, 19.79967], [74.36473, 19.8023], [74.36895, 19.80519], [74.37907, 19.80648], [74.37609, 19.80806], [74.3722, 19.8155], [74.37312, 19.83641], [74.36475, 19.83673], [74.36684, 19.85363], [74.36573, 19.87119], [74.34186, 19.87403], [74.33932, 19.88664], [74.29526, 19.90146], [74.29336, 19.90538], [74.28692, 19.90558], [74.27881, 19.90878], [74.27953, 19.91647], [74.27618, 19.93097], [74.27391, 19.9336], [74.26411, 19.93683], [74.25124, 19.9374], [74.25003, 19.95043], [74.25272, 19.9647], [74.28454, 19.95953], [74.29102, 19.98738], [74.30324, 19.97279], [74.31063, 19.96763], [74.31256, 19.96891], [74.31337, 19.97339], [74.32054, 19.9792], [74.32077, 19.98603], [74.34881, 19.98435], [74.35252, 19.96691], [74.36691, 19.96611], [74.36774, 19.97473], [74.3793, 19.97225], [74.38699, 19.9811], [74.42446, 19.9758], [74.44653, 19.97482], [74.45023, 19.97524], [74.45924, 19.98663], [74.47022, 19.98833], [74.48637, 19.98053], [74.48163, 19.972], [74.48119, 19.96688], [74.497, 19.96414], [74.49835, 19.97006], [74.51264, 19.97362], [74.51577, 19.97008], [74.52148, 19.96904], [74.52324, 19.97588], [74.53247, 19.97601], [74.55906, 19.96806], [74.56866, 19.95883], [74.57451, 19.95515], [74.6743, 19.94732], [74.67617, 19.96374], [74.68306, 19.96729], [74.68659, 19.96697], [74.69033, 19.97179], [74.68625, 19.98982], [74.69392, 19.99699], [74.69189, 20.00119], [74.69288, 20.00695], [74.7019, 20.01884], [74.71905, 20.01788], [74.7212, 20.02176], [74.71898, 20.02716], [74.71413, 20.03288], [74.71131, 20.04088], [74.7239, 20.05537], [74.71182, 20.07899], [74.73026, 20.0803], [74.73922, 20.08291], [74.73143, 20.11203], [74.70796, 20.11375], [74.70627, 20.1152], [74.71049, 20.12238], [74.70839, 20.12492], [74.71197, 20.12936], [74.71154, 20.13429], [74.71643, 20.13567], [74.71975, 20.16075], [74.71624, 20.16812], [74.7186, 20.1795], [74.72433, 20.18712], [74.72498, 20.19094], [74.7317, 20.19055], [74.73946, 20.19527], [74.73983, 20.18977], [74.74265, 20.18654], [74.76507, 20.18339], [74.75981, 20.19703], [74.76094, 20.20011], [74.76766, 20.20354], [74.77707, 20.20591], [74.78533, 20.20456], [74.79135, 20.20892], [74.80506, 20.23169], [74.78563, 20.22598], [74.78483, 20.23104], [74.80436, 20.23485], [74.81738, 20.2448], [74.82979, 20.24364], [74.83283, 20.24298], [74.83334, 20.24022], [74.83138, 20.23417], [74.85472, 20.23026], [74.85956, 20.22769], [74.85428, 20.20912], [74.85762, 20.20313], [74.85707, 20.17766], [74.9, 20.1774], [74.89911, 20.17009], [74.90255, 20.1675], [74.90763, 20.16627], [74.91185, 20.15325], [74.92483, 20.15417], [74.93145, 20.15312], [74.93162, 20.15817], [74.92629, 20.1644], [74.92939, 20.16921], [74.92702, 20.17137], [74.92782, 20.17859], [74.93309, 20.18191], [74.93236, 20.21429], [74.91206, 20.21633], [74.90934, 20.24395], [74.92851, 20.24541], [74.93516, 20.24725], [74.93671, 20.25809], [74.93587, 20.27029], [74.93882, 20.27226], [74.92436, 20.27427], [74.91912, 20.27824], [74.9099, 20.27335], [74.87111, 20.2776], [74.86068, 20.2824], [74.858, 20.2861], [74.86213, 20.30135], [74.85989, 20.31376], [74.86761, 20.31683], [74.86862, 20.33568], [74.86203, 20.33529], [74.85975, 20.34838], [74.85723, 20.35116], [74.85793, 20.36457], [74.85277, 20.3715], [74.85511, 20.37417], [74.85168, 20.38332], [74.83584, 20.39438], [74.8296, 20.4031], [74.8419, 20.40699], [74.84303, 20.41047], [74.83885, 20.41803], [74.83152, 20.42189], [74.82888, 20.42621], [74.82051, 20.42968], [74.8196, 20.44104], [74.8089, 20.4435], [74.80721, 20.44529], [74.80346, 20.45346], [74.80157, 20.46965], [74.79668, 20.47721], [74.79172, 20.4725], [74.78554, 20.47039], [74.77619, 20.46904], [74.7745, 20.47118], [74.78445, 20.48816], [74.78715, 20.50069], [74.78492, 20.50816], [74.77552, 20.50514], [74.77174, 20.519], [74.76355, 20.52882], [74.76287, 20.5392], [74.79673, 20.54007], [74.80031, 20.54875], [74.80028, 20.5523], [74.79659, 20.56128], [74.79645, 20.57595], [74.80312, 20.58906], [74.80895, 20.58551], [74.81141, 20.58754], [74.81332, 20.5952], [74.81588, 20.63431], [74.80995, 20.63804], [74.80444, 20.63678], [74.80662, 20.65721], [74.79945, 20.66032], [74.79611, 20.66144], [74.79128, 20.66069], [74.78497, 20.66464], [74.77795, 20.66414], [74.77522, 20.66617], [74.77123, 20.66478], [74.77225, 20.66293], [74.76956, 20.66215], [74.76744, 20.66309], [74.76504, 20.66736], [74.76073, 20.66408], [74.75844, 20.66719], [74.75109, 20.66492], [74.75049, 20.67156], [74.7391, 20.66818], [74.73799, 20.67323], [74.73412, 20.6762], [74.73184, 20.68028], [74.72737, 20.67878], [74.72415, 20.67984], [74.71106, 20.68982], [74.6862, 20.69366], [74.65689, 20.6937], [74.65183, 20.69546], [74.65743, 20.71042], [74.65924, 20.72124], [74.657, 20.72807], [74.66221, 20.73714], [74.6581, 20.74748], [74.65797, 20.75173], [74.65591, 20.75375], [74.65601, 20.75782], [74.66281, 20.76051], [74.66659, 20.77113], [74.66601, 20.77475], [74.65811, 20.77808], [74.63811, 20.78199], [74.62331, 20.79902], [74.61355, 20.80621], [74.59961, 20.81183], [74.58339, 20.81455], [74.57932, 20.81756], [74.57541, 20.82425], [74.57361, 20.83332], [74.56863, 20.82368], [74.54936, 20.82751], [74.54051, 20.83514], [74.53731, 20.83282], [74.53454, 20.82482], [74.5291, 20.81823], [74.51331, 20.80845], [74.50802, 20.81806], [74.49484, 20.81977], [74.49286, 20.81697], [74.48554, 20.81847], [74.48375, 20.82305], [74.48417, 20.82883], [74.47937, 20.83175], [74.46637, 20.8141], [74.45708, 20.81303], [74.45119, 20.80231], [74.43903, 20.80188], [74.42311, 20.80591], [74.40792, 20.816], [74.39673, 20.82771], [74.39687, 20.83075], [74.38866, 20.83516], [74.39017, 20.84019], [74.40632, 20.83628], [74.40363, 20.84249], [74.39944, 20.84619], [74.39801, 20.84964], [74.39779, 20.85985], [74.39537, 20.85619], [74.39195, 20.85633], [74.38851, 20.85373], [74.38625, 20.8538], [74.38633, 20.84085], [74.36998, 20.8447], [74.3644, 20.84319], [74.35978, 20.84569], [74.35928, 20.84352], [74.35829, 20.85739], [74.34984, 20.85973], [74.34972, 20.84846], [74.34642, 20.84745], [74.34053, 20.8519], [74.33988, 20.83977], [74.33705, 20.83892], [74.33036, 20.84224], [74.3273, 20.84851], [74.3198, 20.84301], [74.3168, 20.84257], [74.30805, 20.84893], [74.29871, 20.85038], [74.29191, 20.85576], [74.27709, 20.85168], [74.26615, 20.85107], [74.26181, 20.85207], [74.25514, 20.85899], [74.25079, 20.85707], [74.24549, 20.85161], [74.2365, 20.85018], [74.22985, 20.85126], [74.22653, 20.85764], [74.22269, 20.8587], [74.20832, 20.8569], [74.20303, 20.86009], [74.19529, 20.85499], [74.1687, 20.86341], [74.16075, 20.86283], [74.15882, 20.85894], [74.15897, 20.85282], [74.14583, 20.85267], [74.13964, 20.85959], [74.1335, 20.86363], [74.1272, 20.86562], [74.12019, 20.86549], [74.11608, 20.86311], [74.11476, 20.85888], [74.10638, 20.85807], [74.10215, 20.85478], [74.1038, 20.84566], [74.09839, 20.84174], [74.09335, 20.84543], [74.08106, 20.8458], [74.07604, 20.8501], [74.07092, 20.84476], [74.06172, 20.84877], [74.05096, 20.84082], [74.04892, 20.83619], [74.04238, 20.83594], [74.03818, 20.83786], [74.03103, 20.84821], [74.02671, 20.85139], [74.02083, 20.8489], [74.01934, 20.84518], [74.02264, 20.83628], [74.01141, 20.8372], [74.00109, 20.83616], [73.99412, 20.83977], [73.99158, 20.84392], [73.98828, 20.84386], [73.98498, 20.84628], [73.96924, 20.85189], [73.96842, 20.84657], [73.96412, 20.84291], [73.96015, 20.8434], [73.94632, 20.83896], [73.93996, 20.83973], [73.94251, 20.8247], [73.94113, 20.81827], [73.93502, 20.80847], [73.93598, 20.80339], [73.93291, 20.7893], [73.93535, 20.7685], [73.93311, 20.76044], [73.94198, 20.76042], [73.9423, 20.75211], [73.94001, 20.74893], [73.94323, 20.74634], [73.94431, 20.74195], [73.93069, 20.73117], [73.92932, 20.73402], [73.92227, 20.73011], [73.91557, 20.72321], [73.90337, 20.72492], [73.89839, 20.73033], [73.88343, 20.73079], [73.88013, 20.72933], [73.87179, 20.72105], [73.86812, 20.70746], [73.85804, 20.69405], [73.83713, 20.70189], [73.83353, 20.70168], [73.81695, 20.69362], [73.81972, 20.67342], [73.82857, 20.67333], [73.83585, 20.67493], [73.83971, 20.66686], [73.84143, 20.65616], [73.8378, 20.65013], [73.83741, 20.64421], [73.84072, 20.62333], [73.83257, 20.61558], [73.82817, 20.61393], [73.81962, 20.61385], [73.8001, 20.60138], [73.79936, 20.60533], [73.79652, 20.60565], [73.78992, 20.60501], [73.7803, 20.60109], [73.77387, 20.59141], [73.76295, 20.58699], [73.75792, 20.58324], [73.74212, 20.5673], [73.73111, 20.57423], [73.71367, 20.57629], [73.70342, 20.57449], [73.69476, 20.57836], [73.67919, 20.57169], [73.66982, 20.56418], [73.66433, 20.56236], [73.65945, 20.56284], [73.65063, 20.57222], [73.64449, 20.57644], [73.63028, 20.57935], [73.62798, 20.58234], [73.62857, 20.5917], [73.61945, 20.62114], [73.60077, 20.63635], [73.58463, 20.64518], [73.56809, 20.65097], [73.55625, 20.64749], [73.54695, 20.65544], [73.54252, 20.66232], [73.5351, 20.66027], [73.52203, 20.66028], [73.51107, 20.66338], [73.50794, 20.66637], [73.49396, 20.65291], [73.49152, 20.6536], [73.48855, 20.66286], [73.48558, 20.66861], [73.48083, 20.6723], [73.48047, 20.67574], [73.48513, 20.6805], [73.49033, 20.68169], [73.48427, 20.68977], [73.47227, 20.72032], [73.46826, 20.72184]]]}}, {"type": "Feature", "properties": {"shapeName": "Pune", "shapeISO": "", "shapeID": "76128533B71380851181380", "shapeGroup": "IND", "shapeType": "ADM2"}, "geometry": {"type": "Polygon", "coordinates": [[[73.78273, 19.38664], [73.79669, 19.3491], [73.79911, 19.33682], [73.79805, 19.33137], [73.79545, 19.33092], [73.79377, 19.33436], [73.79016, 19.33638], [73.78665, 19.3349], [73.77592, 19.34026], [73.77557, 19.33062], [73.74946, 19.32805], [73.75385, 19.33481], [73.71714, 19.3272], [73.70951, 19.32406], [73.70218, 19.31685], [73.68832, 19.3116], [73.684, 19.30558], [73.675, 19.30331], [73.67159, 19.29712], [73.67276, 19.28886], [73.68478, 19.27473], [73.69183, 19.2703], [73.69721, 19.25744], [73.69154, 19.24495], [73.68119, 19.23998], [73.66629, 19.24076], [73.66362, 19.23978], [73.64972, 19.22013], [73.63742, 19.21052], [73.63425, 19.20284], [73.63129, 19.20244], [73.62788, 19.21054], [73.61532, 19.20694], [73.61012, 19.19003], [73.59848, 19.19222], [73.59762, 19.18805], [73.57174, 19.18997], [73.56889, 19.18882], [73.56779, 19.18274], [73.56393, 19.18481], [73.55547, 19.18265], [73.54926, 19.18563], [73.54557, 19.18363], [73.54578, 19.17526], [73.54042, 19.17733], [73.54072, 19.17435], [73.53969, 19.17498], [73.54166, 19.1689], [73.54176, 19.16053], [73.53511, 19.15939], [73.53413, 19.15623], [73.5343, 19.15107], [73.53814, 19.14499], [73.54043, 19.14395], [73.54376, 19.14515], [73.54616, 19.14326], [73.54676, 19.13976], [73.54223, 19.12354], [73.54072, 19.1225], [73.5326, 19.13025], [73.52849, 19.12986], [73.52952, 19.12762], [73.52551, 19.12097], [73.52767, 19.11644], [73.52125, 19.1122], [73.51999, 19.10899], [73.5228, 19.10497], [73.52255, 19.10193], [73.51572, 19.09827], [73.51354, 19.09472], [73.5139, 19.0915], [73.51839, 19.08501], [73.53047, 19.08621], [73.52646, 19.07813], [73.5251, 19.07084], [73.52515, 19.06654], [73.52892, 19.05696], [73.52555, 19.05909], [73.52036, 19.05927], [73.52107, 19.05439], [73.51924, 19.04974], [73.53239, 19.04921], [73.54343, 19.05126], [73.54397, 19.0488], [73.53894, 19.04146], [73.53693, 19.03286], [73.54138, 19.03331], [73.54716, 19.02734], [73.54545, 19.02212], [73.54791, 19.01869], [73.55827, 19.01667], [73.54369, 19.00137], [73.54147, 18.99684], [73.53689, 18.99729], [73.5334, 18.98904], [73.52369, 18.98255], [73.52233, 18.97694], [73.51963, 18.97907], [73.513, 18.97302], [73.51468, 18.97001], [73.5129, 18.96838], [73.50171, 18.96987], [73.48901, 18.97833], [73.4797, 18.97985], [73.48043, 18.96616], [73.46861, 18.96908], [73.46336, 18.96658], [73.461, 18.95354], [73.45805, 18.94719], [73.45984, 18.93788], [73.45955, 18.93019], [73.45702, 18.92665], [73.45254, 18.92503], [73.44223, 18.92801], [73.43776, 18.91797], [73.43173, 18.91506], [73.44058, 18.8995], [73.43571, 18.89873], [73.43776, 18.89521], [73.43877, 18.88268], [73.42875, 18.86332], [73.41607, 18.86081], [73.40409, 18.84313], [73.39325, 18.85241], [73.38988, 18.85275], [73.38816, 18.84745], [73.38559, 18.82035], [73.37787, 18.81741], [73.38217, 18.8031], [73.37968, 18.79406], [73.37515, 18.78791], [73.37045, 18.79307], [73.3692, 18.79174], [73.36331, 18.76264], [73.35546, 18.75345], [73.35922, 18.75254], [73.35842, 18.74691], [73.35396, 18.73783], [73.35384, 18.72505], [73.34604, 18.72016], [73.34272, 18.71088], [73.33647, 18.70424], [73.33283, 18.70234], [73.3356, 18.69655], [73.34391, 18.69634], [73.35009, 18.69771], [73.35498, 18.70651], [73.35963, 18.70905], [73.36161, 18.70919], [73.36275, 18.70578], [73.36194, 18.70152], [73.36532, 18.70117], [73.37153, 18.70381], [73.37637, 18.7087], [73.386, 18.69357], [73.38664, 18.68807], [73.38527, 18.68439], [73.38731, 18.67846], [73.39003, 18.655], [73.38027, 18.65191], [73.37841, 18.64563], [73.37114, 18.6446], [73.36233, 18.63683], [73.35751, 18.6305], [73.35644, 18.62314], [73.35261, 18.61534], [73.34402, 18.61135], [73.34444, 18.60494], [73.34081, 18.60316], [73.33667, 18.60853], [73.33549, 18.60742], [73.33611, 18.60021], [73.33203, 18.59589], [73.33325, 18.59231], [73.33275, 18.58371], [73.32336, 18.57133], [73.32369, 18.56383], [73.32883, 18.55298], [73.33372, 18.54876], [73.33787, 18.55193], [73.35082, 18.55461], [73.35852, 18.55796], [73.35945, 18.55614], [73.34571, 18.54838], [73.34853, 18.545], [73.34183, 18.53996], [73.34466, 18.53325], [73.35803, 18.53324], [73.37161, 18.51731], [73.38569, 18.50489], [73.3883, 18.50315], [73.39533, 18.50379], [73.39417, 18.50159], [73.37931, 18.49194], [73.38033, 18.48577], [73.37632, 18.48175], [73.37162, 18.48161], [73.36793, 18.48619], [73.36322, 18.48434], [73.36193, 18.48242], [73.36549, 18.46924], [73.37124, 18.46727], [73.37742, 18.46806], [73.37729, 18.47809], [73.37882, 18.47949], [73.38311, 18.47556], [73.38493, 18.47742], [73.38254, 18.4803], [73.38223, 18.48414], [73.38442, 18.48549], [73.39251, 18.4842], [73.39489, 18.49169], [73.39892, 18.49159], [73.40077, 18.49299], [73.40431, 18.49947], [73.40704, 18.50146], [73.40957, 18.50117], [73.4113, 18.49896], [73.40892, 18.49433], [73.40874, 18.48458], [73.40584, 18.47559], [73.40785, 18.468], [73.39752, 18.45466], [73.39888, 18.43324], [73.4006, 18.42806], [73.39997, 18.41928], [73.40193, 18.41495], [73.40291, 18.40064], [73.41043, 18.40037], [73.41568, 18.40613], [73.4214, 18.40519], [73.42299, 18.40339], [73.42449, 18.39396], [73.42795, 18.38886], [73.42897, 18.37345], [73.44549, 18.36078], [73.43845, 18.35424], [73.43201, 18.34525], [73.42895, 18.33826], [73.43004, 18.33467], [73.42315, 18.32676], [73.42418, 18.3218], [73.42684, 18.31949], [73.42252, 18.30962], [73.42285, 18.3075], [73.42516, 18.30611], [73.43712, 18.30923], [73.44751, 18.30935], [73.45613, 18.29831], [73.4742, 18.30188], [73.47716, 18.30118], [73.47932, 18.29445], [73.47923, 18.28293], [73.48139, 18.28051], [73.48123, 18.27208], [73.51045, 18.28711], [73.51056, 18.28459], [73.50589, 18.28079], [73.50667, 18.27415], [73.51007, 18.27484], [73.51732, 18.27272], [73.5134, 18.27054], [73.50637, 18.26074], [73.50629, 18.2585], [73.5187, 18.25303], [73.52049, 18.24693], [73.52719, 18.24847], [73.53356, 18.24817], [73.53787, 18.24531], [73.53758, 18.24193], [73.53108, 18.23569], [73.52587, 18.23475], [73.52438, 18.23071], [73.53249, 18.2305], [73.53595, 18.22849], [73.53617, 18.2262], [73.53013, 18.21826], [73.52451, 18.21358], [73.52454, 18.21209], [73.52718, 18.21191], [73.53364, 18.21327], [73.53495, 18.20997], [73.53354, 18.20507], [73.52443, 18.19461], [73.5225, 18.18816], [73.52445, 18.18647], [73.53791, 18.18932], [73.53969, 18.19085], [73.54277, 18.20659], [73.55615, 18.19673], [73.56065, 18.21119], [73.56243, 18.2119], [73.56543, 18.20203], [73.56664, 18.19099], [73.57135, 18.18585], [73.57973, 18.18398], [73.58269, 18.17996], [73.59161, 18.17717], [73.59533, 18.17746], [73.60052, 18.1901], [73.62505, 18.17705], [73.63888, 18.17571], [73.64823, 18.17316], [73.65471, 18.17326], [73.6584, 18.17183], [73.66335, 18.16635], [73.66329, 18.16319], [73.66808, 18.15685], [73.6669, 18.15545], [73.65132, 18.15762], [73.65186, 18.15351], [73.64291, 18.14385], [73.64087, 18.14302], [73.63797, 18.14761], [73.63627, 18.14684], [73.63342, 18.14004], [73.63056, 18.13862], [73.62909, 18.13361], [73.62139, 18.12753], [73.62159, 18.1261], [73.62918, 18.12507], [73.62908, 18.12335], [73.62527, 18.12134], [73.61562, 18.12423], [73.60659, 18.11887], [73.61325, 18.13657], [73.61246, 18.14034], [73.60727, 18.13882], [73.60929, 18.13278], [73.59816, 18.10981], [73.59802, 18.10716], [73.61031, 18.09745], [73.60849, 18.09158], [73.60343, 18.0856], [73.62101, 18.07889], [73.61402, 18.05873], [73.62727, 18.04999], [73.62962, 18.04619], [73.64144, 18.04631], [73.65087, 18.04188], [73.65099, 18.03776], [73.6566, 18.03601], [73.66008, 18.03199], [73.65971, 18.02918], [73.66561, 18.0276], [73.68506, 18.03879], [73.70669, 18.04891], [73.71456, 18.0445], [73.72638, 18.04525], [73.73407, 18.04102], [73.7607, 18.03809], [73.75959, 18.03217], [73.7631, 18.02713], [73.76768, 18.02565], [73.77748, 18.02774], [73.79274, 18.02287], [73.80197, 18.02696], [73.81429, 18.03664], [73.82107, 18.0361], [73.83006, 18.0325], [73.84067, 18.03211], [73.84607, 18.03532], [73.84806, 18.04169], [73.8553, 18.03353], [73.85876, 18.03233], [73.86178, 18.03436], [73.86262, 18.03723], [73.8678, 18.0429], [73.86806, 18.04873], [73.87255, 18.04942], [73.87441, 18.05329], [73.87209, 18.07403], [73.87714, 18.08175], [73.88153, 18.08533], [73.88088, 18.08946], [73.87233, 18.10417], [73.86431, 18.11473], [73.86325, 18.12056], [73.87867, 18.11717], [73.89171, 18.11655], [73.89431, 18.11877], [73.89733, 18.1254], [73.90096, 18.12756], [73.90472, 18.13684], [73.89819, 18.13996], [73.89297, 18.15146], [73.88583, 18.15697], [73.8752, 18.17019], [73.8749, 18.17368], [73.87661, 18.17623], [73.87863, 18.177], [73.88419, 18.17507], [73.88856, 18.17726], [73.89491, 18.18399], [73.89853, 18.18318], [73.89961, 18.17195], [73.9035, 18.16129], [73.90561, 18.16068], [73.91224, 18.1661], [73.92136, 18.17067], [73.93397, 18.17407], [73.93877, 18.17364], [73.94687, 18.18127], [73.95795, 18.17177], [73.96939, 18.16472], [73.97854, 18.15615], [73.99106, 18.15015], [73.99605, 18.15061], [74.00268, 18.15703], [74.00472, 18.15722], [74.01057, 18.14672], [74.03279, 18.13245], [74.03692, 18.13176], [74.04496, 18.13356], [74.05298, 18.13888], [74.06252, 18.13797], [74.06703, 18.13561], [74.07484, 18.12432], [74.07847, 18.12207], [74.08473, 18.12081], [74.09865, 18.12126], [74.11006, 18.12798], [74.11874, 18.13107], [74.12497, 18.1297], [74.13531, 18.1177], [74.14868, 18.11939], [74.15225, 18.1177], [74.15844, 18.11056], [74.16384, 18.10721], [74.17228, 18.10809], [74.18312, 18.11182], [74.19013, 18.11154], [74.19407, 18.10679], [74.20366, 18.10311], [74.20878, 18.09789], [74.21931, 18.09686], [74.2338, 18.10028], [74.23908, 18.09944], [74.25904, 18.08458], [74.28097, 18.07534], [74.29407, 18.07367], [74.29878, 18.07024], [74.30401, 18.06936], [74.30794, 18.07182], [74.31837, 18.07411], [74.32241, 18.0786], [74.32443, 18.08383], [74.33026, 18.08874], [74.33446, 18.0893], [74.34717, 18.09515], [74.35697, 18.09706], [74.3607, 18.09445], [74.36254, 18.08697], [74.3681, 18.08643], [74.38108, 18.07126], [74.38529, 18.07078], [74.39531, 18.07429], [74.40277, 18.07071], [74.4126, 18.07112], [74.42086, 18.06792], [74.43654, 18.06524], [74.45509, 18.05145], [74.46491, 18.04812], [74.47991, 18.05156], [74.49428, 18.05944], [74.51628, 18.06037], [74.53575, 18.05811], [74.54746, 18.06805], [74.55844, 18.0711], [74.56187, 18.06909], [74.56966, 18.05693], [74.57983, 18.05263], [74.58359, 18.04734], [74.58621, 18.04937], [74.58699, 18.05318], [74.59037, 18.05553], [74.60702, 18.04793], [74.61188, 18.04769], [74.61817, 18.04855], [74.62976, 18.05616], [74.63487, 18.05321], [74.63958, 18.04562], [74.64208, 18.04529], [74.65085, 18.05286], [74.6553, 18.05938], [74.65532, 18.06613], [74.65751, 18.06978], [74.66664, 18.07007], [74.67413, 18.06415], [74.68727, 18.05989], [74.69057, 18.04384], [74.69355, 18.03985], [74.70198, 18.03756], [74.70751, 18.0316], [74.71125, 18.03025], [74.71473, 18.02901], [74.72764, 18.03012], [74.74415, 18.02576], [74.74885, 18.01932], [74.75242, 18.01913], [74.75927, 18.02329], [74.76483, 18.02482], [74.77853, 18.01155], [74.78873, 18.01071], [74.79293, 18.00782], [74.79814, 18.00648], [74.80114, 18.00445], [74.80417, 17.99876], [74.80834, 17.99733], [74.8114, 18.00015], [74.81009, 18.01507], [74.81122, 18.01745], [74.81681, 18.01742], [74.8237, 18.01438], [74.83075, 18.00593], [74.83225, 17.99543], [74.83398, 17.99294], [74.83989, 17.99229], [74.84838, 17.99558], [74.85487, 17.99558], [74.86477, 17.99211], [74.8655, 17.99074], [74.86625, 17.98662], [74.86301, 17.97908], [74.86228, 17.97235], [74.84914, 17.9591], [74.84589, 17.95309], [74.84791, 17.94852], [74.85272, 17.94639], [74.87053, 17.95168], [74.87581, 17.94544], [74.88584, 17.94276], [74.89341, 17.9375], [74.89989, 17.93847], [74.90794, 17.94445], [74.91224, 17.94563], [74.91806, 17.94561], [74.93927, 17.94078], [74.94447, 17.93746], [74.94439, 17.92546], [74.95399, 17.92359], [74.96288, 17.91662], [74.97748, 17.91707], [74.98903, 17.91323], [75.01898, 17.90816], [75.02019, 17.90755], [75.02185, 17.89497], [75.02491, 17.89286], [75.02777, 17.89379], [75.03946, 17.90366], [75.04658, 17.90404], [75.05238, 17.90133], [75.05539, 17.9027], [75.05674, 17.90505], [75.04738, 17.91836], [75.04917, 17.9219], [75.05356, 17.92515], [75.05864, 17.92585], [75.06802, 17.91736], [75.0747, 17.91557], [75.08416, 17.91928], [75.08983, 17.92345], [75.08798, 17.92864], [75.08352, 17.93301], [75.08546, 17.93949], [75.10068, 17.94306], [75.10443, 17.9412], [75.10731, 17.93722], [75.11197, 17.93539], [75.11571, 17.9374], [75.1194, 17.94567], [75.12846, 17.95117], [75.13162, 17.95496], [75.1304, 17.95872], [75.11721, 17.96702], [75.12073, 17.97178], [75.13041, 17.96975], [75.13594, 17.97034], [75.12984, 17.98082], [75.12671, 17.9945], [75.12093, 17.99864], [75.11483, 17.99848], [75.11, 17.99386], [75.10592, 17.97595], [75.10302, 17.97353], [75.08028, 17.97903], [75.07151, 17.97653], [75.06872, 17.96635], [75.06443, 17.9581], [75.06004, 17.95204], [75.05165, 17.94739], [75.04127, 17.9475], [75.02248, 17.96278], [75.02245, 17.96812], [75.02597, 17.98178], [75.03009, 17.9892], [75.04592, 18.00754], [75.05357, 18.02104], [75.06346, 18.03005], [75.07806, 18.03633], [75.0847, 18.0428], [75.08731, 18.04661], [75.09147, 18.06664], [75.09321, 18.06908], [75.11865, 18.07598], [75.13122, 18.07614], [75.13334, 18.07847], [75.13576, 18.08909], [75.13854, 18.09233], [75.14427, 18.09652], [75.16033, 18.10334], [75.16408, 18.10726], [75.16369, 18.11951], [75.15897, 18.12173], [75.1467, 18.12409], [75.11927, 18.11886], [75.11077, 18.11991], [75.09961, 18.11916], [75.0962, 18.1205], [75.09472, 18.12298], [75.09257, 18.14677], [75.09624, 18.1568], [75.10785, 18.17396], [75.11511, 18.20026], [75.11055, 18.21508], [75.10489, 18.22099], [75.10298, 18.22127], [75.09807, 18.2219], [75.08293, 18.21866], [75.07406, 18.21221], [75.06029, 18.19831], [75.03748, 18.19634], [75.02898, 18.18973], [75.02291, 18.18823], [75.00999, 18.20728], [75.00948, 18.2128], [75.01931, 18.22847], [75.04661, 18.25632], [75.04565, 18.26286], [75.0423, 18.26387], [75.03756, 18.26271], [75.01405, 18.24855], [74.99411, 18.24173], [74.98497, 18.24272], [74.96968, 18.25063], [74.95204, 18.26417], [74.92344, 18.25914], [74.89612, 18.25972], [74.88893, 18.25818], [74.88207, 18.25337], [74.87762, 18.24806], [74.86796, 18.24794], [74.85136, 18.2444], [74.84297, 18.244], [74.83411, 18.24705], [74.81334, 18.27042], [74.79752, 18.28002], [74.79469, 18.2893], [74.79799, 18.29843], [74.80208, 18.30326], [74.82134, 18.29964], [74.83733, 18.29492], [74.84279, 18.30072], [74.8437, 18.31012], [74.83818, 18.31426], [74.8334, 18.32193], [74.83205, 18.32832], [74.8344, 18.33808], [74.82495, 18.34557], [74.81973, 18.34327], [74.80798, 18.3453], [74.80171, 18.34808], [74.79704, 18.35205], [74.79539, 18.35585], [74.79771, 18.36128], [74.80912, 18.3765], [74.80944, 18.38678], [74.78236, 18.40857], [74.77615, 18.40882], [74.76931, 18.40683], [74.76, 18.39819], [74.75599, 18.39713], [74.74866, 18.39633], [74.73554, 18.39864], [74.71568, 18.43099], [74.72466, 18.45121], [74.72685, 18.46099], [74.72791, 18.48041], [74.7168, 18.49588], [74.70589, 18.50488], [74.70172, 18.50645], [74.68879, 18.50129], [74.68167, 18.49514], [74.66469, 18.48933], [74.66046, 18.48609], [74.65751, 18.48201], [74.65878, 18.47447], [74.66476, 18.46614], [74.6721, 18.46551], [74.67533, 18.46225], [74.67114, 18.4597], [74.644, 18.45066], [74.62945, 18.45667], [74.62075, 18.46446], [74.61316, 18.46819], [74.58136, 18.47387], [74.57464, 18.47941], [74.56973, 18.48736], [74.55486, 18.49958], [74.54867, 18.509], [74.55077, 18.51453], [74.55966, 18.52178], [74.56404, 18.52362], [74.57402, 18.53293], [74.57219, 18.54543], [74.58157, 18.5466], [74.58251, 18.54855], [74.58089, 18.55308], [74.57177, 18.55628], [74.56686, 18.5598], [74.55565, 18.57727], [74.54969, 18.57877], [74.54475, 18.58407], [74.54729, 18.58806], [74.54603, 18.5927], [74.55191, 18.61038], [74.55168, 18.61468], [74.54653, 18.61802], [74.54008, 18.61883], [74.51171, 18.61663], [74.50844, 18.62315], [74.50449, 18.62656], [74.49685, 18.62684], [74.48657, 18.631], [74.4803, 18.63451], [74.47555, 18.64192], [74.47514, 18.64605], [74.47668, 18.64836], [74.49077, 18.64722], [74.49345, 18.65478], [74.50574, 18.65931], [74.51075, 18.66313], [74.51255, 18.66815], [74.5119, 18.67337], [74.50828, 18.67816], [74.48755, 18.67533], [74.48007, 18.68227], [74.47667, 18.68976], [74.48271, 18.70338], [74.48208, 18.7164], [74.47853, 18.72226], [74.46836, 18.72547], [74.45187, 18.72028], [74.44584, 18.72543], [74.44433, 18.73616], [74.44189, 18.7393], [74.42593, 18.74965], [74.42064, 18.74852], [74.41281, 18.74373], [74.40055, 18.74202], [74.39681, 18.76678], [74.39851, 18.77542], [74.40065, 18.77796], [74.39555, 18.78187], [74.39314, 18.78627], [74.39076, 18.79877], [74.38654, 18.8039], [74.38702, 18.80878], [74.39865, 18.82592], [74.39843, 18.83112], [74.39096, 18.83576], [74.387, 18.83457], [74.37149, 18.83672], [74.35271, 18.84435], [74.33978, 18.83843], [74.33316, 18.83807], [74.3268, 18.84048], [74.3226, 18.84406], [74.31234, 18.85413], [74.30985, 18.86117], [74.31042, 18.86817], [74.30523, 18.87335], [74.30417, 18.88153], [74.29859, 18.88873], [74.29544, 18.90392], [74.28646, 18.90819], [74.28376, 18.91285], [74.27181, 18.92165], [74.26853, 18.92909], [74.25139, 18.95349], [74.24089, 18.95407], [74.23925, 18.95916], [74.24069, 18.96487], [74.23733, 18.96782], [74.2311, 18.96958], [74.22413, 18.97676], [74.22718, 18.98792], [74.22536, 18.9929], [74.21678, 18.99413], [74.21374, 18.99599], [74.2146, 18.99934], [74.21769, 19.00116], [74.21578, 19.00761], [74.21187, 19.01028], [74.20355, 19.01179], [74.19992, 19.01669], [74.19207, 19.01995], [74.18999, 19.02688], [74.18037, 19.03173], [74.17616, 19.03657], [74.17628, 19.04249], [74.18497, 19.05302], [74.19354, 19.06786], [74.19641, 19.08444], [74.20145, 19.08827], [74.20138, 19.09453], [74.19844, 19.10651], [74.20517, 19.1146], [74.2116, 19.12575], [74.22175, 19.13027], [74.22574, 19.13043], [74.23176, 19.12514], [74.23703, 19.12398], [74.23877, 19.13147], [74.24536, 19.14273], [74.25758, 19.1538], [74.26179, 19.16137], [74.26606, 19.1633], [74.26757, 19.18239], [74.26917, 19.18521], [74.29345, 19.18681], [74.30533, 19.18945], [74.31767, 19.2069], [74.31747, 19.20873], [74.29359, 19.21673], [74.28144, 19.218], [74.2659, 19.22474], [74.26274, 19.2203], [74.24305, 19.21305], [74.2256, 19.20338], [74.21081, 19.20448], [74.19529, 19.20996], [74.18524, 19.21682], [74.17751, 19.21738], [74.1728, 19.22038], [74.16966, 19.22033], [74.16683, 19.21216], [74.16749, 19.2067], [74.15997, 19.20342], [74.15387, 19.22248], [74.14483, 19.22532], [74.14366, 19.221], [74.12941, 19.22075], [74.11275, 19.23063], [74.09022, 19.23558], [74.09061, 19.23276], [74.09772, 19.22847], [74.09751, 19.22612], [74.0949, 19.2269], [74.08352, 19.2343], [74.07801, 19.23591], [74.06202, 19.24505], [74.05733, 19.24317], [74.05441, 19.2444], [74.04846, 19.25893], [74.03561, 19.25092], [74.03419, 19.25309], [74.03711, 19.25714], [74.03568, 19.26063], [74.02786, 19.26951], [74.03143, 19.27443], [74.03296, 19.28438], [74.02758, 19.29], [74.02328, 19.28577], [74.02144, 19.28678], [74.01518, 19.29625], [74.01539, 19.29941], [74.02399, 19.2976], [74.02861, 19.30122], [74.03019, 19.30623], [74.02935, 19.31099], [74.02011, 19.32168], [74.01413, 19.32627], [74.01299, 19.33717], [74.00726, 19.34466], [74.00453, 19.35299], [74.00108, 19.35819], [73.98102, 19.35186], [73.97431, 19.35194], [73.97368, 19.356], [73.96591, 19.35111], [73.95914, 19.35046], [73.95772, 19.34453], [73.95302, 19.34636], [73.94841, 19.34493], [73.94801, 19.3483], [73.94505, 19.34836], [73.94104, 19.34434], [73.93202, 19.34123], [73.92674, 19.34678], [73.92083, 19.3591], [73.91591, 19.36586], [73.9033, 19.37019], [73.89723, 19.37494], [73.8854, 19.37694], [73.87886, 19.36362], [73.87382, 19.3602], [73.86378, 19.35857], [73.85828, 19.35945], [73.85076, 19.36457], [73.84499, 19.37014], [73.84466, 19.37593], [73.81845, 19.3902], [73.81477, 19.39354], [73.79798, 19.39512], [73.78461, 19.39131], [73.78273, 19.38664]]]}}, {"type": "Feature", "properties": {"shapeName": "Aurangabad", "shapeISO": "", "shapeID": "76128533B39329594544563", "shapeGroup": "IND", "shapeType": "ADM2"}, "geometry": {"type": "Polygon", "coordinates": [[[75.48002, 19.42172], [75.47833, 19.42551], [75.48117, 19.43221], [75.48794, 19.44024], [75.49278, 19.44064], [75.50008, 19.43288], [75.50913, 19.4309], [75.50922, 19.42487], [75.51897, 19.41657], [75.51991, 19.40534], [75.5239, 19.40132], [75.57289, 19.38027], [75.57682, 19.38154], [75.58897, 19.37901], [75.60316, 19.38415], [75.61073, 19.3821], [75.61673, 19.40055], [75.61929, 19.42555], [75.61047, 19.43101], [75.6122, 19.45399], [75.61576, 19.45721], [75.62025, 19.4685], [75.63051, 19.46133], [75.63294, 19.46115], [75.63566, 19.46505], [75.64367, 19.48683], [75.64616, 19.49938], [75.64481, 19.52885], [75.65657, 19.5551], [75.65798, 19.56732], [75.65275, 19.59547], [75.61687, 19.5987], [75.61476, 19.60278], [75.60169, 19.60289], [75.59952, 19.60748], [75.60079, 19.61074], [75.59626, 19.62004], [75.5918, 19.63827], [75.60803, 19.64199], [75.61125, 19.65683], [75.63437, 19.65602], [75.63663, 19.67936], [75.6309, 19.70195], [75.63388, 19.70498], [75.63712, 19.73508], [75.63065, 19.7383], [75.63107, 19.74597], [75.62878, 19.74649], [75.62872, 19.77654], [75.63938, 19.77678], [75.63743, 19.78317], [75.64624, 19.78552], [75.64605, 19.79302], [75.6375, 19.81425], [75.65346, 19.81569], [75.6532, 19.82533], [75.64848, 19.83594], [75.64808, 19.85092], [75.65112, 19.87135], [75.64836, 19.8745], [75.65095, 19.87777], [75.65452, 19.91108], [75.66849, 19.92104], [75.66743, 19.92745], [75.66887, 19.94034], [75.65168, 19.95173], [75.6418, 19.95578], [75.63824, 19.9557], [75.64165, 19.96113], [75.63484, 19.98347], [75.63719, 19.99531], [75.63087, 20.00122], [75.6394, 20.00439], [75.60568, 20.00636], [75.60224, 20.00919], [75.60197, 20.01468], [75.59958, 20.01888], [75.59455, 20.02393], [75.59433, 20.02875], [75.60381, 20.04752], [75.60824, 20.05239], [75.60719, 20.05491], [75.60417, 20.0567], [75.60115, 20.06308], [75.59514, 20.06188], [75.59041, 20.07912], [75.59024, 20.10257], [75.62169, 20.10433], [75.62802, 20.10598], [75.63664, 20.12863], [75.63702, 20.13823], [75.64428, 20.16025], [75.64558, 20.17688], [75.64957, 20.19193], [75.6753, 20.18882], [75.68007, 20.19162], [75.685, 20.2049], [75.68103, 20.21561], [75.68165, 20.23354], [75.6781, 20.23551], [75.67694, 20.24073], [75.68352, 20.25868], [75.69362, 20.27102], [75.69708, 20.28083], [75.69749, 20.28675], [75.68521, 20.30742], [75.68658, 20.30996], [75.70608, 20.31431], [75.71279, 20.31765], [75.71971, 20.33243], [75.73526, 20.33214], [75.73612, 20.3368], [75.74157, 20.33852], [75.74577, 20.33754], [75.74695, 20.3298], [75.75669, 20.32835], [75.76994, 20.33819], [75.7742, 20.33738], [75.77029, 20.35411], [75.76702, 20.35878], [75.76171, 20.36091], [75.76055, 20.37054], [75.75538, 20.37152], [75.75255, 20.37396], [75.7514, 20.37832], [75.75551, 20.39628], [75.75334, 20.40436], [75.75058, 20.40651], [75.74113, 20.40876], [75.73814, 20.41487], [75.74008, 20.42001], [75.74375, 20.42395], [75.76054, 20.42774], [75.76633, 20.45129], [75.77444, 20.45661], [75.7998, 20.45358], [75.7991, 20.46167], [75.80041, 20.46387], [75.81259, 20.4668], [75.81631, 20.46627], [75.82059, 20.47405], [75.82645, 20.47485], [75.83179, 20.47329], [75.84127, 20.46214], [75.84464, 20.46063], [75.854, 20.46043], [75.85834, 20.46345], [75.86024, 20.4625], [75.86981, 20.44877], [75.87008, 20.44675], [75.86586, 20.44356], [75.86606, 20.44178], [75.87916, 20.4395], [75.88274, 20.44039], [75.88504, 20.44615], [75.91108, 20.45024], [75.91579, 20.45797], [75.91445, 20.47142], [75.90638, 20.49866], [75.90772, 20.53498], [75.92184, 20.56288], [75.92252, 20.57953], [75.90957, 20.57734], [75.8978, 20.58474], [75.88823, 20.5974], [75.87486, 20.60082], [75.86999, 20.62413], [75.85342, 20.64274], [75.84669, 20.64611], [75.83795, 20.64745], [75.83207, 20.64543], [75.82837, 20.64056], [75.82685, 20.62593], [75.82332, 20.61954], [75.8166, 20.61517], [75.79794, 20.61551], [75.74346, 20.63333], [75.72177, 20.63635], [75.71454, 20.64174], [75.70391, 20.65341], [75.70673, 20.6621], [75.69064, 20.66889], [75.67029, 20.67104], [75.66147, 20.66658], [75.65884, 20.66242], [75.65712, 20.65305], [75.66144, 20.65407], [75.66339, 20.64399], [75.66145, 20.6427], [75.6636, 20.63596], [75.6632, 20.62912], [75.66086, 20.6272], [75.6552, 20.62691], [75.65366, 20.6238], [75.64919, 20.6206], [75.6341, 20.62027], [75.6257, 20.6258], [75.61586, 20.62472], [75.6098, 20.62254], [75.61177, 20.61573], [75.6158, 20.60979], [75.60595, 20.60539], [75.59119, 20.60322], [75.58637, 20.60414], [75.58274, 20.60749], [75.57904, 20.60636], [75.57205, 20.61111], [75.56582, 20.61328], [75.55978, 20.61401], [75.55843, 20.60584], [75.55649, 20.60485], [75.5423, 20.61119], [75.53761, 20.61022], [75.5345, 20.59702], [75.52661, 20.59573], [75.52339, 20.59093], [75.52637, 20.57688], [75.52707, 20.56126], [75.51949, 20.55911], [75.51467, 20.55514], [75.50951, 20.55492], [75.50628, 20.54581], [75.49969, 20.54314], [75.49868, 20.53274], [75.49655, 20.52834], [75.49061, 20.53154], [75.48805, 20.54066], [75.48555, 20.54369], [75.47421, 20.54325], [75.46987, 20.54498], [75.46914, 20.54951], [75.46532, 20.55355], [75.46179, 20.5535], [75.4644, 20.52232], [75.46344, 20.5195], [75.4595, 20.51659], [75.45275, 20.52962], [75.45187, 20.54086], [75.4401, 20.5386], [75.43645, 20.53379], [75.42942, 20.53267], [75.42812, 20.52967], [75.43127, 20.52609], [75.43516, 20.51728], [75.43509, 20.51384], [75.42056, 20.51844], [75.41355, 20.52398], [75.40761, 20.52264], [75.39821, 20.52466], [75.39502, 20.57501], [75.39215, 20.5802], [75.38699, 20.58008], [75.37359, 20.57601], [75.37114, 20.57748], [75.36594, 20.58408], [75.36344, 20.59743], [75.3598, 20.59193], [75.35399, 20.59013], [75.32969, 20.59277], [75.32221, 20.5921], [75.31881, 20.58752], [75.31896, 20.57724], [75.30812, 20.57831], [75.30156, 20.57702], [75.29892, 20.57543], [75.29673, 20.57075], [75.29383, 20.56974], [75.27546, 20.56974], [75.2677, 20.57171], [75.2609, 20.57949], [75.25574, 20.57064], [75.2531, 20.55578], [75.24587, 20.55217], [75.24779, 20.54916], [75.2483, 20.54337], [75.24354, 20.53963], [75.24399, 20.53429], [75.24046, 20.52218], [75.23259, 20.52042], [75.22828, 20.51501], [75.22758, 20.50921], [75.23207, 20.49363], [75.22653, 20.49402], [75.22199, 20.49677], [75.2126, 20.4989], [75.21396, 20.4934], [75.21101, 20.49192], [75.20309, 20.4924], [75.20173, 20.48583], [75.20223, 20.47687], [75.19004, 20.4747], [75.17984, 20.47818], [75.16437, 20.47655], [75.16238, 20.45011], [75.16369, 20.44322], [75.16202, 20.437], [75.15635, 20.43456], [75.14194, 20.43517], [75.13579, 20.43216], [75.13039, 20.43209], [75.12677, 20.42962], [75.12587, 20.42519], [75.12204, 20.42525], [75.11526, 20.41539], [75.10936, 20.41244], [75.109, 20.40761], [75.11469, 20.39671], [75.11727, 20.39479], [75.12345, 20.37568], [75.12735, 20.35792], [75.12638, 20.34998], [75.12361, 20.34816], [75.11201, 20.34807], [75.10531, 20.34584], [75.10054, 20.34365], [75.09812, 20.33942], [75.09326, 20.33522], [75.07594, 20.33648], [75.06039, 20.3346], [75.05716, 20.32295], [75.05832, 20.3144], [75.05744, 20.3079], [75.04918, 20.3083], [75.03424, 20.31701], [75.02582, 20.32367], [75.00096, 20.33744], [74.99633, 20.33649], [74.98987, 20.33089], [74.98632, 20.31799], [74.98841, 20.30297], [74.97195, 20.30466], [74.95456, 20.29038], [74.94533, 20.28046], [74.94993, 20.27376], [74.94441, 20.2711], [74.93587, 20.27029], [74.93671, 20.25809], [74.93516, 20.24725], [74.92851, 20.24541], [74.90934, 20.24395], [74.91206, 20.21633], [74.93236, 20.21429], [74.93309, 20.18191], [74.92782, 20.17859], [74.92702, 20.17137], [74.92939, 20.16921], [74.92629, 20.1644], [74.93162, 20.15817], [74.93145, 20.15312], [74.92483, 20.15417], [74.91185, 20.15325], [74.90763, 20.16627], [74.90255, 20.1675], [74.89911, 20.17009], [74.9, 20.1774], [74.85707, 20.17766], [74.85762, 20.20313], [74.85428, 20.20912], [74.85956, 20.22769], [74.85472, 20.23026], [74.83138, 20.23417], [74.83334, 20.24022], [74.83283, 20.24298], [74.82979, 20.24364], [74.81738, 20.2448], [74.80436, 20.23485], [74.78483, 20.23104], [74.78563, 20.22598], [74.80506, 20.23169], [74.79135, 20.20892], [74.78533, 20.20456], [74.77707, 20.20591], [74.76766, 20.20354], [74.76094, 20.20011], [74.75981, 20.19703], [74.76507, 20.18339], [74.74265, 20.18654], [74.73983, 20.18977], [74.73946, 20.19527], [74.7317, 20.19055], [74.72498, 20.19094], [74.72433, 20.18712], [74.7186, 20.1795], [74.71624, 20.16812], [74.71975, 20.16075], [74.71643, 20.13567], [74.71154, 20.13429], [74.71197, 20.12936], [74.70839, 20.12492], [74.71049, 20.12238], [74.70627, 20.1152], [74.70796, 20.11375], [74.73143, 20.11203], [74.73922, 20.08291], [74.73026, 20.0803], [74.71182, 20.07899], [74.7239, 20.05537], [74.71131, 20.04088], [74.71413, 20.03288], [74.71898, 20.02716], [74.7212, 20.02176], [74.71905, 20.01788], [74.7019, 20.01884], [74.69288, 20.00695], [74.69189, 20.00119], [74.69392, 19.99699], [74.68625, 19.98982], [74.69033, 19.97179], [74.68659, 19.96697], [74.68306, 19.96729], [74.67617, 19.96374], [74.6743, 19.94732], [74.6749, 19.93571], [74.68299, 19.93285], [74.68292, 19.92556], [74.65697, 19.92278], [74.65408, 19.92001], [74.65014, 19.91045], [74.65097, 19.88697], [74.64808, 19.87386], [74.64908, 19.86187], [74.6643, 19.86174], [74.66184, 19.83968], [74.64569, 19.8415], [74.63378, 19.84569], [74.60767, 19.85026], [74.60243, 19.80227], [74.59295, 19.78762], [74.59264, 19.78033], [74.59437, 19.77712], [74.60296, 19.77225], [74.60962, 19.77167], [74.61647, 19.77292], [74.62075, 19.77709], [74.6218, 19.78135], [74.62875, 19.791], [74.63711, 19.79495], [74.64684, 19.7902], [74.6575, 19.77907], [74.66844, 19.7788], [74.67474, 19.77139], [74.69288, 19.76915], [74.69432, 19.76164], [74.69634, 19.76005], [74.70607, 19.76097], [74.70844, 19.76294], [74.70824, 19.76634], [74.70407, 19.77285], [74.7049, 19.77595], [74.71401, 19.7829], [74.72108, 19.77784], [74.72344, 19.76844], [74.72242, 19.75554], [74.7243, 19.75134], [74.71741, 19.73556], [74.7133, 19.73341], [74.7068, 19.72653], [74.70761, 19.72246], [74.71174, 19.72117], [74.71904, 19.72639], [74.72184, 19.72554], [74.7238, 19.72142], [74.72635, 19.72132], [74.73087, 19.7241], [74.73336, 19.715], [74.73091, 19.69982], [74.74723, 19.69625], [74.74925, 19.69282], [74.75223, 19.6914], [74.76823, 19.70063], [74.77619, 19.70769], [74.7822, 19.71571], [74.78843, 19.71725], [74.80727, 19.70375], [74.80226, 19.69488], [74.79102, 19.69039], [74.78909, 19.68826], [74.78313, 19.67236], [74.78149, 19.65295], [74.78981, 19.65019], [74.80092, 19.65571], [74.8049, 19.66005], [74.81214, 19.66371], [74.81822, 19.67035], [74.82578, 19.67298], [74.83157, 19.66727], [74.83253, 19.66853], [74.83794, 19.66616], [74.84355, 19.66068], [74.84405, 19.65724], [74.84716, 19.6533], [74.85391, 19.64857], [74.86581, 19.6492], [74.876, 19.65487], [74.88012, 19.6538], [74.88956, 19.65694], [74.89132, 19.65638], [74.89074, 19.65049], [74.8924, 19.64656], [74.89956, 19.64454], [74.90695, 19.64513], [74.91794, 19.65022], [74.92837, 19.65009], [74.9331, 19.64873], [74.93914, 19.64101], [74.94916, 19.64686], [74.96744, 19.64775], [74.9824, 19.64085], [75.00097, 19.6224], [75.01086, 19.62375], [75.0207, 19.62267], [75.02357, 19.62116], [75.03899, 19.6247], [75.0445, 19.6211], [75.04385, 19.61726], [75.04562, 19.61113], [75.05542, 19.60771], [75.05883, 19.60805], [75.05911, 19.60621], [75.0669, 19.60393], [75.07081, 19.60575], [75.0752, 19.6046], [75.08097, 19.60563], [75.08168, 19.60803], [75.09325, 19.61012], [75.10889, 19.60897], [75.10441, 19.60284], [75.10838, 19.60385], [75.1182, 19.60317], [75.13104, 19.59265], [75.1438, 19.59611], [75.14732, 19.59555], [75.15629, 19.58812], [75.15924, 19.58915], [75.16341, 19.59409], [75.16747, 19.59542], [75.18059, 19.59734], [75.18894, 19.5965], [75.19536, 19.59387], [75.20482, 19.57864], [75.20742, 19.57899], [75.20943, 19.57239], [75.20606, 19.56488], [75.20769, 19.56247], [75.22119, 19.55334], [75.23246, 19.5405], [75.2482, 19.53353], [75.25849, 19.52398], [75.2626, 19.52312], [75.26459, 19.52438], [75.26689, 19.52995], [75.26984, 19.54876], [75.27183, 19.55157], [75.27969, 19.55118], [75.28405, 19.54695], [75.28552, 19.53611], [75.27773, 19.51351], [75.3067, 19.50839], [75.30677, 19.50122], [75.31379, 19.49951], [75.31537, 19.49469], [75.3277, 19.49477], [75.3294, 19.49735], [75.32884, 19.50411], [75.33381, 19.5036], [75.3314, 19.47986], [75.33896, 19.47918], [75.34354, 19.49731], [75.3499, 19.49789], [75.35685, 19.50127], [75.36199, 19.49331], [75.36348, 19.48758], [75.36996, 19.48599], [75.36944, 19.48415], [75.36326, 19.48335], [75.36242, 19.48024], [75.3507, 19.48166], [75.3423, 19.46411], [75.32724, 19.46381], [75.32562, 19.45463], [75.32907, 19.44213], [75.33294, 19.43761], [75.35022, 19.44846], [75.35735, 19.44214], [75.35767, 19.43064], [75.35532, 19.42393], [75.34397, 19.40637], [75.36706, 19.39803], [75.37817, 19.40406], [75.38518, 19.41083], [75.39196, 19.4106], [75.39672, 19.4153], [75.40494, 19.41543], [75.40881, 19.41796], [75.41232, 19.41813], [75.43112, 19.41665], [75.44267, 19.42332], [75.44497, 19.42807], [75.44841, 19.4275], [75.44829, 19.41901], [75.4498, 19.41374], [75.45373, 19.41242], [75.46285, 19.41611], [75.46968, 19.41374], [75.47373, 19.41478], [75.47585, 19.41564], [75.47887, 19.42206], [75.48002, 19.42172]]]}}, {"type": "Feature", "properties": {"shapeName": "Nagpur", "shapeISO": "", "shapeID": "76128533B3026318797185", "shapeGroup": "IND", "shapeType": "ADM2"}, "geometry": {"type": "Polygon", "coordinates": [[[78.43546, 21.50065], [78.43263, 21.49823], [78.43336, 21.48887], [78.43092, 21.4802], [78.43226, 21.47624], [78.43845, 21.47005], [78.44189, 21.45326], [78.445, 21.44594], [78.44192, 21.44252], [78.44174, 21.44014], [78.44444, 21.43228], [78.44449, 21.42246], [78.4516, 21.41586], [78.45203, 21.41166], [78.44921, 21.40506], [78.44676, 21.40328], [78.42365, 21.39728], [78.42189, 21.39579], [78.42293, 21.39149], [78.41864, 21.38855], [78.41147, 21.38762], [78.40995, 21.38418], [78.39852, 21.38515], [78.39286, 21.39013], [78.38961, 21.39024], [78.38459, 21.38685], [78.38227, 21.38782], [78.37694, 21.39454], [78.37431, 21.39504], [78.36776, 21.39165], [78.36751, 21.38407], [78.35533, 21.38049], [78.35128, 21.3813], [78.34902, 21.38536], [78.34461, 21.37715], [78.33929, 21.37307], [78.33359, 21.37162], [78.32686, 21.36696], [78.32233, 21.36678], [78.3181, 21.36448], [78.31131, 21.35747], [78.28713, 21.35042], [78.27654, 21.35132], [78.27115, 21.34396], [78.2528, 21.33749], [78.25182, 21.32911], [78.25654, 21.32555], [78.26084, 21.32985], [78.26445, 21.3271], [78.2719, 21.32013], [78.27357, 21.31564], [78.27803, 21.31072], [78.28501, 21.30447], [78.2907, 21.3031], [78.29554, 21.29513], [78.29854, 21.29353], [78.31182, 21.29446], [78.31396, 21.29234], [78.30791, 21.27804], [78.30803, 21.27431], [78.3103, 21.27053], [78.31495, 21.26921], [78.32332, 21.27203], [78.32676, 21.27169], [78.3278, 21.25671], [78.33349, 21.25109], [78.35337, 21.2514], [78.37233, 21.24379], [78.40757, 21.23803], [78.41106, 21.23648], [78.41613, 21.22965], [78.41992, 21.22828], [78.42964, 21.22886], [78.44303, 21.2352], [78.44707, 21.23462], [78.45618, 21.22671], [78.46536, 21.22349], [78.47318, 21.2173], [78.47869, 21.22006], [78.48302, 21.21231], [78.49328, 21.20353], [78.49914, 21.1963], [78.50752, 21.19033], [78.50978, 21.18574], [78.51899, 21.17557], [78.52204, 21.17053], [78.52216, 21.16231], [78.52624, 21.15342], [78.53893, 21.14038], [78.55545, 21.11839], [78.55919, 21.11529], [78.59021, 21.11518], [78.59696, 21.10911], [78.59707, 21.0987], [78.59958, 21.09617], [78.59914, 21.09066], [78.61117, 21.08905], [78.61092, 21.08244], [78.60742, 21.06975], [78.61493, 21.06964], [78.61597, 21.06481], [78.62158, 21.06791], [78.62568, 21.0675], [78.6349, 21.05878], [78.64371, 21.06004], [78.65159, 21.052], [78.65256, 21.03643], [78.65787, 21.035], [78.67119, 21.0347], [78.68907, 21.02997], [78.69441, 21.02544], [78.69565, 21.02068], [78.71373, 21.01525], [78.71674, 21.00969], [78.72483, 21.0082], [78.72649, 21.00573], [78.73143, 21.00515], [78.73147, 20.99581], [78.72666, 20.98888], [78.72713, 20.97238], [78.72741, 20.96924], [78.73243, 20.96238], [78.73559, 20.94751], [78.7405, 20.94394], [78.74991, 20.94377], [78.74482, 20.93944], [78.74645, 20.93594], [78.76127, 20.91973], [78.76638, 20.92148], [78.77421, 20.90815], [78.77449, 20.90396], [78.77051, 20.89945], [78.77895, 20.89174], [78.78837, 20.89083], [78.80529, 20.87726], [78.81018, 20.87666], [78.82096, 20.87942], [78.82691, 20.88933], [78.83261, 20.89362], [78.83688, 20.89422], [78.84294, 20.89115], [78.84029, 20.88872], [78.84004, 20.88292], [78.84158, 20.88098], [78.84928, 20.87533], [78.85934, 20.8758], [78.86517, 20.87187], [78.86169, 20.86155], [78.8645, 20.84273], [78.8693, 20.83792], [78.87551, 20.82727], [78.88418, 20.83203], [78.88611, 20.83566], [78.88624, 20.84151], [78.88891, 20.84233], [78.90897, 20.83889], [78.91641, 20.83573], [78.91538, 20.81882], [78.91952, 20.81793], [78.92024, 20.81364], [78.91751, 20.81219], [78.91596, 20.80696], [78.92159, 20.80579], [78.92614, 20.80209], [78.92849, 20.79797], [78.93228, 20.79839], [78.9472, 20.79448], [78.94897, 20.78917], [78.94889, 20.78292], [78.94257, 20.78055], [78.94562, 20.76753], [78.95733, 20.76736], [78.95864, 20.76465], [78.96619, 20.75883], [78.97416, 20.75478], [78.98935, 20.75222], [78.99798, 20.75444], [79.00041, 20.74297], [79.00553, 20.74162], [79.01314, 20.74287], [79.01845, 20.74048], [79.02019, 20.73667], [79.03818, 20.73517], [79.04202, 20.73807], [79.04582, 20.73483], [79.05327, 20.73483], [79.05402, 20.72687], [79.06112, 20.72318], [79.0746, 20.72417], [79.07718, 20.7158], [79.0865, 20.714], [79.09262, 20.70851], [79.10455, 20.71273], [79.10951, 20.69709], [79.10736, 20.68624], [79.14331, 20.67641], [79.14551, 20.6686], [79.1473, 20.66784], [79.14514, 20.66063], [79.15052, 20.65758], [79.14985, 20.65213], [79.1708, 20.64357], [79.17043, 20.63864], [79.17231, 20.63116], [79.17117, 20.62506], [79.17584, 20.62372], [79.17646, 20.62041], [79.1813, 20.6173], [79.18668, 20.61937], [79.189, 20.60319], [79.193, 20.59668], [79.19594, 20.60121], [79.20981, 20.59796], [79.22068, 20.58982], [79.22512, 20.58266], [79.22682, 20.58393], [79.25191, 20.58662], [79.28106, 20.58579], [79.29292, 20.58934], [79.31353, 20.58121], [79.32221, 20.58381], [79.32751, 20.5898], [79.33329, 20.60267], [79.3351, 20.61413], [79.34779, 20.6346], [79.34516, 20.64115], [79.34629, 20.64482], [79.35779, 20.65584], [79.35631, 20.66048], [79.35081, 20.66578], [79.35324, 20.67185], [79.3641, 20.67139], [79.37593, 20.67786], [79.38538, 20.67632], [79.38987, 20.67291], [79.38992, 20.66615], [79.39311, 20.66102], [79.39943, 20.65789], [79.40728, 20.65606], [79.41839, 20.65663], [79.42911, 20.66116], [79.43532, 20.65934], [79.45143, 20.66493], [79.46781, 20.67498], [79.48279, 20.68981], [79.49001, 20.69871], [79.49196, 20.7046], [79.49478, 20.70499], [79.49673, 20.6997], [79.50608, 20.70045], [79.50941, 20.70451], [79.5097, 20.70821], [79.51414, 20.71477], [79.53585, 20.74054], [79.53365, 20.74945], [79.53758, 20.76558], [79.53596, 20.7734], [79.54595, 20.78644], [79.54941, 20.79345], [79.56082, 20.80345], [79.5608, 20.81019], [79.5547, 20.82148], [79.55206, 20.83111], [79.54198, 20.84835], [79.54658, 20.85062], [79.55487, 20.84866], [79.56022, 20.8538], [79.56913, 20.84762], [79.56933, 20.84412], [79.58342, 20.84296], [79.60022, 20.86054], [79.60157, 20.86457], [79.61952, 20.86526], [79.61633, 20.86854], [79.61581, 20.87271], [79.61166, 20.87894], [79.61697, 20.90308], [79.62231, 20.90777], [79.64451, 20.91708], [79.65195, 20.92714], [79.65939, 20.94414], [79.66161, 20.95405], [79.65998, 20.96995], [79.65389, 20.97805], [79.64347, 20.98515], [79.63796, 20.99143], [79.63624, 21.00195], [79.61461, 21.03503], [79.61109, 21.04829], [79.60003, 21.07299], [79.59296, 21.07715], [79.58913, 21.07663], [79.57835, 21.06653], [79.5735, 21.06776], [79.56927, 21.07057], [79.55451, 21.0885], [79.54308, 21.08153], [79.52986, 21.07585], [79.5234, 21.08819], [79.53104, 21.08882], [79.53353, 21.09601], [79.53143, 21.09791], [79.53129, 21.10037], [79.53421, 21.10396], [79.53049, 21.10644], [79.53241, 21.10845], [79.52793, 21.11802], [79.51409, 21.12185], [79.51216, 21.13202], [79.50807, 21.13436], [79.49874, 21.13649], [79.49312, 21.13986], [79.4938, 21.14187], [79.50441, 21.14448], [79.50661, 21.14633], [79.51088, 21.16319], [79.49853, 21.17218], [79.49958, 21.18066], [79.50204, 21.18379], [79.52, 21.17387], [79.52679, 21.17603], [79.53294, 21.17501], [79.53179, 21.17084], [79.52901, 21.16817], [79.53473, 21.15661], [79.54422, 21.15616], [79.55225, 21.15777], [79.56219, 21.15652], [79.56242, 21.16131], [79.55509, 21.17067], [79.55493, 21.17263], [79.56335, 21.1876], [79.56078, 21.19253], [79.5599, 21.20216], [79.55841, 21.20458], [79.55356, 21.20667], [79.55647, 21.2093], [79.56426, 21.22612], [79.5609, 21.23504], [79.56151, 21.23685], [79.57185, 21.24756], [79.56935, 21.25404], [79.57166, 21.27428], [79.57631, 21.27425], [79.5771, 21.27795], [79.57598, 21.28384], [79.56847, 21.29953], [79.56562, 21.30243], [79.55911, 21.30321], [79.55641, 21.30676], [79.55943, 21.3115], [79.55534, 21.31661], [79.55879, 21.32315], [79.5573, 21.33081], [79.54808, 21.33186], [79.53613, 21.3485], [79.52684, 21.35523], [79.5237, 21.36457], [79.51814, 21.3694], [79.50074, 21.39806], [79.48828, 21.39917], [79.492, 21.40303], [79.49204, 21.40533], [79.48367, 21.42783], [79.4719, 21.42471], [79.46082, 21.42644], [79.45563, 21.4295], [79.45089, 21.43545], [79.4528, 21.44901], [79.4497, 21.45702], [79.45973, 21.46117], [79.47042, 21.4796], [79.475, 21.4813], [79.48615, 21.5025], [79.49359, 21.50882], [79.49729, 21.51491], [79.51462, 21.53462], [79.52974, 21.54054], [79.5349, 21.54013], [79.5431, 21.54394], [79.54278, 21.54446], [79.5407, 21.54788], [79.54036, 21.55046], [79.54255, 21.55467], [79.546, 21.56489], [79.54403, 21.56867], [79.53862, 21.57265], [79.53414, 21.57447], [79.52598, 21.58054], [79.52401, 21.58104], [79.51693, 21.58308], [79.51262, 21.5894], [79.51257, 21.58947], [79.51228, 21.58989], [79.51237, 21.59103], [79.5126, 21.5938], [79.51267, 21.59464], [79.51327, 21.60199], [79.50574, 21.61087], [79.50465, 21.61196], [79.50522, 21.61338], [79.50735, 21.61867], [79.50758, 21.61923], [79.51126, 21.62283], [79.51377, 21.62256], [79.51495, 21.62244], [79.51544, 21.62288], [79.51893, 21.62607], [79.51809, 21.6307], [79.51605, 21.63293], [79.50909, 21.63416], [79.50782, 21.63733], [79.50673, 21.64007], [79.50708, 21.64213], [79.50716, 21.64259], [79.5076, 21.64526], [79.50621, 21.64685], [79.50575, 21.64738], [79.50101, 21.66006], [79.49734, 21.66322], [79.49545, 21.67038], [79.49531, 21.67148], [79.49513, 21.67278], [79.48387, 21.67848], [79.47803, 21.68103], [79.47775, 21.68116], [79.47726, 21.68137], [79.47529, 21.68224], [79.4736, 21.68297], [79.46816, 21.68534], [79.46494, 21.68676], [79.45744, 21.68377], [79.44715, 21.68168], [79.4414, 21.68251], [79.43864, 21.68291], [79.43435, 21.68468], [79.43124, 21.688], [79.42938, 21.68998], [79.42574, 21.69042], [79.42298, 21.69075], [79.42217, 21.69085], [79.41778, 21.69037], [79.4141, 21.68497], [79.41254, 21.6837], [79.40903, 21.68084], [79.40687, 21.67908], [79.40675, 21.67897], [79.40579, 21.67781], [79.40365, 21.67527], [79.40347, 21.67505], [79.39441, 21.67445], [79.38944, 21.67479], [79.36814, 21.67889], [79.35534, 21.67826], [79.35466, 21.68376], [79.34895, 21.68387], [79.34382, 21.68483], [79.32845, 21.68771], [79.32655, 21.68593], [79.32364, 21.68515], [79.29109, 21.6932], [79.28307, 21.6995], [79.28159, 21.70316], [79.2812, 21.70413], [79.28105, 21.70449], [79.27856, 21.70764], [79.27803, 21.7083], [79.27519, 21.71072], [79.27114, 21.71417], [79.26775, 21.71536], [79.26392, 21.71676], [79.25828, 21.718], [79.2401, 21.722], [79.23492, 21.72314], [79.23431, 21.72111], [79.23483, 21.72025], [79.23508, 21.71985], [79.23517, 21.7197], [79.241, 21.71442], [79.23937, 21.71258], [79.23577, 21.7085], [79.2281, 21.69983], [79.22439, 21.68051], [79.22638, 21.67626], [79.23305, 21.67366], [79.23463, 21.67067], [79.23316, 21.65694], [79.22779, 21.6562], [79.22612, 21.65011], [79.22282, 21.64949], [79.15399, 21.65975], [79.14723, 21.63878], [79.13386, 21.62731], [79.11735, 21.62481], [79.10528, 21.61814], [79.10558, 21.61152], [79.11022, 21.60862], [79.10422, 21.6021], [79.09813, 21.60269], [79.09418, 21.59845], [79.08763, 21.6064], [79.08216, 21.60692], [79.05679, 21.60316], [79.05397, 21.60491], [79.04898, 21.60393], [79.03699, 21.60482], [79.01557, 21.6007], [79.006, 21.60897], [79.00046, 21.61791], [78.98074, 21.6167], [78.96824, 21.60503], [78.9463, 21.59292], [78.93497, 21.59378], [78.92859, 21.59174], [78.91916, 21.59149], [78.91755, 21.57007], [78.92582, 21.56813], [78.93431, 21.56362], [78.93375, 21.55947], [78.91863, 21.5623], [78.91501, 21.56092], [78.91033, 21.55401], [78.92769, 21.54239], [78.93039, 21.53806], [78.92935, 21.52302], [78.93215, 21.52088], [78.94225, 21.51864], [78.94657, 21.51296], [78.94283, 21.5097], [78.93774, 21.48669], [78.92648, 21.48691], [78.90862, 21.49727], [78.90165, 21.49981], [78.89636, 21.49748], [78.89124, 21.48484], [78.88572, 21.48422], [78.88101, 21.48717], [78.85738, 21.49492], [78.85357, 21.49068], [78.85, 21.48919], [78.83376, 21.48916], [78.82917, 21.49031], [78.81893, 21.48792], [78.81587, 21.49005], [78.79859, 21.48904], [78.79545, 21.48767], [78.79037, 21.48831], [78.78593, 21.47999], [78.78281, 21.47827], [78.77794, 21.46632], [78.77011, 21.47346], [78.76653, 21.48386], [78.76678, 21.48891], [78.75782, 21.48975], [78.75853, 21.50708], [78.7425, 21.5035], [78.73532, 21.50471], [78.73943, 21.49878], [78.74475, 21.50189], [78.75209, 21.50214], [78.75295, 21.49655], [78.75162, 21.49152], [78.74611, 21.48285], [78.74456, 21.47206], [78.73542, 21.47052], [78.72987, 21.46354], [78.72546, 21.46377], [78.70956, 21.47033], [78.70729, 21.47382], [78.70141, 21.47355], [78.70184, 21.47653], [78.69432, 21.47797], [78.69007, 21.47706], [78.68972, 21.48107], [78.66981, 21.47982], [78.66472, 21.47798], [78.65627, 21.48189], [78.64304, 21.48327], [78.6309, 21.47689], [78.62654, 21.47661], [78.61091, 21.4874], [78.60658, 21.4862], [78.60419, 21.48385], [78.5988, 21.48672], [78.5904, 21.48591], [78.57082, 21.50497], [78.57021, 21.5083], [78.57206, 21.51467], [78.56556, 21.51358], [78.55791, 21.51835], [78.55196, 21.51892], [78.54277, 21.5235], [78.52555, 21.52431], [78.51403, 21.52734], [78.50754, 21.52555], [78.50336, 21.52188], [78.50146, 21.51689], [78.49619, 21.51689], [78.48882, 21.50666], [78.48583, 21.50505], [78.47749, 21.50585], [78.47632, 21.50378], [78.47069, 21.50246], [78.46168, 21.50337], [78.45959, 21.49722], [78.45708, 21.49625], [78.45004, 21.50083], [78.44397, 21.50266], [78.43546, 21.50065]]]}}, {"type": "Feature", "properties": {"shapeName": "Jodhpur", "shapeISO": "", "shapeID": "76128533B84094142280102", "shapeGroup": "IND", "shapeType": "ADM2"}, "geometry": {"type": "Polygon", "coordinates": [[[72.07401, 26.34956], [72.08646, 26.33642], [72.09895, 26.31912], [72.10647, 26.31534], [72.11533, 26.32142], [72.12273, 26.31549], [72.13414, 26.3231], [72.14214, 26.32645], [72.13779, 26.31913], [72.13767, 26.31605], [72.14619, 26.31442], [72.15442, 26.30838], [72.16485, 26.29291], [72.16544, 26.28723], [72.16077, 26.28111], [72.19324, 26.26403], [72.20255, 26.25671], [72.21847, 26.23164], [72.25627, 26.21056], [72.26984, 26.19799], [72.28122, 26.21167], [72.29131, 26.21463], [72.30971, 26.21686], [72.32578, 26.22908], [72.34171, 26.24455], [72.37554, 26.22557], [72.41064, 26.23911], [72.42659, 26.26307], [72.42134, 26.27893], [72.42831, 26.28655], [72.4682, 26.30109], [72.48529, 26.29872], [72.49291, 26.29939], [72.49331, 26.29469], [72.49605, 26.28989], [72.50341, 26.29002], [72.50438, 26.2844], [72.50864, 26.27875], [72.52597, 26.28825], [72.53305, 26.27402], [72.5415, 26.27091], [72.54696, 26.2722], [72.55352, 26.26463], [72.56126, 26.26698], [72.57467, 26.26701], [72.59131, 26.27489], [72.5974, 26.28], [72.61375, 26.25965], [72.63485, 26.22834], [72.64107, 26.22992], [72.66108, 26.20788], [72.67848, 26.19848], [72.6856, 26.19258], [72.68946, 26.18636], [72.68252, 26.17353], [72.68582, 26.15064], [72.68863, 26.14589], [72.69077, 26.13222], [72.69826, 26.12724], [72.69936, 26.12151], [72.69837, 26.11536], [72.69522, 26.11001], [72.69548, 26.10608], [72.68626, 26.09], [72.67999, 26.07195], [72.68397, 26.06906], [72.6876, 26.06878], [72.68937, 26.06409], [72.6857, 26.05567], [72.68668, 26.05011], [72.69468, 26.03986], [72.69529, 26.03661], [72.68577, 26.02964], [72.65097, 26.01856], [72.6462, 26.01316], [72.63694, 26.01181], [72.62727, 26.00756], [72.61897, 26.00678], [72.61135, 26.00096], [72.62055, 25.98943], [72.62143, 25.98314], [72.61994, 25.97812], [72.62681, 25.96944], [72.63292, 25.96435], [72.62773, 25.95751], [72.64515, 25.95516], [72.66064, 25.95504], [72.68112, 25.94031], [72.68877, 25.94243], [72.69284, 25.92984], [72.70193, 25.93382], [72.72044, 25.91935], [72.72595, 25.92139], [72.74033, 25.90358], [72.75458, 25.89226], [72.75244, 25.8819], [72.77181, 25.88327], [72.77818, 25.88189], [72.80731, 25.85302], [72.81722, 25.85556], [72.82201, 25.8602], [72.83093, 25.86086], [72.83552, 25.86322], [72.84119, 25.87102], [72.84326, 25.89087], [72.85409, 25.89122], [72.85645, 25.89866], [72.86739, 25.90005], [72.86717, 25.89204], [72.86971, 25.89026], [72.88629, 25.89321], [72.91334, 25.89358], [72.92144, 25.89563], [72.93464, 25.90254], [72.95927, 25.90186], [72.97305, 25.92026], [72.97566, 25.93531], [72.99357, 25.94121], [73.00155, 25.95333], [73.02634, 25.95394], [73.03297, 25.95192], [73.05116, 25.96782], [73.05516, 25.9779], [73.05457, 26.00031], [73.05082, 26.01378], [73.06004, 26.01233], [73.07065, 26.01729], [73.07978, 26.01787], [73.09234, 26.02143], [73.11926, 26.03101], [73.13276, 26.04329], [73.14023, 26.04451], [73.14864, 26.0422], [73.15658, 26.03694], [73.16638, 26.03346], [73.18783, 26.03314], [73.17906, 26.05447], [73.18355, 26.05732], [73.19355, 26.0684], [73.19565, 26.07589], [73.19374, 26.08591], [73.1979, 26.08541], [73.20449, 26.07884], [73.20857, 26.07685], [73.22001, 26.07756], [73.227, 26.07405], [73.23253, 26.07817], [73.23417, 26.08255], [73.24231, 26.08509], [73.25161, 26.07478], [73.26094, 26.06917], [73.25158, 26.06479], [73.2576, 26.05382], [73.26293, 26.05754], [73.27088, 26.05637], [73.27574, 26.05218], [73.27314, 26.04757], [73.27626, 26.04333], [73.28521, 26.0384], [73.29569, 26.0348], [73.30681, 26.02783], [73.30868, 26.02602], [73.30838, 26.01839], [73.31138, 26.01473], [73.31829, 26.01277], [73.32246, 26.00527], [73.32587, 26.01497], [73.32224, 26.01968], [73.31751, 26.03428], [73.31972, 26.03924], [73.32853, 26.04251], [73.33096, 26.05491], [73.33395, 26.05703], [73.34301, 26.05909], [73.35134, 26.06375], [73.35433, 26.06137], [73.35888, 26.06127], [73.36127, 26.06282], [73.36009, 26.07536], [73.36445, 26.08076], [73.36154, 26.08338], [73.35655, 26.08296], [73.35286, 26.08583], [73.34642, 26.09946], [73.34206, 26.11736], [73.36654, 26.13564], [73.373, 26.135], [73.37427, 26.1473], [73.37793, 26.15647], [73.38828, 26.15504], [73.39494, 26.16319], [73.40422, 26.1623], [73.40754, 26.13008], [73.41058, 26.12596], [73.41479, 26.12546], [73.41987, 26.12848], [73.42628, 26.12986], [73.43172, 26.12993], [73.43765, 26.12803], [73.44097, 26.12193], [73.45678, 26.1048], [73.46751, 26.0854], [73.47837, 26.08525], [73.49291, 26.0828], [73.50101, 26.08751], [73.51168, 26.06956], [73.53053, 26.06371], [73.53272, 26.07722], [73.52375, 26.10307], [73.52722, 26.10553], [73.53643, 26.10515], [73.53933, 26.10715], [73.55626, 26.11132], [73.56255, 26.1086], [73.57785, 26.11579], [73.58059, 26.12009], [73.57631, 26.13192], [73.57983, 26.13165], [73.58801, 26.12591], [73.59963, 26.13013], [73.60538, 26.12938], [73.62983, 26.14715], [73.63476, 26.14121], [73.64929, 26.13165], [73.65418, 26.12639], [73.65415, 26.11605], [73.65034, 26.09233], [73.65125, 26.07823], [73.65625, 26.0784], [73.6602, 26.07316], [73.67626, 26.06803], [73.68699, 26.06259], [73.69158, 26.06219], [73.69678, 26.06376], [73.72045, 26.10297], [73.72499, 26.1087], [73.73519, 26.11344], [73.74225, 26.11365], [73.74767, 26.11174], [73.75057, 26.10298], [73.75527, 26.10022], [73.75626, 26.09391], [73.76047, 26.09288], [73.76508, 26.09317], [73.76621, 26.09796], [73.7961, 26.09894], [73.80469, 26.09745], [73.81426, 26.11254], [73.81403, 26.11832], [73.81138, 26.12668], [73.80361, 26.13844], [73.79488, 26.14849], [73.7889, 26.15242], [73.78683, 26.15765], [73.78712, 26.16341], [73.79533, 26.18032], [73.80131, 26.20071], [73.80568, 26.20696], [73.80289, 26.21527], [73.79121, 26.23625], [73.79294, 26.24715], [73.79609, 26.25284], [73.80839, 26.2639], [73.81047, 26.26813], [73.81039, 26.27475], [73.81471, 26.28712], [73.81452, 26.29157], [73.81192, 26.29831], [73.80738, 26.29911], [73.80497, 26.30561], [73.80732, 26.30899], [73.80607, 26.31097], [73.79561, 26.31479], [73.7919, 26.31946], [73.7959, 26.32138], [73.80792, 26.31557], [73.81099, 26.31508], [73.81344, 26.31695], [73.81418, 26.34324], [73.81828, 26.35775], [73.82259, 26.36377], [73.82907, 26.36907], [73.85293, 26.37607], [73.8565, 26.37956], [73.84337, 26.38462], [73.84714, 26.4074], [73.86416, 26.41517], [73.87049, 26.4225], [73.87421, 26.43059], [73.86484, 26.43909], [73.86064, 26.44572], [73.85773, 26.46736], [73.85102, 26.46751], [73.85179, 26.47212], [73.8416, 26.47235], [73.83795, 26.47708], [73.83819, 26.48049], [73.83309, 26.48285], [73.83, 26.48659], [73.82433, 26.48897], [73.81837, 26.49435], [73.81628, 26.50055], [73.808, 26.50395], [73.79505, 26.5045], [73.78316, 26.51717], [73.78062, 26.52234], [73.76988, 26.52997], [73.77346, 26.5341], [73.7714, 26.53811], [73.76154, 26.53533], [73.75974, 26.53997], [73.75623, 26.54076], [73.72938, 26.53823], [73.72247, 26.53911], [73.72188, 26.55212], [73.70213, 26.57746], [73.70154, 26.58174], [73.6952, 26.5887], [73.69936, 26.59691], [73.69868, 26.59911], [73.70245, 26.60266], [73.69789, 26.60739], [73.69393, 26.60859], [73.69292, 26.61542], [73.68577, 26.61843], [73.69372, 26.6228], [73.68633, 26.63241], [73.68161, 26.63419], [73.68294, 26.63794], [73.67976, 26.64542], [73.6606, 26.64811], [73.65968, 26.65621], [73.66166, 26.66064], [73.66996, 26.66714], [73.67376, 26.67831], [73.66052, 26.68798], [73.65195, 26.70067], [73.65091, 26.7101], [73.65358, 26.71776], [73.65716, 26.72101], [73.6729, 26.75181], [73.67841, 26.75592], [73.67145, 26.76414], [73.66804, 26.77428], [73.66355, 26.77965], [73.66176, 26.79647], [73.65613, 26.80787], [73.64427, 26.80591], [73.63329, 26.80689], [73.63403, 26.81451], [73.63208, 26.83942], [73.62765, 26.84433], [73.62258, 26.84535], [73.61346, 26.84054], [73.60983, 26.84404], [73.60725, 26.84383], [73.59473, 26.85564], [73.58878, 26.86337], [73.58166, 26.8605], [73.57657, 26.86465], [73.57314, 26.86226], [73.53148, 26.85856], [73.5134, 26.88092], [73.49965, 26.887], [73.48727, 26.88555], [73.47239, 26.87778], [73.47165, 26.88009], [73.45928, 26.87298], [73.45619, 26.87844], [73.45256, 26.87622], [73.44625, 26.87518], [73.43808, 26.88674], [73.42747, 26.88724], [73.40324, 26.88324], [73.38753, 26.869], [73.381, 26.86633], [73.37383, 26.8701], [73.35666, 26.86965], [73.35284, 26.86825], [73.342, 26.85728], [73.33357, 26.85606], [73.32831, 26.85673], [73.31956, 26.86276], [73.31269, 26.86366], [73.30251, 26.86884], [73.30094, 26.87385], [73.29381, 26.87382], [73.29076, 26.86774], [73.28662, 26.86408], [73.27596, 26.86235], [73.25902, 26.86473], [73.2438, 26.86348], [73.2383, 26.868], [73.2309, 26.86608], [73.22161, 26.86866], [73.21428, 26.86859], [73.20877, 26.87432], [73.21114, 26.87931], [73.20443, 26.88225], [73.19218, 26.88208], [73.18182, 26.90536], [73.17973, 26.92698], [73.17545, 26.93197], [73.17309, 26.9333], [73.16996, 26.93175], [73.16805, 26.92846], [73.15878, 26.92594], [73.1563, 26.92671], [73.15645, 26.92898], [73.12395, 26.94406], [73.11933, 26.94217], [73.11518, 26.95367], [73.11585, 26.96576], [73.12944, 26.98051], [73.15381, 26.99244], [73.15698, 26.99727], [73.15798, 27.00259], [73.15609, 27.01249], [73.1589, 27.01754], [73.15899, 27.02498], [73.19308, 27.05646], [73.18658, 27.06419], [73.18827, 27.06615], [73.18131, 27.08025], [73.1777, 27.09297], [73.1676, 27.10522], [73.15791, 27.11058], [73.15321, 27.12088], [73.16581, 27.13622], [73.1682, 27.14458], [73.16604, 27.15677], [73.16698, 27.16146], [73.15751, 27.19903], [73.15407, 27.2019], [73.15247, 27.21183], [73.14935, 27.21501], [73.14569, 27.22332], [73.13319, 27.23522], [73.15504, 27.2518], [73.15381, 27.25843], [73.15714, 27.26188], [73.15708, 27.26656], [73.16104, 27.26984], [73.16011, 27.27528], [73.16425, 27.29488], [73.15287, 27.32076], [73.1487, 27.34864], [73.15097, 27.35109], [73.14773, 27.3541], [73.15129, 27.3611], [73.14754, 27.36247], [73.14827, 27.36946], [73.1439, 27.37407], [73.14625, 27.37874], [73.1465, 27.39019], [73.13948, 27.39394], [73.13395, 27.40161], [73.12182, 27.40813], [73.10196, 27.40952], [73.09657, 27.40702], [73.08335, 27.40711], [73.04368, 27.41045], [73.0139, 27.40064], [72.98879, 27.38389], [72.98486, 27.38443], [72.98076, 27.39023], [72.97295, 27.38809], [72.97183, 27.39404], [72.96399, 27.39703], [72.96091, 27.4022], [72.94963, 27.4044], [72.94848, 27.4084], [72.95104, 27.41496], [72.94936, 27.43281], [72.94713, 27.4419], [72.94082, 27.44759], [72.90335, 27.41519], [72.89815, 27.42163], [72.89694, 27.42666], [72.89608, 27.45075], [72.87751, 27.4441], [72.869, 27.44247], [72.86885, 27.44548], [72.86099, 27.44321], [72.85946, 27.44489], [72.86537, 27.44966], [72.87514, 27.4638], [72.883, 27.46958], [72.88385, 27.47697], [72.86636, 27.47713], [72.83199, 27.46618], [72.8259, 27.47765], [72.82341, 27.48788], [72.82698, 27.49189], [72.82761, 27.50973], [72.8208, 27.5163], [72.82678, 27.52152], [72.83355, 27.51998], [72.83895, 27.52128], [72.84882, 27.5337], [72.85151, 27.5551], [72.84652, 27.57037], [72.83677, 27.57972], [72.83535, 27.58354], [72.83119, 27.58276], [72.83203, 27.5794], [72.81435, 27.57233], [72.7904, 27.56611], [72.78953, 27.56865], [72.77498, 27.56319], [72.77496, 27.5573], [72.77923, 27.55283], [72.78064, 27.54491], [72.77965, 27.53551], [72.77522, 27.5331], [72.7674, 27.52298], [72.72927, 27.55359], [72.72907, 27.5645], [72.71888, 27.58822], [72.71462, 27.58473], [72.70911, 27.59358], [72.69729, 27.60443], [72.67719, 27.57502], [72.67254, 27.54258], [72.66182, 27.53236], [72.64495, 27.56026], [72.62554, 27.57113], [72.61731, 27.58352], [72.62052, 27.5902], [72.60515, 27.60666], [72.59774, 27.60097], [72.5951, 27.60232], [72.59157, 27.60914], [72.57474, 27.60562], [72.57092, 27.60639], [72.56144, 27.61849], [72.54271, 27.61007], [72.51545, 27.58983], [72.50292, 27.58363], [72.50116, 27.58751], [72.49938, 27.58572], [72.48449, 27.58681], [72.47818, 27.58538], [72.46983, 27.59063], [72.46439, 27.58681], [72.45668, 27.58724], [72.45071, 27.58581], [72.43877, 27.56159], [72.42202, 27.55437], [72.40878, 27.54296], [72.40567, 27.54823], [72.40148, 27.5494], [72.38519, 27.54291], [72.37814, 27.53294], [72.36907, 27.52741], [72.36242, 27.48996], [72.3602, 27.48886], [72.33819, 27.50993], [72.32813, 27.5137], [72.32321, 27.50961], [72.30209, 27.49787], [72.30033, 27.49129], [72.29705, 27.48904], [72.29479, 27.48328], [72.2888, 27.47514], [72.2798, 27.46563], [72.2676, 27.45746], [72.26217, 27.45775], [72.2565, 27.46099], [72.24986, 27.46816], [72.25016, 27.47705], [72.25507, 27.48698], [72.25123, 27.49102], [72.25085, 27.49737], [72.25312, 27.5073], [72.2809, 27.51269], [72.2854, 27.51528], [72.29061, 27.52231], [72.28869, 27.52452], [72.29344, 27.52641], [72.29741, 27.54291], [72.28537, 27.54877], [72.27321, 27.546], [72.25284, 27.53335], [72.24676, 27.49765], [72.25032, 27.48726], [72.23493, 27.48873], [72.22467, 27.49168], [72.21228, 27.48911], [72.20931, 27.47977], [72.20471, 27.47949], [72.2042, 27.47522], [72.17678, 27.46182], [72.15902, 27.47586], [72.15996, 27.47891], [72.15811, 27.49212], [72.16097, 27.49391], [72.15786, 27.49933], [72.15421, 27.49761], [72.14703, 27.51492], [72.14432, 27.51567], [72.13896, 27.52202], [72.14247, 27.52455], [72.14671, 27.53245], [72.13981, 27.53966], [72.12692, 27.54642], [72.11643, 27.54711], [72.10773, 27.5564], [72.10699, 27.56009], [72.11995, 27.57179], [72.12552, 27.57155], [72.1303, 27.57599], [72.13041, 27.58043], [72.12397, 27.58389], [72.11863, 27.58113], [72.11682, 27.58228], [72.11929, 27.58793], [72.11317, 27.59087], [72.0965, 27.59035], [72.08707, 27.59276], [72.05127, 27.61448], [72.00163, 27.56921], [71.96788, 27.54977], [71.96109, 27.55018], [71.93218, 27.55917], [71.9082, 27.53334], [71.9042, 27.50324], [71.89901, 27.49492], [71.90194, 27.47912], [71.90084, 27.47384], [71.88369, 27.48457], [71.85365, 27.47869], [71.83957, 27.47854], [71.82588, 27.46041], [71.82348, 27.45336], [71.81876, 27.44823], [71.81588, 27.4417], [71.81656, 27.43113], [71.82684, 27.40997], [71.82874, 27.4], [71.8213, 27.34433], [71.83026, 27.32903], [71.83089, 27.32066], [71.82854, 27.31791], [71.8206, 27.3186], [71.8077, 27.30337], [71.80809, 27.30037], [71.80629, 27.29678], [71.79487, 27.28802], [71.79245, 27.28151], [71.79296, 27.27367], [71.79002, 27.25589], [71.79183, 27.24535], [71.79905, 27.25103], [71.82168, 27.25382], [71.84643, 27.23638], [71.85816, 27.23097], [71.89608, 27.21683], [71.90593, 27.21526], [71.90893, 27.21563], [71.91203, 27.21807], [71.91692, 27.21131], [71.91758, 27.18319], [71.9201, 27.17783], [71.92833, 27.17408], [71.93563, 27.1757], [71.94645, 27.18125], [71.95671, 27.18251], [71.96082, 27.17223], [71.95848, 27.15481], [71.96558, 27.14271], [71.96907, 27.1396], [71.9859, 27.13616], [72.00133, 27.12981], [72.0781, 27.11667], [72.08868, 27.10486], [72.08013, 27.07698], [72.06741, 27.06109], [72.06226, 27.05854], [72.06616, 27.05763], [72.06079, 27.05016], [72.08161, 27.04407], [72.0734, 27.03655], [72.06713, 27.03499], [72.05736, 27.03581], [72.04955, 27.03138], [72.05325, 27.02867], [72.05361, 27.02648], [72.04557, 27.02097], [72.0434, 27.01127], [72.04543, 27.0002], [72.04416, 26.99749], [72.05122, 26.96878], [72.04124, 26.93585], [72.07669, 26.91353], [72.10493, 26.88699], [72.10061, 26.88052], [72.10382, 26.86692], [72.10321, 26.86176], [72.0889, 26.84932], [72.0902, 26.84423], [72.10055, 26.83016], [72.09016, 26.8138], [72.08438, 26.80791], [72.0555, 26.80319], [72.04677, 26.78916], [72.0621, 26.78625], [72.06046, 26.76886], [72.06351, 26.76026], [72.08854, 26.73031], [72.08455, 26.72478], [72.09038, 26.71942], [72.07872, 26.71721], [72.0783, 26.71302], [72.07011, 26.71883], [72.05646, 26.7061], [72.057, 26.70066], [72.04706, 26.68737], [72.04369, 26.6877], [72.04101, 26.67545], [72.05061, 26.66804], [72.06755, 26.64624], [72.06313, 26.63815], [72.0873, 26.62347], [72.09984, 26.60047], [72.08027, 26.57115], [72.07471, 26.55689], [72.06544, 26.55143], [72.04673, 26.52626], [72.04026, 26.52089], [72.04252, 26.51638], [72.02842, 26.49878], [72.05718, 26.47666], [72.05983, 26.46919], [72.07971, 26.45129], [72.08332, 26.44308], [72.07983, 26.4168], [72.07457, 26.40088], [72.07424, 26.37798], [72.07671, 26.35445], [72.07401, 26.34956]]]}}, {"type": "Feature", "properties": {"shapeName": "Jaipur", "shapeISO": "", "shapeID": "76128533B28755611410447", "shapeGroup": "IND", "shapeType": "ADM2"}, "geometry": {"type": "Polygon", "coordinates": [[[76.08765, 27.84794], [76.09028, 27.84098], [76.09828, 27.83029], [76.09758, 27.82323], [76.0941, 27.81275], [76.09039, 27.8069], [76.08197, 27.8019], [76.07377, 27.7833], [76.07177, 27.77473], [76.06783, 27.77093], [76.0576, 27.77196], [76.04262, 27.75153], [76.03673, 27.74046], [76.03563, 27.73153], [76.02912, 27.7268], [76.01493, 27.72198], [76.00177, 27.71477], [75.99212, 27.70319], [75.98033, 27.65562], [75.97031, 27.64419], [75.95946, 27.64213], [75.95714, 27.63836], [75.96522, 27.62434], [75.96026, 27.62236], [75.95069, 27.62406], [75.94291, 27.62171], [75.94684, 27.61174], [75.94743, 27.60208], [75.94287, 27.59279], [75.9491, 27.59172], [75.95344, 27.5979], [75.95808, 27.59582], [75.96079, 27.59887], [75.96564, 27.60037], [75.9679, 27.5943], [75.96082, 27.59183], [75.95324, 27.58396], [75.94701, 27.57536], [75.94395, 27.56809], [75.9537, 27.56491], [75.95192, 27.55551], [75.9529, 27.54682], [75.94997, 27.53009], [75.94436, 27.51723], [75.93891, 27.49642], [75.97014, 27.5031], [75.97937, 27.50137], [75.9865, 27.49071], [75.98218, 27.48556], [75.98647, 27.4779], [75.98018, 27.47554], [75.9759, 27.47745], [75.97028, 27.47743], [75.96631, 27.47201], [75.96161, 27.4762], [75.9551, 27.47613], [75.95264, 27.46979], [75.94577, 27.47188], [75.9407, 27.46829], [75.93738, 27.46332], [75.92774, 27.46484], [75.92536, 27.46129], [75.92082, 27.459], [75.9205, 27.45499], [75.89638, 27.45659], [75.88584, 27.447], [75.87241, 27.42367], [75.87155, 27.41651], [75.87988, 27.40744], [75.88452, 27.39857], [75.87873, 27.38926], [75.86743, 27.38816], [75.86042, 27.39172], [75.85647, 27.39803], [75.84677, 27.40056], [75.83884, 27.39632], [75.83135, 27.38962], [75.81701, 27.39818], [75.81204, 27.405], [75.80135, 27.38797], [75.79482, 27.38083], [75.7787, 27.38461], [75.77752, 27.39594], [75.7751, 27.40229], [75.74054, 27.40421], [75.73481, 27.39588], [75.73126, 27.38642], [75.7218, 27.38279], [75.72586, 27.36921], [75.69316, 27.37207], [75.6799, 27.37091], [75.66627, 27.36586], [75.66783, 27.35298], [75.66613, 27.34453], [75.66116, 27.33804], [75.64998, 27.33765], [75.62953, 27.34042], [75.61474, 27.31477], [75.60004, 27.30854], [75.59264, 27.30915], [75.59114, 27.30761], [75.58078, 27.30636], [75.57919, 27.30974], [75.57405, 27.31166], [75.57718, 27.32772], [75.57631, 27.33659], [75.57315, 27.3419], [75.53176, 27.34392], [75.52295, 27.33509], [75.51005, 27.32957], [75.50798, 27.31454], [75.49226, 27.30372], [75.48821, 27.29931], [75.48702, 27.29501], [75.4795, 27.29468], [75.47757, 27.28922], [75.45825, 27.28893], [75.45413, 27.29722], [75.43315, 27.30107], [75.43336, 27.2942], [75.43074, 27.28768], [75.40983, 27.29209], [75.39194, 27.2894], [75.38159, 27.2897], [75.38203, 27.2837], [75.39597, 27.28256], [75.3915, 27.26705], [75.39037, 27.25397], [75.39214, 27.24002], [75.38561, 27.24273], [75.38077, 27.24012], [75.37839, 27.23323], [75.3689, 27.23234], [75.36829, 27.22973], [75.37039, 27.22826], [75.35891, 27.22547], [75.348, 27.21258], [75.32972, 27.21392], [75.32816, 27.20887], [75.32345, 27.20824], [75.31808, 27.1938], [75.31715, 27.1592], [75.31932, 27.14689], [75.32693, 27.14601], [75.33124, 27.14755], [75.33389, 27.14293], [75.33412, 27.13866], [75.33824, 27.13719], [75.34232, 27.13994], [75.34538, 27.13966], [75.34522, 27.13533], [75.34237, 27.12886], [75.34192, 27.11776], [75.34837, 27.1172], [75.35053, 27.10911], [75.36419, 27.11165], [75.36729, 27.11016], [75.36992, 27.10086], [75.36932, 27.08762], [75.35168, 27.08592], [75.34098, 27.09354], [75.33617, 27.09465], [75.33265, 27.09192], [75.32503, 27.09082], [75.31163, 27.08956], [75.2914, 27.09136], [75.26622, 27.08967], [75.25146, 27.0885], [75.22206, 27.08282], [75.22407, 27.07253], [75.22402, 27.05538], [75.2306, 27.05501], [75.2359, 27.05166], [75.24237, 27.05042], [75.24695, 27.04106], [75.25836, 27.03917], [75.26019, 27.03419], [75.24955, 27.02495], [75.24403, 27.01645], [75.2364, 27.0175], [75.22531, 27.01627], [75.21448, 27.00911], [75.20869, 27.00979], [75.20536, 27.00707], [75.20244, 26.99512], [75.20489, 26.97363], [75.19074, 26.97344], [75.1607, 26.96984], [75.16677, 26.96165], [75.16654, 26.93292], [75.14413, 26.93093], [75.12142, 26.93177], [75.10394, 26.93642], [75.04266, 26.94088], [75.01458, 26.94531], [75.01606, 26.91355], [75.01531, 26.89501], [75.001, 26.89331], [74.99921, 26.89005], [74.99481, 26.89067], [74.99387, 26.8884], [74.97778, 26.89033], [74.97167, 26.88371], [74.9657, 26.87266], [74.95803, 26.86764], [74.9567, 26.85732], [74.95881, 26.84882], [74.95749, 26.84684], [74.947, 26.84533], [74.93881, 26.84187], [74.9177, 26.83693], [74.92363, 26.82712], [74.92784, 26.81012], [74.92876, 26.79049], [74.93549, 26.79318], [74.93738, 26.7786], [74.94272, 26.7799], [74.94075, 26.76333], [74.94161, 26.74978], [74.94356, 26.74561], [74.94784, 26.74344], [74.96151, 26.75348], [74.98289, 26.762], [75.00646, 26.74911], [75.00924, 26.74515], [75.00961, 26.74017], [75.00627, 26.73395], [75.001, 26.73065], [74.94646, 26.73237], [74.94534, 26.72112], [74.96562, 26.72222], [74.96877, 26.71019], [74.9646, 26.70582], [74.96649, 26.68347], [74.97521, 26.67304], [75.001, 26.68651], [75.01438, 26.68705], [75.01374, 26.68396], [75.02176, 26.67283], [75.0224, 26.66526], [75.03223, 26.66004], [75.03527, 26.66396], [75.04327, 26.66152], [75.04271, 26.65755], [75.05277, 26.65342], [75.06171, 26.6548], [75.06866, 26.6506], [75.07112, 26.6327], [75.06655, 26.62855], [75.06565, 26.62163], [75.06912, 26.61229], [75.0827, 26.6099], [75.08338, 26.59596], [75.08113, 26.58995], [75.08182, 26.58659], [75.0728, 26.58231], [75.06314, 26.55594], [75.07224, 26.54406], [75.07829, 26.54306], [75.08272, 26.5486], [75.09894, 26.55508], [75.10528, 26.55599], [75.12449, 26.54688], [75.12319, 26.53338], [75.11688, 26.52358], [75.14178, 26.50406], [75.15385, 26.50018], [75.15288, 26.48582], [75.14796, 26.47988], [75.14608, 26.47393], [75.14972, 26.46922], [75.1575, 26.46708], [75.1606, 26.46846], [75.15984, 26.47211], [75.16307, 26.47205], [75.1636, 26.45865], [75.17096, 26.46209], [75.17438, 26.46273], [75.17517, 26.46896], [75.18857, 26.48411], [75.19079, 26.48891], [75.19609, 26.48314], [75.20172, 26.48038], [75.19726, 26.50139], [75.20657, 26.51566], [75.2192, 26.50786], [75.23083, 26.50617], [75.22499, 26.5143], [75.23148, 26.52539], [75.2341, 26.52193], [75.23812, 26.52118], [75.24064, 26.52645], [75.24461, 26.52861], [75.25552, 26.53018], [75.25629, 26.54157], [75.26973, 26.54789], [75.28772, 26.56404], [75.29683, 26.55867], [75.32178, 26.56074], [75.33192, 26.55817], [75.33695, 26.54914], [75.34103, 26.53537], [75.34188, 26.52923], [75.33831, 26.5215], [75.34847, 26.51754], [75.35309, 26.50158], [75.35864, 26.49574], [75.37338, 26.48621], [75.38323, 26.49008], [75.39116, 26.48201], [75.39585, 26.48284], [75.41404, 26.48103], [75.41097, 26.49137], [75.41155, 26.49539], [75.42448, 26.48367], [75.43804, 26.48155], [75.44462, 26.48392], [75.45374, 26.49323], [75.46433, 26.4913], [75.48715, 26.48089], [75.50378, 26.48108], [75.50698, 26.47915], [75.50935, 26.47343], [75.51653, 26.46807], [75.52809, 26.46324], [75.53416, 26.46966], [75.54955, 26.47871], [75.55048, 26.48505], [75.55377, 26.48632], [75.56025, 26.48113], [75.56847, 26.47904], [75.57687, 26.47299], [75.57746, 26.46144], [75.57486, 26.44625], [75.58451, 26.44598], [75.5902, 26.44763], [75.60087, 26.44313], [75.61818, 26.43947], [75.62577, 26.44143], [75.64442, 26.4425], [75.65056, 26.4452], [75.6554, 26.45357], [75.65363, 26.46383], [75.65595, 26.46612], [75.66554, 26.46091], [75.68493, 26.45902], [75.6843, 26.45372], [75.6904, 26.45154], [75.69938, 26.45061], [75.69881, 26.44578], [75.71323, 26.44492], [75.73057, 26.46554], [75.73509, 26.45944], [75.73946, 26.44927], [75.7452, 26.44702], [75.74914, 26.45283], [75.75017, 26.46893], [75.75899, 26.46922], [75.76868, 26.46585], [75.77172, 26.46705], [75.77362, 26.47237], [75.77144, 26.48035], [75.77431, 26.48492], [75.77902, 26.48616], [75.77748, 26.50901], [75.78684, 26.5241], [75.77487, 26.53238], [75.77369, 26.53574], [75.77493, 26.54336], [75.7825, 26.54398], [75.79923, 26.54988], [75.80446, 26.54699], [75.80766, 26.54012], [75.80083, 26.53072], [75.80424, 26.52671], [75.81113, 26.52442], [75.81792, 26.51807], [75.8271, 26.51588], [75.83688, 26.5105], [75.84404, 26.51229], [75.85627, 26.51851], [75.88565, 26.51933], [75.88921, 26.51228], [75.90443, 26.5093], [75.91419, 26.51048], [75.935, 26.50529], [75.93785, 26.49368], [75.95425, 26.48943], [75.96395, 26.48309], [75.975, 26.50228], [75.98685, 26.49719], [75.98793, 26.50146], [75.99165, 26.49725], [76.00965, 26.49199], [76.017, 26.5035], [76.0277, 26.50653], [76.03591, 26.51685], [76.04388, 26.51066], [76.0732, 26.50749], [76.08271, 26.52156], [76.08974, 26.52414], [76.09957, 26.52357], [76.11385, 26.5354], [76.1213, 26.53423], [76.12931, 26.5288], [76.14776, 26.52837], [76.15226, 26.52551], [76.16141, 26.51475], [76.15933, 26.5386], [76.1555, 26.55028], [76.15426, 26.56754], [76.17003, 26.60555], [76.17437, 26.61964], [76.18431, 26.63607], [76.18378, 26.6505], [76.17445, 26.66434], [76.17151, 26.6786], [76.17233, 26.69418], [76.17609, 26.71376], [76.17637, 26.7266], [76.1776, 26.72771], [76.18906, 26.72726], [76.18795, 26.7225], [76.1911, 26.70967], [76.20535, 26.70467], [76.20898, 26.71021], [76.21186, 26.71079], [76.21096, 26.71605], [76.21264, 26.71923], [76.20443, 26.72404], [76.19794, 26.72403], [76.20726, 26.73119], [76.22039, 26.73235], [76.19504, 26.74071], [76.19109, 26.74033], [76.18978, 26.74648], [76.19285, 26.74606], [76.19079, 26.74923], [76.18071, 26.75012], [76.17627, 26.74819], [76.17555, 26.74203], [76.17448, 26.75494], [76.17799, 26.76568], [76.18056, 26.76519], [76.1833, 26.77665], [76.186, 26.77947], [76.18614, 26.78212], [76.18459, 26.78343], [76.19024, 26.79495], [76.19132, 26.79429], [76.1955, 26.79669], [76.19583, 26.79459], [76.19683, 26.79901], [76.20349, 26.80386], [76.20634, 26.80512], [76.21312, 26.80468], [76.21623, 26.80173], [76.21636, 26.79799], [76.21807, 26.79744], [76.2293, 26.79773], [76.24187, 26.80297], [76.2607, 26.80448], [76.25431, 26.80967], [76.25152, 26.81591], [76.24418, 26.8169], [76.24214, 26.82108], [76.24238, 26.82686], [76.24461, 26.82813], [76.24409, 26.83386], [76.23999, 26.83224], [76.25005, 26.8423], [76.25128, 26.86669], [76.25475, 26.88784], [76.25011, 26.89802], [76.23431, 26.90979], [76.23385, 26.92853], [76.24221, 26.94418], [76.25217, 26.95775], [76.25203, 26.99012], [76.25558, 27.00877], [76.27298, 27.03806], [76.28321, 27.08142], [76.28922, 27.0872], [76.28987, 27.10235], [76.29389, 27.12937], [76.29264, 27.14598], [76.29123, 27.15375], [76.28753, 27.16019], [76.28165, 27.17989], [76.27831, 27.18343], [76.26992, 27.18386], [76.25878, 27.17653], [76.2455, 27.15064], [76.22574, 27.14118], [76.21385, 27.12539], [76.20849, 27.12072], [76.20418, 27.11894], [76.19534, 27.12132], [76.18559, 27.13211], [76.19097, 27.14362], [76.19126, 27.15228], [76.18592, 27.1846], [76.17044, 27.18304], [76.15966, 27.18469], [76.15822, 27.18825], [76.15869, 27.1932], [76.16038, 27.19951], [76.16413, 27.20261], [76.16504, 27.20844], [76.1639, 27.21557], [76.1587, 27.22192], [76.1536, 27.22242], [76.14979, 27.221], [76.13981, 27.20036], [76.12905, 27.19667], [76.1424, 27.22568], [76.13028, 27.23014], [76.12632, 27.23327], [76.12551, 27.23814], [76.1282, 27.25122], [76.14087, 27.2622], [76.14453, 27.27864], [76.15294, 27.28279], [76.15499, 27.28675], [76.15519, 27.29425], [76.1606, 27.31331], [76.17339, 27.31172], [76.17716, 27.31258], [76.18524, 27.3361], [76.20622, 27.36457], [76.20463, 27.36864], [76.20114, 27.37074], [76.20194, 27.37561], [76.21045, 27.37929], [76.22004, 27.39347], [76.22508, 27.39838], [76.23084, 27.40087], [76.23476, 27.41759], [76.23331, 27.42734], [76.22945, 27.43784], [76.23135, 27.44532], [76.23649, 27.44668], [76.25241, 27.44337], [76.25577, 27.44439], [76.25538, 27.44633], [76.24419, 27.4505], [76.2314, 27.4508], [76.22321, 27.45571], [76.22509, 27.45811], [76.23189, 27.45945], [76.23553, 27.46302], [76.23704, 27.46972], [76.24143, 27.4733], [76.24794, 27.48844], [76.24857, 27.50333], [76.24038, 27.51408], [76.24106, 27.52523], [76.23352, 27.53119], [76.21686, 27.53695], [76.21814, 27.55282], [76.21638, 27.56695], [76.20902, 27.60217], [76.20425, 27.60672], [76.2024, 27.61478], [76.2034, 27.62205], [76.20594, 27.62352], [76.21133, 27.62344], [76.21366, 27.62466], [76.21476, 27.62756], [76.21996, 27.62837], [76.24255, 27.62459], [76.24756, 27.62667], [76.25074, 27.63018], [76.25321, 27.63603], [76.25251, 27.64158], [76.25514, 27.65374], [76.2546, 27.65936], [76.25173, 27.66295], [76.24471, 27.66587], [76.2425, 27.66966], [76.24517, 27.67164], [76.25794, 27.67088], [76.25831, 27.67579], [76.24977, 27.67984], [76.24771, 27.68243], [76.24874, 27.68599], [76.25883, 27.69005], [76.26049, 27.7], [76.25668, 27.7127], [76.25614, 27.72831], [76.24761, 27.74391], [76.24703, 27.76128], [76.25063, 27.76373], [76.26172, 27.76605], [76.2669, 27.77176], [76.27675, 27.78839], [76.27562, 27.79743], [76.27673, 27.80195], [76.27836, 27.80271], [76.29129, 27.80032], [76.28765, 27.80674], [76.26583, 27.82184], [76.26411, 27.82609], [76.26874, 27.83484], [76.25806, 27.84511], [76.25031, 27.84928], [76.24489, 27.85015], [76.22686, 27.83324], [76.21909, 27.81664], [76.21051, 27.81614], [76.20836, 27.81703], [76.20861, 27.81864], [76.20148, 27.82143], [76.19414, 27.80913], [76.18375, 27.79776], [76.17983, 27.79722], [76.17292, 27.79962], [76.17283, 27.80538], [76.16466, 27.81186], [76.15903, 27.81474], [76.15393, 27.81528], [76.1545, 27.81972], [76.14534, 27.82271], [76.1331, 27.82446], [76.13623, 27.83927], [76.12863, 27.8437], [76.12416, 27.85101], [76.11748, 27.85194], [76.11616, 27.85045], [76.10673, 27.85608], [76.09929, 27.85661], [76.08951, 27.86064], [76.08765, 27.84794]]]}}, {"type": "Feature", "properties": {"shapeName": "Kota", "shapeISO": "", "shapeID": "76128533B74447895476194", "shapeGroup": "IND", "shapeType": "ADM2"}, "geometry": {"type": "Polygon", "coordinates": [[[75.92425, 24.53989], [75.92749, 24.54561], [75.92715, 24.55069], [75.93937, 24.55059], [75.95416, 24.54311], [75.95576, 24.54393], [75.95792, 24.54869], [75.96052, 24.54922], [75.96208, 24.55212], [75.96267, 24.56121], [75.96518, 24.56243], [75.99016, 24.56222], [75.99467, 24.55957], [76.00316, 24.56422], [76.00912, 24.56164], [76.02004, 24.56269], [76.02176, 24.5645], [76.02938, 24.56031], [76.0353, 24.55936], [76.04214, 24.56882], [76.04768, 24.56987], [76.0522, 24.57633], [76.05511, 24.57815], [76.06658, 24.57115], [76.07915, 24.57453], [76.08248, 24.57684], [76.08074, 24.58844], [76.07542, 24.59654], [76.06584, 24.62342], [76.06486, 24.63251], [76.06845, 24.64937], [76.06795, 24.66812], [76.0715, 24.67443], [76.0695, 24.67577], [76.10433, 24.69621], [76.10788, 24.69691], [76.11539, 24.69332], [76.15308, 24.65465], [76.18945, 24.62416], [76.19393, 24.62341], [76.19566, 24.62618], [76.19537, 24.63051], [76.18619, 24.64222], [76.18337, 24.65013], [76.18493, 24.65659], [76.18391, 24.66459], [76.20164, 24.68322], [76.20273, 24.68801], [76.19795, 24.71264], [76.20115, 24.74305], [76.20519, 24.75987], [76.22007, 24.77745], [76.22424, 24.78535], [76.22715, 24.79618], [76.22816, 24.83223], [76.24173, 24.83237], [76.24839, 24.83007], [76.25416, 24.83066], [76.25694, 24.8359], [76.25871, 24.84701], [76.27374, 24.84387], [76.27047, 24.83269], [76.27096, 24.8256], [76.26648, 24.81616], [76.26675, 24.81391], [76.27547, 24.8073], [76.28501, 24.80811], [76.29125, 24.81151], [76.29377, 24.81751], [76.2915, 24.83708], [76.30468, 24.83721], [76.30695, 24.8428], [76.31444, 24.84021], [76.32182, 24.84972], [76.33216, 24.85249], [76.33544, 24.85739], [76.33588, 24.8643], [76.34161, 24.86949], [76.35322, 24.8695], [76.35853, 24.87237], [76.36613, 24.87129], [76.37266, 24.86473], [76.38009, 24.86179], [76.38546, 24.85148], [76.39397, 24.84625], [76.40063, 24.83824], [76.40476, 24.83894], [76.40788, 24.84238], [76.41306, 24.84464], [76.41941, 24.84343], [76.42954, 24.83283], [76.4374, 24.83093], [76.4455, 24.83082], [76.44612, 24.8163], [76.44388, 24.78323], [76.46298, 24.79597], [76.49113, 24.82216], [76.49737, 24.82555], [76.50812, 24.82233], [76.54339, 24.80594], [76.55765, 24.80421], [76.5659, 24.80765], [76.574, 24.81703], [76.57483, 24.82268], [76.57318, 24.83419], [76.57623, 24.85846], [76.5586, 24.87219], [76.53668, 24.88488], [76.48736, 24.92055], [76.47427, 24.9261], [76.46817, 24.91025], [76.46463, 24.90701], [76.46248, 24.90835], [76.45289, 24.92275], [76.44684, 24.95334], [76.4416, 24.9621], [76.43187, 24.97145], [76.42224, 24.9773], [76.39908, 24.98372], [76.38988, 24.98322], [76.37833, 24.98043], [76.36304, 24.98879], [76.35256, 24.98899], [76.3411, 24.98379], [76.33692, 24.97447], [76.32496, 24.95901], [76.31902, 24.95794], [76.31507, 24.96002], [76.30545, 24.97127], [76.29045, 25.00081], [76.27137, 25.0207], [76.26543, 25.02445], [76.24841, 25.041], [76.22182, 25.07442], [76.21884, 25.0844], [76.22101, 25.09533], [76.22649, 25.11061], [76.23562, 25.16046], [76.24149, 25.16456], [76.24342, 25.17464], [76.24733, 25.1835], [76.25554, 25.18904], [76.25422, 25.2092], [76.25109, 25.22285], [76.2547, 25.23791], [76.26524, 25.24373], [76.28885, 25.24673], [76.29466, 25.252], [76.2995, 25.26113], [76.31041, 25.29481], [76.31561, 25.3309], [76.32392, 25.34801], [76.332, 25.37459], [76.33138, 25.37901], [76.34443, 25.37653], [76.35183, 25.37706], [76.36191, 25.38396], [76.37208, 25.38872], [76.38641, 25.37971], [76.39112, 25.38026], [76.39734, 25.38611], [76.40799, 25.38777], [76.42466, 25.37994], [76.43069, 25.3787], [76.43573, 25.38043], [76.44177, 25.37948], [76.44683, 25.3818], [76.44526, 25.3913], [76.45005, 25.39954], [76.47865, 25.40578], [76.49242, 25.40712], [76.49683, 25.41093], [76.50266, 25.42123], [76.50973, 25.42294], [76.51811, 25.42227], [76.52105, 25.41512], [76.52739, 25.4124], [76.53246, 25.4153], [76.54019, 25.417], [76.54485, 25.41311], [76.56231, 25.41411], [76.57067, 25.41106], [76.58397, 25.40204], [76.58318, 25.41833], [76.57996, 25.43202], [76.56999, 25.43772], [76.56639, 25.44517], [76.56534, 25.46857], [76.56207, 25.47512], [76.55245, 25.485], [76.54785, 25.49274], [76.54364, 25.50552], [76.52836, 25.5196], [76.52608, 25.52525], [76.52823, 25.53678], [76.528, 25.54567], [76.51559, 25.57512], [76.51568, 25.58252], [76.52164, 25.6023], [76.52062, 25.62897], [76.51664, 25.63345], [76.51126, 25.63351], [76.50662, 25.63859], [76.50533, 25.64363], [76.51672, 25.66811], [76.51373, 25.67139], [76.49498, 25.67869], [76.48766, 25.68469], [76.48369, 25.69035], [76.48382, 25.70131], [76.48834, 25.71341], [76.50899, 25.72386], [76.53257, 25.72629], [76.53665, 25.72921], [76.53642, 25.73898], [76.52829, 25.76158], [76.52873, 25.76957], [76.53542, 25.79319], [76.54778, 25.81261], [76.57297, 25.83486], [76.54006, 25.83999], [76.51971, 25.83802], [76.50772, 25.84264], [76.50065, 25.84301], [76.49289, 25.84131], [76.48747, 25.83869], [76.48302, 25.83252], [76.49057, 25.81615], [76.48815, 25.81055], [76.47657, 25.79941], [76.46664, 25.78619], [76.45405, 25.77446], [76.44659, 25.76949], [76.41996, 25.76678], [76.41355, 25.76478], [76.40912, 25.75978], [76.39995, 25.75364], [76.38241, 25.74936], [76.36513, 25.73856], [76.34991, 25.7031], [76.34143, 25.6973], [76.32866, 25.69597], [76.32126, 25.69344], [76.31119, 25.68687], [76.3073, 25.68157], [76.30751, 25.66681], [76.32354, 25.65541], [76.32617, 25.65035], [76.32474, 25.64266], [76.31526, 25.63505], [76.30177, 25.6322], [76.29936, 25.6263], [76.29796, 25.62069], [76.29891, 25.61505], [76.29645, 25.60471], [76.30205, 25.5934], [76.29856, 25.581], [76.29105, 25.56922], [76.29348, 25.54491], [76.28752, 25.53005], [76.27559, 25.51113], [76.26813, 25.50527], [76.25068, 25.50572], [76.24293, 25.50401], [76.23281, 25.49965], [76.21656, 25.48647], [76.20983, 25.48446], [76.19585, 25.49759], [76.19046, 25.49675], [76.18573, 25.49264], [76.18445, 25.46365], [76.17615, 25.43858], [76.16875, 25.43657], [76.16469, 25.43334], [76.16667, 25.4286], [76.16662, 25.42298], [76.16219, 25.41622], [76.15712, 25.41183], [76.13893, 25.40607], [76.13854, 25.39927], [76.14287, 25.39598], [76.15399, 25.39199], [76.15487, 25.38612], [76.15281, 25.38052], [76.14739, 25.37584], [76.141, 25.37383], [76.13895, 25.3703], [76.15404, 25.36334], [76.15799, 25.36037], [76.16096, 25.35472], [76.15989, 25.34764], [76.15307, 25.33587], [76.14705, 25.3377], [76.13686, 25.34455], [76.13168, 25.34405], [76.11376, 25.32885], [76.10942, 25.33036], [76.09811, 25.34169], [76.09117, 25.34639], [76.07502, 25.34957], [76.07063, 25.34546], [76.06986, 25.33393], [76.06579, 25.32861], [76.04996, 25.32004], [76.03959, 25.32333], [76.02576, 25.31457], [76.0227, 25.3075], [76.02531, 25.2985], [76.03424, 25.28437], [76.03418, 25.27716], [76.02203, 25.26329], [76.00421, 25.25306], [75.9945, 25.24153], [75.98235, 25.23073], [75.98191, 25.24023], [75.95047, 25.27581], [75.91391, 25.25515], [75.90566, 25.24192], [75.90319, 25.23447], [75.88641, 25.2362], [75.88023, 25.22521], [75.87035, 25.23184], [75.83064, 25.22678], [75.82074, 25.23425], [75.83761, 25.2402], [75.83482, 25.2448], [75.82913, 25.24847], [75.81536, 25.24774], [75.79478, 25.25814], [75.79473, 25.24917], [75.79146, 25.23614], [75.79579, 25.22439], [75.78979, 25.21136], [75.77916, 25.19685], [75.76607, 25.18431], [75.74838, 25.17126], [75.73705, 25.16577], [75.74014, 25.15824], [75.75102, 25.14094], [75.72802, 25.12415], [75.72798, 25.11907], [75.73138, 25.11438], [75.73775, 25.11172], [75.74976, 25.11024], [75.75896, 25.11149], [75.76259, 25.10686], [75.76072, 25.10054], [75.75367, 25.09377], [75.74841, 25.08599], [75.74395, 25.07227], [75.7071, 25.04253], [75.69696, 25.03041], [75.67126, 25.02264], [75.66261, 25.01311], [75.6398, 25.00249], [75.63741, 24.99975], [75.62496, 24.99643], [75.62447, 24.99287], [75.62692, 24.99102], [75.64261, 24.98418], [75.65689, 24.97487], [75.65774, 24.96217], [75.6674, 24.945], [75.68714, 24.92776], [75.69394, 24.92557], [75.7023, 24.91703], [75.7295, 24.90227], [75.74712, 24.88959], [75.76194, 24.87658], [75.76789, 24.87359], [75.78827, 24.86819], [75.82269, 24.86711], [75.81529, 24.8234], [75.80902, 24.81424], [75.80429, 24.78508], [75.78994, 24.76162], [75.80926, 24.75235], [75.83162, 24.73242], [75.84256, 24.72594], [75.84584, 24.71352], [75.83745, 24.68203], [75.83088, 24.6676], [75.8319, 24.66432], [75.84081, 24.66609], [75.84767, 24.66544], [75.8524, 24.66063], [75.85255, 24.64915], [75.84763, 24.63537], [75.84783, 24.63081], [75.84993, 24.6275], [75.84658, 24.62222], [75.84182, 24.61971], [75.83798, 24.61986], [75.83403, 24.61605], [75.8318, 24.60947], [75.84288, 24.60486], [75.83908, 24.59368], [75.84203, 24.59181], [75.84599, 24.59636], [75.8487, 24.60646], [75.85625, 24.61042], [75.86718, 24.60901], [75.86937, 24.60343], [75.87781, 24.6032], [75.88041, 24.59573], [75.87953, 24.58687], [75.88807, 24.57783], [75.89745, 24.57775], [75.90665, 24.57289], [75.91482, 24.57312], [75.91903, 24.57047], [75.92115, 24.56755], [75.9196, 24.56344], [75.91697, 24.56136], [75.91155, 24.56145], [75.90944, 24.55667], [75.91034, 24.54828], [75.91075, 24.54655], [75.92425, 24.53989]]]}}, {"type": "Feature", "properties": {"shapeName": "Udaipur", "shapeISO": "", "shapeID": "76128533B37392223136185", "shapeGroup": "IND", "shapeType": "ADM2"}, "geometry": {"type": "Polygon", "coordinates": [[[73.36758, 23.81389], [73.37115, 23.8149], [73.37749, 23.81288], [73.38076, 23.80799], [73.38684, 23.81186], [73.40283, 23.80691], [73.40951, 23.80815], [73.41315, 23.81018], [73.41567, 23.81465], [73.41704, 23.82405], [73.42732, 23.83029], [73.43297, 23.83729], [73.44013, 23.83678], [73.45883, 23.83969], [73.46562, 23.84328], [73.47063, 23.84739], [73.47245, 23.86287], [73.47496, 23.86927], [73.48344, 23.87223], [73.49908, 23.90331], [73.51252, 23.924], [73.51905, 23.93117], [73.54947, 23.93679], [73.55601, 23.94511], [73.57178, 23.96025], [73.57642, 23.96185], [73.58053, 23.96054], [73.59354, 23.96574], [73.6146, 23.9628], [73.61617, 23.95951], [73.64695, 23.94641], [73.65457, 23.94523], [73.65631, 23.94826], [73.66487, 23.94969], [73.66838, 23.9486], [73.67195, 23.9393], [73.69794, 23.95852], [73.72263, 23.94973], [73.73405, 23.94406], [73.73959, 23.94366], [73.75399, 23.94838], [73.76686, 23.94039], [73.77364, 23.93814], [73.77707, 23.93894], [73.78412, 23.94699], [73.79325, 23.94684], [73.80741, 23.94476], [73.8099, 23.93606], [73.82353, 23.93874], [73.83319, 23.93425], [73.84293, 23.93376], [73.85882, 23.93641], [73.86723, 23.95337], [73.87121, 23.95734], [73.88474, 23.9667], [73.9107, 23.98148], [73.91899, 23.98346], [73.93777, 23.97755], [73.94813, 23.97576], [73.97143, 23.97896], [73.97717, 23.97782], [73.98649, 23.9726], [74.00277, 23.96861], [74.01736, 23.97226], [74.02107, 23.97538], [74.02937, 23.97482], [74.04044, 23.97935], [74.05018, 23.98092], [74.05887, 23.97924], [74.07231, 23.97095], [74.08167, 23.96847], [74.08619, 23.96973], [74.09716, 23.97689], [74.10197, 23.98621], [74.10674, 23.99054], [74.1287, 23.99077], [74.13107, 23.99377], [74.13436, 24.01777], [74.14536, 24.01963], [74.15583, 24.01359], [74.16132, 24.01359], [74.16106, 23.99969], [74.17125, 23.97675], [74.1761, 23.96985], [74.18308, 23.96545], [74.19992, 23.96117], [74.20648, 23.95495], [74.22781, 23.90967], [74.23489, 23.91058], [74.25194, 23.92623], [74.27433, 23.93666], [74.27534, 23.94136], [74.27377, 23.95159], [74.27936, 23.9567], [74.28254, 23.95797], [74.28767, 23.95718], [74.28839, 23.97041], [74.28495, 23.97691], [74.26556, 23.99213], [74.26061, 24.00437], [74.26116, 24.00745], [74.27055, 24.01506], [74.27821, 24.02989], [74.28254, 24.04797], [74.28129, 24.05712], [74.30001, 24.05046], [74.29838, 24.03564], [74.30428, 24.03356], [74.32876, 24.01411], [74.33932, 24.00904], [74.35033, 24.02348], [74.3385, 24.03792], [74.3331, 24.04028], [74.33208, 24.04296], [74.32715, 24.04656], [74.34074, 24.06423], [74.34979, 24.06854], [74.34957, 24.07174], [74.35594, 24.07898], [74.3517, 24.08762], [74.36825, 24.09174], [74.36593, 24.08948], [74.36414, 24.08354], [74.36781, 24.08186], [74.37373, 24.08368], [74.38482, 24.08211], [74.3891, 24.08366], [74.39057, 24.07478], [74.39586, 24.07386], [74.39559, 24.07757], [74.39903, 24.08307], [74.4078, 24.08613], [74.41119, 24.09046], [74.4131, 24.09007], [74.42834, 24.09976], [74.42595, 24.10311], [74.42467, 24.10951], [74.42811, 24.11126], [74.43265, 24.11032], [74.43767, 24.12221], [74.43919, 24.12949], [74.43781, 24.13404], [74.42182, 24.12986], [74.41427, 24.13846], [74.40872, 24.13535], [74.40495, 24.14465], [74.40645, 24.14856], [74.4151, 24.15255], [74.41522, 24.15696], [74.39917, 24.15835], [74.39179, 24.15632], [74.38776, 24.153], [74.38414, 24.1561], [74.3776, 24.15562], [74.36341, 24.17883], [74.36946, 24.18712], [74.36926, 24.19046], [74.37863, 24.19063], [74.38095, 24.19262], [74.39227, 24.21073], [74.43022, 24.21987], [74.43518, 24.22521], [74.43902, 24.23198], [74.43929, 24.23551], [74.41776, 24.24516], [74.41571, 24.2924], [74.3748, 24.32002], [74.35418, 24.33746], [74.35354, 24.352], [74.36449, 24.37423], [74.36687, 24.41072], [74.35565, 24.42395], [74.35228, 24.42465], [74.35524, 24.42081], [74.35226, 24.42214], [74.34439, 24.42064], [74.33836, 24.42438], [74.33401, 24.43123], [74.33099, 24.44397], [74.33451, 24.44337], [74.34169, 24.4358], [74.34393, 24.4371], [74.32923, 24.45072], [74.32586, 24.46345], [74.33947, 24.47338], [74.33988, 24.48539], [74.33483, 24.49377], [74.32365, 24.4925], [74.30903, 24.48425], [74.29976, 24.48219], [74.2858, 24.50138], [74.28098, 24.50463], [74.26976, 24.50421], [74.26176, 24.49449], [74.26941, 24.46993], [74.2573, 24.46862], [74.25053, 24.47351], [74.24441, 24.46385], [74.24038, 24.44914], [74.23478, 24.44892], [74.21107, 24.45575], [74.20986, 24.4617], [74.24984, 24.53089], [74.26974, 24.52563], [74.27535, 24.52584], [74.28047, 24.53717], [74.28015, 24.56543], [74.26738, 24.57867], [74.22455, 24.6164], [74.22606, 24.62372], [74.23383, 24.62642], [74.24304, 24.62634], [74.24883, 24.62777], [74.25292, 24.62687], [74.25968, 24.63053], [74.2539, 24.6386], [74.25173, 24.65348], [74.2367, 24.66065], [74.23217, 24.65863], [74.22285, 24.64752], [74.22152, 24.63824], [74.2241, 24.62847], [74.20745, 24.62998], [74.20614, 24.63776], [74.19126, 24.64818], [74.18523, 24.65624], [74.18468, 24.65776], [74.18947, 24.65768], [74.19117, 24.66078], [74.18495, 24.66745], [74.18155, 24.67464], [74.17268, 24.67848], [74.15761, 24.67667], [74.15625, 24.68688], [74.15786, 24.68902], [74.16591, 24.69456], [74.17148, 24.69557], [74.17663, 24.70187], [74.1772, 24.70508], [74.17421, 24.71031], [74.17371, 24.71629], [74.15224, 24.73151], [74.14132, 24.72742], [74.13219, 24.73553], [74.12959, 24.73285], [74.126, 24.73706], [74.11997, 24.73965], [74.11699, 24.74689], [74.11707, 24.75256], [74.11999, 24.76061], [74.11548, 24.76267], [74.11136, 24.76731], [74.10767, 24.78132], [74.11083, 24.78864], [74.11619, 24.79439], [74.11209, 24.80395], [74.11153, 24.81183], [74.13245, 24.84609], [74.13056, 24.85234], [74.12256, 24.85204], [74.04654, 24.83301], [74.03105, 24.84283], [74.01939, 24.87205], [74.00288, 24.89241], [73.98629, 24.87997], [73.95932, 24.85423], [73.94804, 24.86838], [73.93207, 24.88172], [73.89704, 24.87905], [73.85636, 24.88693], [73.8543, 24.87717], [73.80977, 24.78048], [73.79725, 24.74505], [73.7846, 24.73532], [73.75749, 24.73884], [73.72637, 24.77056], [73.70396, 24.78928], [73.69231, 24.79009], [73.68219, 24.78802], [73.67619, 24.79374], [73.67959, 24.8011], [73.69584, 24.79953], [73.69885, 24.8095], [73.69844, 24.81213], [73.69443, 24.81527], [73.69454, 24.81841], [73.704, 24.8204], [73.70959, 24.81943], [73.71418, 24.82221], [73.70956, 24.84691], [73.70687, 24.84908], [73.70297, 24.8568], [73.69308, 24.8616], [73.68145, 24.86257], [73.66666, 24.87436], [73.66516, 24.87819], [73.65769, 24.87947], [73.64434, 24.88003], [73.62673, 24.87787], [73.61883, 24.87612], [73.61206, 24.87214], [73.59881, 24.89317], [73.58999, 24.90146], [73.58786, 24.90141], [73.57818, 24.90814], [73.57605, 24.90617], [73.56929, 24.9093], [73.56487, 24.91696], [73.56264, 24.93421], [73.50808, 24.97579], [73.5138, 25.00681], [73.52437, 25.03167], [73.5214, 25.04049], [73.51267, 25.04307], [73.50191, 25.05377], [73.50175, 25.09892], [73.5044, 25.11798], [73.50059, 25.11505], [73.49776, 25.11822], [73.49389, 25.11719], [73.49292, 25.10814], [73.48499, 25.10444], [73.47738, 25.10437], [73.46303, 25.08967], [73.42462, 25.09012], [73.41712, 25.08845], [73.41113, 25.0852], [73.40911, 25.07994], [73.39825, 25.07443], [73.39778, 25.06981], [73.39297, 25.06661], [73.38987, 25.06061], [73.38856, 25.05342], [73.38462, 25.04951], [73.38573, 25.04503], [73.37814, 25.04076], [73.37861, 25.0383], [73.37528, 25.03593], [73.37253, 25.02923], [73.35949, 25.02807], [73.35508, 25.02401], [73.35502, 25.01642], [73.3519, 25.01039], [73.34566, 25.01038], [73.34359, 24.99985], [73.34504, 24.98973], [73.34189, 24.98514], [73.3308, 24.97738], [73.33425, 24.9677], [73.33786, 24.96697], [73.34725, 24.96077], [73.34281, 24.95535], [73.34445, 24.9514], [73.33296, 24.929], [73.33127, 24.91246], [73.32881, 24.90882], [73.32039, 24.90914], [73.31688, 24.90758], [73.30741, 24.89747], [73.30843, 24.88867], [73.29166, 24.87524], [73.28793, 24.87494], [73.28407, 24.88189], [73.27821, 24.87865], [73.27437, 24.87916], [73.27257, 24.87755], [73.27093, 24.86276], [73.26827, 24.85818], [73.24045, 24.83041], [73.23836, 24.82351], [73.2393, 24.80581], [73.23661, 24.79788], [73.23218, 24.79378], [73.21949, 24.79252], [73.20188, 24.78732], [73.16525, 24.76854], [73.15372, 24.75928], [73.14595, 24.75792], [73.14144, 24.75283], [73.14208, 24.71893], [73.13919, 24.68797], [73.13164, 24.67565], [73.11763, 24.67057], [73.10388, 24.65371], [73.10127, 24.64727], [73.08516, 24.63665], [73.08593, 24.62269], [73.08418, 24.61162], [73.05793, 24.57086], [73.04572, 24.54797], [73.02795, 24.53153], [73.02158, 24.51941], [73.01318, 24.50826], [73.01485, 24.50035], [73.00737, 24.4944], [73.00699, 24.49123], [73.01017, 24.48271], [73.01923, 24.4654], [73.0306, 24.46396], [73.04849, 24.46548], [73.05084, 24.4667], [73.05476, 24.47283], [73.06466, 24.47476], [73.0676, 24.48105], [73.07241, 24.48285], [73.08141, 24.49036], [73.09198, 24.49485], [73.09653, 24.4916], [73.09612, 24.47272], [73.10479, 24.45691], [73.10417, 24.44546], [73.10637, 24.43249], [73.10586, 24.4264], [73.10376, 24.42041], [73.09422, 24.41731], [73.09051, 24.41324], [73.08606, 24.40021], [73.08184, 24.39778], [73.08237, 24.3946], [73.09568, 24.38561], [73.10613, 24.38754], [73.10867, 24.38687], [73.11611, 24.37579], [73.12486, 24.36886], [73.13481, 24.36445], [73.14284, 24.36304], [73.15208, 24.3564], [73.16666, 24.35083], [73.17777, 24.35059], [73.18801, 24.35566], [73.20869, 24.37527], [73.22922, 24.36447], [73.22333, 24.35629], [73.21412, 24.3503], [73.20869, 24.33408], [73.19902, 24.33396], [73.19554, 24.33964], [73.19054, 24.34347], [73.1846, 24.33484], [73.18232, 24.30901], [73.17812, 24.30141], [73.17078, 24.30098], [73.14867, 24.31077], [73.14235, 24.30784], [73.13629, 24.28006], [73.11332, 24.26264], [73.09808, 24.2378], [73.09908, 24.23493], [73.10838, 24.23116], [73.09834, 24.22334], [73.08883, 24.22098], [73.08429, 24.20091], [73.079, 24.19676], [73.0797, 24.1851], [73.08797, 24.17538], [73.1101, 24.15783], [73.11357, 24.1529], [73.11118, 24.13863], [73.12043, 24.14034], [73.14424, 24.12251], [73.15826, 24.12001], [73.16468, 24.1162], [73.16886, 24.11124], [73.19104, 24.10505], [73.19479, 24.11065], [73.19721, 24.10825], [73.22104, 24.09803], [73.20626, 24.06647], [73.19821, 24.05725], [73.20522, 24.03932], [73.22647, 24.02792], [73.22653, 24.02382], [73.23746, 24.01809], [73.23972, 24.01256], [73.24297, 24.01048], [73.2497, 24.01087], [73.25356, 24.01291], [73.27257, 24.02772], [73.28003, 24.0285], [73.28833, 24.02706], [73.30421, 24.05108], [73.3088, 24.05423], [73.31589, 24.0564], [73.32402, 24.0621], [73.33, 24.07326], [73.33203, 24.08216], [73.32943, 24.10359], [73.33273, 24.1147], [73.34038, 24.1154], [73.35845, 24.11362], [73.37117, 24.12764], [73.36728, 24.11201], [73.36724, 24.08749], [73.3724, 24.08657], [73.39426, 24.07198], [73.40185, 24.06464], [73.41143, 24.05049], [73.40909, 24.0246], [73.40685, 24.01528], [73.4082, 23.99779], [73.40262, 23.98999], [73.41152, 23.98786], [73.41714, 23.98208], [73.41903, 23.97408], [73.41665, 23.95322], [73.41789, 23.93587], [73.42217, 23.93046], [73.41759, 23.92281], [73.40517, 23.91555], [73.39966, 23.91767], [73.3935, 23.91626], [73.38385, 23.90525], [73.37969, 23.89449], [73.37425, 23.8883], [73.3685, 23.87536], [73.35929, 23.8614], [73.35704, 23.85415], [73.3691, 23.83158], [73.36984, 23.82143], [73.36758, 23.81389]]]}}, {"type": "Feature", "properties": {"shapeName": "Lucknow", "shapeISO": "", "shapeID": "76128533B49436035281620", "shapeGroup": "IND", "shapeType": "ADM2"}, "geometry": {"type": "Polygon", "coordinates": [[[80.82753, 27.10143], [80.81905, 27.0975], [80.80569, 27.10188], [80.79123, 27.11099], [80.78755, 27.10879], [80.78372, 27.09799], [80.77924, 27.09801], [80.77096, 27.10231], [80.7657, 27.089], [80.75943, 27.10045], [80.753, 27.0993], [80.74259, 27.10161], [80.73848, 27.10087], [80.73208, 27.09742], [80.72462, 27.08704], [80.71997, 27.08332], [80.71201, 27.08002], [80.71303, 27.06919], [80.71206, 27.0677], [80.70261, 27.06847], [80.70137, 27.06016], [80.69604, 27.06356], [80.69123, 27.06191], [80.68633, 27.06325], [80.66692, 27.0749], [80.66276, 27.07378], [80.64705, 27.07861], [80.64227, 27.07301], [80.64153, 27.06848], [80.65114, 27.06734], [80.6569, 27.06227], [80.6516, 27.06156], [80.64291, 27.06429], [80.63763, 27.05895], [80.6299, 27.05632], [80.62378, 27.05683], [80.62126, 27.04536], [80.61563, 27.03819], [80.60779, 27.0368], [80.60501, 27.04169], [80.5992, 27.04227], [80.59689, 27.0387], [80.58978, 27.03834], [80.58101, 27.03443], [80.57817, 27.03275], [80.5779, 27.02956], [80.58827, 27.02937], [80.58841, 27.02655], [80.57885, 27.02027], [80.56778, 27.01695], [80.56075, 27.01085], [80.58021, 27.00088], [80.58151, 26.99429], [80.58795, 26.98591], [80.59158, 26.98732], [80.60038, 26.98395], [80.59721, 26.9787], [80.5978, 26.97434], [80.59457, 26.96886], [80.59864, 26.96269], [80.5958, 26.95497], [80.58835, 26.95337], [80.58882, 26.95899], [80.58602, 26.96036], [80.58306, 26.95786], [80.57864, 26.95845], [80.5713, 26.95489], [80.56454, 26.94633], [80.56117, 26.93642], [80.58202, 26.92563], [80.58618, 26.92905], [80.59215, 26.94214], [80.60766, 26.94491], [80.6096, 26.94412], [80.60989, 26.93844], [80.62396, 26.90888], [80.64138, 26.90311], [80.63666, 26.89595], [80.62765, 26.88881], [80.62815, 26.88061], [80.64615, 26.87697], [80.67031, 26.86438], [80.68112, 26.86068], [80.69399, 26.8501], [80.69242, 26.83751], [80.70309, 26.83014], [80.70877, 26.82426], [80.71845, 26.81113], [80.72035, 26.80368], [80.72792, 26.79427], [80.74096, 26.78949], [80.73794, 26.77575], [80.75593, 26.77392], [80.75097, 26.76464], [80.74022, 26.76169], [80.73212, 26.7545], [80.71789, 26.75698], [80.70493, 26.76165], [80.69714, 26.76291], [80.69284, 26.76006], [80.69171, 26.75615], [80.69802, 26.74793], [80.70159, 26.74842], [80.70288, 26.7471], [80.70252, 26.74319], [80.70474, 26.73661], [80.70105, 26.72843], [80.7021, 26.72447], [80.70614, 26.72163], [80.70642, 26.71859], [80.70086, 26.7212], [80.6996, 26.71934], [80.71537, 26.70724], [80.71792, 26.69974], [80.71267, 26.69539], [80.69935, 26.68885], [80.69759, 26.6858], [80.70112, 26.68307], [80.70762, 26.68318], [80.71682, 26.67291], [80.71482, 26.66807], [80.72964, 26.65596], [80.74657, 26.66631], [80.74438, 26.6745], [80.74772, 26.67998], [80.75246, 26.68421], [80.75728, 26.68626], [80.7629, 26.68508], [80.76185, 26.68129], [80.76978, 26.67716], [80.77001, 26.67394], [80.76725, 26.66864], [80.77074, 26.66338], [80.78198, 26.66697], [80.78434, 26.66607], [80.78335, 26.66262], [80.79123, 26.65728], [80.79414, 26.65271], [80.79476, 26.64645], [80.80132, 26.64799], [80.81018, 26.65437], [80.82252, 26.65625], [80.82574, 26.6599], [80.8333, 26.66224], [80.84305, 26.66312], [80.85094, 26.65145], [80.8544, 26.64873], [80.87326, 26.64239], [80.87528, 26.63714], [80.87926, 26.63306], [80.88335, 26.6314], [80.88136, 26.62624], [80.87265, 26.62145], [80.87737, 26.61429], [80.88156, 26.61636], [80.88464, 26.62159], [80.88638, 26.61958], [80.89248, 26.62165], [80.8941, 26.61744], [80.88988, 26.61203], [80.89228, 26.60739], [80.89014, 26.60314], [80.89215, 26.59795], [80.90623, 26.59101], [80.90803, 26.59727], [80.9095, 26.59751], [80.91355, 26.59247], [80.91905, 26.58975], [80.92043, 26.59309], [80.92281, 26.5895], [80.92687, 26.59175], [80.92746, 26.58872], [80.93324, 26.58557], [80.92795, 26.58442], [80.93299, 26.57436], [80.9417, 26.56814], [80.93713, 26.56772], [80.9462, 26.5638], [80.95292, 26.56843], [80.95502, 26.56792], [80.95341, 26.56175], [80.95885, 26.55923], [80.96165, 26.55965], [80.9706, 26.55446], [80.97042, 26.5526], [80.96656, 26.54937], [80.97084, 26.54768], [80.9754, 26.5514], [80.98089, 26.55064], [80.9803, 26.54365], [80.98551, 26.54624], [80.98794, 26.54462], [80.98617, 26.54192], [80.98852, 26.53485], [81.00021, 26.53505], [81.01324, 26.52694], [81.01655, 26.52729], [81.02605, 26.52352], [81.0328, 26.51876], [81.03292, 26.51457], [81.04157, 26.5042], [81.04479, 26.50222], [81.05138, 26.50197], [81.06139, 26.51065], [81.06549, 26.51734], [81.07657, 26.52118], [81.0778, 26.52277], [81.07754, 26.5327], [81.09105, 26.53806], [81.09489, 26.54452], [81.09554, 26.55402], [81.10032, 26.55985], [81.10409, 26.56248], [81.11852, 26.55615], [81.1231, 26.55753], [81.12718, 26.55965], [81.13362, 26.57026], [81.13471, 26.57554], [81.14317, 26.58627], [81.15926, 26.58685], [81.16346, 26.58806], [81.16618, 26.59264], [81.16504, 26.60262], [81.17894, 26.61213], [81.1792, 26.61523], [81.18405, 26.61878], [81.17234, 26.62711], [81.17605, 26.63566], [81.16734, 26.64105], [81.16747, 26.64329], [81.18852, 26.66747], [81.18924, 26.67458], [81.19625, 26.6799], [81.19887, 26.68318], [81.1992, 26.68667], [81.20551, 26.69062], [81.20834, 26.70106], [81.21229, 26.70323], [81.21668, 26.70208], [81.21917, 26.70615], [81.2143, 26.71803], [81.21582, 26.72118], [81.21071, 26.72308], [81.2039, 26.7286], [81.2038, 26.74431], [81.1888, 26.76156], [81.19397, 26.76741], [81.21082, 26.7772], [81.21675, 26.78236], [81.2072, 26.78834], [81.19388, 26.79169], [81.19221, 26.78245], [81.19004, 26.77982], [81.18724, 26.77999], [81.17997, 26.78505], [81.17462, 26.78579], [81.16721, 26.77467], [81.16428, 26.77324], [81.15925, 26.7756], [81.15909, 26.79718], [81.16898, 26.80428], [81.17102, 26.80744], [81.16184, 26.80795], [81.15936, 26.8129], [81.15713, 26.81376], [81.14903, 26.81066], [81.14127, 26.81451], [81.1391, 26.8179], [81.13746, 26.82616], [81.13072, 26.8344], [81.12652, 26.83594], [81.09414, 26.83787], [81.09235, 26.84651], [81.09501, 26.85187], [81.09226, 26.85824], [81.09717, 26.86233], [81.10251, 26.8705], [81.09895, 26.88239], [81.09595, 26.88576], [81.09277, 26.88621], [81.09094, 26.88917], [81.1002, 26.89973], [81.09945, 26.9074], [81.09658, 26.90933], [81.09596, 26.91462], [81.09029, 26.91533], [81.08234, 26.90897], [81.07564, 26.90857], [81.07367, 26.91453], [81.06417, 26.92779], [81.06078, 26.93028], [81.05093, 26.93238], [81.05087, 26.93709], [81.04353, 26.93876], [81.04283, 26.94822], [81.04572, 26.95573], [81.05242, 26.96106], [81.05548, 26.95832], [81.05912, 26.95826], [81.06378, 26.96217], [81.06564, 26.96772], [81.05908, 26.97274], [81.05667, 26.97302], [81.05052, 26.96631], [81.04345, 26.96814], [81.03629, 26.96509], [81.02573, 26.97245], [81.02491, 26.97575], [81.02798, 26.97786], [81.03069, 26.98539], [81.00955, 26.99716], [81.00445, 26.99675], [81.0002, 27.00005], [80.99654, 27.00835], [80.99461, 27.0179], [80.9954, 27.02363], [81.00243, 27.03503], [81.0012, 27.03801], [80.99608, 27.03932], [80.97866, 27.03542], [80.97606, 27.04881], [80.97296, 27.05563], [80.97677, 27.06093], [80.98273, 27.06337], [80.98429, 27.0695], [80.98966, 27.06647], [80.99321, 27.07356], [81.0002, 27.07502], [81.01763, 27.06495], [81.02934, 27.07213], [81.03386, 27.06935], [81.03944, 27.0702], [81.05328, 27.07981], [81.05627, 27.08534], [81.0521, 27.08996], [81.03462, 27.09659], [81.02321, 27.10309], [81.02862, 27.11331], [81.02824, 27.11742], [81.02401, 27.12459], [81.0175, 27.12887], [81.01555, 27.13726], [81.01233, 27.1406], [81.00019, 27.14673], [80.99214, 27.13731], [80.98983, 27.13725], [80.98151, 27.14246], [80.97901, 27.13788], [80.96935, 27.14384], [80.96514, 27.14448], [80.95991, 27.14219], [80.95717, 27.13909], [80.94953, 27.1426], [80.94878, 27.14818], [80.92951, 27.15903], [80.92011, 27.15555], [80.9144, 27.15096], [80.91411, 27.14894], [80.91173, 27.14861], [80.9075, 27.15115], [80.90497, 27.14981], [80.89794, 27.13856], [80.89428, 27.12773], [80.88832, 27.12746], [80.88172, 27.12911], [80.85944, 27.12268], [80.84606, 27.10998], [80.84028, 27.10819], [80.83853, 27.10368], [80.83658, 27.10389], [80.83102, 27.09957], [80.82753, 27.10143]]]}}, {"type": "Feature", "properties": {"shapeName": "Kanpur Nagar", "shapeISO": "", "shapeID": "76128533B23710487943819", "shapeGroup": "IND", "shapeType": "ADM2"}, "geometry": {"type": "Polygon", "coordinates": [[[80.0278, 26.9538], [80.00886, 26.95237], [80.00455, 26.95834], [80.00033, 26.9607], [79.99591, 26.95852], [79.98673, 26.94921], [79.98071, 26.94681], [79.98062, 26.94426], [79.99499, 26.93526], [79.9945, 26.93374], [79.98866, 26.93114], [79.98598, 26.92731], [79.98349, 26.92698], [79.98038, 26.92995], [79.97769, 26.9398], [79.97485, 26.94212], [79.96873, 26.94156], [79.96345, 26.95037], [79.96128, 26.95038], [79.95534, 26.94626], [79.94503, 26.94381], [79.94611, 26.92897], [79.94125, 26.92299], [79.94712, 26.92016], [79.95171, 26.92133], [79.95302, 26.91777], [79.94581, 26.8969], [79.95376, 26.89006], [79.95004, 26.8859], [79.94996, 26.88242], [79.94339, 26.87691], [79.94374, 26.87451], [79.96595, 26.85978], [79.95685, 26.85177], [79.95298, 26.85035], [79.94952, 26.84554], [79.94672, 26.84504], [79.93866, 26.8465], [79.92938, 26.85368], [79.92382, 26.84949], [79.91632, 26.84698], [79.90719, 26.84704], [79.89777, 26.84974], [79.89405, 26.84199], [79.89421, 26.82914], [79.89695, 26.82336], [79.90176, 26.82125], [79.90554, 26.81651], [79.91026, 26.81586], [79.91703, 26.81257], [79.91902, 26.80895], [79.92424, 26.80813], [79.92895, 26.79996], [79.94256, 26.79622], [79.94999, 26.78043], [79.94254, 26.77149], [79.9407, 26.76376], [79.94386, 26.7599], [79.95274, 26.75631], [79.95733, 26.75122], [79.96281, 26.74788], [79.96681, 26.73161], [79.96965, 26.72718], [79.97738, 26.72636], [79.98183, 26.718], [79.97848, 26.71173], [79.97977, 26.709], [79.99179, 26.70422], [79.99911, 26.70459], [80.00151, 26.70302], [80.00159, 26.69011], [80.00408, 26.68274], [79.99864, 26.67155], [79.99488, 26.66919], [79.98384, 26.66894], [79.98218, 26.66722], [79.98524, 26.6642], [80.00108, 26.65651], [80.01483, 26.64488], [80.01837, 26.63712], [80.02354, 26.6141], [80.0275, 26.60674], [80.03144, 26.60559], [80.03714, 26.60704], [80.04609, 26.60663], [80.06249, 26.60208], [80.06518, 26.6002], [80.06696, 26.59032], [80.07423, 26.58374], [80.08904, 26.58438], [80.09328, 26.58938], [80.09705, 26.58951], [80.09903, 26.58762], [80.10007, 26.57588], [80.10177, 26.57386], [80.10863, 26.57035], [80.11886, 26.56989], [80.12583, 26.56141], [80.13335, 26.55987], [80.13974, 26.55434], [80.13985, 26.55182], [80.13646, 26.54635], [80.1429, 26.53545], [80.14511, 26.5349], [80.15796, 26.54264], [80.16309, 26.54268], [80.16508, 26.53661], [80.15816, 26.53382], [80.15413, 26.52025], [80.15605, 26.51958], [80.16604, 26.52234], [80.18034, 26.51876], [80.18277, 26.51601], [80.17287, 26.50942], [80.17454, 26.50708], [80.18224, 26.50315], [80.18358, 26.49609], [80.16123, 26.48101], [80.15818, 26.48114], [80.15317, 26.48396], [80.15115, 26.48345], [80.15443, 26.48037], [80.1525, 26.47638], [80.15303, 26.47279], [80.1624, 26.46274], [80.16188, 26.45993], [80.15642, 26.45823], [80.14335, 26.46633], [80.14074, 26.46644], [80.13949, 26.46451], [80.14272, 26.45723], [80.13236, 26.45674], [80.13142, 26.45482], [80.13624, 26.44327], [80.14158, 26.439], [80.14182, 26.41842], [80.14289, 26.41278], [80.14558, 26.40906], [80.14442, 26.39649], [80.15222, 26.39708], [80.15581, 26.39487], [80.15396, 26.39274], [80.15499, 26.38818], [80.15361, 26.38648], [80.14445, 26.38375], [80.14493, 26.38066], [80.15013, 26.37691], [80.15106, 26.37448], [80.15801, 26.37092], [80.15774, 26.36962], [80.15078, 26.3662], [80.14979, 26.36436], [80.15084, 26.36297], [80.1468, 26.35962], [80.14586, 26.35559], [80.15505, 26.35625], [80.15193, 26.35151], [80.15953, 26.34562], [80.15637, 26.34242], [80.15671, 26.33973], [80.16124, 26.33961], [80.1708, 26.34454], [80.17364, 26.34114], [80.18723, 26.34129], [80.1915, 26.33922], [80.18994, 26.33652], [80.18013, 26.33696], [80.18047, 26.3344], [80.18621, 26.33122], [80.18699, 26.32842], [80.17956, 26.32729], [80.17856, 26.32623], [80.18112, 26.32116], [80.17329, 26.31834], [80.17395, 26.31347], [80.17644, 26.31316], [80.17989, 26.3161], [80.18266, 26.31606], [80.184, 26.31456], [80.18259, 26.31182], [80.17031, 26.30486], [80.17029, 26.29765], [80.16302, 26.29625], [80.16243, 26.29175], [80.14447, 26.30255], [80.13698, 26.30248], [80.13587, 26.28825], [80.14485, 26.27552], [80.1455, 26.27221], [80.13559, 26.2584], [80.12613, 26.25262], [80.11998, 26.25322], [80.11894, 26.2583], [80.11263, 26.26118], [80.11124, 26.26592], [80.10261, 26.27236], [80.09465, 26.27414], [80.08712, 26.27311], [80.07367, 26.26438], [80.06527, 26.26142], [80.06069, 26.26206], [80.05189, 26.2678], [80.04777, 26.26809], [80.04015, 26.26336], [80.03508, 26.25588], [80.02292, 26.25635], [80.01597, 26.25443], [80.01361, 26.25226], [80.00503, 26.2346], [80.01333, 26.22667], [80.0083, 26.21332], [80.01179, 26.20417], [80.00977, 26.19168], [80.0076, 26.18795], [80.01826, 26.18197], [80.02645, 26.17169], [80.02612, 26.17039], [80.01707, 26.1636], [80.01123, 26.16486], [80.0073, 26.16286], [80.00039, 26.16283], [79.98062, 26.15117], [79.96866, 26.15219], [79.97173, 26.13385], [79.95748, 26.0828], [79.95975, 26.07633], [79.9698, 26.07086], [79.99346, 26.06699], [80.00034, 26.06888], [80.01306, 26.06766], [80.02786, 26.06979], [80.07591, 26.07996], [80.08854, 26.07966], [80.09559, 26.07802], [80.10379, 26.07077], [80.10835, 26.06402], [80.1136, 26.05475], [80.11465, 26.04608], [80.11238, 26.03405], [80.10877, 26.02469], [80.09703, 26.0125], [80.0863, 26.00841], [80.08397, 26.00528], [80.08519, 25.99872], [80.09721, 25.99172], [80.11675, 25.9875], [80.12962, 25.98085], [80.1365, 25.97569], [80.14198, 25.96727], [80.14932, 25.96237], [80.1676, 25.95471], [80.19564, 25.94817], [80.20804, 25.92407], [80.21457, 25.9175], [80.2371, 25.92261], [80.22768, 25.95774], [80.22522, 25.96067], [80.21769, 25.96288], [80.21585, 25.96787], [80.21754, 25.97185], [80.2235, 25.97512], [80.22936, 25.97615], [80.24833, 25.99043], [80.25052, 26.00755], [80.25652, 26.01866], [80.26068, 26.02118], [80.25444, 26.02554], [80.26051, 26.03164], [80.25682, 26.035], [80.25765, 26.03833], [80.26156, 26.04027], [80.25626, 26.04533], [80.26344, 26.04851], [80.26595, 26.05486], [80.26869, 26.05535], [80.27152, 26.06073], [80.28334, 26.05649], [80.29149, 26.06634], [80.30265, 26.06065], [80.31365, 26.07278], [80.31439, 26.08359], [80.32191, 26.09084], [80.32062, 26.10341], [80.32468, 26.11362], [80.33305, 26.11548], [80.34233, 26.12471], [80.35559, 26.12559], [80.36422, 26.1374], [80.37257, 26.14087], [80.38601, 26.14278], [80.38966, 26.14466], [80.4084, 26.16115], [80.4131, 26.16154], [80.4314, 26.15392], [80.43368, 26.1552], [80.4323, 26.16489], [80.44566, 26.16927], [80.45042, 26.18024], [80.47372, 26.18195], [80.4813, 26.17731], [80.48345, 26.18371], [80.49275, 26.19201], [80.49882, 26.19419], [80.51019, 26.18832], [80.51553, 26.18728], [80.52137, 26.18819], [80.52489, 26.19139], [80.52087, 26.19307], [80.52398, 26.19878], [80.53917, 26.19743], [80.54471, 26.20201], [80.54119, 26.20485], [80.54236, 26.21465], [80.54609, 26.22063], [80.56731, 26.2268], [80.56093, 26.2342], [80.56304, 26.25634], [80.555, 26.28854], [80.53823, 26.32069], [80.53691, 26.32617], [80.53919, 26.33728], [80.53358, 26.35766], [80.49697, 26.37829], [80.4398, 26.41596], [80.42271, 26.42404], [80.40435, 26.44166], [80.40563, 26.45672], [80.40006, 26.46381], [80.36762, 26.47411], [80.34817, 26.48583], [80.32788, 26.50899], [80.3101, 26.52569], [80.29675, 26.54777], [80.29537, 26.55999], [80.29649, 26.57178], [80.30526, 26.58866], [80.30353, 26.59371], [80.30427, 26.6058], [80.27238, 26.65007], [80.26806, 26.65943], [80.24592, 26.68211], [80.23974, 26.68577], [80.23353, 26.68737], [80.20435, 26.68308], [80.18682, 26.68685], [80.16833, 26.70714], [80.15726, 26.72216], [80.14159, 26.73249], [80.13342, 26.74285], [80.12029, 26.77547], [80.12237, 26.78415], [80.12196, 26.79581], [80.10944, 26.82251], [80.10531, 26.83781], [80.10558, 26.8535], [80.10837, 26.86398], [80.10717, 26.87171], [80.09103, 26.88585], [80.09192, 26.89036], [80.09461, 26.89142], [80.09503, 26.89462], [80.08501, 26.90093], [80.06791, 26.91899], [80.05197, 26.91914], [80.03903, 26.92879], [80.02808, 26.93963], [80.02402, 26.94787], [80.0278, 26.9538]]]}}, {"type": "Feature", "properties": {"shapeName": "Varanasi", "shapeISO": "", "shapeID": "76128533B7622369120497", "shapeGroup": "IND", "shapeType": "ADM2"}, "geometry": {"type": "Polygon", "coordinates": [[[82.67204, 25.24843], [82.67723, 25.25074], [82.68235, 25.26083], [82.68443, 25.26232], [82.69049, 25.26364], [82.71073, 25.26286], [82.71401, 25.26165], [82.71506, 25.25314], [82.73689, 25.25431], [82.74027, 25.24562], [82.74543, 25.24195], [82.7528, 25.24084], [82.75767, 25.24388], [82.76239, 25.26801], [82.77312, 25.2666], [82.77703, 25.26855], [82.7783, 25.27171], [82.77994, 25.27153], [82.78188, 25.26842], [82.78143, 25.26549], [82.77336, 25.26258], [82.77133, 25.26039], [82.77981, 25.24889], [82.77608, 25.24016], [82.77657, 25.23591], [82.78064, 25.23062], [82.78512, 25.22929], [82.78912, 25.22961], [82.79149, 25.23146], [82.78603, 25.23968], [82.78592, 25.24865], [82.80436, 25.25602], [82.81704, 25.25743], [82.82, 25.2565], [82.82195, 25.25282], [82.81613, 25.24611], [82.81278, 25.24463], [82.81201, 25.24129], [82.81275, 25.23497], [82.81659, 25.23295], [82.81664, 25.22945], [82.8143, 25.22692], [82.80508, 25.22321], [82.80892, 25.21969], [82.81179, 25.21187], [82.81583, 25.21032], [82.8167, 25.20657], [82.79244, 25.21008], [82.7865, 25.20819], [82.78429, 25.20498], [82.78731, 25.20268], [82.79123, 25.19321], [82.80268, 25.1901], [82.80116, 25.18545], [82.79369, 25.17931], [82.80376, 25.17252], [82.80584, 25.17321], [82.80774, 25.17711], [82.80992, 25.18854], [82.82561, 25.18542], [82.82647, 25.17921], [82.83176, 25.178], [82.83304, 25.18066], [82.84009, 25.18301], [82.86251, 25.17525], [82.8689, 25.18547], [82.87591, 25.18988], [82.87448, 25.19195], [82.87007, 25.19299], [82.87154, 25.19977], [82.87684, 25.20195], [82.88351, 25.19976], [82.88827, 25.20694], [82.89167, 25.20905], [82.89653, 25.20853], [82.90179, 25.21582], [82.9043, 25.21232], [82.9188, 25.21328], [82.93599, 25.20801], [82.95222, 25.20908], [82.97472, 25.20623], [82.98811, 25.20278], [83.00216, 25.20293], [83.01269, 25.2094], [83.02116, 25.21886], [83.0256, 25.22562], [83.03204, 25.24184], [83.03409, 25.2417], [83.04279, 25.24627], [83.04899, 25.24744], [83.06138, 25.24461], [83.071, 25.24507], [83.06935, 25.24805], [83.05734, 25.25531], [83.05394, 25.25958], [83.05171, 25.268], [83.04628, 25.26977], [83.05006, 25.27973], [83.04901, 25.28224], [83.03153, 25.28792], [83.02242, 25.29242], [83.01372, 25.29287], [83.01249, 25.29667], [83.01721, 25.30339], [83.02978, 25.31272], [83.04054, 25.31775], [83.06876, 25.32475], [83.07399, 25.32723], [83.09006, 25.33031], [83.11195, 25.32628], [83.13869, 25.31714], [83.14558, 25.31833], [83.16172, 25.33118], [83.17612, 25.35324], [83.18, 25.36642], [83.18733, 25.37998], [83.19368, 25.39882], [83.19476, 25.40552], [83.19084, 25.41922], [83.18626, 25.42245], [83.17229, 25.42752], [83.15882, 25.43608], [83.13916, 25.44053], [83.13073, 25.4442], [83.13066, 25.44963], [83.13568, 25.45965], [83.14372, 25.46943], [83.1705, 25.48803], [83.17574, 25.49686], [83.17674, 25.50422], [83.17963, 25.51051], [83.17395, 25.52368], [83.16385, 25.52163], [83.15886, 25.51751], [83.15925, 25.50296], [83.15698, 25.50294], [83.15207, 25.50616], [83.13183, 25.50772], [83.11826, 25.52119], [83.11227, 25.52442], [83.10233, 25.52496], [83.09947, 25.52356], [83.09854, 25.5203], [83.10343, 25.51156], [83.11379, 25.50557], [83.11531, 25.50313], [83.11491, 25.49746], [83.11228, 25.49433], [83.10955, 25.49362], [83.10307, 25.50146], [83.09757, 25.50348], [83.09346, 25.49423], [83.09108, 25.4919], [83.08907, 25.49187], [83.07633, 25.51328], [83.0643, 25.52865], [83.06528, 25.5318], [83.07599, 25.53551], [83.07767, 25.53819], [83.07578, 25.54563], [83.07227, 25.5509], [83.06756, 25.55566], [83.06341, 25.55629], [83.05941, 25.55399], [83.05283, 25.54465], [83.04793, 25.54087], [83.04413, 25.53988], [83.04122, 25.54278], [83.02931, 25.57078], [83.02598, 25.57491], [83.02172, 25.57559], [83.00792, 25.55945], [83.00556, 25.55367], [83.00986, 25.55402], [83.01195, 25.5517], [83.01147, 25.54855], [83.00589, 25.54667], [82.99586, 25.55254], [82.98254, 25.55397], [82.965, 25.52702], [82.96221, 25.52509], [82.95436, 25.52493], [82.94641, 25.52799], [82.94495, 25.53042], [82.94473, 25.5371], [82.94672, 25.54317], [82.93655, 25.56464], [82.92987, 25.57022], [82.92595, 25.57089], [82.92032, 25.56898], [82.89687, 25.56977], [82.87977, 25.56588], [82.87713, 25.56738], [82.87103, 25.57814], [82.8668, 25.58016], [82.85969, 25.57273], [82.8548, 25.5637], [82.85044, 25.5637], [82.83901, 25.56789], [82.83839, 25.55432], [82.83707, 25.55294], [82.82695, 25.55127], [82.80988, 25.55363], [82.80583, 25.55082], [82.80261, 25.55288], [82.79869, 25.55197], [82.79355, 25.54237], [82.78571, 25.54357], [82.78341, 25.5334], [82.77967, 25.52908], [82.77354, 25.52938], [82.76893, 25.5315], [82.76093, 25.54139], [82.75145, 25.54225], [82.74252, 25.54639], [82.73449, 25.54566], [82.72614, 25.54124], [82.72183, 25.53654], [82.71397, 25.53167], [82.72476, 25.52153], [82.72581, 25.50884], [82.72396, 25.50228], [82.71599, 25.50064], [82.71065, 25.48272], [82.7285, 25.47263], [82.73633, 25.47101], [82.73637, 25.46228], [82.71381, 25.45995], [82.70537, 25.45718], [82.70591, 25.45399], [82.70267, 25.44733], [82.70861, 25.4472], [82.71674, 25.44231], [82.71977, 25.43874], [82.7204, 25.43494], [82.71836, 25.43322], [82.69594, 25.43217], [82.68855, 25.43011], [82.68494, 25.41866], [82.68454, 25.4119], [82.69372, 25.3947], [82.71092, 25.38766], [82.70992, 25.37857], [82.70608, 25.37412], [82.70614, 25.36252], [82.7055, 25.36115], [82.69976, 25.36761], [82.69226, 25.36258], [82.69055, 25.35856], [82.68535, 25.35681], [82.68273, 25.3529], [82.6868, 25.34417], [82.68859, 25.33263], [82.70073, 25.32736], [82.70393, 25.32058], [82.70022, 25.31246], [82.69481, 25.31071], [82.69365, 25.30861], [82.69042, 25.29431], [82.69113, 25.28509], [82.68932, 25.28079], [82.68562, 25.2793], [82.67536, 25.28131], [82.67132, 25.25726], [82.67204, 25.24843]]]}}, {"type": "Feature", "properties": {"shapeName": "Kanpur Dehat", "shapeISO": "", "shapeID": "76128533B80299348876357", "shapeGroup": "IND", "shapeType": "ADM2"}, "geometry": {"type": "Polygon", "coordinates": [[[79.75952, 26.7834], [79.75803, 26.77976], [79.74787, 26.76795], [79.74377, 26.76463], [79.73362, 26.76525], [79.72771, 26.75451], [79.72176, 26.75106], [79.69463, 26.74464], [79.67705, 26.74294], [79.67672, 26.73943], [79.67901, 26.73579], [79.69263, 26.72896], [79.6954, 26.72664], [79.69852, 26.71808], [79.70415, 26.71706], [79.70659, 26.71204], [79.71421, 26.70892], [79.71707, 26.70517], [79.7223, 26.69175], [79.71642, 26.67517], [79.72357, 26.66562], [79.72165, 26.66118], [79.71746, 26.65509], [79.71244, 26.65114], [79.71196, 26.64867], [79.70512, 26.64549], [79.68447, 26.62843], [79.67493, 26.61454], [79.67074, 26.61363], [79.66238, 26.61542], [79.65395, 26.60396], [79.6493, 26.60751], [79.64561, 26.60769], [79.64277, 26.60628], [79.63839, 26.60032], [79.63658, 26.59488], [79.63648, 26.57936], [79.6394, 26.57555], [79.64512, 26.57235], [79.64977, 26.57178], [79.65018, 26.57047], [79.64476, 26.56237], [79.64049, 26.55044], [79.63129, 26.54436], [79.63868, 26.53935], [79.64065, 26.53518], [79.6415, 26.52114], [79.63862, 26.51411], [79.64095, 26.51128], [79.63978, 26.5081], [79.62951, 26.51032], [79.62506, 26.51365], [79.61845, 26.50774], [79.61359, 26.5022], [79.62393, 26.49242], [79.61928, 26.48822], [79.59949, 26.48051], [79.59781, 26.47739], [79.6026, 26.46771], [79.59993, 26.46365], [79.59305, 26.46414], [79.58026, 26.4483], [79.57305, 26.44924], [79.57094, 26.44629], [79.57853, 26.43292], [79.56305, 26.40959], [79.5588, 26.40546], [79.54783, 26.40336], [79.53529, 26.38851], [79.51318, 26.36745], [79.50979, 26.36487], [79.50408, 26.36388], [79.50581, 26.35902], [79.51406, 26.34841], [79.52668, 26.34268], [79.54177, 26.34874], [79.55501, 26.35964], [79.56051, 26.36184], [79.57082, 26.36106], [79.57536, 26.35492], [79.57474, 26.3494], [79.56981, 26.33901], [79.53289, 26.31924], [79.52934, 26.31449], [79.52816, 26.30489], [79.53055, 26.29798], [79.54248, 26.28132], [79.5495, 26.27533], [79.57946, 26.26298], [79.58131, 26.25772], [79.58388, 26.25644], [79.6021, 26.25145], [79.62766, 26.24867], [79.65258, 26.24243], [79.65575, 26.23781], [79.65612, 26.23357], [79.6489, 26.22303], [79.65992, 26.21681], [79.661, 26.21318], [79.65786, 26.20932], [79.65895, 26.20834], [79.68535, 26.19862], [79.70006, 26.19465], [79.71412, 26.19269], [79.7306, 26.18432], [79.74324, 26.18307], [79.76107, 26.18384], [79.76622, 26.18314], [79.76838, 26.18129], [79.7701, 26.17605], [79.76939, 26.1671], [79.75934, 26.15477], [79.74601, 26.14453], [79.74442, 26.14016], [79.74531, 26.13477], [79.77264, 26.12574], [79.78724, 26.10855], [79.79042, 26.10698], [79.81241, 26.10224], [79.83937, 26.10114], [79.84878, 26.10405], [79.86003, 26.1127], [79.86842, 26.11461], [79.88745, 26.09989], [79.89933, 26.0929], [79.91473, 26.08932], [79.92191, 26.09093], [79.92514, 26.0917], [79.92708, 26.09457], [79.93504, 26.11682], [79.93954, 26.12492], [79.93812, 26.14838], [79.94026, 26.15797], [79.94315, 26.16012], [79.95331, 26.16224], [79.96183, 26.16094], [79.96568, 26.1578], [79.96866, 26.15219], [79.98062, 26.15117], [80.00039, 26.16283], [80.0073, 26.16286], [80.01123, 26.16486], [80.01707, 26.1636], [80.02612, 26.17039], [80.02645, 26.17169], [80.01826, 26.18197], [80.0076, 26.18795], [80.00977, 26.19168], [80.01179, 26.20417], [80.0083, 26.21332], [80.01333, 26.22667], [80.00503, 26.2346], [80.01361, 26.25226], [80.01597, 26.25443], [80.02292, 26.25635], [80.03508, 26.25588], [80.04015, 26.26336], [80.04777, 26.26809], [80.05189, 26.2678], [80.06069, 26.26206], [80.06527, 26.26142], [80.07367, 26.26438], [80.08712, 26.27311], [80.09465, 26.27414], [80.10261, 26.27236], [80.11124, 26.26592], [80.11263, 26.26118], [80.11894, 26.2583], [80.11998, 26.25322], [80.12613, 26.25262], [80.13559, 26.2584], [80.1455, 26.27221], [80.14485, 26.27552], [80.13587, 26.28825], [80.13698, 26.30248], [80.14447, 26.30255], [80.16243, 26.29175], [80.16302, 26.29625], [80.17029, 26.29765], [80.17031, 26.30486], [80.18259, 26.31182], [80.184, 26.31456], [80.18266, 26.31606], [80.17989, 26.3161], [80.17644, 26.31316], [80.17395, 26.31347], [80.17329, 26.31834], [80.18112, 26.32116], [80.17856, 26.32623], [80.17956, 26.32729], [80.18699, 26.32842], [80.18621, 26.33122], [80.18047, 26.3344], [80.18013, 26.33696], [80.18994, 26.33652], [80.1915, 26.33922], [80.18723, 26.34129], [80.17364, 26.34114], [80.1708, 26.34454], [80.16124, 26.33961], [80.15671, 26.33973], [80.15637, 26.34242], [80.15953, 26.34562], [80.15193, 26.35151], [80.15505, 26.35625], [80.14586, 26.35559], [80.1468, 26.35962], [80.15084, 26.36297], [80.14979, 26.36436], [80.15078, 26.3662], [80.15774, 26.36962], [80.15801, 26.37092], [80.15106, 26.37448], [80.15013, 26.37691], [80.14493, 26.38066], [80.14445, 26.38375], [80.15361, 26.38648], [80.15499, 26.38818], [80.15396, 26.39274], [80.15581, 26.39487], [80.15222, 26.39708], [80.14442, 26.39649], [80.14558, 26.40906], [80.14289, 26.41278], [80.14182, 26.41842], [80.14158, 26.439], [80.13624, 26.44327], [80.13142, 26.45482], [80.13236, 26.45674], [80.14272, 26.45723], [80.13949, 26.46451], [80.14074, 26.46644], [80.14335, 26.46633], [80.15642, 26.45823], [80.16188, 26.45993], [80.1624, 26.46274], [80.15303, 26.47279], [80.1525, 26.47638], [80.15443, 26.48037], [80.15115, 26.48345], [80.15317, 26.48396], [80.15818, 26.48114], [80.16123, 26.48101], [80.18358, 26.49609], [80.18224, 26.50315], [80.17454, 26.50708], [80.17287, 26.50942], [80.18277, 26.51601], [80.18034, 26.51876], [80.16604, 26.52234], [80.15605, 26.51958], [80.15413, 26.52025], [80.15816, 26.53382], [80.16508, 26.53661], [80.16309, 26.54268], [80.15796, 26.54264], [80.14511, 26.5349], [80.1429, 26.53545], [80.13646, 26.54635], [80.13985, 26.55182], [80.13974, 26.55434], [80.13335, 26.55987], [80.12583, 26.56141], [80.11886, 26.56989], [80.10863, 26.57035], [80.10177, 26.57386], [80.10007, 26.57588], [80.09903, 26.58762], [80.09705, 26.58951], [80.09328, 26.58938], [80.08904, 26.58438], [80.07423, 26.58374], [80.06696, 26.59032], [80.06518, 26.6002], [80.06249, 26.60208], [80.04609, 26.60663], [80.03714, 26.60704], [80.03144, 26.60559], [80.0275, 26.60674], [80.02354, 26.6141], [80.01837, 26.63712], [80.01483, 26.64488], [80.00108, 26.65651], [79.98524, 26.6642], [79.98218, 26.66722], [79.98384, 26.66894], [79.99488, 26.66919], [79.99864, 26.67155], [80.00408, 26.68274], [80.00159, 26.69011], [80.00151, 26.70302], [79.99911, 26.70459], [79.99179, 26.70422], [79.97977, 26.709], [79.97848, 26.71173], [79.98183, 26.718], [79.97738, 26.72636], [79.96965, 26.72718], [79.96681, 26.73161], [79.96281, 26.74788], [79.95733, 26.75122], [79.95274, 26.75631], [79.94386, 26.7599], [79.9407, 26.76376], [79.94254, 26.77149], [79.94999, 26.78043], [79.94256, 26.79622], [79.92895, 26.79996], [79.92424, 26.80813], [79.91902, 26.80895], [79.91703, 26.81257], [79.91026, 26.81586], [79.90554, 26.81651], [79.90176, 26.82125], [79.89695, 26.82336], [79.89939, 26.81818], [79.89836, 26.81432], [79.88992, 26.81066], [79.88545, 26.81519], [79.8688, 26.82503], [79.86462, 26.82721], [79.86061, 26.82693], [79.85235, 26.80444], [79.85718, 26.80203], [79.86855, 26.8008], [79.8677, 26.79654], [79.84713, 26.77475], [79.84207, 26.77176], [79.82875, 26.77176], [79.81959, 26.77515], [79.81494, 26.78354], [79.80936, 26.78547], [79.79996, 26.78278], [79.79177, 26.77546], [79.7798, 26.76959], [79.77723, 26.77036], [79.77413, 26.77772], [79.77117, 26.77981], [79.75952, 26.7834]]]}}, {"type": "Feature", "properties": {"shapeName": "Allahabad", "shapeISO": "", "shapeID": "76128533B51368558457506", "shapeGroup": "IND", "shapeType": "ADM2"}, "geometry": {"type": "Polygon", "coordinates": [[[82.10832, 24.80754], [82.10178, 24.81926], [82.09319, 24.82753], [82.08434, 24.83293], [82.09857, 24.83605], [82.09867, 24.84077], [82.12016, 24.8472], [82.11672, 24.85438], [82.10746, 24.85137], [82.1019, 24.85343], [82.10371, 24.85907], [82.10262, 24.86142], [82.1035, 24.86499], [82.11226, 24.86433], [82.11197, 24.87571], [82.11874, 24.87216], [82.12368, 24.867], [82.13401, 24.87514], [82.13525, 24.88038], [82.1384, 24.88395], [82.13507, 24.89591], [82.13555, 24.9023], [82.14464, 24.9052], [82.15035, 24.89694], [82.1582, 24.89322], [82.16055, 24.89], [82.16907, 24.89077], [82.1818, 24.90283], [82.18133, 24.90812], [82.18871, 24.91447], [82.19326, 24.91339], [82.19926, 24.91593], [82.20395, 24.93054], [82.21131, 24.93859], [82.22585, 24.93343], [82.23038, 24.93589], [82.232, 24.94065], [82.23127, 24.94856], [82.24186, 24.96369], [82.26462, 24.96682], [82.26819, 24.96958], [82.27097, 24.97696], [82.28932, 25.00093], [82.29036, 25.00619], [82.30679, 25.02195], [82.30787, 25.02782], [82.30619, 25.03675], [82.29719, 25.04981], [82.29682, 25.05242], [82.29814, 25.05404], [82.30444, 25.05481], [82.30752, 25.05925], [82.31533, 25.06157], [82.32748, 25.07592], [82.32811, 25.08109], [82.32571, 25.08707], [82.30446, 25.10963], [82.30576, 25.12325], [82.30487, 25.12813], [82.29681, 25.13496], [82.29755, 25.14289], [82.30207, 25.15122], [82.30181, 25.15668], [82.30086, 25.15725], [82.29558, 25.15111], [82.29249, 25.15011], [82.28436, 25.15816], [82.27075, 25.16182], [82.26904, 25.18235], [82.2357, 25.18079], [82.21616, 25.18387], [82.21124, 25.18604], [82.20493, 25.19062], [82.19931, 25.19871], [82.19619, 25.20802], [82.19549, 25.22122], [82.19954, 25.23296], [82.21469, 25.25408], [82.22166, 25.27358], [82.21999, 25.27624], [82.25263, 25.27409], [82.26407, 25.29267], [82.27259, 25.29418], [82.28349, 25.29948], [82.29044, 25.30006], [82.30222, 25.30842], [82.30379, 25.31284], [82.30202, 25.32094], [82.30428, 25.32657], [82.30573, 25.3283], [82.31235, 25.32882], [82.31663, 25.334], [82.31934, 25.34056], [82.3161, 25.35721], [82.30846, 25.36836], [82.31722, 25.37641], [82.31999, 25.38279], [82.31701, 25.38618], [82.3126, 25.38644], [82.31493, 25.39193], [82.31782, 25.3975], [82.32723, 25.39303], [82.3307, 25.40205], [82.34162, 25.40109], [82.34819, 25.40874], [82.35335, 25.41897], [82.33704, 25.44912], [82.3261, 25.44952], [82.32326, 25.45635], [82.31068, 25.46134], [82.31293, 25.4761], [82.31236, 25.48093], [82.30996, 25.48403], [82.30408, 25.48477], [82.28986, 25.4824], [82.28398, 25.48773], [82.2847, 25.49424], [82.28826, 25.49998], [82.29332, 25.5001], [82.30546, 25.49552], [82.31108, 25.49656], [82.31733, 25.50162], [82.31328, 25.50765], [82.30006, 25.51183], [82.29601, 25.51447], [82.29828, 25.51941], [82.30264, 25.52143], [82.31642, 25.5226], [82.32592, 25.50295], [82.32922, 25.49853], [82.33149, 25.49847], [82.33622, 25.5048], [82.33949, 25.51256], [82.32854, 25.52617], [82.32722, 25.53209], [82.33044, 25.53623], [82.33132, 25.53703], [82.32606, 25.54347], [82.31285, 25.54908], [82.30495, 25.54959], [82.29345, 25.54429], [82.28966, 25.54411], [82.28604, 25.55249], [82.27206, 25.55799], [82.26612, 25.56384], [82.26295, 25.56499], [82.2529, 25.56422], [82.24708, 25.56616], [82.24555, 25.56737], [82.25237, 25.57968], [82.24288, 25.58329], [82.22876, 25.58803], [82.21643, 25.58886], [82.20754, 25.57661], [82.20286, 25.5747], [82.20101, 25.58487], [82.18268, 25.5815], [82.17539, 25.58649], [82.17021, 25.59936], [82.15443, 25.60103], [82.15011, 25.60866], [82.1396, 25.62083], [82.13508, 25.62984], [82.12669, 25.63665], [82.12105, 25.64359], [82.12413, 25.6471], [82.1316, 25.64735], [82.13747, 25.65133], [82.14424, 25.65169], [82.14347, 25.6541], [82.13871, 25.65771], [82.14174, 25.66576], [82.14312, 25.66806], [82.1521, 25.67067], [82.15613, 25.6793], [82.1562, 25.68256], [82.14411, 25.68455], [82.13771, 25.68229], [82.12431, 25.68123], [82.12198, 25.67478], [82.12461, 25.66352], [82.11072, 25.65424], [82.10076, 25.65967], [82.09228, 25.66102], [82.08729, 25.65958], [82.08546, 25.65612], [82.0616, 25.65939], [82.06109, 25.66306], [82.06655, 25.67411], [82.06742, 25.67917], [82.06102, 25.68358], [82.03739, 25.69122], [82.02814, 25.69625], [82.023, 25.69739], [82.01332, 25.69667], [82.01123, 25.69827], [82.01374, 25.70375], [82.02657, 25.70878], [82.04007, 25.72348], [82.03764, 25.72836], [82.0297, 25.7366], [82.02123, 25.74325], [82.01349, 25.74571], [81.99764, 25.74485], [81.98901, 25.74772], [81.98546, 25.74109], [81.98562, 25.7387], [81.98194, 25.73578], [81.97767, 25.73525], [81.97281, 25.73635], [81.96647, 25.74017], [81.95743, 25.73872], [81.94605, 25.74018], [81.93197, 25.75157], [81.9244, 25.73533], [81.92508, 25.72725], [81.92291, 25.72327], [81.91726, 25.7195], [81.91738, 25.71459], [81.90792, 25.71226], [81.90229, 25.71365], [81.89474, 25.71859], [81.89007, 25.71104], [81.88156, 25.71672], [81.88147, 25.72068], [81.87855, 25.72215], [81.87078, 25.72295], [81.86529, 25.7158], [81.86167, 25.71789], [81.86119, 25.72254], [81.85587, 25.72468], [81.8468, 25.73132], [81.84337, 25.72562], [81.83314, 25.72726], [81.82526, 25.72548], [81.82464, 25.73116], [81.82764, 25.74197], [81.80606, 25.74892], [81.79337, 25.74894], [81.77781, 25.74462], [81.75487, 25.7337], [81.75299, 25.72594], [81.75768, 25.71657], [81.74535, 25.69826], [81.7574, 25.69211], [81.75613, 25.67919], [81.75099, 25.6687], [81.72747, 25.67453], [81.72419, 25.67438], [81.71918, 25.67073], [81.71152, 25.67342], [81.7034, 25.67162], [81.69732, 25.66721], [81.69674, 25.66227], [81.69921, 25.66063], [81.7177, 25.65913], [81.72281, 25.66008], [81.72163, 25.6514], [81.72371, 25.64414], [81.73518, 25.63809], [81.73387, 25.6309], [81.7273, 25.62505], [81.722, 25.62495], [81.70388, 25.63375], [81.69834, 25.63342], [81.69003, 25.63059], [81.68524, 25.63118], [81.6821, 25.63006], [81.66387, 25.61339], [81.65982, 25.61213], [81.6568, 25.61353], [81.6558, 25.61726], [81.65141, 25.61714], [81.64559, 25.62262], [81.63614, 25.63459], [81.63566, 25.63923], [81.64483, 25.64202], [81.64607, 25.64478], [81.6379, 25.6536], [81.64315, 25.65951], [81.64299, 25.66215], [81.63837, 25.66394], [81.62168, 25.66438], [81.60919, 25.66746], [81.60829, 25.66251], [81.60405, 25.65829], [81.60308, 25.65512], [81.60541, 25.65326], [81.6044, 25.64876], [81.6105, 25.64457], [81.61077, 25.64945], [81.61705, 25.64643], [81.61742, 25.64137], [81.61561, 25.63532], [81.62165, 25.62586], [81.61962, 25.62319], [81.60863, 25.61678], [81.60742, 25.61298], [81.61352, 25.60879], [81.61448, 25.59303], [81.62444, 25.59271], [81.64902, 25.57874], [81.65276, 25.56987], [81.65194, 25.55294], [81.65372, 25.53433], [81.66767, 25.51327], [81.67853, 25.50851], [81.6755, 25.505], [81.67346, 25.49877], [81.6732, 25.48226], [81.67013, 25.47956], [81.66497, 25.47849], [81.66268, 25.47559], [81.66406, 25.47227], [81.66753, 25.46993], [81.66827, 25.46566], [81.66387, 25.46219], [81.65969, 25.46247], [81.65452, 25.46049], [81.65223, 25.45763], [81.65399, 25.45616], [81.66163, 25.45754], [81.66294, 25.45578], [81.66089, 25.44643], [81.65305, 25.43794], [81.65914, 25.43516], [81.65523, 25.42118], [81.65682, 25.41974], [81.65656, 25.41698], [81.65758, 25.41524], [81.66793, 25.41509], [81.6698, 25.41395], [81.66597, 25.40526], [81.66139, 25.40076], [81.66355, 25.3946], [81.66097, 25.38448], [81.66139, 25.38001], [81.67468, 25.37177], [81.67843, 25.3762], [81.68877, 25.37609], [81.69179, 25.38123], [81.67901, 25.38137], [81.68502, 25.38552], [81.70088, 25.38769], [81.70304, 25.39462], [81.71184, 25.39181], [81.72628, 25.39024], [81.71393, 25.37567], [81.70317, 25.37486], [81.69694, 25.37182], [81.6948, 25.3551], [81.65616, 25.35405], [81.63636, 25.3508], [81.62415, 25.34615], [81.61464, 25.33953], [81.59874, 25.32312], [81.57455, 25.30849], [81.5523, 25.29304], [81.55022, 25.29024], [81.54954, 25.28672], [81.55436, 25.27121], [81.55619, 25.2579], [81.56456, 25.23896], [81.55687, 25.23589], [81.54514, 25.23405], [81.52615, 25.23479], [81.52636, 25.22674], [81.52134, 25.22698], [81.52112, 25.19406], [81.5269, 25.19431], [81.54662, 25.18951], [81.54327, 25.18316], [81.54798, 25.18223], [81.54843, 25.18336], [81.55558, 25.18345], [81.55787, 25.181], [81.56496, 25.18401], [81.57176, 25.18921], [81.58016, 25.18835], [81.59747, 25.17924], [81.59104, 25.16279], [81.60057, 25.15985], [81.61355, 25.16088], [81.61592, 25.16551], [81.61762, 25.16561], [81.62094, 25.16456], [81.62209, 25.15947], [81.62799, 25.15805], [81.62602, 25.15205], [81.62788, 25.14949], [81.62758, 25.14558], [81.62551, 25.14222], [81.6236, 25.14049], [81.61856, 25.144], [81.60066, 25.13322], [81.60273, 25.13198], [81.59946, 25.12856], [81.60411, 25.12439], [81.60257, 25.12153], [81.59968, 25.12117], [81.59886, 25.11666], [81.60236, 25.11378], [81.60807, 25.11396], [81.61007, 25.11071], [81.61123, 25.1061], [81.60975, 25.09708], [81.61053, 25.09238], [81.61339, 25.0922], [81.61919, 25.10639], [81.62533, 25.10895], [81.62216, 25.11309], [81.62612, 25.11728], [81.63471, 25.11444], [81.63062, 25.10458], [81.6314, 25.10343], [81.63411, 25.10378], [81.63598, 25.10027], [81.64261, 25.09627], [81.6394, 25.09569], [81.63813, 25.0938], [81.63048, 25.0924], [81.63035, 25.08837], [81.62778, 25.08914], [81.62323, 25.08758], [81.61484, 25.07806], [81.60828, 25.07714], [81.60296, 25.07383], [81.60186, 25.07076], [81.61212, 25.06615], [81.61092, 25.06313], [81.61918, 25.05834], [81.61875, 25.05624], [81.61221, 25.05839], [81.61322, 25.0537], [81.6294, 25.04916], [81.63541, 25.05443], [81.64133, 25.05346], [81.64666, 25.05478], [81.65587, 25.06698], [81.66889, 25.06857], [81.6687, 25.05818], [81.67316, 25.05677], [81.68257, 25.05844], [81.68564, 25.05759], [81.68994, 25.04913], [81.69423, 25.04586], [81.69006, 25.03677], [81.70282, 25.03456], [81.70892, 25.03193], [81.71367, 25.03255], [81.72382, 25.03511], [81.72323, 25.03919], [81.72075, 25.03882], [81.72373, 25.04357], [81.73327, 25.04597], [81.74198, 25.04234], [81.74415, 25.03601], [81.74846, 25.03457], [81.74766, 25.03079], [81.75671, 25.03214], [81.75932, 25.02505], [81.78142, 25.01651], [81.79289, 25.00194], [81.80606, 24.99921], [81.80775, 25.00465], [81.81219, 25.00999], [81.81582, 25.00799], [81.81953, 25.01249], [81.8213, 25.01143], [81.82486, 25.01442], [81.82749, 25.01409], [81.83371, 25.00943], [81.83662, 25.01427], [81.85049, 25.00897], [81.8504, 25.00555], [81.85522, 25.00001], [81.8613, 25.00047], [81.86696, 24.9982], [81.86816, 24.99968], [81.8743, 24.99709], [81.87594, 24.9925], [81.87862, 24.99312], [81.87862, 24.99673], [81.89265, 24.99309], [81.89165, 24.98919], [81.89306, 24.9862], [81.89722, 24.98701], [81.90382, 24.99769], [81.9061, 24.99899], [81.90899, 24.99845], [81.90752, 24.99053], [81.90317, 24.98462], [81.90485, 24.98125], [81.90755, 24.97985], [81.90692, 24.9787], [81.9096, 24.97745], [81.90583, 24.96953], [81.90952, 24.96767], [81.91113, 24.95804], [81.90924, 24.95684], [81.91079, 24.9555], [81.9105, 24.95107], [81.91181, 24.94976], [81.91092, 24.93876], [81.91262, 24.93676], [81.9121, 24.93471], [81.9158, 24.9336], [81.92139, 24.92546], [81.9193, 24.92061], [81.92076, 24.91924], [81.92009, 24.91685], [81.90845, 24.90174], [81.90817, 24.8976], [81.90527, 24.89609], [81.9096, 24.89388], [81.90653, 24.89241], [81.90748, 24.89003], [81.90458, 24.88902], [81.90616, 24.88873], [81.90529, 24.88735], [81.90669, 24.88412], [81.91065, 24.88308], [81.90831, 24.88078], [81.90963, 24.87869], [81.91673, 24.87789], [81.91864, 24.87432], [81.92167, 24.87521], [81.92299, 24.87374], [81.9218, 24.87167], [81.92558, 24.87], [81.92777, 24.86966], [81.92909, 24.87152], [81.93641, 24.86796], [81.93446, 24.85608], [81.93941, 24.85019], [81.93827, 24.84935], [81.93967, 24.84707], [81.94531, 24.84392], [81.94413, 24.84254], [81.94591, 24.83858], [81.96109, 24.83493], [81.967, 24.82438], [81.96982, 24.82668], [81.97048, 24.83352], [81.97328, 24.83628], [81.98403, 24.83646], [81.98379, 24.83991], [82.00626, 24.8449], [82.01322, 24.84815], [82.03262, 24.84212], [82.04397, 24.83188], [82.04232, 24.83011], [82.04704, 24.82594], [82.04869, 24.82561], [82.0505, 24.82807], [82.05311, 24.82793], [82.07329, 24.81653], [82.07677, 24.81928], [82.08672, 24.81685], [82.09921, 24.81356], [82.10579, 24.80515], [82.10832, 24.80754]]]}}]}